"Freq [GHz]","VSWR(1) []"
1,341.301925304087
1.001,341.159749136412
1.002,341.020777102185
1.003,340.884972068122
1.004,340.752297404494
1.005,340.622716975803
1.006,340.496195131913
1.007,340.372696699171
1.008,340.252186971872
1.009,340.13463170376
1.01,340.019997099841
1.011,339.908249808345
1.012,339.799356912773
1.013,339.693285924146
1.014,339.59000477354
1.015,339.489481804596
1.016,339.391685766278
1.017,339.296585805915
1.018,339.204151461908
1.019,339.114352657364
1.02,339.027159693033
1.021,338.94254324112
1.022,338.860474338611
1.023,338.780924381116
1.024,338.703865116781
1.025,338.629268640255
1.026,338.557107386718
1.027,338.48735412624
1.028,338.419981957996
1.029,338.354964304769
1.03,338.292274907569
1.031,338.231887820295
1.032,338.173777404499
1.033,338.117918324241
1.034,338.064285541082
1.035,338.012854309241
1.036,337.963600170827
1.037,337.916498950814
1.038,337.871526752819
1.039,337.828659954259
1.04,337.787875202029
1.041,337.749149408126
1.042,337.712459745299
1.043,337.677783642993
1.044,337.645098783132
1.045,337.614383095941
1.046,337.585614756337
1.047,337.558772179699
1.048,337.533834018204
1.049,337.510779157153
1.05,337.489586711114
1.051,337.470236020479
1.052,337.452706647874
1.053,337.436978374632
1.054,337.42303119754
1.055,337.410845325318
1.056,337.400401175501
1.057,337.391679371021
1.058,337.38466073734
1.059,337.379326299082
1.06,337.375657277061
1.061,337.373635085388
1.062,337.373241328398
1.063,337.374457797964
1.064,337.377266470409
1.065,337.381649503925
1.066,337.38758923577
1.067,337.395068179635
1.068,337.404069022962
1.069,337.41457462435
1.07,337.426568011106
1.071,337.440032376693
1.072,337.454951078253
1.073,337.471307634241
1.074,337.489085722141
1.075,337.508269175952
1.076,337.528841984066
1.077,337.550788287022
1.078,337.574092375312
1.079,337.598738686985
1.08,337.624711805956
1.081,337.651996459494
1.082,337.680577516503
1.083,337.710439985258
1.084,337.741569011554
1.085,337.773949876753
1.086,337.807567995874
1.087,337.842408915672
1.088,337.878458312758
1.089,337.915701991913
1.09,337.954125884206
1.091,337.993716045244
1.092,338.034458653436
1.093,338.076340008408
1.094,338.119346529156
1.095,338.163464752521
1.096,338.208681331664
1.097,338.254983034205
1.098,338.302356740955
1.099,338.35078944424
1.1,338.400268246392
1.101,338.450780358322
1.102,338.502313098048
1.103,338.554853889156
1.104,338.608390259629
1.105,338.662909840239
1.106,338.718400363248
1.107,338.774849661116
1.108,338.832245665125
1.109,338.890576404189
1.11,338.949830003358
1.111,339.009994682782
1.112,339.071058756395
1.113,339.13301063068
1.114,339.19583880356
1.115,339.259531863064
1.116,339.324078486341
1.117,339.389467438408
1.118,339.45568757105
1.119,339.522727821819
1.12,339.59057721279
1.121,339.659224849651
1.122,339.728659920491
1.123,339.798871694923
1.124,339.869849523014
1.125,339.941582834216
1.126,340.014061136469
1.127,340.08727401524
1.128,340.161211132427
1.129,340.235862225621
1.13,340.311217107116
1.131,340.387265662877
1.132,340.463997851828
1.133,340.541403704825
1.134,340.619473323934
1.135,340.698196881411
1.136,340.777564619055
1.137,340.857566847146
1.138,340.938193943887
1.139,341.019436354427
1.14,341.101284590139
1.141,341.183729227823
1.142,341.266760908952
1.143,341.350370338989
1.144,341.434548286446
1.145,341.519285582408
1.146,341.604573119691
1.147,341.690401852048
1.148,341.776762793693
1.149,341.863647018409
1.15,341.951045658964
1.151,342.038949906511
1.152,342.127351009784
1.153,342.216240274583
1.154,342.305609063116
1.155,342.395448793255
1.156,342.485750938129
1.157,342.576507025347
1.158,342.667708636535
1.159,342.759347406608
1.16,342.851415023294
1.161,342.943903226552
1.162,343.036803807991
1.163,343.130108610306
1.164,343.223809526797
1.165,343.31789850077
1.166,343.412367525038
1.167,343.507208641345
1.168,343.602413940006
1.169,343.69797555924
1.17,343.793885684764
1.171,343.890136549251
1.172,343.986720431937
1.173,344.083629658027
1.174,344.180856598361
1.175,344.278393668819
1.176,344.376233329991
1.177,344.474368086634
1.178,344.57279048734
1.179,344.671493123973
1.18,344.770468631342
1.181,344.869709686749
1.182,344.969209009585
1.183,345.068959360909
1.184,345.168953543122
1.185,345.269184399306
1.186,345.369644813327
1.187,345.470327708948
1.188,345.571226049706
1.189,345.672332838556
1.19,345.773641117402
1.191,345.875143966791
1.192,345.97683450559
1.193,346.078705890548
1.194,346.180751316034
1.195,346.28296401364
1.196,346.385337251905
1.197,346.487864335895
1.198,346.590538607028
1.199,346.693353442598
1.2,346.796302255523
1.201,346.899378494098
1.202,347.002575641537
1.203,347.105887215866
1.204,347.209306769426
1.205,347.312827888817
1.206,347.416444194354
1.207,347.520149339912
1.208,347.62393701274
1.209,347.727800932979
1.21,347.831734853573
1.211,347.935732559883
1.212,348.039787869511
1.213,348.143894631933
1.214,348.248046728407
1.215,348.352238071566
1.216,348.456462605233
1.217,348.560714304201
1.218,348.664987173939
1.219,348.769275250425
1.22,348.873572599865
1.221,348.977873318401
1.222,349.082171532101
1.223,349.186461396431
1.224,349.290737096299
1.225,349.394992845752
1.226,349.499222887642
1.227,349.60342149366
1.228,349.707582963875
1.229,349.811701626716
1.23,349.9157718387
1.231,350.019787984188
1.232,350.123744475345
1.233,350.227635751737
1.234,350.331456280337
1.235,350.435200555176
1.236,350.538863097301
1.237,350.642438454458
1.238,350.745921201166
1.239,350.849305938151
1.24,350.952587292464
1.241,351.055759917291
1.242,351.158818491714
1.243,351.261757720484
1.244,351.364572334018
1.245,351.467257088185
1.246,351.569806763994
1.247,351.672216167694
1.248,351.774480130482
1.249,351.876593508306
1.25,351.978551181879
1.251,352.08034805626
1.252,352.181979061102
1.253,352.283439150093
1.254,352.384723301204
1.255,352.485826516198
1.256,352.586743820777
1.257,352.687470264247
1.258,352.788000919557
1.259,352.888330883033
1.26,352.988455274313
1.261,353.088369236264
1.262,353.188067934725
1.263,353.287546558532
1.264,353.386800319243
1.265,353.485824451346
1.266,353.584614211581
1.267,353.683164879422
1.268,353.781471756592
1.269,353.879530167035
1.27,353.977335456879
1.271,354.074882994325
1.272,354.172168169296
1.273,354.269186393833
1.274,354.36593310141
1.275,354.462403747326
1.276,354.558593808269
1.277,354.65449878237
1.278,354.750114189139
1.279,354.84543556924
1.28,354.940458484527
1.281,355.0351785178
1.282,355.129591272932
1.283,355.223692374598
1.284,355.317477468245
1.285,355.410942219945
1.286,355.504082316507
1.287,355.596893465139
1.288,355.689371393514
1.289,355.781511849738
1.29,355.873310602007
1.291,355.964763438922
1.292,356.055866169018
1.293,356.146614620999
1.294,356.237004643458
1.295,356.327032104844
1.296,356.416692893553
1.297,356.505982917545
1.298,356.594898104649
1.299,356.683434402134
1.3,356.771587776864
1.301,356.859354215138
1.302,356.946729722741
1.303,357.033710324658
1.304,357.120292065183
1.305,357.206471007947
1.306,357.292243235489
1.307,357.37760484958
1.308,357.46255197098
1.309,357.547080739396
1.31,357.63118731338
1.311,357.7148678704
1.312,357.79811860669
1.313,357.880935737178
1.314,357.963315495435
1.315,358.045254133731
1.316,358.126747922778
1.317,358.207793151873
1.318,358.28838612872
1.319,358.368523179491
1.32,358.448200648647
1.321,358.527414898938
1.322,358.606162311382
1.323,358.684439285171
1.324,358.762242237736
1.325,358.839567604464
1.326,358.916411838928
1.327,358.992771412581
1.328,359.068642815028
1.329,359.144022553606
1.33,359.218907153551
1.331,359.293293158069
1.332,359.367177127953
1.333,359.440555641913
1.334,359.513425296267
1.335,359.585782704997
1.336,359.657624499738
1.337,359.728947329649
1.338,359.799747861511
1.339,359.87002277951
1.34,359.939768785363
1.341,360.008982598149
1.342,360.077660954427
1.343,360.145800607949
1.344,360.213398329941
1.345,360.280450908782
1.346,360.346955150131
1.347,360.412907876916
1.348,360.478305929057
1.349,360.543146163799
1.35,360.607425455432
1.351,360.671140695187
1.352,360.73428879142
1.353,360.796866669534
1.354,360.858871271859
1.355,360.920299557582
1.356,360.981148502919
1.357,361.041415100828
1.358,361.101096361199
1.359,361.160189310688
1.36,361.218690992779
1.361,361.276598467586
1.362,361.333908812102
1.363,361.390619119835
1.364,361.44672650109
1.365,361.502228082749
1.366,361.557121008249
1.367,361.611402437739
1.368,361.665069547731
1.369,361.718119531352
1.37,361.77054959828
1.371,361.822356974505
1.372,361.873538902576
1.373,361.924092641377
1.374,361.974015466238
1.375,362.023304668789
1.376,362.071957557038
1.377,362.119971455201
1.378,362.167343703859
1.379,362.214071659893
1.38,362.260152696257
1.381,362.305584202254
1.382,362.350363583304
1.383,362.394488260981
1.384,362.437955672937
1.385,362.480763273034
1.386,362.522908531119
1.387,362.564388933145
1.388,362.605201981124
1.389,362.645345192979
1.39,362.684816102713
1.391,362.723612260227
1.392,362.761731231427
1.393,362.799170598024
1.394,362.835927957787
1.395,362.872000924206
1.396,362.907387126635
1.397,362.942084210312
1.398,362.976089836247
1.399,363.009401681236
1.4,363.042017437804
1.401,363.073934814273
1.402,363.105151534572
1.403,363.135665338394
1.404,363.165473981075
1.405,363.194575233639
1.406,363.22296688269
1.407,363.250646730393
1.408,363.277612594552
1.409,363.303862308569
1.41,363.329393721239
1.411,363.354204697017
1.412,363.378293115776
1.413,363.401656872874
1.414,363.424293879108
1.415,363.446202060698
1.416,363.467379359359
1.417,363.487823732027
1.418,363.507533151094
1.419,363.526505604328
1.42,363.544739094791
1.421,363.562231640757
1.422,363.578981275911
1.423,363.594986049107
1.424,363.61024402447
1.425,363.624753281289
1.426,363.638511914126
1.427,363.65151803265
1.428,363.663769761648
1.429,363.675265241144
1.43,363.686002626184
1.431,363.695980086887
1.432,363.705195808534
1.433,363.713647991336
1.434,363.721334850566
1.435,363.72825461651
1.436,363.734405534374
1.437,363.739785864373
1.438,363.744393881667
1.439,363.748227876306
1.44,363.751286153184
1.441,363.753567032151
1.442,363.755068847771
1.443,363.755789949618
1.444,363.755728701867
1.445,363.754883483643
1.446,363.753252688741
1.447,363.750834725676
1.448,363.747628017758
1.449,363.743631002855
1.45,363.738842133658
1.451,363.733259877396
1.452,363.726882715964
1.453,363.719709145871
1.454,363.711737678151
1.455,363.70296683848
1.456,363.6933951669
1.457,363.683021218216
1.458,363.67184356154
1.459,363.659860780478
1.46,363.647071473101
1.461,363.633474251894
1.462,363.619067743746
1.463,363.603850589854
1.464,363.587821445855
1.465,363.570978981713
1.466,363.553321881613
1.467,363.534848844084
1.468,363.515558581867
1.469,363.495449821934
1.47,363.474521305565
1.471,363.452771788049
1.472,363.430200038988
1.473,363.406804842054
1.474,363.382584995026
1.475,363.357539309724
1.476,363.331666612229
1.477,363.304965742384
1.478,363.277435554249
1.479,363.249074915727
1.48,363.219882708862
1.481,363.18985782946
1.482,363.158999187344
1.483,363.1273057062
1.484,363.094776323535
1.485,363.061409990773
1.486,363.027205673116
1.487,362.992162349511
1.488,362.956279012709
1.489,362.919554669233
1.49,362.881988339238
1.491,362.843579056655
1.492,362.804325868899
1.493,362.764227837238
1.494,362.72328403643
1.495,362.681493554797
1.496,362.63885549427
1.497,362.595368970262
1.498,362.551033111728
1.499,362.505847061009
1.5,362.459809974055
1.501,362.41292101999
1.502,362.365179381633
1.503,362.316584254916
1.504,362.267134849233
1.505,362.216830387254
1.506,362.165670104907
1.507,362.113653251449
1.508,362.060779089278
1.509,362.007046894061
1.51,361.952455954568
1.511,361.897005572816
1.512,361.840695063819
1.513,361.783523755716
1.514,361.725490989758
1.515,361.666596120244
1.516,361.606838514294
1.517,361.546217552233
1.518,361.484732627163
1.519,361.422383145169
1.52,361.359168525207
1.521,361.295088199124
1.522,361.230141611571
1.523,361.164328219988
1.524,361.097647494556
1.525,361.030098918303
1.526,360.961681986839
1.527,360.892396208511
1.528,360.822241104348
1.529,360.751216207961
1.53,360.679321065536
1.531,360.606555235878
1.532,360.532918290251
1.533,360.458409812479
1.534,360.383029398781
1.535,360.306776657948
1.536,360.229651211065
1.537,360.151652691597
1.538,360.072780745401
1.539,359.993035030619
1.54,359.912415217747
1.541,359.830920989421
1.542,359.748552040569
1.543,359.665308078359
1.544,359.581188821989
1.545,359.496194002902
1.546,359.410323364599
1.547,359.323576662609
1.548,359.235953664524
1.549,359.147454149988
1.55,359.058077910558
1.551,358.967824749677
1.552,358.876694482835
1.553,358.784686937286
1.554,358.691801952176
1.555,358.598039378421
1.556,358.503399078768
1.557,358.407880927609
1.558,358.311484811165
1.559,358.214210627331
1.56,358.116058285484
1.561,358.01702770685
1.562,357.917118824046
1.563,357.816331581368
1.564,357.714665934533
1.565,357.612121850839
1.566,357.508699308849
1.567,357.404398298769
1.568,357.299218822045
1.569,357.193160891552
1.57,357.086224531388
1.571,356.978409776997
1.572,356.869716675066
1.573,356.760145283496
1.574,356.649695671305
1.575,356.538367918808
1.576,356.426162117286
1.577,356.313078369151
1.578,356.19911678787
1.579,356.084277497907
1.58,355.96856063472
1.581,355.851966344711
1.582,355.734494785167
1.583,355.616146124267
1.584,355.496920541056
1.585,355.376818225319
1.586,355.255839377663
1.587,355.133984209421
1.588,355.011252942676
1.589,354.887645810069
1.59,354.763163054985
1.591,354.637804931338
1.592,354.511571703609
1.593,354.384463646839
1.594,354.256481046605
1.595,354.127624198848
1.596,353.997893410016
1.597,353.867288996862
1.598,353.735811286613
1.599,353.60346061667
1.6,353.470237334871
1.601,353.336141799216
1.602,353.201174377882
1.603,353.065335449344
1.604,352.928625402144
1.605,352.791044634949
1.606,352.652593556475
1.607,352.513272585576
1.608,352.373082150945
1.609,352.23202269139
1.61,352.090094655633
1.611,351.947298502171
1.612,351.803634699554
1.613,351.659103726048
1.614,351.513706069652
1.615,351.367442228267
1.616,351.220312709428
1.617,351.072318030354
1.618,350.923458717963
1.619,350.7737353087
1.62,350.623148348749
1.621,350.471698393643
1.622,350.319386008586
1.623,350.166211768168
1.624,350.012176256422
1.625,349.857280066829
1.626,349.701523802186
1.627,349.544908074636
1.628,349.387433505623
1.629,349.229100725932
1.63,349.069910375387
1.631,348.909863103131
1.632,348.748959567503
1.633,348.587200435859
1.634,348.424586384628
1.635,348.261118099382
1.636,348.096796274624
1.637,347.931621613939
1.638,347.765594829685
1.639,347.598716643276
1.64,347.430987784864
1.641,347.262408993633
1.642,347.092981017343
1.643,346.9227046126
1.644,346.75158054485
1.645,346.579609588073
1.646,346.406792524915
1.647,346.233130146794
1.648,346.058623253583
1.649,345.883272653738
1.65,345.70707916419
1.651,345.530043610449
1.652,345.352166826397
1.653,345.173449654325
1.654,344.993892944898
1.655,344.813497557187
1.656,344.632264358486
1.657,344.450194224397
1.658,344.267288038771
1.659,344.083546693581
1.66,343.898971089047
1.661,343.71356213351
1.662,343.527320743319
1.663,343.340247843017
1.664,343.152344365041
1.665,342.96361124993
1.666,342.774049446065
1.667,342.583659909808
1.668,342.392443605433
1.669,342.200401505017
1.67,342.007534588467
1.671,341.813843843472
1.672,341.619330265426
1.673,341.423994857505
1.674,341.227838630537
1.675,341.030862602994
1.676,340.833067800876
1.677,340.634455257862
1.678,340.435026015154
1.679,340.234781121397
1.68,340.033721632778
1.681,339.831848612914
1.682,339.629163132713
1.683,339.425666270584
1.684,339.221359112233
1.685,339.016242750653
1.686,338.810318286082
1.687,338.60358682604
1.688,338.396049485214
1.689,338.187707385413
1.69,337.978561655696
1.691,337.768613432061
1.692,337.557863857752
1.693,337.346314082873
1.694,337.13396526464
1.695,336.920818567189
1.696,336.706875161531
1.697,336.492136225685
1.698,336.276602944487
1.699,336.060276509562
1.7,335.843158119356
1.701,335.625248979126
1.702,335.406550300785
1.703,335.187063303001
1.704,334.966789211108
1.705,334.745729256969
1.706,334.523884679234
1.707,334.301256722981
1.708,334.077846639848
1.709,333.853655687981
1.71,333.628685132044
1.711,333.40293624303
1.712,333.176410298458
1.713,332.949108582153
1.714,332.721032384261
1.715,332.492183001352
1.716,332.262561736123
1.717,332.03216989761
1.718,331.801008801064
1.719,331.569079767834
1.72,331.336384125535
1.721,331.102923207848
1.722,330.868698354471
1.723,330.633710911311
1.724,330.397962230169
1.725,330.161453668894
1.726,329.924186591279
1.727,329.686162367081
1.728,329.44738237194
1.729,329.207847987292
1.73,328.967560600591
1.731,328.726521604868
1.732,328.484732399154
1.733,328.24219438806
1.734,327.998908981971
1.735,327.754877597021
1.736,327.510101654897
1.737,327.264582582943
1.738,327.018321814177
1.739,326.771320787062
1.74,326.523580945677
1.741,326.275103739549
1.742,326.025890623714
1.743,325.775943058693
1.744,325.525262510379
1.745,325.273850449981
1.746,325.021708354237
1.747,324.768837705018
1.748,324.515239989677
1.749,324.260916700686
1.75,324.005869335834
1.751,323.750099398126
1.752,323.493608395754
1.753,323.236397841976
1.754,322.978469255274
1.755,322.719824159198
1.756,322.460464082369
1.757,322.200390558396
1.758,321.939605126027
1.759,321.678109328813
1.76,321.415904715389
1.761,321.15299283928
1.762,320.889375258928
1.763,320.625053537627
1.764,320.360029243505
1.765,320.094303949505
1.766,319.827879233403
1.767,319.560756677674
1.768,319.292937869532
1.769,319.024424400981
1.77,318.75521786861
1.771,318.485319873684
1.772,318.214732022064
1.773,317.943455924307
1.774,317.671493195439
1.775,317.398845455049
1.776,317.125514327289
1.777,316.851501440766
1.778,316.576808428543
1.779,316.301436928148
1.78,316.02538858151
1.781,315.748665034894
1.782,315.471267939046
1.783,315.193198948873
1.784,314.914459723751
1.785,314.635051927284
1.786,314.354977227287
1.787,314.074237295804
1.788,313.792833809152
1.789,313.510768447792
1.79,313.228042896334
1.791,312.944658843485
1.792,312.660617982167
1.793,312.375922009202
1.794,312.090572625653
1.795,311.804571536461
1.796,311.517920450679
1.797,311.230621081262
1.798,310.942675145167
1.799,310.65408436327
1.8,310.36485046032
1.801,310.074975165026
1.802,309.784460209836
1.803,309.493307331124
1.804,309.20151826908
1.805,308.909094767639
1.806,308.616038574457
1.807,308.32235144099
1.808,308.028035122417
1.809,307.733091377581
1.81,307.437521968966
1.811,307.141328662745
1.812,306.84451322867
1.813,306.547077440152
1.814,306.249023074088
1.815,305.950351911031
1.816,305.651065734925
1.817,305.351166333359
1.818,305.050655497345
1.819,304.749535021335
1.82,304.447806703195
1.821,304.145472344339
1.822,303.842533749416
1.823,303.538992726512
1.824,303.234851087107
1.825,302.930110645883
1.826,302.624773220966
1.827,302.318840633691
1.828,302.012314708626
1.829,301.705197273631
1.83,301.397490159772
1.831,301.089195201278
1.832,300.78031423557
1.833,300.470849103262
1.834,300.160801648073
1.835,299.850173716741
1.836,299.538967159254
1.837,299.227183828517
1.838,298.914825580595
1.839,298.601894274494
1.84,298.28839177229
1.841,297.97431993902
1.842,297.659680642658
1.843,297.344475754134
1.844,297.028707147333
1.845,296.71237669899
1.846,296.395486288731
1.847,296.078037799088
1.848,295.760033115413
1.849,295.441474125838
1.85,295.122362721327
1.851,294.80270079563
1.852,294.482490245273
1.853,294.161732969448
1.854,293.84043087016
1.855,293.51858585205
1.856,293.196199822508
1.857,292.873274691528
1.858,292.54981237171
1.859,292.225814778419
1.86,291.901283829458
1.861,291.576221445389
1.862,291.250629549143
1.863,290.924510066364
1.864,290.597864925155
1.865,290.270696056124
1.866,289.943005392352
1.867,289.614794869467
1.868,289.286066425487
1.869,288.956822000889
1.87,288.627063538516
1.871,288.296792983726
1.872,287.966012284102
1.873,287.634723389713
1.874,287.30292825288
1.875,286.97062882834
1.876,286.637827073096
1.877,286.304524946372
1.878,285.97072440975
1.879,285.636427427033
1.88,285.301635964265
1.881,284.966351989695
1.882,284.630577473791
1.883,284.294314389179
1.884,283.957564710645
1.885,283.620330415167
1.886,283.282613481797
1.887,282.944415891705
1.888,282.60573962818
1.889,282.266586676606
1.89,281.926959024365
1.891,281.586858660929
1.892,281.246287577738
1.893,280.905247768349
1.894,280.56374122819
1.895,280.221769954731
1.896,279.879335947375
1.897,279.536441207486
1.898,279.193087738303
1.899,278.849277545044
1.9,278.505012634754
1.901,278.16029501638
1.902,277.815126700729
1.903,277.469509700437
1.904,277.12344602996
1.905,276.776937705576
1.906,276.429986745359
1.907,276.082595169112
1.908,275.734764998429
1.909,275.386498256662
1.91,275.037796968884
1.911,274.688663161843
1.912,274.339098864007
1.913,273.989106105541
1.914,273.638686918216
1.915,273.28784333553
1.916,272.936577392483
1.917,272.58489112583
1.918,272.232786573849
1.919,271.880265776403
1.92,271.527330774949
1.921,271.173983612474
1.922,270.820226333486
1.923,270.466060984052
1.924,270.111489611725
1.925,269.756514265527
1.926,269.401136995967
1.927,269.045359855045
1.928,268.689184896131
1.929,268.332614174103
1.93,267.975649745185
1.931,267.618293667041
1.932,267.26054799869
1.933,266.902414800524
1.934,266.543896134308
1.935,266.184994063104
1.936,265.825710651312
1.937,265.466047964653
1.938,265.106008070087
1.939,264.745593035933
1.94,264.3848049317
1.941,264.023645828137
1.942,263.662117797336
1.943,263.300222912414
1.944,262.937963247848
1.945,262.575340879264
1.946,262.21235788342
1.947,261.849016338237
1.948,261.485318322823
1.949,261.121265917356
1.95,260.756861203192
1.951,260.392106262704
1.952,260.027003179397
1.953,259.661554037852
1.954,259.29576092368
1.955,258.929625923499
1.956,258.56315112506
1.957,258.196338616995
1.958,257.829190489019
1.959,257.461708831775
1.96,257.093895736915
1.961,256.725753297021
1.962,256.35728360562
1.963,255.988488757138
1.964,255.619370846922
1.965,255.249931971243
1.966,254.880174227206
1.967,254.510099712822
1.968,254.139710526927
1.969,253.769008769184
1.97,253.397996540125
1.971,253.02667594101
1.972,252.655049074002
1.973,252.283118041935
1.974,251.910884948475
1.975,251.538351898047
1.976,251.165520995737
1.977,250.79239434744
1.978,250.418974059698
1.979,250.045262239806
1.98,249.671260995667
1.981,249.296972435929
1.982,248.922398669806
1.983,248.547541807214
1.984,248.172403958679
1.985,247.796987235326
1.986,247.421293748857
1.987,247.045325611642
1.988,246.669084936469
1.989,246.292573836828
1.99,245.915794426634
1.991,245.538748820408
1.992,245.161439133137
1.993,244.783867480314
1.994,244.406035977909
1.995,244.027946742417
1.996,243.64960189067
1.997,243.271003540045
1.998,242.892153808275
1.999,242.513054813579
2,242.133708674524
2.001,241.754117510055
2.002,241.374283439515
2.003,240.99420858259
2.004,240.613895059268
2.005,240.233344989947
2.006,239.852560495302
2.007,239.471543696258
2.008,239.090296714098
2.009,238.708821670349
2.01,238.327120686774
2.011,237.945195885397
2.012,237.563049388501
2.013,237.180683318515
2.014,236.798099798146
2.015,236.415300950199
2.016,236.032288897773
2.017,235.649065764003
2.018,235.265633672228
2.019,234.881994745939
2.02,234.498151108691
2.021,234.114104884171
2.022,233.729858196144
2.023,233.345413168458
2.024,232.960771925032
2.025,232.575936589771
2.026,232.190909286714
2.027,231.805692139822
2.028,231.420287273089
2.029,231.034696810525
2.03,230.648922876084
2.031,230.262967593711
2.032,229.876833087247
2.033,229.490521480531
2.034,229.104034897258
2.035,228.717375461079
2.036,228.330545295478
2.037,227.943546523868
2.038,227.556381269478
2.039,227.16905165544
2.04,226.781559804662
2.041,226.393907839897
2.042,226.006097883715
2.043,225.618132058435
2.044,225.230012486188
2.045,224.841741288838
2.046,224.453320588044
2.047,224.064752505117
2.048,223.67603916116
2.049,223.287182676962
2.05,222.89818517296
2.051,222.509048769326
2.052,222.119775585835
2.053,221.730367741945
2.054,221.340827356741
2.055,220.951156548926
2.056,220.561357436771
2.057,220.171432138189
2.058,219.781382770615
2.059,219.39121145109
2.06,219.000920296144
2.061,218.610511421902
2.062,218.219986943956
2.063,217.829348977407
2.064,217.438599636859
2.065,217.047741036359
2.066,216.65677528945
2.067,216.265704509076
2.068,215.874530807635
2.069,215.48325629691
2.07,215.091883088125
2.071,214.700413291847
2.072,214.308849018034
2.073,213.917192375991
2.074,213.525445474361
2.075,213.133610421103
2.076,212.741689323502
2.077,212.34968428813
2.078,211.957597420841
2.079,211.565430826728
2.08,211.173186610189
2.081,210.780866874804
2.082,210.388473723396
2.083,209.996009258004
2.084,209.603475579824
2.085,209.210874789272
2.086,208.818208985882
2.087,208.425480268355
2.088,208.032690734528
2.089,207.639842481336
2.09,207.246937604839
2.091,206.853978200143
2.092,206.460966361463
2.093,206.067904182059
2.094,205.674793754213
2.095,205.28163716926
2.096,204.888436517517
2.097,204.495193888329
2.098,204.101911369968
2.099,203.708591049739
2.1,203.315235013866
2.101,202.921845347472
2.102,202.528424134643
2.103,202.134973458367
2.104,201.741495400489
2.105,201.347992041763
2.106,200.954465461769
2.107,200.560917738974
2.108,200.167350950634
2.109,199.773767172799
2.11,199.38016848038
2.111,198.986556947013
2.112,198.592934645136
2.113,198.199303645908
2.114,197.805666019249
2.115,197.412023833785
2.116,197.018379156844
2.117,196.62473405446
2.118,196.23109059132
2.119,195.837450830778
2.12,195.443816834837
2.121,195.050190664112
2.122,194.656574377831
2.123,194.262970033848
2.124,193.869379688571
2.125,193.475805396967
2.126,193.082249212553
2.127,192.688713187421
2.128,192.29519937213
2.129,191.901709815762
2.13,191.508246565889
2.131,191.114811668561
2.132,190.721407168267
2.133,190.328035107949
2.134,189.934697528958
2.135,189.541396471081
2.136,189.148133972478
2.137,188.754912069688
2.138,188.36173279762
2.139,187.968598189533
2.14,187.575510276994
2.141,187.18247108991
2.142,186.789482656475
2.143,186.396547003172
2.144,186.00366615477
2.145,185.610842134223
2.146,185.218076962813
2.147,184.825372659964
2.148,184.432731243371
2.149,184.040154728874
2.15,183.647645130477
2.151,183.255204460394
2.152,182.862834728929
2.153,182.470537944553
2.154,182.078316113812
2.155,181.686171241374
2.156,181.294105329963
2.157,180.902120380387
2.158,180.510218391477
2.159,180.118401360124
2.16,179.72667128121
2.161,179.335030147645
2.162,178.943479950284
2.163,178.552022677972
2.164,178.160660317528
2.165,177.769394853645
2.166,177.378228269015
2.167,176.987162544167
2.168,176.59619965758
2.169,176.205341585543
2.17,175.814590302244
2.171,175.423947779709
2.172,175.033415987772
2.173,174.642996894098
2.174,174.252692464128
2.175,173.862504661098
2.176,173.472435445992
2.177,173.082486777546
2.178,172.692660612219
2.179,172.302958904205
2.18,171.913383605391
2.181,171.52393666533
2.182,171.13462003125
2.183,170.745435648048
2.184,170.356385458243
2.185,169.967471401975
2.186,169.578695416995
2.187,169.190059438627
2.188,168.801565399788
2.189,168.413215230941
2.19,168.025010860087
2.191,167.636954212767
2.192,167.249047212035
2.193,166.861291778416
2.194,166.473689829919
2.195,166.086243282048
2.196,165.698954047706
2.197,165.311824037273
2.198,164.924855158525
2.199,164.538049316623
2.2,164.151408414141
2.201,163.764934351008
2.202,163.378629024511
2.203,162.992494329281
2.204,162.606532157257
2.205,162.220744397692
2.206,161.835132937132
2.207,161.449699659401
2.208,161.064446445582
2.209,160.679375174009
2.21,160.29448772023
2.211,159.909785957021
2.212,159.525271754351
2.213,159.140946979383
2.214,158.756813496429
2.215,158.372873166972
2.216,157.989127849628
2.217,157.605579400123
2.218,157.222229671308
2.219,156.839080513107
2.22,156.456133772535
2.221,156.073391293667
2.222,155.690854917617
2.223,155.308526482531
2.224,154.926407823579
2.225,154.544500772918
2.226,154.162807159691
2.227,153.781328810041
2.228,153.400067547016
2.229,153.019025190645
2.23,152.638203557863
2.231,152.257604462527
2.232,151.877229715369
2.233,151.49708112403
2.234,151.117160492993
2.235,150.737469623598
2.236,150.358010314021
2.237,149.978784359267
2.238,149.599793551141
2.239,149.221039678231
2.24,148.842524525915
2.241,148.464249876324
2.242,148.086217508349
2.243,147.708429197599
2.244,147.330886716407
2.245,146.953591833811
2.246,146.576546315541
2.247,146.199751923994
2.248,145.82321041823
2.249,145.44692355396
2.25,145.070893083527
2.251,144.695120755881
2.252,144.319608316583
2.253,143.944357507785
2.254,143.569370068212
2.255,143.194647733144
2.256,142.820192234407
2.257,142.446005300369
2.258,142.072088655915
2.259,141.698444022421
2.26,141.325073117771
2.261,140.95197765631
2.262,140.579159348853
2.263,140.206619902667
2.264,139.834361021448
2.265,139.462384405319
2.266,139.090691750795
2.267,138.71928475081
2.268,138.348165094665
2.269,137.977334468014
2.27,137.606794552892
2.271,137.236547027652
2.272,136.866593566993
2.273,136.4969358419
2.274,136.127575519683
2.275,135.758514263932
2.276,135.389753734499
2.277,135.021295587508
2.278,134.653141475327
2.279,134.285293046546
2.28,133.917751946012
2.281,133.550519814736
2.282,133.183598289943
2.283,132.816989005054
2.284,132.450693589638
2.285,132.084713669429
2.286,131.719050866306
2.287,131.353706798283
2.288,130.988683079482
2.289,130.623981320147
2.29,130.259603126595
2.291,129.89555010125
2.292,129.53182384258
2.293,129.168425945132
2.294,128.80535799948
2.295,128.442621592243
2.296,128.080218306053
2.297,127.718149719561
2.298,127.35641740739
2.299,126.995022940181
2.3,126.633967884519
2.301,126.273253802969
2.302,125.912882254031
2.303,125.552854792157
2.304,125.19317296771
2.305,124.833838326974
2.306,124.47485241214
2.307,124.116216761282
2.308,123.757932908359
2.309,123.4000023832
2.31,123.04242671149
2.311,122.685207414755
2.312,122.328346010362
2.313,121.971844011504
2.314,121.615702927183
2.315,121.2599242622
2.316,120.904509517154
2.317,120.549460188428
2.318,120.194777768158
2.319,119.840463744266
2.32,119.486519600395
2.321,119.132946815942
2.322,118.779746866035
2.323,118.426921221503
2.324,118.0744713489
2.325,117.722398710472
2.326,117.370704764148
2.327,117.019390963532
2.328,116.6684587579
2.329,116.317909592192
2.33,115.967744906978
2.331,115.617966138478
2.332,115.268574718535
2.333,114.919572074613
2.334,114.570959629781
2.335,114.222738802711
2.336,113.874911007664
2.337,113.527477654474
2.338,113.180440148559
2.339,112.833799890886
2.34,112.487558277985
2.341,112.141716701927
2.342,111.796276550312
2.343,111.451239206275
2.344,111.106606048465
2.345,110.762378451033
2.346,110.418557783642
2.347,110.075145411437
2.348,109.732142695047
2.349,109.389550990581
2.35,109.047371649604
2.351,108.705606019153
2.352,108.3642554417
2.353,108.023321255177
2.354,107.682804792927
2.355,107.342707383734
2.356,107.0030303518
2.357,106.663775016733
2.358,106.324942693541
2.359,105.986534692628
2.36,105.648552319797
2.361,105.310996876215
2.362,104.973869658427
2.363,104.637171958348
2.364,104.30090506325
2.365,103.965070255749
2.366,103.629668813814
2.367,103.294702010747
2.368,102.96017111518
2.369,102.626077391069
2.37,102.29242209769
2.371,101.959206489624
2.372,101.626431816763
2.373,101.294099324286
2.374,100.962210252672
2.375,100.630765837684
2.376,100.299767310358
2.377,99.9692158970059
2.378,99.6391128192083
2.379,99.3094592938022
2.38,98.9802565328844
2.381,98.6515057437952
2.382,98.3232081291232
2.383,97.9953648866917
2.384,97.6679772095561
2.385,97.3410462860005
2.386,97.0145732995309
2.387,96.6885594288699
2.388,96.3630058479466
2.389,96.0379137259024
2.39,95.7132842270782
2.391,95.3891185110047
2.392,95.0654177324177
2.393,94.7421830412293
2.394,94.4194155825362
2.395,94.0971164966116
2.396,93.7752869189061
2.397,93.4539279800382
2.398,93.1330408057851
2.399,92.8126265170927
2.4,92.4926862300573
2.401,92.1732210559278
2.402,91.8542321011122
2.403,91.5357204671435
2.404,91.2176872507155
2.405,90.9001335436422
2.406,90.5830604328858
2.407,90.266469000529
2.408,89.950360323787
2.409,89.6347354749907
2.41,89.3195955216032
2.411,89.0049415261923
2.412,88.6907745464474
2.413,88.3770956351696
2.414,88.0639058402637
2.415,87.7512062047435
2.416,87.4389977667242
2.417,87.1272815594172
2.418,86.8160586111438
2.419,86.5053299453055
2.42,86.1950965804071
2.421,85.8853595300433
2.422,85.5761198028905
2.423,85.2673784027174
2.424,84.9591363283781
2.425,84.6513945738033
2.426,84.3441541280115
2.427,84.0374159750942
2.428,83.7311810942247
2.429,83.4254504596514
2.43,83.1202250406973
2.431,82.8155058017502
2.432,82.5112937022857
2.433,82.2075896968362
2.434,81.9043947350122
2.435,81.6017097614869
2.436,81.2995357159993
2.437,80.9978735333641
2.438,80.6967241434551
2.439,80.3960884712133
2.44,80.095967436641
2.441,79.7963619548069
2.442,79.4972729358484
2.443,79.1987012849583
2.444,78.9006479023948
2.445,78.6031136834827
2.446,78.3060995186035
2.447,78.0096062932054
2.448,77.7136348878011
2.449,77.4181861779619
2.45,77.123261034323
2.451,76.8288603225884
2.452,76.5349849035215
2.453,76.2416356329502
2.454,75.9488133617683
2.455,75.6565189359376
2.456,75.3647531964843
2.457,75.0735169795027
2.458,74.782811116153
2.459,74.4926364326691
2.46,74.2029937503549
2.461,73.9138838855796
2.462,73.625307649792
2.463,73.3372658495158
2.464,73.0497592863426
2.465,72.7627887569522
2.466,72.4763550530904
2.467,72.1904589615934
2.468,71.9051012643762
2.469,71.6202827384358
2.47,71.3360041558569
2.471,71.0522662838125
2.472,70.769069884564
2.473,70.4864157154653
2.474,70.2043045289627
2.475,69.9227370726018
2.476,69.6417140890256
2.477,69.3612363159799
2.478,69.0813044863096
2.479,68.80191932797
2.48,68.5230815640281
2.481,68.2447919126542
2.482,67.9670510871398
2.483,67.6898597958921
2.484,67.4132187424396
2.485,67.1371286254308
2.486,66.8615901386457
2.487,66.5866039709914
2.488,66.3121708065075
2.489,66.0382913243708
2.49,65.7649661989001
2.491,65.492196099552
2.492,65.2199816909351
2.493,64.9483236328084
2.494,64.6772225800805
2.495,64.4066791828232
2.496,64.1366940862668
2.497,63.8672679308071
2.498,63.5984013520134
2.499,63.3300949806247
2.5,63.0623494425589
2.501,62.7951653589167
2.502,62.5285433459854
2.503,62.2624840152415
2.504,61.9969879733574
2.505,61.7320558222063
2.506,61.4676881588607
2.507,61.2038855756084
2.508,60.9406486599448
2.509,60.6779779945847
2.51,60.4158741574675
2.511,60.1543377217589
2.512,59.8933692558555
2.513,59.632969323395
2.514,59.3731384832527
2.515,59.1138772895568
2.516,58.8551862916836
2.517,58.5970660342693
2.518,58.3395170572132
2.519,58.0825398956825
2.52,57.8261350801197
2.521,57.570303136246
2.522,57.3150445850646
2.523,57.0603599428734
2.524,56.8062497212643
2.525,56.55271442713
2.526,56.2997545626732
2.527,56.0473706254077
2.528,55.7955631081654
2.529,55.5443324991066
2.53,55.2936792817181
2.531,55.0436039348276
2.532,54.7941069326033
2.533,54.5451887445631
2.534,54.2968498355801
2.535,54.0490906658884
2.536,53.8019116910902
2.537,53.5553133621602
2.538,53.3092961254573
2.539,53.0638604227217
2.54,52.8190066910896
2.541,52.5747353630976
2.542,52.3310468666854
2.543,52.0879416252085
2.544,51.8454200574411
2.545,51.6034825775794
2.546,51.3621295952596
2.547,51.1213615155503
2.548,50.8811787389709
2.549,50.6415816614916
2.55,50.4025706745435
2.551,50.1641461650243
2.552,49.9263085153043
2.553,49.6890581032377
2.554,49.4523953021635
2.555,49.2163204809159
2.556,48.9808340038317
2.557,48.7459362307591
2.558,48.5116275170575
2.559,48.2779082136144
2.56,48.0447786668452
2.561,47.8122392187051
2.562,47.5802902066939
2.563,47.3489319638631
2.564,47.1181648188252
2.565,46.8879890957606
2.566,46.658405114423
2.567,46.4294131901484
2.568,46.2010136338645
2.569,45.9732067520937
2.57,45.7459928469645
2.571,45.5193722162173
2.572,45.2933451532119
2.573,45.0679119469362
2.574,44.8430728820121
2.575,44.6188282387062
2.576,44.3951782929334
2.577,44.1721233162661
2.578,43.9496635759445
2.579,43.7277993348808
2.58,43.5065308516692
2.581,43.2858583805907
2.582,43.0657821716243
2.583,42.8463024704549
2.584,42.6274195184756
2.585,42.4091335528029
2.586,42.1914448062792
2.587,41.9743535074824
2.588,41.7578598807353
2.589,41.5419641461093
2.59,41.3266665194374
2.591,41.1119672123171
2.592,40.897866432122
2.593,40.6843643820079
2.594,40.4714612609206
2.595,40.2591572636044
2.596,40.0474525806088
2.597,39.8363473982993
2.598,39.6258418988598
2.599,39.4159362603067
2.6,39.2066306564923
2.601,38.9979252571154
2.602,38.7898202277265
2.603,38.5823157297379
2.604,38.3754119204296
2.605,38.1691089529596
2.606,37.9634069763688
2.607,37.7583061355915
2.608,37.5538065714602
2.609,37.3499084207164
2.61,37.1466118160172
2.611,36.9439168859412
2.612,36.7418237549996
2.613,36.5403325436406
2.614,36.3394433682593
2.615,36.1391563412048
2.616,35.9394715707865
2.617,35.7403891612843
2.618,35.5419092129537
2.619,35.3440318220349
2.62,35.146757080759
2.621,34.9500850773576
2.622,34.7540158960674
2.623,34.5585496171393
2.624,34.3636863168467
2.625,34.1694260674913
2.626,33.9757689374104
2.627,33.7827149909851
2.628,33.5902642886471
2.629,33.3984168868867
2.63,33.2071728382568
2.631,33.0165321913851
2.632,32.8264949909772
2.633,32.6370612778251
2.634,32.4482310888141
2.635,32.2600044569291
2.636,32.0723814112624
2.637,31.88536197702
2.638,31.6989461755294
2.639,31.5131340242429
2.64,31.3279255367492
2.641,31.1433207227768
2.642,30.9593195882001
2.643,30.7759221350484
2.644,30.5931283615104
2.645,30.410938261941
2.646,30.2293518268668
2.647,30.0483690429949
2.648,29.8679898932148
2.649,29.6882143566091
2.65,29.5090424084553
2.651,29.3304740202349
2.652,29.1525091596368
2.653,28.975147790565
2.654,28.7983898731423
2.655,28.6222353637176
2.656,28.4466842148703
2.657,28.2717363754159
2.658,28.0973917904115
2.659,27.9236504011602
2.66,27.7505121452178
2.661,27.5779769563956
2.662,27.4060447647672
2.663,27.234715496672
2.664,27.0639890747204
2.665,26.8938654177984
2.666,26.7243444410713
2.667,26.5554260559894
2.668,26.3871101702907
2.669,26.2193966880058
2.67,26.0522855094624
2.671,25.8857765312867
2.672,25.7198696464105
2.673,25.5545647440724
2.674,25.3898617098215
2.675,25.2257604255217
2.676,25.062260769354
2.677,24.8993626158192
2.678,24.7370658357418
2.679,24.575370296272
2.68,24.4142758608887
2.681,24.2537823894006
2.682,24.0938897379508
2.683,23.9345977590165
2.684,23.7759063014116
2.685,23.6178152102902
2.686,23.4603243271451
2.687,23.3034334898118
2.688,23.1471425324677
2.689,22.991451285635
2.69,22.83635957618
2.691,22.6818672273143
2.692,22.5279740585958
2.693,22.3746798859274
2.694,22.2219845215588
2.695,22.0698877740855
2.696,21.9183894484477
2.697,21.7674893459313
2.698,21.6171872641654
2.699,21.4674829971228
2.7,21.318376335117
2.701,21.1698670648025
2.702,21.0219549691712
2.703,20.8746398275524
2.704,20.7279214156083
2.705,20.5817995053337
2.706,20.436273865051
2.707,20.2913442594094
2.708,20.1470104493797
2.709,20.0032721922518
2.71,19.8601292416305
2.711,19.7175813474314
2.712,19.5756282558763
2.713,19.4342697094884
2.714,19.2935054470877
2.715,19.1533352037851
2.716,19.0137587109769
2.717,18.8747756963387
2.718,18.7363858838194
2.719,18.5985889936342
2.72,18.4613847422575
2.721,18.3247728424156
2.722,18.1887530030795
2.723,18.0533249294558
2.724,17.9184883229789
2.725,17.7842428813023
2.726,17.6505882982887
2.727,17.517524264001
2.728,17.3850504646918
2.729,17.2531665827934
2.73,17.1218722969062
2.731,16.9911672817885
2.732,16.861051208344
2.733,16.7315237436094
2.734,16.6025845507428
2.735,16.4742332890094
2.736,16.3464696137689
2.737,16.219293176461
2.738,16.0927036245906
2.739,15.9667006017138
2.74,15.841283747421
2.741,15.7164526973219
2.742,15.5922070830283
2.743,15.4685465321373
2.744,15.3454706682133
2.745,15.2229791107701
2.746,15.1010714752519
2.747,14.9797473730137
2.748,14.8590064113017
2.749,14.7388481932322
2.75,14.6192723177709
2.751,14.5002783797102
2.752,14.3818659696478
2.753,14.2640346739625
2.754,14.1467840747911
2.755,14.0301137500029
2.756,13.9140232731757
2.757,13.7985122135689
2.758,13.683580136097
2.759,13.5692266013028
2.76,13.4554511653278
2.761,13.342253379885
2.762,13.2296327922278
2.763,13.1175889451202
2.764,13.006121376805
2.765,12.8952296209718
2.766,12.7849132067241
2.767,12.6751716585448
2.768,12.5660044962625
2.769,12.4574112350142
2.77,12.3493913852105
2.771,12.2419444524963
2.772,12.1350699377136
2.773,12.0287673368615
2.774,11.9230361410553
2.775,11.817875836486
2.776,11.7132859043767
2.777,11.6092658209399
2.778,11.5058150573324
2.779,11.4029330796094
2.78,11.3006193486783
2.781,11.19887332025
2.782,11.0976944447903
2.783,10.9970821674694
2.784,10.8970359281101
2.785,10.7975551611356
2.786,10.6986392955153
2.787,10.6002877547093
2.788,10.5024999566127
2.789,10.4052753134964
2.79,10.3086132319496
2.791,10.2125131128178
2.792,10.1169743511418
2.793,10.021996336094
2.794,9.92757845091389
2.795,9.83372007284171
2.796,9.74042057305067
2.797,9.64767931657802
2.798,9.55549566225411
2.799,9.46386896263019
2.8,9.37279856390452
2.801,9.28228380584698
2.802,9.19232402172182
2.803,9.10291853820899
2.804,9.01406667532354
2.805,8.92576774633357
2.806,8.83802105767627
2.807,8.75082590887216
2.808,8.66418159243756
2.809,8.57808739379536
2.81,8.49254259118382
2.811,8.4075464555633
2.812,8.32309825052171
2.813,8.23919723217721
2.814,8.15584264907961
2.815,8.07303374210927
2.816,7.99076974437456
2.817,7.90904988110677
2.818,7.82787336955306
2.819,7.74723941886771
2.82,7.6671472300007
2.821,7.58759599558447
2.822,7.50858489981863
2.823,7.43011311835209
2.824,7.35217981816328
2.825,7.27478415743827
2.826,7.19792528544615
2.827,7.12160234241264
2.828,7.04581445939115
2.829,6.97056075813161
2.83,6.89584035094692
2.831,6.82165234057719
2.832,6.74799582005147
2.833,6.67486987254715
2.834,6.60227357124721
2.835,6.53020597919469
2.836,6.45866614914499
2.837,6.38765312341592
2.838,6.31716593373494
2.839,6.24720360108434
2.84,6.1777651355439
2.841,6.10884953613109
2.842,6.04045579063885
2.843,5.97258287547125
2.844,5.90522975547627
2.845,5.83839538377661
2.846,5.77207870159807
2.847,5.70627863809544
2.848,5.64099411017613
2.849,5.57622402232176
2.85,5.51196726640693
2.851,5.44822272151638
2.852,5.3849892537596
2.853,5.32226571608325
2.854,5.26005094808172
2.855,5.19834377580548
2.856,5.13714301156741
2.857,5.07644745374719
2.858,5.01625588659405
2.859,4.95656708002726
2.86,4.89737978943534
2.861,4.83869275547337
2.862,4.78050470385881
2.863,4.72281434516587
2.864,4.66562037461851
2.865,4.60892147188213
2.866,4.55271630085425
2.867,4.49700350945404
2.868,4.44178172941099
2.869,4.3870495760529
2.87,4.33280564809318
2.871,4.2790485274177
2.872,4.22577677887139
2.873,4.17298895004474
2.874,4.12068357106014
2.875,4.06885915435874
2.876,4.01751419448761
2.877,3.96664716788742
2.878,3.91625653268118
2.879,3.86634072846392
2.88,3.81689817609366
2.881,3.76792727748398
2.882,3.71942641539836
2.883,3.67139395324661
2.884,3.62382823488346
2.885,3.57672758441005
2.886,3.53009030597802
2.887,3.48391468359695
2.888,3.43819898094536
2.889,3.39294144118536
2.89,3.34814028678153
2.891,3.30379371932449
2.892,3.25989991935894
2.893,3.21645704621725
2.894,3.17346323785849
2.895,3.13091661071335
2.896,3.08881525953549
2.897,3.04715725725967
2.898,3.00594065486686
2.899,2.96516348125706
2.9,2.92482374313001
2.901,2.88491942487435
2.902,2.84544848846558
2.903,2.80640887337336
2.904,2.76779849647841
2.905,2.72961525199975
2.906,2.69185701143256
2.907,2.65452162349705
2.908,2.61760691409894
2.909,2.5811106863022
2.91,2.54503072031403
2.911,2.50936477348307
2.912,2.4741105803111
2.913,2.4392658524787
2.914,2.40482827888548
2.915,2.37079552570532
2.916,2.33716523645706
2.917,2.30393503209137
2.918,2.27110251109409
2.919,2.23866524960672
2.92,2.20662080156448
2.921,2.17496669885277
2.922,2.14370045148212
2.923,2.11281954778282
2.924,2.0823214546194
2.925,2.05220361762578
2.926,2.02246346146195
2.927,1.99309839009267
2.928,1.96410578708927
2.929,1.93548301595529
2.93,1.90722742047722
2.931,1.87933632510132
2.932,1.85180703533793
2.933,1.82463683819505
2.934,1.79782300264272
2.935,1.77136278011068
2.936,1.74525340502191
2.937,1.7194920953652
2.938,1.69407605331078
2.939,1.6690024658739
2.94,1.6442685056322
2.941,1.61987133150473
2.942,1.59580808960183
2.943,1.57207591415825
2.944,1.54867192856468
2.945,1.52559324651789
2.946,1.50283697331529
2.947,1.48040020732792
2.948,1.45828004169683
2.949,1.43647356631317
2.95,1.41497787016291
2.951,1.39379004414752
2.952,1.37290718453369
2.953,1.35232639724763
2.954,1.33204480331973
2.955,1.31205954592246
2.956,1.29236779965267
2.957,1.2729667830362
2.958,1.25385377575506
2.959,1.23502614295528
2.96,1.21648137044661
2.961,1.19821711714614
2.962,1.18023129573697
2.963,1.16252220128195
2.964,1.14508872504654
2.965,1.127930727921
2.966,1.11104973241504
2.967,1.0944503024412
2.968,1.07814306314008
2.969,1.06215217591094
2.97,1.04653729410229
2.971,1.03147679677134
2.972,1.01774473122624
2.973,1.01078249358358
2.974,1.01959463587935
2.975,1.0336137169358
2.976,1.04872502604455
2.977,1.06432579421466
2.978,1.08026609014826
2.979,1.09649322267988
2.98,1.11298485591196
2.981,1.12973054555034
2.982,1.1467252646882
2.983,1.16396673362974
2.984,1.1814541809976
2.985,1.19918771500257
2.986,1.21716798096917
2.987,1.23539596375462
2.988,1.25387286818574
2.989,1.27260004371956
2.99,1.29157893528463
2.991,1.31081105020995
2.992,1.33029793536481
2.993,1.35004116096644
2.994,1.37004230885326
2.995,1.39030296381761
2.996,1.41082470707772
2.997,1.43160911127429
2.998,1.4526577365725
2.999,1.47397212757866
3,1.49555381086657
3.001,1.51740429296697
3.002,1.53952505871353
3.003,1.56191756986744
3.004,1.58458326396237
3.005,1.60752355332612
3.006,1.63073982424599
3.007,1.65423343625222
3.008,1.67800572149986
3.009,1.70205798423382
3.01,1.72639150032476
3.011,1.75100751686615
3.012,1.77590725182509
3.013,1.80109189374003
3.014,1.82656260146077
3.015,1.85232050392611
3.016,1.8783666999759
3.017,1.90470225819426
3.018,1.93132821678172
3.019,1.95824558345377
3.02,1.98545533536423
3.021,2.01295841905154
3.022,2.04075575040684
3.023,2.06884821466196
3.024,2.09723666639691
3.025,2.12592192956501
3.026,2.15490479753524
3.027,2.18418603315055
3.028,2.21376636880152
3.029,2.24364650651422
3.03,2.27382711805209
3.031,2.3043088450304
3.032,2.33509229904313
3.033,2.36617806180144
3.034,2.39756668528306
3.035,2.42925869189203
3.036,2.46125457462826
3.037,2.49355479726621
3.038,2.52615979454225
3.039,2.55906997235022
3.04,2.59228570794449
3.041,2.62580735015013
3.042,2.65963521957989
3.043,2.69376960885715
3.044,2.72821078284471
3.045,2.76295897887878
3.046,2.79801440700799
3.047,2.8333772502365
3.048,2.86904766477175
3.049,2.90502578027532
3.05,2.94131170011743
3.051,2.97790550163424
3.052,3.01480723638794
3.053,3.05201693042885
3.054,3.08953458455982
3.055,3.12736017460205
3.056,3.16549365166236
3.057,3.20393494240156
3.058,3.24268394930364
3.059,3.28174055094555
3.06,3.32110460226722
3.061,3.36077593484181
3.062,3.40075435714572
3.063,3.44103965482817
3.064,3.48163159098059
3.065,3.52252990640469
3.066,3.5637343198802
3.067,3.6052445284312
3.068,3.64706020759114
3.069,3.68918101166676
3.07,3.7316065740001
3.071,3.77433650722896
3.072,3.8173704035458
3.073,3.8607078349543
3.074,3.90434835352408
3.075,3.94829149164331
3.076,3.99253676226906
3.077,4.03708365917513
3.078,4.08193165719788
3.079,4.12708021247914
3.08,4.17252876270688
3.081,4.21827672735306
3.082,4.26432350790901
3.083,4.31066848811786
3.084,4.35731103420441
3.085,4.40425049510222
3.086,4.45148620267754
3.087,4.49901747195078
3.088,4.54684360131484
3.089,4.59496387275053
3.09,4.6433775520393
3.091,4.6920838889727
3.092,4.74108211755912
3.093,4.79037145622742
3.094,4.83995110802777
3.095,4.88982026082931
3.096,4.93997808751518
3.097,4.99042374617422
3.098,5.04115638028996
3.099,5.09217511892677
3.1,5.14347907691284
3.101,5.19506735502032
3.102,5.24693904014294
3.103,5.2990932054702
3.104,5.35152891065921
3.105,5.40424520200346
3.106,5.45724111259886
3.107,5.51051566250702
3.108,5.56406785891591
3.109,5.61789669629769
3.11,5.67200115656387
3.111,5.72638020921795
3.112,5.78103281150533
3.113,5.83595790856065
3.114,5.89115443355274
3.115,5.94662130782698
3.116,6.0023574410451
3.117,6.05836173132277
3.118,6.11463306536452
3.119,6.17117031859643
3.12,6.22797235529678
3.121,6.28503802872385
3.122,6.342366181242
3.123,6.39995564444522
3.124,6.45780523927874
3.125,6.51591377615817
3.126,6.57428005508704
3.127,6.63290286577196
3.128,6.69178098773571
3.129,6.75091319042861
3.13,6.81029823333775
3.131,6.86993486609448
3.132,6.92982182857979
3.133,6.98995785102828
3.134,7.05034165412986
3.135,7.11097194913004
3.136,7.17184743792846
3.137,7.23296681317566
3.138,7.29432875836801
3.139,7.35593194794173
3.14,7.41777504736455
3.141,7.47985671322616
3.142,7.54217559332748
3.143,7.60473032676788
3.144,7.66751954403129
3.145,7.73054186707101
3.146,7.79379590939304
3.147,7.85728027613795
3.148,7.92099356416169
3.149,7.98493436211514
3.15,8.04910125052199
3.151,8.11349280185618
3.152,8.17810758061746
3.153,8.24294414340623
3.154,8.30800103899717
3.155,8.3732768084117
3.156,8.43876998498953
3.157,8.5044790944591
3.158,8.57040265500707
3.159,8.63653917734682
3.16,8.70288716478608
3.161,8.76944511329361
3.162,8.83621151156485
3.163,8.90318484108707
3.164,8.97036357620332
3.165,9.03774618417584
3.166,9.10533112524848
3.167,9.17311685270864
3.168,9.24110181294803
3.169,9.30928444552329
3.17,9.37766318321549
3.171,9.44623645208916
3.172,9.51500267155055
3.173,9.58396025440562
3.174,9.65310760691671
3.175,9.72244312885968
3.176,9.79196521357937
3.177,9.8616722480455
3.178,9.93156261290729
3.179,10.0016346825483
3.18,10.0718868251399
3.181,10.1423174026955
3.182,10.2129247711229
3.183,10.2837072802777
3.184,10.3546632740148
3.185,10.4257910902412
3.186,10.4970890609665
3.187,10.5685555123551
3.188,10.6401887647764
3.189,10.7119871328554
3.19,10.7839489255231
3.191,10.8560724460664
3.192,10.9283559921778
3.193,11.0007978560044
3.194,11.0733963241981
3.195,11.1461496779632
3.196,11.2190561931063
3.197,11.292114140084
3.198,11.3653217840518
3.199,11.4386773849121
3.2,11.512179197362
3.201,11.5858254709416
3.202,11.6596144500812
3.203,11.7335443741496
3.204,11.8076134775008
3.205,11.8818199895219
3.206,11.9561621346806
3.207,12.0306381325718
3.208,12.1052461979653
3.209,12.1799845408526
3.21,12.254851366494
3.211,12.329844875466
3.212,12.4049632637077
3.213,12.4802047225684
3.214,12.5555674388538
3.215,12.6310495948741
3.216,12.7066493684897
3.217,12.7823649331591
3.218,12.8581944579859
3.219,12.9341361077653
3.22,13.0101880430318
3.221,13.0863484201061
3.222,13.1626153911423
3.223,13.2389871041753
3.224,13.3154617031683
3.225,13.39203732806
3.226,13.4687121148122
3.227,13.5454841954578
3.228,13.6223516981477
3.229,13.6993127471997
3.23,13.7763654631457
3.231,13.8535079627804
3.232,13.9307383592089
3.233,14.0080547618953
3.234,14.0854552767115
3.235,14.1629380059855
3.236,14.24050104855
3.237,14.3181424997921
3.238,14.3958604517015
3.239,14.4736529929203
3.24,14.5515182087925
3.241,14.6294541814132
3.242,14.7074589896788
3.243,14.7855307093369
3.244,14.8636674130358
3.245,14.9418671703762
3.246,15.0201280479604
3.247,15.0984481094438
3.248,15.1768254155858
3.249,15.2552580243005
3.25,15.3337439907087
3.251,15.4122813671889
3.252,15.4908682034296
3.253,15.5695025464808
3.254,15.6481824408065
3.255,15.7269059283373
3.256,15.8056710485228
3.257,15.8844758383846
3.258,15.9633183325696
3.259,16.0421965634031
3.26,16.1211085609425
3.261,16.2000523530312
3.262,16.2790259653527
3.263,16.3580274214851
3.264,16.437054742955
3.265,16.5161059492929
3.266,16.5951790580885
3.267,16.6742720850451
3.268,16.753383044036
3.269,16.8325099471599
3.27,16.9116508047969
3.271,16.990803625665
3.272,17.0699664168768
3.273,17.1491371839956
3.274,17.2283139310932
3.275,17.3074946608069
3.276,17.3866773743974
3.277,17.4658600718057
3.278,17.5450407517124
3.279,17.6242174115951
3.28,17.7033880477872
3.281,17.7825506555373
3.282,17.8617032290674
3.283,17.9408437616331
3.284,18.019970245582
3.285,18.0990806724153
3.286,18.1781730328462
3.287,18.2572453168614
3.288,18.336295513781
3.289,18.4153216123198
3.29,18.4943216006483
3.291,18.5732934664539
3.292,18.6522351970025
3.293,18.7311447792008
3.294,18.8100201996577
3.295,18.8888594447471
3.296,18.9676605006705
3.297,19.0464213535194
3.298,19.1251399893389
3.299,19.2038143941905
3.3,19.2824425542163
3.301,19.3610224557017
3.302,19.4395520851402
3.303,19.5180294292981
3.304,19.5964524752775
3.305,19.6748192105821
3.306,19.7531276231819
3.307,19.8313757015782
3.308,19.9095614348687
3.309,19.9876828128137
3.31,20.0657378259012
3.311,20.1437244654134
3.312,20.2216407234928
3.313,20.2994845932081
3.314,20.3772540686216
3.315,20.4549471448556
3.316,20.5325618181591
3.317,20.6100960859754
3.318,20.68754794701
3.319,20.7649154012968
3.32,20.8421964502671
3.321,20.919389096817
3.322,20.9964913453758
3.323,21.073501201974
3.324,21.1504166743117
3.325,21.2272357718281
3.326,21.3039565057689
3.327,21.3805768892569
3.328,21.4570949373595
3.329,21.5335086671593
3.33,21.6098160978224
3.331,21.6860152506695
3.332,21.7621041492437
3.333,21.838080819382
3.334,21.9139432892842
3.335,21.9896895895843
3.336,22.0653177534187
3.337,22.1408258164985
3.338,22.2162118171796
3.339,22.2914737965324
3.34,22.366609798413
3.341,22.4416178695348
3.342,22.5164960595383
3.343,22.5912424210624
3.344,22.6658550098156
3.345,22.7403318846478
3.346,22.8146711076206
3.347,22.8888707440789
3.348,22.9629288627227
3.349,23.0368435356782
3.35,23.1106128385699
3.351,23.1842348505912
3.352,23.2577076545772
3.353,23.3310293370755
3.354,23.4041979884185
3.355,23.4772117027949
3.356,23.5500685783219
3.357,23.6227667171163
3.358,23.6953042253672
3.359,23.7676792134074
3.36,23.8398897957857
3.361,23.9119340913377
3.362,23.9838102232598
3.363,24.0555163191786
3.364,24.1270505112244
3.365,24.1984109361035
3.366,24.2695957351679
3.367,24.3406030544893
3.368,24.4114310449297
3.369,24.4820778622141
3.37,24.5525416670009
3.371,24.6228206249543
3.372,24.6929129068167
3.373,24.7628166884786
3.374,24.8325301510513
3.375,24.902051480938
3.376,24.9713788699049
3.377,25.0405105151529
3.378,25.109444619388
3.379,25.1781793908933
3.38,25.2467130435994
3.381,25.3150437971554
3.382,25.3831698769997
3.383,25.4510895144305
3.384,25.5188009466762
3.385,25.5863024169663
3.386,25.6535921746011
3.387,25.7206684750224
3.388,25.7875295798822
3.389,25.854173757114
3.39,25.9205992810018
3.391,25.9868044322494
3.392,26.0527874980496
3.393,26.1185467721538
3.394,26.1840805549413
3.395,26.2493871534863
3.396,26.3144648816285
3.397,26.3793120600405
3.398,26.4439270162956
3.399,26.5083080849362
3.4,26.5724536075418
3.401,26.6363619327963
3.402,26.7000314165541
3.403,26.7634604219092
3.404,26.82664731926
3.405,26.8895904863777
3.406,26.9522883084699
3.407,27.01473917825
3.408,27.0769414960004
3.409,27.1388936696383
3.41,27.200594114782
3.411,27.2620412548146
3.412,27.3232335209498
3.413,27.3841693522943
3.414,27.4448471959142
3.415,27.5052655068965
3.416,27.565422748414
3.417,27.6253173917873
3.418,27.6849479165491
3.419,27.7443128105037
3.42,27.8034105697924
3.421,27.8622396989522
3.422,27.9207987109806
3.423,27.9790861273919
3.424,28.037100478283
3.425,28.0948403023891
3.426,28.1523041471471
3.427,28.2094905687524
3.428,28.2663981322207
3.429,28.3230254114436
3.43,28.3793709892497
3.431,28.4354334574615
3.432,28.4912114169516
3.433,28.5467034777032
3.434,28.6019082588619
3.435,28.6568243887972
3.436,28.7114505051539
3.437,28.7657852549105
3.438,28.8198272944334
3.439,28.8735752895299
3.44,28.9270279155036
3.441,28.9801838572092
3.442,29.0330418091029
3.443,29.0856004752964
3.444,29.1378585696099
3.445,29.189814815623
3.446,29.2414679467258
3.447,29.2928167061691
3.448,29.3438598471169
3.449,29.3945961326931
3.45,29.4450243360337
3.451,29.4951432403332
3.452,29.5449516388946
3.453,29.5944483351758
3.454,29.6436321428372
3.455,29.692501885789
3.456,29.7410563982373
3.457,29.789294524728
3.458,29.8372151201939
3.459,29.8848170499993
3.46,29.9320991899818
3.461,29.9790604264981
3.462,30.0256996564653
3.463,30.0720157874038
3.464,30.1180077374802
3.465,30.1636744355452
3.466,30.2090148211787
3.467,30.254027844726
3.468,30.2987124673388
3.469,30.3430676610151
3.47,30.3870924086349
3.471,30.4307857040004
3.472,30.4741465518719
3.473,30.5171739680036
3.474,30.5598669791821
3.475,30.6022246232582
3.476,30.6442459491838
3.477,30.685930017046
3.478,30.7272758980998
3.479,30.7682826748006
3.48,30.8089494408374
3.481,30.8492753011636
3.482,30.8892593720287
3.483,30.9289007810081
3.484,30.9681986670326
3.485,31.0071521804175
3.486,31.0457604828922
3.487,31.0840227476257
3.488,31.1219381592562
3.489,31.1595059139151
3.49,31.1967252192556
3.491,31.233595294475
3.492,31.2701153703416
3.493,31.3062846892169
3.494,31.3421025050803
3.495,31.3775680835493
3.496,31.4126807019043
3.497,31.447439649108
3.498,31.4818442258257
3.499,31.5158937444468
3.5,31.5495875291022
3.501,31.5829249156846
3.502,31.6159052518638
3.503,31.6485278971077
3.504,31.6807922226948
3.505,31.7126976117329
3.506,31.7442434591725
3.507,31.7754291718231
3.508,31.8062541683645
3.509,31.8367178793624
3.51,31.8668197472791
3.511,31.8965592264863
3.512,31.9259357832765
3.513,31.9549488958705
3.514,31.9835980544317
3.515,32.0118827610709
3.516,32.0398025298572
3.517,32.0673568868248
3.518,32.0945453699806
3.519,32.1213675293074
3.52,32.1478229267745
3.521,32.1739111363399
3.522,32.199631743953
3.523,32.2249843475607
3.524,32.2499685571093
3.525,32.2745839945462
3.526,32.298830293822
3.527,32.322707100891
3.528,32.3462140737111
3.529,32.3693508822441
3.53,32.3921172084525
3.531,32.4145127462991
3.532,32.4365372017453
3.533,32.4581902927433
3.534,32.4794717492398
3.535,32.5003813131621
3.536,32.5209187384201
3.537,32.5410837908969
3.538,32.5608762484416
3.539,32.5802959008644
3.54,32.5993425499264
3.541,32.618016009331
3.542,32.6363161047161
3.543,32.6542426736409
3.544,32.6717955655795
3.545,32.6889746419053
3.546,32.7057797758812
3.547,32.7222108526468
3.548,32.7382677692032
3.549,32.7539504344017
3.55,32.7692587689264
3.551,32.7841927052804
3.552,32.7987521877691
3.553,32.8129371724848
3.554,32.8267476272866
3.555,32.8401835317857
3.556,32.8532448773237
3.557,32.8659316669563
3.558,32.8782439154308
3.559,32.8901816491676
3.56,32.9017449062369
3.561,32.9129337363397
3.562,32.9237482007827
3.563,32.9341883724563
3.564,32.944254335812
3.565,32.953946186836
3.566,32.9632640330265
3.567,32.9722079933657
3.568,32.9807781982967
3.569,32.988974789694
3.57,32.9967979208378
3.571,33.0042477563857
3.572,33.0113244723443
3.573,33.0180282560403
3.574,33.0243593060887
3.575,33.0303178323668
3.576,33.0359040559788
3.577,33.0411182092279
3.578,33.0459605355824
3.579,33.0504312896435
3.58,33.0545307371117
3.581,33.0582591547553
3.582,33.061616830373
3.583,33.0646040627614
3.584,33.0672211616794
3.585,33.0694684478112
3.586,33.0713462527314
3.587,33.0728549188657
3.588,33.073994799457
3.589,33.074766258524
3.59,33.0751696708245
3.591,33.075205421816
3.592,33.0748739076159
3.593,33.0741755349624
3.594,33.0731107211721
3.595,33.0716798940999
3.596,33.0698834920994
3.597,33.0677219639766
3.598,33.0651957689521
3.599,33.0623053766143
3.6,33.0590512668777
3.601,33.0554339299395
3.602,33.051453866234
3.603,33.047111586388
3.604,33.0424076111758
3.605,33.0373424714725
3.606,33.03191670821
3.607,33.0261308723284
3.608,33.0199855247298
3.609,33.0134812362288
3.61,33.0066185875081
3.611,32.999398169067
3.612,32.9918205811751
3.613,32.9838864338215
3.614,32.9755963466643
3.615,32.966950948984
3.616,32.9579508796297
3.617,32.948596786971
3.618,32.9388893288446
3.619,32.9288291725039
3.62,32.9184169945677
3.621,32.9076534809671
3.622,32.8965393268933
3.623,32.8850752367438
3.624,32.8732619240703
3.625,32.8611001115247
3.626,32.8485905308046
3.627,32.8357339225993
3.628,32.822531036536
3.629,32.808982631123
3.63,32.7950894736953
3.631,32.7808523403611
3.632,32.7662720159428
3.633,32.751349293921
3.634,32.7360849763804
3.635,32.7204798739515
3.636,32.7045348057537
3.637,32.6882505993379
3.638,32.6716280906292
3.639,32.6546681238682
3.64,32.637371551555
3.641,32.619739234388
3.642,32.6017720412072
3.643,32.5834708489358
3.644,32.5648365425184
3.645,32.5458700148641
3.646,32.5265721667872
3.647,32.5069439069456
3.648,32.4869861517819
3.649,32.4666998254625
3.65,32.4460858598193
3.651,32.4251451942857
3.652,32.4038787758399
3.653,32.3822875589391
3.654,32.3603725054629
3.655,32.3381345846497
3.656,32.3155747730356
3.657,32.2926940543923
3.658,32.2694934196655
3.659,32.245973866915
3.66,32.2221364012482
3.661,32.1979820347623
3.662,32.1735117864797
3.663,32.1487266822852
3.664,32.1236277548651
3.665,32.0982160436421
3.666,32.0724925947146
3.667,32.0464584607928
3.668,32.0201147011347
3.669,31.9934623814848
3.67,31.9665025740101
3.671,31.9392363572352
3.672,31.9116648159821
3.673,31.8837890413036
3.674,31.8556101304205
3.675,31.8271291866595
3.676,31.7983473193889
3.677,31.7692656439517
3.678,31.7398852816075
3.679,31.7102073594629
3.68,31.6802330104122
3.681,31.6499633730711
3.682,31.6193995917122
3.683,31.5885428162032
3.684,31.5573942019413
3.685,31.5259549097899
3.686,31.4942261060129
3.687,31.4622089622139
3.688,31.4299046552698
3.689,31.3973143672666
3.69,31.3644392854366
3.691,31.3312806020937
3.692,31.2978395145704
3.693,31.2641172251524
3.694,31.2301149410155
3.695,31.1958338741616
3.696,31.1612752413551
3.697,31.1264402640589
3.698,31.0913301683705
3.699,31.055946184958
3.7,31.0202895489982
3.701,30.9843615001101
3.702,30.9481632822945
3.703,30.9116961438678
3.704,30.8749613374012
3.705,30.8379601196559
3.706,30.8006937515192
3.707,30.7631634979434
3.708,30.7253706278818
3.709,30.6873164142249
3.71,30.6490021337389
3.711,30.610429067003
3.712,30.5715984983456
3.713,30.5325117157832
3.714,30.4931700109569
3.715,30.4535746790713
3.716,30.413727018831
3.717,30.3736283323794
3.718,30.3332799252377
3.719,30.2926831062417
3.72,30.2518391874806
3.721,30.2107494842361
3.722,30.1694153149207
3.723,30.1278380010169
3.724,30.0860188670157
3.725,30.0439592403563
3.726,30.0016604513656
3.727,29.9591238331967
3.728,29.9163507217701
3.729,29.8733424557117
3.73,29.8301003762951
3.731,29.7866258273794
3.732,29.742920155352
3.733,29.6989847090672
3.734,29.6548208397879
3.735,29.6104299011267
3.736,29.5658132489867
3.737,29.5209722415033
3.738,29.4759082389851
3.739,29.4306226038559
3.74,29.3851167005979
3.741,29.3393918956915
3.742,29.2934495575604
3.743,29.2472910565119
3.744,29.2009177646807
3.745,29.1543310559728
3.746,29.1075323060084
3.747,29.0605228920638
3.748,29.013304193017
3.749,28.9658775892916
3.75,28.9182444627996
3.751,28.8704061968881
3.752,28.822364176281
3.753,28.774119787028
3.754,28.7256744164451
3.755,28.677029453064
3.756,28.6281862865763
3.757,28.5791463077782
3.758,28.5299109085182
3.759,28.4804814816445
3.76,28.4308594209491
3.761,28.381046121117
3.762,28.331042977671
3.763,28.2808513869231
3.764,28.2304727459184
3.765,28.1799084523852
3.766,28.1291599046831
3.767,28.0782285017499
3.768,28.027115643054
3.769,27.9758227285392
3.77,27.9243511585784
3.771,27.8727023339196
3.772,27.8208776556381
3.773,27.7688785250857
3.774,27.7167063438424
3.775,27.664362513666
3.776,27.6118484364434
3.777,27.5591655141435
3.778,27.5063151487657
3.779,27.4532987422953
3.78,27.4001176966543
3.781,27.3467734136529
3.782,27.2932672949448
3.783,27.2396007419777
3.784,27.1857751559491
3.785,27.1317919377583
3.786,27.0776524879606
3.787,27.0233582067237
3.788,26.96891049378
3.789,26.9143107483815
3.79,26.8595603692571
3.791,26.8046607545665
3.792,26.7496133018569
3.793,26.6944194080173
3.794,26.6390804692382
3.795,26.583597880966
3.796,26.5279730378601
3.797,26.4722073337511
3.798,26.416302161599
3.799,26.3602589134498
3.8,26.3040789803939
3.801,26.247763752527
3.802,26.1913146189051
3.803,26.1347329675079
3.804,26.0780201851952
3.805,26.0211776576688
3.806,25.9642067694308
3.807,25.9071089037464
3.808,25.8498854426025
3.809,25.7925377666703
3.81,25.7350672552652
3.811,25.6774752863111
3.812,25.6197632362995
3.813,25.5619324802537
3.814,25.5039843916911
3.815,25.445920342586
3.816,25.387741703333
3.817,25.3294498427103
3.818,25.2710461278443
3.819,25.2125319241734
3.82,25.1539085954122
3.821,25.0951775035171
3.822,25.0363400086518
3.823,24.9773974691505
3.824,24.9183512414867
3.825,24.8592026802374
3.826,24.7999531380506
3.827,24.7406039656101
3.828,24.6811565116056
3.829,24.6216121226975
3.83,24.5619721434856
3.831,24.5022379164763
3.832,24.4424107820528
3.833,24.3824920784413
3.834,24.3224831416814
3.835,24.2623853055946
3.836,24.202199901754
3.837,24.1419282594551
3.838,24.0815717056838
3.839,24.0211315650885
3.84,23.9606091599507
3.841,23.900005810155
3.842,23.8393228331614
3.843,23.7785615439774
3.844,23.7177232551277
3.845,23.656809276629
3.846,23.5958209159612
3.847,23.5347594780408
3.848,23.4736262651924
3.849,23.4124225771252
3.85,23.3511497109037
3.851,23.2898089609241
3.852,23.2284016188856
3.853,23.1669289737695
3.854,23.1053923118094
3.855,23.0437929164693
3.856,22.9821320684179
3.857,22.9204110455059
3.858,22.8586311227389
3.859,22.7967935722579
3.86,22.7348996633123
3.861,22.6729506622384
3.862,22.610947832437
3.863,22.5488924343505
3.864,22.4867857254402
3.865,22.4246289601642
3.866,22.3624233899567
3.867,22.3001702632064
3.868,22.2378708252348
3.869,22.175526318275
3.87,22.1131379814531
3.871,22.0507070507653
3.872,21.9882347590599
3.873,21.9257223360163
3.874,21.863171008126
3.875,21.8005819986743
3.876,21.7379565277189
3.877,21.675295812074
3.878,21.6126010652902
3.879,21.5498734976363
3.88,21.4871143160826
3.881,21.4243247242819
3.882,21.361505922553
3.883,21.2986591078636
3.884,21.2357854738126
3.885,21.1728862106141
3.886,21.1099625050816
3.887,21.0470155406106
3.888,20.9840464971635
3.889,20.9210565512542
3.89,20.8580468759321
3.891,20.7950186407676
3.892,20.7319730118368
3.893,20.6689111517067
3.894,20.6058342194218
3.895,20.5427433704889
3.896,20.4796397568633
3.897,20.4165245269362
3.898,20.3533988255194
3.899,20.2902637938337
3.9,20.2271205694956
3.901,20.1639702865037
3.902,20.1008140752278
3.903,20.0376530623941
3.904,19.9744883710761
3.905,19.9113211206805
3.906,19.8481524269369
3.907,19.7849834018854
3.908,19.7218151538666
3.909,19.6586487875093
3.91,19.5954854037209
3.911,19.5323260996759
3.912,19.4691719688068
3.913,19.4060241007929
3.914,19.3428835815507
3.915,19.2797514932245
3.916,19.2166289141768
3.917,19.1535169189789
3.918,19.0904165784016
3.919,19.0273289594072
3.92,18.9642551251403
3.921,18.9011961349182
3.922,18.8381530442251
3.923,18.7751269047018
3.924,18.7121187641388
3.925,18.6491296664688
3.926,18.5861606517589
3.927,18.5232127562025
3.928,18.4602870121135
3.929,18.3973844479189
3.93,18.3345060881516
3.931,18.2716529534443
3.932,18.2088260605231
3.933,18.1460264222008
3.934,18.0832550473713
3.935,18.0205129410038
3.936,17.9578011041369
3.937,17.8951205338729
3.938,17.8324722233726
3.939,17.7698571618508
3.94,17.70727633457
3.941,17.6447307228367
3.942,17.5822213039955
3.943,17.5197490514265
3.944,17.4573149345389
3.945,17.3949199187674
3.946,17.3325649655694
3.947,17.2702510324193
3.948,17.2079790728057
3.949,17.145750036228
3.95,17.0835648681925
3.951,17.0214245102091
3.952,16.9593298997884
3.953,16.8972819704387
3.954,16.8352816516636
3.955,16.7733298689579
3.956,16.7114275438062
3.957,16.6495755936805
3.958,16.5877749320375
3.959,16.526026468316
3.96,16.4643311079366
3.961,16.4026897522977
3.962,16.3411032987746
3.963,16.2795726407191
3.964,16.2180986674557
3.965,16.1566822642817
3.966,16.0953243124661
3.967,16.0340256892478
3.968,15.9727872678347
3.969,15.9116099174033
3.97,15.8504945030972
3.971,15.7894418860272
3.972,15.7284529232705
3.973,15.6675284678697
3.974,15.6066693688335
3.975,15.5458764711363
3.976,15.4851506157171
3.977,15.4244926394807
3.978,15.3639033752975
3.979,15.3033836520036
3.98,15.2429342944011
3.981,15.1825561232585
3.982,15.1222499553118
3.983,15.0620166032643
3.984,15.0018568757881
3.985,14.9417715775244
3.986,14.8817615090847
3.987,14.8218274670516
3.988,14.7619702439804
3.989,14.7021906283995
3.99,14.6424894048126
3.991,14.5828673536994
3.992,14.5233252515174
3.993,14.4638638707031
3.994,14.4044839796744
3.995,14.3451863428314
3.996,14.2859717205586
3.997,14.2268408692267
3.998,14.1677945411951
3.999,14.1088334848127
4,14.0499584444212
4.001,13.9911701603568
4.002,13.9324693689521
4.003,13.8738568025393
4.004,13.8153331894514
4.005,13.7568992540258
4.006,13.6985557166061
4.007,13.6403032935447
4.008,13.5821426972058
4.009,13.5240746359682
4.01,13.4660998142271
4.011,13.4082189323982
4.012,13.35043268692
4.013,13.2927417702563
4.014,13.2351468708999
4.015,13.1776486733754
4.016,13.1202478582424
4.017,13.0629451020982
4.018,13.0057410775817
4.019,12.9486364533761
4.02,12.8916318942125
4.021,12.834728060873
4.022,12.7779256101945
4.023,12.7212251950717
4.024,12.6646274644609
4.025,12.6081330633836
4.026,12.551742632929
4.027,12.4954568102597
4.028,12.4392762286132
4.029,12.3832015173069
4.03,12.3272333017414
4.031,12.2713722034041
4.032,12.2156188398735
4.033,12.1599738248223
4.034,12.104437768022
4.035,12.049011275346
4.036,11.9936949487744
4.037,11.9384893863972
4.038,11.8833951824186
4.039,11.8284129271609
4.04,11.7735432070687
4.041,11.7187866047128
4.042,11.6641436987941
4.043,11.6096150641483
4.044,11.5552012717488
4.045,11.5009028887127
4.046,11.446720478303
4.047,11.392654599934
4.048,11.3387058091751
4.049,11.2848746577552
4.05,11.2311616935667
4.051,11.1775674606696
4.052,11.1240924992963
4.053,11.0707373458554
4.054,11.017502532936
4.055,10.9643885893124
4.056,10.9113960399478
4.057,10.8585254059991
4.058,10.8057772048212
4.059,10.7531519499707
4.06,10.7006501512113
4.061,10.648272314517
4.062,10.5960189420775
4.063,10.5438905323017
4.064,10.4918875798226
4.065,10.4400105755017
4.066,10.3882600064327
4.067,10.3366363559466
4.068,10.2851401036159
4.069,10.2337717252588
4.07,10.1825316929436
4.071,10.1314204749932
4.072,10.0804385359895
4.073,10.0295863367776
4.074,9.97886433447041
4.075,9.92827298245282
4.076,9.87781273038615
4.077,9.8274840242126
4.078,9.77728730615951
4.079,9.72722301474388
4.08,9.67729158477645
4.081,9.62749344736642
4.082,9.57782902992558
4.083,9.52829875617267
4.084,9.47890304613785
4.085,9.42964231616697
4.086,9.38051697892591
4.087,9.33152744340498
4.088,9.28267411492308
4.089,9.23395739513238
4.09,9.18537768202225
4.091,9.13693536992378
4.092,9.08863084951399
4.093,9.04046450782051
4.094,8.99243672822526
4.095,8.94454789046941
4.096,8.89679837065697
4.097,8.84918854125989
4.098,8.8017187711216
4.099,8.75438942546194
4.1,8.70720086588093
4.101,8.66015345036324
4.102,8.61324753328282
4.103,8.56648346540653
4.104,8.51986159389878
4.105,8.47338226232606
4.106,8.42704581066064
4.107,8.38085257528543
4.108,8.33480288899776
4.109,8.28889708101411
4.11,8.24313547697409
4.111,8.19751839894483
4.112,8.15204616542547
4.113,8.10671909135114
4.114,8.06153748809749
4.115,8.0165016634851
4.116,7.97161192178352
4.117,7.92686856371599
4.118,7.88227188646341
4.119,7.83782218366915
4.12,7.79351974544321
4.121,7.74936485836651
4.122,7.70535780549567
4.123,7.66149886636721
4.124,7.61778831700212
4.125,7.5742264299104
4.126,7.53081347409563
4.127,7.4875497150594
4.128,7.44443541480602
4.129,7.40147083184729
4.13,7.35865622120691
4.131,7.3159918344255
4.132,7.273477919565
4.133,7.23111472121389
4.134,7.18890248049187
4.135,7.14684143505464
4.136,7.10493181909918
4.137,7.0631738633686
4.138,7.02156779515721
4.139,6.98011383831579
4.14,6.93881221325683
4.141,6.89766313695984
4.142,6.85666682297667
4.143,6.81582348143706
4.144,6.77513331905428
4.145,6.73459653913061
4.146,6.69421334156337
4.147,6.65398392285047
4.148,6.61390847609677
4.149,6.57398719101981
4.15,6.5342202539563
4.151,6.49460784786822
4.152,6.45515015234955
4.153,6.41584734363272
4.154,6.37669959459544
4.155,6.33770707476753
4.156,6.29886995033816
4.157,6.26018838416289
4.158,6.22166253577125
4.159,6.18329256137418
4.16,6.14507861387207
4.161,6.10702084286249
4.162,6.06911939464849
4.163,6.03137441224708
4.164,5.99378603539777
4.165,5.95635440057152
4.166,5.91907964097982
4.167,5.8819618865842
4.168,5.84500126410559
4.169,5.80819789703462
4.17,5.77155190564155
4.171,5.73506340698694
4.172,5.69873251493248
4.173,5.66255934015214
4.174,5.62654399014364
4.175,5.59068656924033
4.176,5.55498717862346
4.177,5.51944591633483
4.178,5.48406287728964
4.179,5.44883815329008
4.18,5.41377183303923
4.181,5.3788640021551
4.182,5.34411474318572
4.183,5.30952413562409
4.184,5.27509225592428
4.185,5.24081917751744
4.186,5.20670497082866
4.187,5.17274970329436
4.188,5.13895343938036
4.189,5.10531624060026
4.19,5.07183816553478
4.191,5.03851926985147
4.192,5.00535960632533
4.193,4.97235922485984
4.194,4.93951817250914
4.195,4.90683649350049
4.196,4.87431422925794
4.197,4.84195141842635
4.198,4.80974809689664
4.199,4.77770429783176
4.2,4.74582005169356
4.201,4.71409538627046
4.202,4.68253032670643
4.203,4.65112489553047
4.204,4.61987911268769
4.205,4.58879299557099
4.206,4.55786655905405
4.207,4.52709981552548
4.208,4.49649277492418
4.209,4.46604544477585
4.21,4.43575783023072
4.211,4.40562993410279
4.212,4.37566175691035
4.213,4.34585329691784
4.214,4.31620455017935
4.215,4.28671551058329
4.216,4.25738616989915
4.217,4.22821651782542
4.218,4.19920654203946
4.219,4.17035622824896
4.22,4.14166556024536
4.221,4.11313451995889
4.222,4.08476308751584
4.223,4.05655124129763
4.224,4.02849895800191
4.225,4.00060621270599
4.226,3.97287297893228
4.227,3.94529922871615
4.228,3.91788493267609
4.229,3.89063006008636
4.23,3.86353457895209
4.231,3.83659845608706
4.232,3.80982165719425
4.233,3.78320414694902
4.234,3.7567458890854
4.235,3.7304468464851
4.236,3.70430698126988
4.237,3.67832625489704
4.238,3.65250462825814
4.239,3.62684206178116
4.24,3.6013385155363
4.241,3.57599394934538
4.242,3.55080832289494
4.243,3.5257815958534
4.244,3.50091372799213
4.245,3.47620467931074
4.246,3.45165441016673
4.247,3.42726288140951
4.248,3.40303005451909
4.249,3.37895589174943
4.25,3.35504035627694
4.251,3.33128341235375
4.252,3.30768502546641
4.253,3.28424516249998
4.254,3.26096379190764
4.255,3.2378408838861
4.256,3.21487641055711
4.257,3.19207034615486
4.258,3.16942266721985
4.259,3.14693335279935
4.26,3.1246023846545
4.261,3.10242974747448
4.262,3.08041542909767
4.263,3.05855942074056
4.264,3.03686171723369
4.265,3.01532231726612
4.266,2.99394122363739
4.267,2.97271844351828
4.268,2.95165398871961
4.269,2.93074787597046
4.27,2.91000012720486
4.271,2.88941076985816
4.272,2.86897983717282
4.273,2.84870736851407
4.274,2.8285934096955
4.275,2.80863801331531
4.276,2.78884123910269
4.277,2.76920315427545
4.278,2.74972383390857
4.279,2.7304033613141
4.28,2.7112418284327
4.281,2.69223933623712
4.282,2.67339599514754
4.283,2.65471192545936
4.284,2.63618725778362
4.285,2.61782213349991
4.286,2.59961670522237
4.287,2.58157113727872
4.288,2.56368560620255
4.289,2.54596030123886
4.29,2.52839542486336
4.291,2.51099119331484
4.292,2.49374783714162
4.293,2.47666560176124
4.294,2.45974474803368
4.295,2.4429855528482
4.296,2.4263883097233
4.297,2.4099533294198
4.298,2.39368094056665
4.299,2.3775714902994
4.3,2.36162534491041
4.301,2.3458428905107
4.302,2.33022453370275
4.303,2.31477070226335
4.304,2.29948184583581
4.305,2.28435843663058
4.306,2.26940097013301
4.307,2.2546099658172
4.308,2.23998596786455
4.309,2.22552954588494
4.31,2.21124129563953
4.311,2.19712183976255
4.312,2.18317182848016
4.313,2.16939194032396
4.314,2.15578288283635
4.315,2.14234539326491
4.316,2.12908023924242
4.317,2.11598821944928
4.318,2.10307016425411
4.319,2.09032693632877
4.32,2.07775943123296
4.321,2.0653685779638
4.322,2.05315533946511
4.323,2.04112071309059
4.324,2.02926573101531
4.325,2.01759146058875
4.326,2.00609900462286
4.327,1.99478950160803
4.328,1.98366412584903
4.329,1.97272408751371
4.33,1.96197063258525
4.331,1.95140504271036
4.332,1.94102863493342
4.333,1.93084276130846
4.334,1.92084880837848
4.335,1.9110481965134
4.336,1.90144237909615
4.337,1.8920328415479
4.338,1.88282110018202
4.339,1.87380870087772
4.34,1.86499721756395
4.341,1.85638825050465
4.342,1.84798342437693
4.343,1.83978438613476
4.344,1.83179280265108
4.345,1.82401035813263
4.346,1.81643875130288
4.347,1.80907969234972
4.348,1.80193489963635
4.349,1.79500609617532
4.35,1.78829500586778
4.351,1.78180334951223
4.352,1.77553284058896
4.353,1.76948518082943
4.354,1.76366205558198
4.355,1.75806512898829
4.356,1.75269603898748
4.357,1.74755639216825
4.358,1.74264775849148
4.359,1.73797166590944
4.36,1.73352959490974
4.361,1.72932297301541
4.362,1.72535316927445
4.363,1.72162148877473
4.364,1.71812916722158
4.365,1.71487736561735
4.366,1.71186716508294
4.367,1.70909956186199
4.368,1.70657546254861
4.369,1.70429567957904
4.37,1.70226092702638
4.371,1.70047181673635
4.372,1.69892885483956
4.373,1.69763243867303
4.374,1.69658285414059
4.375,1.69578027353805
4.376,1.69522475386449
4.377,1.69491623563692
4.378,1.69485454222026
4.379,1.69503937967979
4.38,1.6954703371577
4.381,1.69614688777057
4.382,1.69706839001875
4.383,1.69823408969421
4.384,1.69964312226818
4.385,1.70129451573556
4.386,1.70318719388906
4.387,1.7053199799922
4.388,1.70769160081731
4.389,1.71030069101206
4.39,1.71314579775594
4.391,1.71622538566678
4.392,1.71953784191655
4.393,1.72308148151514
4.394,1.72685455272146
4.395,1.73085524254165
4.396,1.73508168227538
4.397,1.73953195307318
4.398,1.74420409146917
4.399,1.74909609485644
4.4,1.75420592687435
4.401,1.75953152267996
4.402,1.76507079407866
4.403,1.77082163449179
4.404,1.77678192374213
4.405,1.78294953264098
4.406,1.78932232736329
4.407,1.79589817360029
4.408,1.80267494048132
4.409,1.80965050425942
4.41,1.81682275175721
4.411,1.82418958357183
4.412,1.83174891703968
4.413,1.83949868896333
4.414,1.84743685810449
4.415,1.85556140744839
4.416,1.86387034624589
4.417,1.87236171184075
4.418,1.88103357129018
4.419,1.88988402278752
4.42,1.89891119689622
4.421,1.90811325760495
4.422,1.91748840321347
4.423,1.92703486705942
4.424,1.93675091809584
4.425,1.94663486132957
4.426,1.9566850381301
4.427,1.96689982641857
4.428,1.97727764074617
4.429,1.98781693227112
4.43,1.99851618864261
4.431,2.00937393380038
4.432,2.02038872769758
4.433,2.03155916595474
4.434,2.04288387945167
4.435,2.05436153386433
4.436,2.06599082915284
4.437,2.07777049900653
4.438,2.08969931025172
4.439,2.10177606222725
4.44,2.11399958613256
4.441,2.12636874435277
4.442,2.13888242976485
4.443,2.15153956502857
4.444,2.16433910186569
4.445,2.1772800203306
4.446,2.19036132807508
4.447,2.20358205960995
4.448,2.21694127556595
4.449,2.23043806195575
4.45,2.24407152943924
4.451,2.25784081259369
4.452,2.27174506919023
4.453,2.28578347947805
4.454,2.29995524547745
4.455,2.31425959028284
4.456,2.32869575737644
4.457,2.34326300995361
4.458,2.35796063026029
4.459,2.37278791894318
4.46,2.38774419441317
4.461,2.40282879222224
4.462,2.41804106445412
4.463,2.43338037912919
4.464,2.44884611962335
4.465,2.46443768410123
4.466,2.48015448496376
4.467,2.49599594830997
4.468,2.51196151341309
4.469,2.52805063221075
4.47,2.54426276880936
4.471,2.56059739900219
4.472,2.57705400980142
4.473,2.59363209898355
4.474,2.61033117464816
4.475,2.62715075478993
4.476,2.64409036688334
4.477,2.66114954748006
4.478,2.67832784181874
4.479,2.69562480344685
4.48,2.71303999385424
4.481,2.73057298211849
4.482,2.74822334456128
4.483,2.76599066441588
4.484,2.78387453150524
4.485,2.80187454193066
4.486,2.81999029777041
4.487,2.83822140678832
4.488,2.85656748215201
4.489,2.87502814216027
4.49,2.89360300997962
4.491,2.91229171338965
4.492,2.93109388453675
4.493,2.95000915969627
4.494,2.96903717904258
4.495,2.98817758642691
4.496,3.00743002916279
4.497,3.02679415781864
4.498,3.04626962601749
4.499,3.06585609024364
4.5,3.08555320965571
4.501,3.10536064590627
4.502,3.12527806296752
4.503,3.1453051269631
4.504,3.16544150600556
4.505,3.18568687003948
4.506,3.20604089069002
4.507,3.22650324111664
4.508,3.24707359587192
4.509,3.26775163076525
4.51,3.28853702273117
4.511,3.30942944970235
4.512,3.33042859048695
4.513,3.35153412465015
4.514,3.3727457323999
4.515,3.39406309447646
4.516,3.41548589204595
4.517,3.43701380659738
4.518,3.45864651984345
4.519,3.48038371362458
4.52,3.50222506981642
4.521,3.52417027024034
4.522,3.54621899657728
4.523,3.56837093028424
4.524,3.59062575251397
4.525,3.6129831440371
4.526,3.63544278516724
4.527,3.65800435568829
4.528,3.6806675347846
4.529,3.70343200097315
4.53,3.72629743203833
4.531,3.74926350496875
4.532,3.77232989589619
4.533,3.79549628003664
4.534,3.81876233163337
4.535,3.8421277239017
4.536,3.86559212897591
4.537,3.88915521785757
4.538,3.91281666036585
4.539,3.93657612508923
4.54,3.96043327933903
4.541,3.98438778910412
4.542,4.00843931900747
4.543,4.03258753226372
4.544,4.05683209063836
4.545,4.08117265440813
4.546,4.10560888232248
4.547,4.13014043156657
4.548,4.15476695772502
4.549,4.17948811474713
4.55,4.20430355491287
4.551,4.22921292879996
4.552,4.25421588525207
4.553,4.27931207134767
4.554,4.30450113237007
4.555,4.32978271177807
4.556,4.35515645117759
4.557,4.38062199029401
4.558,4.40617896694529
4.559,4.43182701701573
4.56,4.4575657744306
4.561,4.48339487113123
4.562,4.50931393705084
4.563,4.53532260009091
4.564,4.56142048609823
4.565,4.58760721884232
4.566,4.61388241999353
4.567,4.64024570910165
4.568,4.66669670357475
4.569,4.69323501865884
4.57,4.71986026741764
4.571,4.74657206071285
4.572,4.773370007185
4.573,4.80025371323433
4.574,4.82722278300233
4.575,4.85427681835334
4.576,4.88141541885676
4.577,4.90863818176914
4.578,4.93594470201706
4.579,4.96333457217983
4.58,4.99080738247266
4.581,5.01836272073
4.582,5.04600017238916
4.583,5.07371932047394
4.584,5.1015197455787
4.585,5.1294010258525
4.586,5.15736273698327
4.587,5.18540445218236
4.588,5.21352574216912
4.589,5.24172617515546
4.59,5.27000531683087
4.591,5.29836273034721
4.592,5.32679797630383
4.593,5.35531061273252
4.594,5.38390019508289
4.595,5.41256627620749
4.596,5.44130840634713
4.597,5.47012613311628
4.598,5.49901900148848
4.599,5.52798655378169
4.6,5.5570283296439
4.601,5.5861438660384
4.602,5.61533269722945
4.603,5.64459435476771
4.604,5.67392836747571
4.605,5.70333426143344
4.606,5.73281155996371
4.607,5.76235978361761
4.608,5.79197845016005
4.609,5.82166707455514
4.61,5.85142516895136
4.611,5.88125224266724
4.612,5.91114780217641
4.613,5.94111135109275
4.614,5.97114239015593
4.615,6.0012404172162
4.616,6.03140492721964
4.617,6.06163541219312
4.618,6.09193136122924
4.619,6.1222922604712
4.62,6.15271759309762
4.621,6.1832068393073
4.622,6.21375947630373
4.623,6.24437497827979
4.624,6.27505281640225
4.625,6.305792458796
4.626,6.33659337052852
4.627,6.36745501359405
4.628,6.39837684689767
4.629,6.42935832623943
4.63,6.46039890429818
4.631,6.49149803061556
4.632,6.52265515157955
4.633,6.55386971040831
4.634,6.58514114713358
4.635,6.61646889858434
4.636,6.64785239836985
4.637,6.67929107686325
4.638,6.71078436118434
4.639,6.74233167518301
4.64,6.77393243942186
4.641,6.80558607115922
4.642,6.83729198433186
4.643,6.86904958953762
4.644,6.90085829401789
4.645,6.93271750164011
4.646,6.96462661288014
4.647,6.99658502480435
4.648,7.02859213105196
4.649,7.06064732181685
4.65,7.09274998382968
4.651,7.1248995003396
4.652,7.15709525109614
4.653,7.18933661233063
4.654,7.22162295673806
4.655,7.25395365345828
4.656,7.28632806805751
4.657,7.31874556250953
4.658,7.35120549517705
4.659,7.38370722079263
4.66,7.41625009043985
4.661,7.44883345153419
4.662,7.48145664780381
4.663,7.51411901927068
4.664,7.54681990223084
4.665,7.57955862923539
4.666,7.61233452907098
4.667,7.64514692674024
4.668,7.67799514344232
4.669,7.71087849655315
4.67,7.74379629960604
4.671,7.77674786227164
4.672,7.80973249033835
4.673,7.84274948569241
4.674,7.87579814629812
4.675,7.90887776617781
4.676,7.94198763539197
4.677,7.97512704001926
4.678,8.00829526213644
4.679,8.04149157979843
4.68,8.07471526701805
4.681,8.10796559374619
4.682,8.14124182585148
4.683,8.17454322510037
4.684,8.20786904913684
4.685,8.2412185514625
4.686,8.27459098141615
4.687,8.30798558415402
4.688,8.34140160062948
4.689,8.37483826757295
4.69,8.40829481747204
4.691,8.44177047855133
4.692,8.47526447475229
4.693,8.50877602571374
4.694,8.54230434675154
4.695,8.5758486488388
4.696,8.6094081385863
4.697,8.64298201822248
4.698,8.6765694855739
4.699,8.71016973404573
4.7,8.74378195260188
4.701,8.77740532574596
4.702,8.81103903350181
4.703,8.84468225139401
4.704,8.87833415042912
4.705,8.91199389707642
4.706,8.945660653249
4.707,8.97933357628508
4.708,9.01301181892927
4.709,9.04669452931412
4.71,9.08038085094159
4.711,9.11406992266518
4.712,9.14776087867148
4.713,9.18145284846266
4.714,9.21514495683836
4.715,9.24883632387871
4.716,9.28252606492641
4.717,9.31621329057016
4.718,9.34989710662726
4.719,9.38357661412743
4.72,9.4172509092959
4.721,9.45091908353739
4.722,9.48458022342019
4.723,9.51823341066032
4.724,9.55187772210606
4.725,9.58551222972281
4.726,9.61913600057836
4.727,9.65274809682779
4.728,9.6863475756996
4.729,9.71993348948159
4.73,9.75350488550709
4.731,9.78706080614173
4.732,9.82060028877017
4.733,9.85412236578397
4.734,9.88762606456853
4.735,9.92111040749175
4.736,9.95457441189235
4.737,9.98801709006861
4.738,10.0214374492677
4.739,10.0548344916752
4.74,10.0882072144054
4.741,10.1215546094918
4.742,10.1548756638778
4.743,10.1881693594086
4.744,10.2214346728227
4.745,10.2546705757444
4.746,10.2878760346769
4.747,10.3210500109953
4.748,10.3541914609411
4.749,10.387299335616
4.75,10.4203725809772
4.751,10.453410137833
4.752,10.486410941839
4.753,10.5193739234944
4.754,10.5522980081394
4.755,10.5851821159538
4.756,10.6180251619546
4.757,10.6508260559955
4.758,10.6835837027669
4.759,10.7162970017961
4.76,10.7489648474487
4.761,10.7815861289302
4.762,10.8141597302885
4.763,10.8466845304176
4.764,10.8791594030612
4.765,10.9115832168172
4.766,10.943954835144
4.767,10.9762731163656
4.768,11.0085369136799
4.769,11.0407450751658
4.77,11.0728964437919
4.771,11.1049898574262
4.772,11.1370241488464
4.773,11.1689981457511
4.774,11.2009106707719
4.775,11.2327605414863
4.776,11.2645465704316
4.777,11.2962675651198
4.778,11.3279223280533
4.779,11.3595096567418
4.78,11.3910283437191
4.781,11.4224771765632
4.782,11.4538549379145
4.783,11.4851604054975
4.784,11.5163923521419
4.785,11.5475495458053
4.786,11.5786307495978
4.787,11.6096347218057
4.788,11.6405602159184
4.789,11.6714059806549
4.79,11.7021707599924
4.791,11.7328532931953
4.792,11.763452314846
4.793,11.7939665548762
4.794,11.8243947386002
4.795,11.8547355867485
4.796,11.8849878155035
4.797,11.9151501365356
4.798,11.9452212570413
4.799,11.975199879782
4.8,12.0050847031246
4.801,12.0348744210826
4.802,12.0645677233594
4.803,12.0941632953928
4.804,12.1236598183998
4.805,12.1530559694243
4.806,12.1823504213852
4.807,12.2115418431259
4.808,12.2406288994657
4.809,12.2696102512522
4.81,12.2984845554156
4.811,12.3272504650234
4.812,12.3559066293384
4.813,12.384451693876
4.814,12.4128843004647
4.815,12.4412030873075
4.816,12.4694066890444
4.817,12.4974937368173
4.818,12.5254628583359
4.819,12.553312677945
4.82,12.581041816694
4.821,12.6086488924076
4.822,12.6361325197578
4.823,12.6634913103384
4.824,12.6907238727401
4.825,12.7178288126284
4.826,12.7448047328216
4.827,12.7716502333724
4.828,12.7983639116492
4.829,12.8249443624209
4.83,12.8513901779419
4.831,12.8776999480399
4.832,12.9038722602048
4.833,12.9299056996796
4.834,12.9557988495528
4.835,12.9815502908534
4.836,13.0071586026459
4.837,13.0326223621295
4.838,13.0579401447362
4.839,13.0831105242339
4.84,13.1081320728286
4.841,13.1330033612697
4.842,13.1577229589571
4.843,13.1822894340498
4.844,13.2067013535759
4.845,13.2309572835461
4.846,13.2550557890668
4.847,13.2789954344568
4.848,13.3027747833649
4.849,13.3263923988897
4.85,13.3498468437013
4.851,13.3731366801651
4.852,13.3962604704659
4.853,13.4192167767368
4.854,13.4420041611868
4.855,13.4646211862328
4.856,13.4870664146313
4.857,13.5093384096143
4.858,13.5314357350246
4.859,13.5533569554554
4.86,13.5751006363893
4.861,13.5966653443414
4.862,13.6180496470024
4.863,13.6392521133854
4.864,13.6602713139728
4.865,13.681105820866
4.866,13.7017542079368
4.867,13.7222150509803
4.868,13.7424869278705
4.869,13.7625684187161
4.87,13.7824581060202
4.871,13.80215457484
4.872,13.8216564129488
4.873,13.8409622110006
4.874,13.8600705626957
4.875,13.8789800649473
4.876,13.8976893180515
4.877,13.9161969258583
4.878,13.9345014959436
4.879,13.952601639784
4.88,13.9704959729323
4.881,13.9881831151957
4.882,14.0056616908143
4.883,14.022930328643
4.884,14.0399876623327
4.885,14.0568323305155
4.886,14.0734629769896
4.887,14.0898782509064
4.888,14.1060768069599
4.889,14.1220573055758
4.89,14.1378184131034
4.891,14.1533588020091
4.892,14.1686771510701
4.893,14.1837721455703
4.894,14.1986424774979
4.895,14.2132868457433
4.896,14.2277039562991
4.897,14.2418925224602
4.898,14.2558512650277
4.899,14.2695789125107
4.9,14.2830742013314
4.901,14.2963358760302
4.902,14.3093626894738
4.903,14.3221534030608
4.904,14.3347067869321
4.905,14.3470216201803
4.906,14.3590966910594
4.907,14.3709307971971
4.908,14.3825227458074
4.909,14.3938713539018
4.91,14.4049754485063
4.911,14.4158338668724
4.912,14.4264454566954
4.913,14.4368090763279
4.914,14.4469235949974
4.915,14.4567878930228
4.916,14.4664008620319
4.917,14.4757614051785
4.918,14.4848684373612
4.919,14.4937208854417
4.92,14.5023176884628
4.921,14.5106577978678
4.922,14.5187401777197
4.923,14.5265638049192
4.924,14.5341276694247
4.925,14.5414307744714
4.926,14.5484721367892
4.927,14.5552507868229
4.928,14.5617657689492
4.929,14.5680161416967
4.93,14.5740009779624
4.931,14.57971936523
4.932,14.5851704057874
4.933,14.5903532169422
4.934,14.5952669312383
4.935,14.5999106966715
4.936,14.6042836769035
4.937,14.6083850514763
4.938,14.6122140160248
4.939,14.6157697824888
4.94,14.6190515793248
4.941,14.6220586517146
4.942,14.6247902617753
4.943,14.6272456887671
4.944,14.6294242292984
4.945,14.6313251975321
4.946,14.6329479253891
4.947,14.6342917627498
4.948,14.6353560776549
4.949,14.636140256505
4.95,14.6366437042572
4.951,14.6368658446206
4.952,14.6368061202505
4.953,14.6364639929393
4.954,14.6358389438073
4.955,14.6349304734893
4.956,14.6337381023208
4.957,14.6322613705208
4.958,14.6304998383739
4.959,14.6284530864073
4.96,14.6261207155681
4.961,14.6235023473972
4.962,14.6205976242002
4.963,14.6174062092149
4.964,14.6139277867788
4.965,14.6101620624905
4.966,14.6061087633707
4.967,14.6017676380194
4.968,14.5971384567687
4.969,14.5922210118362
4.97,14.5870151174701
4.971,14.5815206100959
4.972,14.5757373484571
4.973,14.5696652137527
4.974,14.5633041097723
4.975,14.556653963027
4.976,14.5497147228764
4.977,14.5424863616534
4.978,14.5349688747833
4.979,14.5271622809
4.98,14.5190666219597
4.981,14.5106819633484
4.982,14.5020083939864
4.983,14.49304602643
4.984,14.4837949969672
4.985,14.4742554657094
4.986,14.4644276166809
4.987,14.4543116579023
4.988,14.4439078214693
4.989,14.433216363629
4.99,14.4222375648497
4.991,14.410971729888
4.992,14.39941918785
4.993,14.3875802922484
4.994,14.3754554210553
4.995,14.3630449767502
4.996,14.3503493863623
4.997,14.33736910151
4.998,14.3241045984332
4.999,14.310556378023
5,14.2967249658449
