"Freq [GHz]","im(Z(1,1)) []"
1,-81.2117854011999
1.001,-81.1061308688109
1.002,-81.0006679940419
1.003,-80.8953961897344
1.004,-80.7903148710694
1.005,-80.6854234555555
1.006,-80.580721363018
1.007,-80.4762080155867
1.008,-80.3718828376846
1.009,-80.2677452560168
1.01,-80.1637946995591
1.011,-80.0600305995464
1.012,-79.9564523894619
1.013,-79.8530595050261
1.014,-79.7498513841851
1.015,-79.6468274671003
1.016,-79.5439871961373
1.017,-79.4413300158548
1.018,-79.338855372994
1.019,-79.2365627164679
1.02,-79.1344514973508
1.021,-79.0325211688671
1.022,-78.9307711863814
1.023,-78.829201007388
1.024,-78.7278100914997
1.025,-78.6265979004386
1.026,-78.525563898025
1.027,-78.4247075501674
1.028,-78.3240283248523
1.029,-78.2235256921341
1.03,-78.1231991241253
1.031,-78.023048094986
1.032,-77.9230720809144
1.033,-77.8232705601367
1.034,-77.7236430128973
1.035,-77.6241889214491
1.036,-77.5249077700439
1.037,-77.4257990449224
1.038,-77.326862234305
1.039,-77.2280968283819
1.04,-77.1295023193039
1.041,-77.0310782011731
1.042,-76.9328239700327
1.043,-76.8347391238589
1.044,-76.7368231625507
1.045,-76.6390755879208
1.046,-76.5414959036871
1.047,-76.4440836154627
1.048,-76.3468382307475
1.049,-76.2497592589188
1.05,-76.1528462112226
1.051,-76.0560986007645
1.052,-75.9595159425012
1.053,-75.863097753231
1.054,-75.7668435515859
1.055,-75.6707528580222
1.056,-75.5748251948125
1.057,-75.4790600860363
1.058,-75.3834570575722
1.059,-75.288015637089
1.06,-75.1927353540373
1.061,-75.0976157396409
1.062,-75.0026563268891
1.063,-74.9078566505275
1.064,-74.8132162470505
1.065,-74.7187346546926
1.066,-74.6244114134203
1.067,-74.530246064924
1.068,-74.4362381526104
1.069,-74.3423872215934
1.07,-74.2486928186871
1.071,-74.1551544923975
1.072,-74.0617717929143
1.073,-73.9685442721036
1.074,-73.8754714834997
1.075,-73.7825529822974
1.076,-73.6897883253444
1.077,-73.5971770711333
1.078,-73.5047187797945
1.079,-73.4124130130879
1.08,-73.3202593343961
1.081,-73.2282573087163
1.082,-73.1364065026528
1.083,-73.0447064844104
1.084,-72.9531568237858
1.085,-72.8617570921611
1.086,-72.7705068624963
1.087,-72.6794057093218
1.088,-72.5884532087317
1.089,-72.4976489383756
1.09,-72.4069924774529
1.091,-72.3164834067041
1.092,-72.2261213084053
1.093,-72.1359057663597
1.094,-72.0458363658918
1.095,-71.9559126938396
1.096,-71.8661343385481
1.097,-71.7765008898625
1.098,-71.6870119391209
1.099,-71.5976670791481
1.1,-71.5084659042485
1.101,-71.4194080101989
1.102,-71.330492994243
1.103,-71.2417204550836
1.104,-71.1530899928765
1.105,-71.0646012092237
1.106,-70.9762537071674
1.107,-70.8880470911825
1.108,-70.7999809671712
1.109,-70.7120549424556
1.11,-70.6242686257721
1.111,-70.5366216272643
1.112,-70.4491135584773
1.113,-70.361744032351
1.114,-70.2745126632139
1.115,-70.1874190667769
1.116,-70.1004628601271
1.117,-70.0136436617216
1.118,-69.9269610913814
1.119,-69.8404147702853
1.12,-69.7540043209637
1.121,-69.6677293672928
1.122,-69.5815895344883
1.123,-69.4955844490996
1.124,-69.4097137390038
1.125,-69.3239770333999
1.126,-69.2383739628029
1.127,-69.1529041590375
1.128,-69.0675672552332
1.129,-68.9823628858175
1.13,-68.8972906865109
1.131,-68.8123502943207
1.132,-68.7275413475356
1.133,-68.64286348572
1.134,-68.5583163497081
1.135,-68.4738995815985
1.136,-68.3896128247486
1.137,-68.3054557237693
1.138,-68.221427924519
1.139,-68.1375290740983
1.14,-68.0537588208446
1.141,-67.9701168143269
1.142,-67.8866027053399
1.143,-67.8032161458988
1.144,-67.7199567892344
1.145,-67.6368242897869
1.146,-67.5538183032015
1.147,-67.4709384863226
1.148,-67.3881844971887
1.149,-67.3055559950273
1.15,-67.2230526402495
1.151,-67.140674094445
1.152,-67.058420020377
1.153,-66.976290081977
1.154,-66.8942839443398
1.155,-66.8124012737182
1.156,-66.7306417375185
1.157,-66.6490050042951
1.158,-66.5674907437455
1.159,-66.4860986267055
1.16,-66.4048283251444
1.161,-66.3236795121598
1.162,-66.2426518619731
1.163,-66.1617450499241
1.164,-66.0809587524671
1.165,-66.0002926471649
1.166,-65.9197464126851
1.167,-65.8393197287949
1.168,-65.7590122763561
1.169,-65.678823737321
1.17,-65.5987537947273
1.171,-65.5188021326938
1.172,-65.4389684364152
1.173,-65.3592523921581
1.174,-65.2796536872563
1.175,-65.2001720101057
1.176,-65.1208070501608
1.177,-65.0415584979291
1.178,-64.9624260449672
1.179,-64.8834093838764
1.18,-64.804508208298
1.181,-64.7257222129091
1.182,-64.6470510934179
1.183,-64.5684945465597
1.184,-64.4900522700922
1.185,-64.4117239627916
1.186,-64.3335093244476
1.187,-64.2554080558601
1.188,-64.177419858834
1.189,-64.0995444361754
1.19,-64.0217814916874
1.191,-63.944130730166
1.192,-63.8665918573953
1.193,-63.7891645801441
1.194,-63.7118486061614
1.195,-63.6346436441725
1.196,-63.5575494038745
1.197,-63.4805655959324
1.198,-63.4036919319755
1.199,-63.3269281245926
1.2,-63.2502738873286
1.201,-63.1737289346802
1.202,-63.097292982092
1.203,-63.0209657459525
1.204,-62.9447469435904
1.205,-62.8686362932702
1.206,-62.7926335141888
1.207,-62.7167383264715
1.208,-62.6409504511679
1.209,-62.5652696102482
1.21,-62.4896955265997
1.211,-62.4142279240224
1.212,-62.3388665272257
1.213,-62.2636110618244
1.214,-62.1884612543351
1.215,-62.1134168321723
1.216,-62.0384775236449
1.217,-61.9636430579525
1.218,-61.8889131651812
1.219,-61.814287576301
1.22,-61.739766023161
1.221,-61.6653482384867
1.222,-61.5910339558758
1.223,-61.5168229097949
1.224,-61.4427148355762
1.225,-61.3687094694131
1.226,-61.2948065483576
1.227,-61.2210058103163
1.228,-61.147306994047
1.229,-61.0737098391551
1.23,-61.0002140860905
1.231,-60.9268194761438
1.232,-60.853525751443
1.233,-60.78033265495
1.234,-60.7072399304574
1.235,-60.6342473225851
1.236,-60.5613545767765
1.237,-60.488561439296
1.238,-60.4158676572247
1.239,-60.3432729784578
1.24,-60.2707771517012
1.241,-60.1983799264678
1.242,-60.1260810530747
1.243,-60.0538802826396
1.244,-59.981777367078
1.245,-59.9097720590995
1.246,-59.8378641122049
1.247,-59.7660532806829
1.248,-59.694339319607
1.249,-59.6227219848322
1.25,-59.5512010329921
1.251,-59.4797762214956
1.252,-59.4084473085236
1.253,-59.3372140530265
1.254,-59.2660762147205
1.255,-59.1950335540847
1.256,-59.1240858323583
1.257,-59.0532328115372
1.258,-58.9824742543715
1.259,-58.9118099243617
1.26,-58.8412395857564
1.261,-58.7707630035492
1.262,-58.7003799434752
1.263,-58.6300901720089
1.264,-58.5598934563604
1.265,-58.4897895644733
1.266,-58.4197782650211
1.267,-58.3498593274046
1.268,-58.280032521749
1.269,-58.2102976189012
1.27,-58.1406543904266
1.271,-58.0711026086064
1.272,-58.001642046435
1.273,-57.9322724776166
1.274,-57.8629936765633
1.275,-57.7938054183913
1.276,-57.7247074789188
1.277,-57.6556996346632
1.278,-57.5867816628381
1.279,-57.5179533413503
1.28,-57.4492144487981
1.281,-57.3805647644674
1.282,-57.3120040683296
1.283,-57.2435321410391
1.284,-57.17514876393
1.285,-57.106853719014
1.286,-57.0386467889776
1.287,-56.9705277571792
1.288,-56.9024964076468
1.289,-56.8345525250754
1.29,-56.766695894824
1.291,-56.6989263029134
1.292,-56.6312435360236
1.293,-56.563647381491
1.294,-56.496137627306
1.295,-56.4287140621105
1.296,-56.3613764751953
1.297,-56.2941246564975
1.298,-56.2269583965982
1.299,-56.1598774867199
1.3,-56.092881718724
1.301,-56.0259708851081
1.302,-55.9591447790042
1.303,-55.8924031941755
1.304,-55.8257459250144
1.305,-55.7591727665399
1.306,-55.6926835143954
1.307,-55.626277964846
1.308,-55.5599559147763
1.309,-55.4937171616879
1.31,-55.4275615036973
1.311,-55.361488739533
1.312,-55.2954986685337
1.313,-55.2295910906458
1.314,-55.1637658064208
1.315,-55.0980226170134
1.316,-55.0323613241788
1.317,-54.9667817302709
1.318,-54.9012836382392
1.319,-54.8358668516276
1.32,-54.7705311745711
1.321,-54.7052764117942
1.322,-54.6401023686085
1.323,-54.5750088509103
1.324,-54.5099956651787
1.325,-54.4450626184728
1.326,-54.3802095184304
1.327,-54.3154361732648
1.328,-54.2507423917634
1.329,-54.186127983285
1.33,-54.1215927577581
1.331,-54.0571365256783
1.332,-53.9927590981065
1.333,-53.9284602866665
1.334,-53.8642399035429
1.335,-53.8000977614794
1.336,-53.736033673776
1.337,-53.6720474542874
1.338,-53.6081389174209
1.339,-53.544307878134
1.34,-53.4805541519326
1.341,-53.4168775548688
1.342,-53.3532779035392
1.343,-53.289755015082
1.344,-53.2263087071762
1.345,-53.1629387980383
1.346,-53.0996451064213
1.347,-53.0364274516121
1.348,-52.9732856534296
1.349,-52.9102195322231
1.35,-52.8472289088697
1.351,-52.7843136047729
1.352,-52.72147344186
1.353,-52.658708242581
1.354,-52.5960178299059
1.355,-52.533402027323
1.356,-52.4708606588372
1.357,-52.4083935489677
1.358,-52.3460005227464
1.359,-52.2836814057158
1.36,-52.2214360239273
1.361,-52.1592642039392
1.362,-52.0971657728145
1.363,-52.0351405581199
1.364,-51.9731883879227
1.365,-51.9113090907903
1.366,-51.8495024957874
1.367,-51.7877684324742
1.368,-51.7261067309052
1.369,-51.6645172216269
1.37,-51.6029997356759
1.371,-51.5415541045776
1.372,-51.4801801603437
1.373,-51.4188777354711
1.374,-51.3576466629397
1.375,-51.2964867762106
1.376,-51.2353979092248
1.377,-51.1743798964008
1.378,-51.1134325726332
1.379,-51.052555773291
1.38,-50.9917493342158
1.381,-50.93101309172
1.382,-50.8703468825851
1.383,-50.8097505440601
1.384,-50.7492239138595
1.385,-50.6887668301621
1.386,-50.6283791316088
1.387,-50.5680606573012
1.388,-50.5078112467999
1.389,-50.4476307401228
1.39,-50.3875189777432
1.391,-50.3274758005886
1.392,-50.2675010500388
1.393,-50.2075945679242
1.394,-50.1477561965243
1.395,-50.0879857785659
1.396,-50.0282831572218
1.397,-49.9686481761088
1.398,-49.9090806792862
1.399,-49.8495805112547
1.4,-49.7901475169539
1.401,-49.7307815417615
1.402,-49.6714824314912
1.403,-49.6122500323915
1.404,-49.553084191144
1.405,-49.4939847548617
1.406,-49.4349515710876
1.407,-49.3759844877933
1.408,-49.3170833533769
1.409,-49.2582480166622
1.41,-49.1994783268967
1.411,-49.1407741337502
1.412,-49.0821352873133
1.413,-49.0235616380959
1.414,-48.9650530370257
1.415,-48.9066093354465
1.416,-48.8482303851172
1.417,-48.7899160382098
1.418,-48.7316661473082
1.419,-48.6734805654067
1.42,-48.6153591459086
1.421,-48.5573017426244
1.422,-48.4993082097709
1.423,-48.4413784019692
1.424,-48.3835121742437
1.425,-48.3257093820204
1.426,-48.2679698811256
1.427,-48.2102935277845
1.428,-48.1526801786194
1.429,-48.0951296906492
1.43,-48.0376419212869
1.431,-47.9802167283389
1.432,-47.9228539700035
1.433,-47.8655535048693
1.434,-47.8083151919141
1.435,-47.7511388905032
1.436,-47.6940244603885
1.437,-47.6369717617066
1.438,-47.5799806549778
1.439,-47.5230510011048
1.44,-47.4661826613708
1.441,-47.409375497439
1.442,-47.3526293713505
1.443,-47.2959441455236
1.444,-47.239319682752
1.445,-47.1827558462036
1.446,-47.1262524994194
1.447,-47.069809506312
1.448,-47.0134267311643
1.449,-46.9571040386282
1.45,-46.9008412937234
1.451,-46.8446383618362
1.452,-46.7884951087179
1.453,-46.7324114004838
1.454,-46.6763871036117
1.455,-46.6204220849411
1.456,-46.5645162116712
1.457,-46.5086693513604
1.458,-46.4528813719247
1.459,-46.3971521416361
1.46,-46.3414815291223
1.461,-46.2858694033643
1.462,-46.2303156336963
1.463,-46.1748200898036
1.464,-46.1193826417219
1.465,-46.0640031598358
1.466,-46.0086815148778
1.467,-45.9534175779269
1.468,-45.8982112204077
1.469,-45.8430623140888
1.47,-45.7879707310819
1.471,-45.7329363438405
1.472,-45.6779590251588
1.473,-45.6230386481705
1.474,-45.5681750863475
1.475,-45.5133682134991
1.476,-45.4586179037702
1.477,-45.4039240316408
1.478,-45.3492864719247
1.479,-45.2947050997678
1.48,-45.2401797906478
1.481,-45.1857104203724
1.482,-45.1312968650785
1.483,-45.0769390012311
1.484,-45.022636705622
1.485,-44.9683898553686
1.486,-44.914198327913
1.487,-44.8600620010212
1.488,-44.805980752781
1.489,-44.7519544616019
1.49,-44.6979830062136
1.491,-44.6440662656648
1.492,-44.5902041193223
1.493,-44.53639644687
1.494,-44.4826431283074
1.495,-44.4289440439491
1.496,-44.3752990744231
1.497,-44.3217081006704
1.498,-44.2681710039434
1.499,-44.2146876658051
1.5,-44.161257968128
1.501,-44.107881793093
1.502,-44.0545590231884
1.503,-44.0012895412091
1.504,-43.9480732302548
1.505,-43.89490997373
1.506,-43.8417996553423
1.507,-43.7887421591013
1.508,-43.7357373693181
1.509,-43.6827851706039
1.51,-43.6298854478691
1.511,-43.5770380863221
1.512,-43.5242429714688
1.513,-43.471499989111
1.514,-43.4188090253457
1.515,-43.3661699665643
1.516,-43.3135826994512
1.517,-43.2610471109829
1.518,-43.2085630884273
1.519,-43.1561305193427
1.52,-43.1037492915762
1.521,-43.0514192932637
1.522,-42.9991404128282
1.523,-42.9469125389789
1.524,-42.8947355607109
1.525,-42.8426093673033
1.526,-42.790533848319
1.527,-42.7385088936033
1.528,-42.6865343932832
1.529,-42.6346102377664
1.53,-42.5827363177403
1.531,-42.5309125241711
1.532,-42.479138748303
1.533,-42.427414881657
1.534,-42.3757408160303
1.535,-42.324116443495
1.536,-42.2725416563977
1.537,-42.221016347358
1.538,-42.1695404092682
1.539,-42.1181137352918
1.54,-42.0667362188631
1.541,-42.015407753686
1.542,-41.9641282337331
1.543,-41.912897553245
1.544,-41.8617156067294
1.545,-41.81058228896
1.546,-41.7594974949758
1.547,-41.7084611200803
1.548,-41.6574730598404
1.549,-41.6065332100855
1.55,-41.555641466907
1.551,-41.5047977266571
1.552,-41.4540018859481
1.553,-41.4032538416515
1.554,-41.3525534908971
1.555,-41.3019007310722
1.556,-41.2512954598208
1.557,-41.2007375750426
1.558,-41.1502269748923
1.559,-41.0997635577788
1.56,-41.0493472223643
1.561,-40.9989778675633
1.562,-40.9486553925422
1.563,-40.8983796967179
1.564,-40.8481506797575
1.565,-40.7979682415773
1.566,-40.7478322823418
1.567,-40.6977427024632
1.568,-40.6476994026003
1.569,-40.597702283658
1.57,-40.5477512467863
1.571,-40.4978461933794
1.572,-40.447987025075
1.573,-40.3981736437539
1.574,-40.3484059515385
1.575,-40.2986838507925
1.576,-40.24900724412
1.577,-40.1993760343647
1.578,-40.1497901246091
1.579,-40.1002494181737
1.58,-40.0507538186164
1.581,-40.0013032297315
1.582,-39.9518975555492
1.583,-39.9025367003344
1.584,-39.8532205685865
1.585,-39.8039490650382
1.586,-39.7547220946549
1.587,-39.7055395626341
1.588,-39.6564013744044
1.589,-39.6073074356248
1.59,-39.5582576521841
1.591,-39.5092519302001
1.592,-39.4602901760188
1.593,-39.4113722962136
1.594,-39.3624981975848
1.595,-39.3136677871587
1.596,-39.2648809721868
1.597,-39.2161376601455
1.598,-39.1674377587347
1.599,-39.1187811758776
1.6,-39.0701678197199
1.601,-39.0215975986289
1.602,-38.9730704211929
1.603,-38.9245861962206
1.604,-38.8761448327401
1.605,-38.8277462399987
1.606,-38.7793903274617
1.607,-38.7310770048117
1.608,-38.6828061819484
1.609,-38.6345777689876
1.61,-38.5863916762602
1.611,-38.538247814312
1.612,-38.4901460939031
1.613,-38.4420864260065
1.614,-38.3940687218081
1.615,-38.3460928927059
1.616,-38.298158850309
1.617,-38.2502665064372
1.618,-38.2024157731205
1.619,-38.1546065625979
1.62,-38.1068387873173
1.621,-38.0591123599344
1.622,-38.0114271933124
1.623,-37.9637832005209
1.624,-37.9161802948358
1.625,-37.8686183897381
1.626,-37.8210973989139
1.627,-37.7736172362528
1.628,-37.7261778158484
1.629,-37.6787790519966
1.63,-37.6314208591956
1.631,-37.5841031521452
1.632,-37.5368258457459
1.633,-37.4895888550985
1.634,-37.4423920955034
1.635,-37.3952354824598
1.636,-37.3481189316654
1.637,-37.3010423590157
1.638,-37.2540056806028
1.639,-37.207008812716
1.64,-37.1600516718398
1.641,-37.1131341746541
1.642,-37.0662562380338
1.643,-37.0194177790472
1.644,-36.9726187149563
1.645,-36.9258589632161
1.646,-36.8791384414734
1.647,-36.8324570675666
1.648,-36.7858147595254
1.649,-36.7392114355697
1.65,-36.692647014109
1.651,-36.6461214137423
1.652,-36.599634553257
1.653,-36.5531863516286
1.654,-36.50677672802
1.655,-36.4604056017808
1.656,-36.4140728924472
1.657,-36.3677785197407
1.658,-36.321522403568
1.659,-36.2753044640205
1.66,-36.2291246213732
1.661,-36.1829827960849
1.662,-36.1368789087967
1.663,-36.0908128803323
1.664,-36.044784631697
1.665,-35.998794084077
1.666,-35.9528411588392
1.667,-35.9069257775305
1.668,-35.861047861877
1.669,-35.815207333784
1.67,-35.7694041153348
1.671,-35.7236381287904
1.672,-35.6779092965894
1.673,-35.6322175413466
1.674,-35.5865627858531
1.675,-35.5409449530757
1.676,-35.4953639661559
1.677,-35.4498197484098
1.678,-35.4043122233276
1.679,-35.3588413145726
1.68,-35.3134069459813
1.681,-35.2680090415621
1.682,-35.2226475254955
1.683,-35.1773223221333
1.684,-35.1320333559978
1.685,-35.0867805517817
1.686,-35.0415638343473
1.687,-34.996383128726
1.688,-34.9512383601181
1.689,-34.9061294538916
1.69,-34.8610563355825
1.691,-34.8160189308937
1.692,-34.7710171656947
1.693,-34.7260509660212
1.694,-34.6811202580742
1.695,-34.6362249682199
1.696,-34.591365022989
1.697,-34.5465403490764
1.698,-34.5017508733403
1.699,-34.456996522802
1.7,-34.4122772246455
1.701,-34.3675929062166
1.702,-34.3229434950228
1.703,-34.2783289187326
1.704,-34.233749105175
1.705,-34.1892039823391
1.706,-34.1446934783737
1.707,-34.1002175215865
1.708,-34.055776040444
1.709,-34.0113689635705
1.71,-33.9669962197484
1.711,-33.9226577379168
1.712,-33.8783534471718
1.713,-33.8340832767656
1.714,-33.789847156106
1.715,-33.7456450147563
1.716,-33.7014767824344
1.717,-33.6573423890125
1.718,-33.6132417645168
1.719,-33.5691748391268
1.72,-33.5251415431747
1.721,-33.4811418071456
1.722,-33.4371755616761
1.723,-33.3932427375546
1.724,-33.3493432657205
1.725,-33.3054770772639
1.726,-33.2616441034248
1.727,-33.2178442755931
1.728,-33.174077525308
1.729,-33.1303437842572
1.73,-33.086642984277
1.731,-33.0429750573516
1.732,-32.9993399356124
1.733,-32.9557375513381
1.734,-32.9121678369537
1.735,-32.8686307250304
1.736,-32.8251261482853
1.737,-32.7816540395803
1.738,-32.7382143319224
1.739,-32.694806958463
1.74,-32.6514318524972
1.741,-32.6080889474638
1.742,-32.5647781769444
1.743,-32.5214994746636
1.744,-32.4782527744878
1.745,-32.4350380104255
1.746,-32.3918551166264
1.747,-32.3487040273811
1.748,-32.3055846771207
1.749,-32.2624970004165
1.75,-32.2194409319794
1.751,-32.1764164066594
1.752,-32.1334233594455
1.753,-32.0904617254651
1.754,-32.0475314399834
1.755,-32.0046324384035
1.756,-31.9617646562652
1.757,-31.9189280292456
1.758,-31.8761224931577
1.759,-31.8333479839507
1.76,-31.7906044377092
1.761,-31.7478917906531
1.762,-31.7052099791367
1.763,-31.662558939649
1.764,-31.6199386088127
1.765,-31.5773489233839
1.766,-31.5347898202523
1.767,-31.4922612364397
1.768,-31.4497631091008
1.769,-31.4072953755218
1.77,-31.3648579731207
1.771,-31.3224508394466
1.772,-31.2800739121793
1.773,-31.237727129129
1.774,-31.1954104282359
1.775,-31.1531237475698
1.776,-31.1108670253298
1.777,-31.0686401998435
1.778,-31.0264432095675
1.779,-30.9842759930859
1.78,-30.9421384891109
1.781,-30.9000306364817
1.782,-30.8579523741646
1.783,-30.8159036412526
1.784,-30.7738843769644
1.785,-30.7318945206451
1.786,-30.6899340117647
1.787,-30.6480027899187
1.788,-30.606100794827
1.789,-30.5642279663338
1.79,-30.5223842444075
1.791,-30.48056956914
1.792,-30.4387838807462
1.793,-30.3970271195641
1.794,-30.3552992260542
1.795,-30.313600140799
1.796,-30.2719298045028
1.797,-30.2302881579913
1.798,-30.1886751422114
1.799,-30.1470906982306
1.8,-30.1055347672367
1.801,-30.0640072905374
1.802,-30.0225082095604
1.803,-29.9810374658523
1.804,-29.9395950010787
1.805,-29.898180757024
1.806,-29.8567946755906
1.807,-29.8154366987989
1.808,-29.7741067687868
1.809,-29.7328048278094
1.81,-29.6915308182385
1.811,-29.6502846825628
1.812,-29.6090663633868
1.813,-29.5678758034308
1.814,-29.5267129455309
1.815,-29.4855777326381
1.816,-29.4444701078182
1.817,-29.4033900142515
1.818,-29.3623373952326
1.819,-29.3213121941696
1.82,-29.2803143545842
1.821,-29.2393438201115
1.822,-29.1984005344988
1.823,-29.1574844416065
1.824,-29.1165954854068
1.825,-29.0757336099836
1.826,-29.0348987595327
1.827,-28.9940908783606
1.828,-28.9533099108851
1.829,-28.912555801634
1.83,-28.8718284952457
1.831,-28.8311279364684
1.832,-28.7904540701596
1.833,-28.7498068412862
1.834,-28.7091861949241
1.835,-28.6685920762577
1.836,-28.6280244305796
1.837,-28.5874832032904
1.838,-28.5469683398984
1.839,-28.5064797860191
1.84,-28.4660174873753
1.841,-28.4255813897962
1.842,-28.3851714392174
1.843,-28.3447875816809
1.844,-28.304429763334
1.845,-28.26409793043
1.846,-28.223792029327
1.847,-28.1835120064879
1.848,-28.1432578084805
1.849,-28.1030293819765
1.85,-28.0628266737517
1.851,-28.0226496306856
1.852,-27.9824981997609
1.853,-27.9423723280634
1.854,-27.9022719627818
1.855,-27.8621970512068
1.856,-27.8221475407318
1.857,-27.7821233788516
1.858,-27.7421245131629
1.859,-27.7021508913633
1.86,-27.6622024612518
1.861,-27.6222791707276
1.862,-27.5823809677907
1.863,-27.5425078005409
1.864,-27.5026596171779
1.865,-27.462836366001
1.866,-27.4230379954085
1.867,-27.383264453898
1.868,-27.3435156900653
1.869,-27.303791652605
1.87,-27.2640922903094
1.871,-27.2244175520689
1.872,-27.1847673868712
1.873,-27.1451417438014
1.874,-27.1055405720414
1.875,-27.0659638208699
1.876,-27.0264114396619
1.877,-26.9868833778885
1.878,-26.9473795851168
1.879,-26.9079000110092
1.88,-26.8684446053236
1.881,-26.8290133179129
1.882,-26.7896060987246
1.883,-26.7502228978007
1.884,-26.7108636652774
1.885,-26.671528351385
1.886,-26.6322169064472
1.887,-26.5929292808811
1.888,-26.553665425197
1.889,-26.5144252899981
1.89,-26.4752088259799
1.891,-26.4360159839306
1.892,-26.3968467147301
1.893,-26.3577009693503
1.894,-26.3185786988544
1.895,-26.2794798543969
1.896,-26.2404043872236
1.897,-26.2013522486706
1.898,-26.1623233901646
1.899,-26.1233177632227
1.9,-26.0843353194516
1.901,-26.045376010548
1.902,-26.0064397882978
1.903,-25.9675266045762
1.904,-25.9286364113473
1.905,-25.8897691606637
1.906,-25.8509248046667
1.907,-25.8121032955855
1.908,-25.7733045857374
1.909,-25.734528627527
1.91,-25.6957753734467
1.911,-25.6570447760757
1.912,-25.6183367880805
1.913,-25.5796513622137
1.914,-25.5409884513148
1.915,-25.5023480083092
1.916,-25.4637299862082
1.917,-25.4251343381087
1.918,-25.3865610171933
1.919,-25.3480099767294
1.92,-25.3094811700695
1.921,-25.2709745506508
1.922,-25.2324900719948
1.923,-25.1940276877073
1.924,-25.1555873514781
1.925,-25.1171690170806
1.926,-25.0787726383716
1.927,-25.0403981692913
1.928,-25.0020455638629
1.929,-24.9637147761922
1.93,-24.9254057604675
1.931,-24.8871184709597
1.932,-24.8488528620213
1.933,-24.810608888087
1.934,-24.7723865036727
1.935,-24.7341856633761
1.936,-24.6960063218757
1.937,-24.6578484339308
1.938,-24.6197119543816
1.939,-24.5815968381487
1.94,-24.5435030402326
1.941,-24.505430515714
1.942,-24.4673792197534
1.943,-24.4293491075906
1.944,-24.3913401345447
1.945,-24.353352256014
1.946,-24.3153854274755
1.947,-24.2774396044848
1.948,-24.2395147426759
1.949,-24.201610797761
1.95,-24.1637277255301
1.951,-24.1258654818509
1.952,-24.0880240226688
1.953,-24.0502033040062
1.954,-24.0124032819628
1.955,-23.9746239127148
1.956,-23.9368651525151
1.957,-23.8991269576933
1.958,-23.8614092846547
1.959,-23.8237120898808
1.96,-23.7860353299288
1.961,-23.7483789614314
1.962,-23.7107429410965
1.963,-23.6731272257073
1.964,-23.6355317721216
1.965,-23.5979565372721
1.966,-23.5604014781657
1.967,-23.5228665518838
1.968,-23.4853517155815
1.969,-23.4478569264881
1.97,-23.410382141906
1.971,-23.3729273192115
1.972,-23.3354924158536
1.973,-23.2980773893547
1.974,-23.2606821973096
1.975,-23.2233067973858
1.976,-23.1859511473233
1.977,-23.1486152049339
1.978,-23.1112989281017
1.979,-23.0740022747821
1.98,-23.0367252030024
1.981,-22.9994676708611
1.982,-22.9622296365277
1.983,-22.9250110582427
1.984,-22.8878118943174
1.985,-22.8506321031334
1.986,-22.8134716431428
1.987,-22.7763304728677
1.988,-22.7392085509002
1.989,-22.7021058359019
1.99,-22.6650222866041
1.991,-22.6279578618073
1.992,-22.5909125203813
1.993,-22.5538862212645
1.994,-22.5168789234643
1.995,-22.4798905860565
1.996,-22.4429211681852
1.997,-22.4059706290627
1.998,-22.3690389279692
1.999,-22.3321260242526
2,-22.2952318773285
2.001,-22.2583564466796
2.002,-22.221499691856
2.003,-22.1846615724747
2.004,-22.1478420482194
2.005,-22.1110410788405
2.006,-22.0742586241548
2.007,-22.0374946440452
2.008,-22.0007490984607
2.009,-21.9640219474161
2.01,-21.927313150992
2.011,-21.8906226693342
2.012,-21.8539504626539
2.013,-21.8172964912274
2.014,-21.780660715396
2.015,-21.7440430955654
2.016,-21.7074435922061
2.017,-21.6708621658529
2.018,-21.6342987771048
2.019,-21.5977533866245
2.02,-21.5612259551389
2.021,-21.5247164434382
2.022,-21.4882248123762
2.023,-21.4517510228698
2.024,-21.4152950358992
2.025,-21.3788568125073
2.026,-21.3424363137997
2.027,-21.3060335009446
2.028,-21.2696483351726
2.029,-21.2332807777764
2.03,-21.1969307901106
2.031,-21.1605983335919
2.032,-21.1242833696983
2.033,-21.0879858599695
2.034,-21.0517057660064
2.035,-21.0154430494711
2.036,-20.9791976720864
2.037,-20.9429695956361
2.038,-20.9067587819646
2.039,-20.8705651929765
2.04,-20.8343887906369
2.041,-20.7982295369708
2.042,-20.7620873940631
2.043,-20.7259623240584
2.044,-20.6898542891611
2.045,-20.6537632516348
2.046,-20.6176891738022
2.047,-20.5816320180452
2.048,-20.5455917468046
2.049,-20.5095683225798
2.05,-20.4735617079288
2.051,-20.437571865468
2.052,-20.4015987578719
2.053,-20.3656423478732
2.054,-20.3297025982623
2.055,-20.2937794718873
2.056,-20.2578729316541
2.057,-20.2219829405256
2.058,-20.1861094615222
2.059,-20.1502524577212
2.06,-20.1144118922567
2.061,-20.0785877283199
2.062,-20.042779929158
2.063,-20.0069884580751
2.064,-19.9712132784311
2.065,-19.9354543536423
2.066,-19.8997116471807
2.067,-19.8639851225742
2.068,-19.8282747434061
2.069,-19.7925804733152
2.07,-19.7569022759958
2.071,-19.7212401151968
2.072,-19.6855939547226
2.073,-19.649963758432
2.074,-19.6143494902385
2.075,-19.5787511141102
2.076,-19.5431685940695
2.077,-19.5076018941928
2.078,-19.4720509786107
2.079,-19.4365158115074
2.08,-19.4009963571211
2.081,-19.3654925797433
2.082,-19.3300044437189
2.083,-19.2945319134462
2.084,-19.2590749533765
2.085,-19.2236335280138
2.086,-19.1882076019152
2.087,-19.1527971396901
2.088,-19.1174021060007
2.089,-19.0820224655612
2.09,-19.0466581831382
2.091,-19.0113092235502
2.092,-18.9759755516674
2.093,-18.9406571324119
2.094,-18.9053539307575
2.095,-18.870065911729
2.096,-18.8347930404028
2.097,-18.7995352819063
2.098,-18.7642926014178
2.099,-18.7290649641665
2.1,-18.6938523354322
2.101,-18.6586546805453
2.102,-18.6234719648865
2.103,-18.5883041538868
2.104,-18.553151213027
2.105,-18.5180131078383
2.106,-18.4828898039014
2.107,-18.4477812668466
2.108,-18.4126874623539
2.109,-18.3776083561524
2.11,-18.3425439140207
2.111,-18.3074941017862
2.112,-18.2724588853254
2.113,-18.2374382305635
2.114,-18.2024321034744
2.115,-18.1674404700804
2.116,-18.1324632964522
2.117,-18.0975005487088
2.118,-18.0625521930172
2.119,-18.0276181955922
2.12,-17.9926985226966
2.121,-17.9577931406408
2.122,-17.9229020157826
2.123,-17.8880251145273
2.124,-17.8531624033274
2.125,-17.8183138486825
2.126,-17.7834794171391
2.127,-17.7486590752905
2.128,-17.7138527897769
2.129,-17.6790605272847
2.13,-17.644282254547
2.131,-17.6095179383431
2.132,-17.5747675454983
2.133,-17.5400310428841
2.134,-17.5053083974176
2.135,-17.470599576062
2.136,-17.4359045458257
2.137,-17.4012232737628
2.138,-17.3665557269727
2.139,-17.3319018726
2.14,-17.2972616778342
2.141,-17.2626351099099
2.142,-17.2280221361065
2.143,-17.1934227237478
2.144,-17.1588368402026
2.145,-17.1242644528836
2.146,-17.089705529248
2.147,-17.0551600367972
2.148,-17.0206279430765
2.149,-16.9861092156751
2.15,-16.9516038222258
2.151,-16.9171117304053
2.152,-16.8826329079335
2.153,-16.8481673225738
2.154,-16.8137149421328
2.155,-16.7792757344603
2.156,-16.7448496674488
2.157,-16.7104367090338
2.158,-16.6760368271936
2.159,-16.641649989949
2.16,-16.6072761653631
2.161,-16.5729153215416
2.162,-16.5385674266321
2.163,-16.5042324488247
2.164,-16.4699103563511
2.165,-16.4356011174848
2.166,-16.4013047005413
2.167,-16.3670210738773
2.168,-16.3327502058914
2.169,-16.298492065023
2.17,-16.2642466197532
2.171,-16.2300138386038
2.172,-16.1957936901378
2.173,-16.1615861429588
2.174,-16.1273911657114
2.175,-16.0932087270805
2.176,-16.0590387957916
2.177,-16.0248813406106
2.178,-15.9907363303435
2.179,-15.9566037338364
2.18,-15.9224835199755
2.181,-15.8883756576867
2.182,-15.8542801159357
2.183,-15.8201968637278
2.184,-15.7861258701078
2.185,-15.75206710416
2.186,-15.7180205350078
2.187,-15.6839861318136
2.188,-15.6499638637791
2.189,-15.6159537001448
2.19,-15.58195561019
2.191,-15.5479695632325
2.192,-15.5139955286288
2.193,-15.4800334757738
2.194,-15.4460833741007
2.195,-15.4121451930809
2.196,-15.3782189022237
2.197,-15.3443044710767
2.198,-15.310401869225
2.199,-15.2765110662917
2.2,-15.2426320319372
2.201,-15.2087647358598
2.202,-15.1749091477947
2.203,-15.1410652375149
2.204,-15.1072329748299
2.205,-15.0734123295869
2.206,-15.0396032716696
2.207,-15.0058057709985
2.208,-14.9720197975311
2.209,-14.9382453212611
2.21,-14.9044823122189
2.211,-14.8707307404713
2.212,-14.8369905761211
2.213,-14.8032617893075
2.214,-14.7695443502054
2.215,-14.7358382290259
2.216,-14.7021433960156
2.217,-14.6684598214572
2.218,-14.6347874756686
2.219,-14.6011263290031
2.22,-14.5674763518498
2.221,-14.5338375146326
2.222,-14.5002097878106
2.223,-14.4665931418781
2.224,-14.4329875473642
2.225,-14.3993929748327
2.226,-14.3658093948823
2.227,-14.332236778146
2.228,-14.2986750952915
2.229,-14.2651243170208
2.23,-14.2315844140702
2.231,-14.1980553572099
2.232,-14.1645371172444
2.233,-14.1310296650121
2.234,-14.0975329713851
2.235,-14.0640470072693
2.236,-14.0305717436042
2.237,-13.9971071513627
2.238,-13.9636532015512
2.239,-13.9302098652094
2.24,-13.8967771134102
2.241,-13.8633549172594
2.242,-13.829943247896
2.243,-13.7965420764916
2.244,-13.7631513742509
2.245,-13.729771112411
2.246,-13.6964012622415
2.247,-13.6630417950448
2.248,-13.6296926821552
2.249,-13.5963538949396
2.25,-13.5630254047967
2.251,-13.5297071831575
2.252,-13.4963992014849
2.253,-13.4631014312734
2.254,-13.4298138440495
2.255,-13.3965364113712
2.256,-13.363269104828
2.257,-13.3300118960408
2.258,-13.2967647566617
2.259,-13.2635276583744
2.26,-13.2303005728933
2.261,-13.197083471964
2.262,-13.1638763273629
2.263,-13.1306791108973
2.264,-13.0974917944053
2.265,-13.0643143497553
2.266,-13.0311467488464
2.267,-12.9979889636081
2.268,-12.9648409660002
2.269,-12.9317027280127
2.27,-12.8985742216657
2.271,-12.8654554190092
2.272,-12.8323462921232
2.273,-12.7992468131175
2.274,-12.7661569541317
2.275,-12.7330766873348
2.276,-12.7000059849254
2.277,-12.6669448191317
2.278,-12.6338931622109
2.279,-12.6008509864495
2.28,-12.5678182641634
2.281,-12.5347949676971
2.282,-12.5017810694243
2.283,-12.4687765417475
2.284,-12.4357813570977
2.285,-12.4027954879349
2.286,-12.3698189067473
2.287,-12.3368515860519
2.288,-12.3038934983936
2.289,-12.2709446163458
2.29,-12.2380049125102
2.291,-12.2050743595163
2.292,-12.1721529300216
2.293,-12.1392405967116
2.294,-12.1063373322994
2.295,-12.073443109526
2.296,-12.0405579011597
2.297,-12.0076816799965
2.298,-11.9748144188598
2.299,-11.9419560906001
2.3,-11.9091066680953
2.301,-11.8762661242504
2.302,-11.8434344319973
2.303,-11.810611564295
2.304,-11.7777974941291
2.305,-11.7449921945121
2.306,-11.7121956384832
2.307,-11.6794077991079
2.308,-11.6466286494785
2.309,-11.6138581627134
2.31,-11.5810963119574
2.311,-11.5483430703815
2.312,-11.5155984111828
2.313,-11.4828623075842
2.314,-11.4501347328348
2.315,-11.4174156602093
2.316,-11.3847050630083
2.317,-11.3520029145579
2.318,-11.3193091882099
2.319,-11.2866238573414
2.32,-11.2539468953549
2.321,-11.2212782756782
2.322,-11.1886179717643
2.323,-11.1559659570914
2.324,-11.1233222051624
2.325,-11.0906866895055
2.326,-11.0580593836734
2.327,-11.0254402612437
2.328,-10.9928292958187
2.329,-10.9602264610251
2.33,-10.9276317305142
2.331,-10.8950450779616
2.332,-10.8624664770673
2.333,-10.8298959015554
2.334,-10.7973333251742
2.335,-10.7647787216959
2.336,-10.7322320649168
2.337,-10.699693328657
2.338,-10.6671624867604
2.339,-10.6346395130944
2.34,-10.6021243815502
2.341,-10.5696170660425
2.342,-10.5371175405093
2.343,-10.5046257789119
2.344,-10.4721417552351
2.345,-10.4396654434865
2.346,-10.4071968176972
2.347,-10.3747358519208
2.348,-10.3422825202343
2.349,-10.3098367967371
2.35,-10.2773986555516
2.351,-10.2449680708226
2.352,-10.2125450167177
2.353,-10.180129467427
2.354,-10.1477213971626
2.355,-10.1153207801594
2.356,-10.0829275906741
2.357,-10.0505418029859
2.358,-10.0181633913957
2.359,-9.98579233022668
2.36,-9.95342859382367
2.361,-9.92107215655342
2.362,-9.88872299280435
2.363,-9.85638107698651
2.364,-9.82404638353148
2.365,-9.79171888689239
2.366,-9.75939856154363
2.367,-9.72708538198094
2.368,-9.69477932272128
2.369,-9.66248035830274
2.37,-9.63018846328442
2.371,-9.59790361224644
2.372,-9.56562577978974
2.373,-9.53335494053612
2.374,-9.50109106912807
2.375,-9.46883414022867
2.376,-9.43658412852163
2.377,-9.40434100871106
2.378,-9.37210475552154
2.379,-9.33987534369783
2.38,-9.30765274800509
2.381,-9.27543694322847
2.382,-9.24322790417324
2.383,-9.21102560566467
2.384,-9.17883002254792
2.385,-9.14664112968796
2.386,-9.11445890196946
2.387,-9.08228331429684
2.388,-9.05011434159403
2.389,-9.01795195880447
2.39,-8.98579614089106
2.391,-8.95364686283591
2.392,-8.92150409964058
2.393,-8.88936782632562
2.394,-8.85723801793082
2.395,-8.82511464951492
2.396,-8.79299769615558
2.397,-8.76088713294935
2.398,-8.72878293501158
2.399,-8.6966850774763
2.4,-8.66459353549613
2.401,-8.63250828424225
2.402,-8.60042929890438
2.403,-8.56835655469047
2.404,-8.53629002682692
2.405,-8.50422969055826
2.406,-8.47217552114729
2.407,-8.44012749387472
2.408,-8.40808558403939
2.409,-8.37604976695797
2.41,-8.34402001796503
2.411,-8.31199631241284
2.412,-8.27997862567141
2.413,-8.24796693312829
2.414,-8.21596121018864
2.415,-8.18396143227495
2.416,-8.1519675748272
2.417,-8.11997961330264
2.418,-8.08799752317566
2.419,-8.0560212799379
2.42,-8.024050859098
2.421,-7.99208623618154
2.422,-7.96012738673119
2.423,-7.92817428630624
2.424,-7.89622691048285
2.425,-7.8642852348539
2.426,-7.83234923502875
2.427,-7.80041888663341
2.428,-7.7684941653103
2.429,-7.7365750467182
2.43,-7.70466150653219
2.431,-7.67275352044366
2.432,-7.64085106415999
2.433,-7.60895411340478
2.434,-7.57706264391761
2.435,-7.54517663145395
2.436,-7.51329605178508
2.437,-7.48142088069812
2.438,-7.44955109399594
2.439,-7.41768666749688
2.44,-7.38582757703493
2.441,-7.35397379845962
2.442,-7.32212530763571
2.443,-7.2902820804434
2.444,-7.25844409277822
2.445,-7.22661132055067
2.446,-7.1947837396865
2.447,-7.16296132612653
2.448,-7.13114405582636
2.449,-7.09933190475661
2.45,-7.06752484890271
2.451,-7.03572286426477
2.452,-7.00392592685756
2.453,-6.97213401271048
2.454,-6.9403470978674
2.455,-6.90856515838671
2.456,-6.87678817034103
2.457,-6.84501610981741
2.458,-6.81324895291703
2.459,-6.78148667575531
2.46,-6.74972925446165
2.461,-6.71797666517947
2.462,-6.68622888406617
2.463,-6.65448588729301
2.464,-6.62274765104495
2.465,-6.59101415152075
2.466,-6.55928536493278
2.467,-6.52756126750694
2.468,-6.49584183548269
2.469,-6.4641270451129
2.47,-6.43241687266373
2.471,-6.40071129441471
2.472,-6.36901028665846
2.473,-6.33731382570089
2.474,-6.30562188786083
2.475,-6.2739344494702
2.476,-6.24225148687378
2.477,-6.21057297642925
2.478,-6.17889889450703
2.479,-6.14722921749021
2.48,-6.11556392177465
2.481,-6.08390298376861
2.482,-6.05224637989295
2.483,-6.02059408658094
2.484,-5.98894608027813
2.485,-5.95730233744246
2.486,-5.925662834544
2.487,-5.89402754806497
2.488,-5.8623964544997
2.489,-5.83076953035443
2.49,-5.79914675214743
2.491,-5.76752809640879
2.492,-5.73591353968033
2.493,-5.70430305851569
2.494,-5.67269662948006
2.495,-5.64109422915024
2.496,-5.60949583411456
2.497,-5.57790142097275
2.498,-5.54631096633594
2.499,-5.51472444682654
2.5,-5.48314183907816
2.501,-5.45156311973562
2.502,-5.41998826545479
2.503,-5.38841725290252
2.504,-5.35685005875673
2.505,-5.3252866597061
2.506,-5.29372703245013
2.507,-5.26217115369916
2.508,-5.23061900017409
2.509,-5.19907054860644
2.51,-5.16752577573833
2.511,-5.13598465832227
2.512,-5.10444717312118
2.513,-5.07291329690836
2.514,-5.04138300646732
2.515,-5.00985627859171
2.516,-4.9783330900854
2.517,-4.94681341776224
2.518,-4.91529723844608
2.519,-4.8837845289707
2.52,-4.85227526617969
2.521,-4.82076942692644
2.522,-4.78926698807408
2.523,-4.75776792649531
2.524,-4.72627221907244
2.525,-4.69477984269727
2.526,-4.6632907742711
2.527,-4.63180499070445
2.528,-4.6003224689173
2.529,-4.56884318583877
2.53,-4.53736711840716
2.531,-4.50589424356985
2.532,-4.47442453828334
2.533,-4.44295797951293
2.534,-4.41149454423296
2.535,-4.38003420942654
2.536,-4.34857695208545
2.537,-4.31712274921031
2.538,-4.28567157781028
2.539,-4.25422341490309
2.54,-4.22277823751493
2.541,-4.19133602268047
2.542,-4.15989674744267
2.543,-4.12846038885281
2.544,-4.09702692397038
2.545,-4.06559632986301
2.546,-4.03416858360648
2.547,-4.00274366228446
2.548,-3.97132154298867
2.549,-3.93990220281871
2.55,-3.90848561888195
2.551,-3.87707176829352
2.552,-3.84566062817629
2.553,-3.81425217566064
2.554,-3.78284638788462
2.555,-3.75144324199367
2.556,-3.72004271514067
2.557,-3.68864478448591
2.558,-3.65724942719687
2.559,-3.62585662044828
2.56,-3.59446634142202
2.561,-3.56307856730716
2.562,-3.5316932752996
2.563,-3.5003104426023
2.564,-3.46893004642506
2.565,-3.4375520639846
2.566,-3.40617647250427
2.567,-3.37480324921414
2.568,-3.34343237135097
2.569,-3.31206381615798
2.57,-3.28069756088491
2.571,-3.24933358278795
2.572,-3.21797185912964
2.573,-3.1866123671788
2.574,-3.15525508421046
2.575,-3.1238999875058
2.576,-3.09254705435218
2.577,-3.06119626204284
2.578,-3.02984758787714
2.579,-2.99850100916023
2.58,-2.96715650320312
2.581,-2.93581404732261
2.582,-2.90447361884112
2.583,-2.87313519508684
2.584,-2.8417987533934
2.585,-2.81046427109999
2.586,-2.77913172555125
2.587,-2.74780109409714
2.588,-2.71647235409299
2.589,-2.68514548289931
2.59,-2.65382045788186
2.591,-2.62249725641141
2.592,-2.59117585586386
2.593,-2.55985623362011
2.594,-2.52853836706586
2.595,-2.49722223359174
2.596,-2.46590781059321
2.597,-2.43459507547032
2.598,-2.40328400562791
2.599,-2.37197457847531
2.6,-2.34066677142643
2.601,-2.30936056189964
2.602,-2.27805592731768
2.603,-2.24675284510757
2.604,-2.21545129270076
2.605,-2.18415124753272
2.606,-2.15285268704315
2.607,-2.12155558867582
2.608,-2.09025992987844
2.609,-2.05896568810273
2.61,-2.02767284080429
2.611,-1.99638136544248
2.612,-1.96509123948044
2.613,-1.93380244038496
2.614,-1.90251494562653
2.615,-1.87122873267907
2.616,-1.83994377902008
2.617,-1.80866006213045
2.618,-1.77737755949445
2.619,-1.74609624859961
2.62,-1.71481610693674
2.621,-1.68353711199974
2.622,-1.65225924128571
2.623,-1.62098247229469
2.624,-1.58970678252977
2.625,-1.55843214949687
2.626,-1.52715855070483
2.627,-1.49588596366517
2.628,-1.46461436589232
2.629,-1.43334373490308
2.63,-1.4020740482171
2.631,-1.37080528335636
2.632,-1.33953741784539
2.633,-1.30827042921111
2.634,-1.27700429498273
2.635,-1.24573899269177
2.636,-1.21447449987193
2.637,-1.183210794059
2.638,-1.15194785279092
2.639,-1.12068565360757
2.64,-1.08942417405086
2.641,-1.05816339166444
2.642,-1.02690328399389
2.643,-0.99564382858651
2.644,-0.964385002991291
2.645,-0.933126784758793
2.646,-0.901869151441219
2.647,-0.870612080592185
2.648,-0.839355549766806
2.649,-0.80809953652149
2.65,-0.776844018414017
2.651,-0.745588973003343
2.652,-0.714334377849657
2.653,-0.683080210514198
2.654,-0.651826448559272
2.655,-0.620573069548189
2.656,-0.589320051045142
2.657,-0.558067370615167
2.658,-0.526815005824157
2.659,-0.495562934238617
2.66,-0.464311133425809
2.661,-0.43305958095358
2.662,-0.401808254390269
2.663,-0.370557131304675
2.664,-0.339306189266009
2.665,-0.308055405843931
2.666,-0.276804758608165
2.667,-0.245554225128828
2.668,-0.214303782976117
2.669,-0.183053409720274
2.67,-0.151803082931657
2.671,-0.120552780180484
2.672,-0.0893024790369085
2.673,-0.0580521570709115
2.674,-0.0268017918522008
2.675,0.00444863904976553
2.676,0.0356991580659283
2.677,0.0669497876276144
2.678,0.0982005501667204
2.679,0.129451468115653
2.68,0.160702563907434
2.681,0.191953859975788
2.682,0.22320537875519
2.683,0.254457142680909
2.684,0.285709174189144
2.685,0.316961495716957
2.686,0.348214129702485
2.687,0.379467098584909
2.688,0.410720424804553
2.689,0.441974130802898
2.69,0.473228239022745
2.691,0.504482771908224
2.692,0.535737751904818
2.693,0.566993201459458
2.694,0.598249143020657
2.695,0.629505599038431
2.696,0.660762591964523
2.697,0.692020144252334
2.698,0.72327827835705
2.699,0.754537016735728
2.7,0.785796381847296
2.701,0.817056396152676
2.702,0.84831708211482
2.703,0.879578462198717
2.704,0.910840558871663
2.705,0.942103394602992
2.706,0.9733669918645
2.707,1.00463137313024
2.708,1.03589656087671
2.709,1.0671625775829
2.71,1.09842944573034
2.711,1.12969718780314
2.712,1.16096582628818
2.713,1.19223538367498
2.714,1.22350588245591
2.715,1.25477734512623
2.716,1.28604979418411
2.717,1.31732325213073
2.718,1.34859774147032
2.719,1.37987328471026
2.72,1.41114990436109
2.721,1.44242762293668
2.722,1.47370646295408
2.723,1.50498644693391
2.724,1.53626759740012
2.725,1.56754993688019
2.726,1.59883348790526
2.727,1.63011827300999
2.728,1.66140431473286
2.729,1.69269163561606
2.73,1.72398025820564
2.731,1.75527020505159
2.732,1.7865614987078
2.733,1.81785416173229
2.734,1.84914821668704
2.735,1.88044368613835
2.736,1.91174059265667
2.737,1.94303895881671
2.738,1.97433880719764
2.739,2.00564016038296
2.74,2.0369430409607
2.741,2.06824747152343
2.742,2.0995534746684
2.743,2.13086107299747
2.744,2.16217028911725
2.745,2.19348114563925
2.746,2.22479366517976
2.747,2.25610787036009
2.748,2.2874237838065
2.749,2.31874142815038
2.75,2.35006082602824
2.751,2.38138200008182
2.752,2.41270497295805
2.753,2.44402976730933
2.754,2.47535640579332
2.755,2.50668491107327
2.756,2.53801530581794
2.757,2.56934761270161
2.758,2.6006818544043
2.759,2.63201805361175
2.76,2.66335623301551
2.761,2.69469641531297
2.762,2.72603862320743
2.763,2.75738287940821
2.764,2.78872920663072
2.765,2.82007762759646
2.766,2.85142816503311
2.767,2.88278084167466
2.768,2.91413568026132
2.769,2.94549270353985
2.77,2.97685193426335
2.771,3.00821339519142
2.772,3.03957710909035
2.773,3.07094309873305
2.774,3.10231138689909
2.775,3.13368199637489
2.776,3.16505494995371
2.777,3.19643027043573
2.778,3.22780798062812
2.779,3.25918810334508
2.78,3.29057066140795
2.781,3.32195567764525
2.782,3.35334317489276
2.783,3.38473317599355
2.784,3.41612570379818
2.785,3.44752078116447
2.786,3.47891843095796
2.787,3.51031867605165
2.788,3.54172153932621
2.789,3.57312704367011
2.79,3.60453521197951
2.791,3.63594606715847
2.792,3.66735963211897
2.793,3.69877592978094
2.794,3.73019498307245
2.795,3.76161681492959
2.796,3.79304144829671
2.797,3.82446890612642
2.798,3.85589921137958
2.799,3.88733238702554
2.8,3.91876845604205
2.801,3.95020744141537
2.802,3.98164936614043
2.803,4.01309425322073
2.804,4.04454212566858
2.805,4.07599300650507
2.806,4.10744691876004
2.807,4.13890388547248
2.808,4.17036392969022
2.809,4.20182707447016
2.81,4.23329334287842
2.811,4.26476275799031
2.812,4.29623534289032
2.813,4.32771112067237
2.814,4.35919011443979
2.815,4.39067234730541
2.816,4.42215784239143
2.817,4.45364662282992
2.818,4.48513871176246
2.819,4.51663413234042
2.82,4.54813290772504
2.821,4.5796350610874
2.822,4.61114061560854
2.823,4.6426495944795
2.824,4.67416202090153
2.825,4.70567791808591
2.826,4.7371973092542
2.827,4.76872021763834
2.828,4.80024666648052
2.829,4.83177667903341
2.83,4.86331027856023
2.831,4.89484748833475
2.832,4.92638833164142
2.833,4.95793283177531
2.834,4.98948101204243
2.835,5.02103289575949
2.836,5.05258850625426
2.837,5.08414786686542
2.838,5.11571100094272
2.839,5.14727793184711
2.84,5.17884868295069
2.841,5.21042327763686
2.842,5.24200173930037
2.843,5.27358409134734
2.844,5.30517035719545
2.845,5.33676056027385
2.846,5.36835472402342
2.847,5.39995287189664
2.848,5.43155502735783
2.849,5.4631612138831
2.85,5.49477145496051
2.851,5.52638577409005
2.852,5.55800419478381
2.853,5.58962674056597
2.854,5.62125343497293
2.855,5.65288430155333
2.856,5.68451936386812
2.857,5.71615864549076
2.858,5.74780217000705
2.859,5.77944996101544
2.86,5.81110204212695
2.861,5.8427584369653
2.862,5.87441916916697
2.863,5.90608426238133
2.864,5.93775374027055
2.865,5.96942762650989
2.866,6.00110594478756
2.867,6.03278871880498
2.868,6.06447597227671
2.869,6.09616772893059
2.87,6.12786401250779
2.871,6.15956484676292
2.872,6.19127025546404
2.873,6.22298026239278
2.874,6.25469489134441
2.875,6.28641416612789
2.876,6.31813811056593
2.877,6.34986674849514
2.878,6.381600103766
2.879,6.413338200243
2.88,6.44508106180471
2.881,6.47682871234383
2.882,6.50858117576726
2.883,6.54033847599621
2.884,6.5721006369662
2.885,6.60386768262722
2.886,6.6356396369438
2.887,6.66741652389502
2.888,6.69919836747456
2.889,6.73098519169086
2.89,6.7627770205673
2.891,6.79457387814184
2.892,6.82637578846766
2.893,6.85818277561291
2.894,6.8899948636607
2.895,6.92181207670945
2.896,6.95363443887281
2.897,6.98546197427967
2.898,7.01729470707445
2.899,7.04913266141692
2.9,7.08097586148245
2.901,7.11282433146209
2.902,7.14467809556243
2.903,7.17653717800601
2.904,7.20840160303109
2.905,7.24027139489193
2.906,7.27214657785873
2.907,7.30402717621784
2.908,7.33591321427171
2.909,7.36780471633897
2.91,7.39970170675467
2.911,7.43160420987015
2.912,7.46351225005321
2.913,7.49542585168825
2.914,7.52734503917623
2.915,7.55926983693472
2.916,7.59120026939819
2.917,7.62313636101788
2.918,7.65507813626193
2.919,7.68702561961547
2.92,7.71897883558077
2.921,7.75093780867717
2.922,7.78290256344126
2.923,7.81487312442691
2.924,7.84684951620539
2.925,7.87883176336541
2.926,7.91081989051328
2.927,7.9428139222728
2.928,7.97481388328557
2.929,8.00681979821088
2.93,8.0388316917259
2.931,8.07084958852575
2.932,8.1028735133235
2.933,8.13490349085035
2.934,8.16693954585561
2.935,8.19898170310684
2.936,8.23102998738995
2.937,8.26308442350923
2.938,8.29514503628742
2.939,8.32721185056585
2.94,8.35928489120445
2.941,8.39136418308192
2.942,8.42344975109571
2.943,8.45554162016208
2.944,8.4876398152164
2.945,8.51974436121291
2.946,8.55185528312508
2.947,8.58397260594553
2.948,8.61609635468613
2.949,8.64822655437813
2.95,8.68036323007222
2.951,8.7125064068386
2.952,8.74465610976702
2.953,8.77681236396698
2.954,8.80897519456772
2.955,8.84114462671828
2.956,8.87332068558764
2.957,8.90550339636481
2.958,8.93769278425883
2.959,8.96988887449897
2.96,9.0020916923347
2.961,9.03430126303581
2.962,9.06651761189257
2.963,9.09874076421567
2.964,9.13097074533641
2.965,9.16320758060673
2.966,9.19545129539938
2.967,9.22770191510779
2.968,9.25995946514645
2.969,9.29222397095079
2.97,9.32449545797724
2.971,9.35677395170349
2.972,9.38905947762843
2.973,9.42135206127226
2.974,9.45365172817661
2.975,9.48595850390457
2.976,9.51827241404087
2.977,9.55059348419182
2.978,9.58292173998553
2.979,9.61525720707191
2.98,9.64759991112283
2.981,9.6799498778321
2.982,9.71230713291565
2.983,9.74467170211154
2.984,9.77704361118016
2.985,9.80942288590414
2.986,9.84180955208861
2.987,9.87420363556119
2.988,9.90660516217207
2.989,9.93901415779417
2.99,9.97143064832316
2.991,10.0038546596775
2.992,10.0362862177987
2.993,10.0687253486512
2.994,10.1011720782227
2.995,10.1336264325239
2.996,10.166088437589
2.997,10.1985581194753
2.998,10.2310355042638
2.999,10.263520618059
3,10.296013486989
3.001,10.3285141372057
3.002,10.3610225948846
3.003,10.3935388862255
3.004,10.4260630374517
3.005,10.458595074811
3.006,10.4911350245751
3.007,10.52368291304
3.008,10.5562387665263
3.009,10.5888026113786
3.01,10.6213744739664
3.011,10.6539543806836
3.012,10.6865423579488
3.013,10.7191384322056
3.014,10.7517426299222
3.015,10.784354977592
3.016,10.8169755017335
3.017,10.8496042288899
3.018,10.8822411856302
3.019,10.9148863985484
3.02,10.9475398942642
3.021,10.9802016994224
3.022,11.0128718406939
3.023,11.0455503447748
3.024,11.0782372383874
3.025,11.1109325482797
3.026,11.1436363012256
3.027,11.1763485240253
3.028,11.209069243505
3.029,11.2417984865171
3.03,11.2745362799404
3.031,11.3072826506802
3.032,11.3400376256683
3.033,11.3728012318631
3.034,11.4055734962497
3.035,11.43835444584
3.036,11.4711441076728
3.037,11.503942508814
3.038,11.5367496763565
3.039,11.5695656374205
3.04,11.6023904191533
3.041,11.6352240487295
3.042,11.6680665533516
3.043,11.7009179602492
3.044,11.7337782966799
3.045,11.7666475899288
3.046,11.799525867309
3.047,11.8324131561615
3.048,11.8653094838554
3.049,11.8982148777878
3.05,11.9311293653841
3.051,11.9640529740981
3.052,11.9969857314121
3.053,12.0299276648366
3.054,12.0628788019111
3.055,12.0958391702035
3.056,12.1288087973108
3.057,12.1617877108587
3.058,12.194775938502
3.059,12.2277735079246
3.06,12.2607804468396
3.061,12.2937967829894
3.062,12.326822544146
3.063,12.3598577581105
3.064,12.3929024527139
3.065,12.4259566558169
3.066,12.45902039531
3.067,12.4920936991133
3.068,12.5251765951774
3.069,12.5582691114826
3.07,12.5913712760396
3.071,12.6244831168894
3.072,12.6576046621033
3.073,12.6907359397832
3.074,12.7238769780615
3.075,12.7570278051015
3.076,12.790188449097
3.077,12.8233589382732
3.078,12.8565393008857
3.079,12.8897295652217
3.08,12.9229297595994
3.081,12.9561399123684
3.082,12.9893600519097
3.083,13.0225902066359
3.084,13.0558304049909
3.085,13.0890806754507
3.086,13.1223410465232
3.087,13.1556115467478
3.088,13.1888922046963
3.089,13.2221830489726
3.09,13.2554841082128
3.091,13.2887954110854
3.092,13.3221169862912
3.093,13.3554488625638
3.094,13.3887910686694
3.095,13.4221436334069
3.096,13.4555065856082
3.097,13.4888799541381
3.098,13.5222637678946
3.099,13.5556580558088
3.1,13.5890628468451
3.101,13.6224781700015
3.102,13.6559040543094
3.103,13.6893405288338
3.104,13.7227876226734
3.105,13.756245364961
3.106,13.7897137848632
3.107,13.8231929115805
3.108,13.8566827743479
3.109,13.8901834024344
3.11,13.9236948251437
3.111,13.9572170718137
3.112,13.9907501718171
3.113,14.0242941545613
3.114,14.0578490494884
3.115,14.0914148860757
3.116,14.1249916938352
3.117,14.1585795023146
3.118,14.1921783410963
3.119,14.2257882397984
3.12,14.2594092280745
3.121,14.2930413356137
3.122,14.326684592141
3.123,14.360339027417
3.124,14.3940046712385
3.125,14.4276815534381
3.126,14.4613697038849
3.127,14.495069152484
3.128,14.528779929177
3.129,14.5625020639421
3.13,14.5962355867941
3.131,14.6299805277845
3.132,14.6637369170016
3.133,14.6975047845709
3.134,14.7312841606547
3.135,14.7650750754529
3.136,14.7988775592023
3.137,14.8326916421773
3.138,14.8665173546901
3.139,14.9003547270902
3.14,14.9342037897651
3.141,14.9680645731401
3.142,15.0019371076787
3.143,15.0358214238825
3.144,15.0697175522911
3.145,15.1036255234828
3.146,15.1375453680743
3.147,15.1714771167208
3.148,15.2054208001164
3.149,15.239376448994
3.15,15.2733440941253
3.151,15.3073237663216
3.152,15.3413154964328
3.153,15.3753193153484
3.154,15.4093352539976
3.155,15.4433633433488
3.156,15.4774036144103
3.157,15.5114560982301
3.158,15.5455208258963
3.159,15.579597828537
3.16,15.6136871373204
3.161,15.6477887834552
3.162,15.6819027981903
3.163,15.7160292128153
3.164,15.7501680586605
3.165,15.7843193670971
3.166,15.8184831695369
3.167,15.8526594974331
3.168,15.8868483822798
3.169,15.9210498556127
3.17,15.9552639490087
3.171,15.9894906940863
3.172,16.0237301225058
3.173,16.0579822659691
3.174,16.0922471562203
3.175,16.1265248250454
3.176,16.1608153042726
3.177,16.1951186257724
3.178,16.2294348214578
3.179,16.2637639232845
3.18,16.2981059632505
3.181,16.3324609733971
3.182,16.3668289858083
3.183,16.4012100326113
3.184,16.4356041459763
3.185,16.4700113581173
3.186,16.5044317012913
3.187,16.5388652077992
3.188,16.5733119099855
3.189,16.6077718402386
3.19,16.6422450309912
3.191,16.6767315147197
3.192,16.7112313239449
3.193,16.7457444912322
3.194,16.7802710491913
3.195,16.8148110304768
3.196,16.8493644677879
3.197,16.8839313938688
3.198,16.9185118415088
3.199,16.9531058435425
3.2,16.9877134328497
3.201,17.0223346423557
3.202,17.0569695050314
3.203,17.0916180538936
3.204,17.1262803220049
3.205,17.1609563424738
3.206,17.1956461484552
3.207,17.23034977315
3.208,17.2650672498059
3.209,17.2997986117169
3.21,17.3345438922238
3.211,17.3693031247143
3.212,17.404076342623
3.213,17.4388635794317
3.214,17.4736648686694
3.215,17.5084802439126
3.216,17.5433097387854
3.217,17.5781533869595
3.218,17.6130112221543
3.219,17.6478832781375
3.22,17.6827695887247
3.221,17.7176701877799
3.222,17.7525851092152
3.223,17.7875143869916
3.224,17.8224580551187
3.225,17.8574161476548
3.226,17.8923886987074
3.227,17.927375742433
3.228,17.9623773130372
3.229,17.9973934447754
3.23,18.0324241719522
3.231,18.0674695289221
3.232,18.1025295500895
3.233,18.1376042699087
3.234,18.172693722884
3.235,18.2077979435705
3.236,18.2429169665731
3.237,18.2780508265477
3.238,18.313199558201
3.239,18.3483631962902
3.24,18.383541775624
3.241,18.4187353310619
3.242,18.453943897515
3.243,18.4891675099458
3.244,18.5244062033686
3.245,18.5596600128491
3.246,18.5949289735054
3.247,18.6302131205074
3.248,18.6655124890775
3.249,18.7008271144901
3.25,18.7361570320727
3.251,18.7715022772051
3.252,18.8068628853202
3.253,18.8422388919038
3.254,18.8776303324948
3.255,18.9130372426857
3.256,18.9484596581224
3.257,18.9838976145042
3.258,19.0193511475845
3.259,19.0548202931706
3.26,19.0903050871239
3.261,19.1258055653599
3.262,19.1613217638489
3.263,19.1968537186155
3.264,19.2324014657391
3.265,19.2679650413542
3.266,19.3035444816502
3.267,19.3391398228718
3.268,19.374751101319
3.269,19.4103783533475
3.27,19.4460216153688
3.271,19.4816809238499
3.272,19.5173563153143
3.273,19.5530478263414
3.274,19.5887554935672
3.275,19.624479353684
3.276,19.6602194434411
3.277,19.6959757996444
3.278,19.731748459157
3.279,19.7675374588991
3.28,19.8033428358483
3.281,19.8391646270398
3.282,19.8750028695664
3.283,19.9108576005789
3.284,19.946728857286
3.285,19.9826166769547
3.286,20.0185210969103
3.287,20.0544421545368
3.288,20.0903798872769
3.289,20.1263343326318
3.29,20.1623055281623
3.291,20.1982935114882
3.292,20.2342983202886
3.293,20.2703199923024
3.294,20.306358565328
3.295,20.3424140772239
3.296,20.3784865659087
3.297,20.4145760693612
3.298,20.4506826256206
3.299,20.4868062727869
3.3,20.5229470490208
3.301,20.5591049925439
3.302,20.595280141639
3.303,20.6314725346503
3.304,20.6676822099834
3.305,20.7039092061057
3.306,20.7401535615465
3.307,20.7764153148969
3.308,20.8126945048104
3.309,20.848991170003
3.31,20.885305349253
3.311,20.9216370814018
3.312,20.9579864053535
3.313,20.9943533600754
3.314,21.0307379845982
3.315,21.067140318016
3.316,21.1035603994866
3.317,21.1399982682318
3.318,21.1764539635372
3.319,21.2129275247529
3.32,21.2494189912931
3.321,21.2859284026371
3.322,21.3224557983285
3.323,21.3590012179762
3.324,21.3955647012542
3.325,21.4321462879017
3.326,21.4687460177236
3.327,21.5053639305907
3.328,21.5420000664395
3.329,21.5786544652727
3.33,21.6153271671592
3.331,21.6520182122346
3.332,21.6887276407011
3.333,21.7254554928279
3.334,21.762201808951
3.335,21.7989666294741
3.336,21.835749994868
3.337,21.8725519456715
3.338,21.9093725224909
3.339,21.9462117660008
3.34,21.9830697169442
3.341,22.0199464161322
3.342,22.0568419044448
3.343,22.0937562228309
3.344,22.1306894123082
3.345,22.1676415139638
3.346,22.2046125689544
3.347,22.2416026185062
3.348,22.2786117039153
3.349,22.3156398665477
3.35,22.35268714784
3.351,22.389753589299
3.352,22.4268392325022
3.353,22.4639441190981
3.354,22.5010682908062
3.355,22.5382117894174
3.356,22.5753746567938
3.357,22.6125569348695
3.358,22.6497586656504
3.359,22.6869798912146
3.36,22.7242206537124
3.361,22.7614809953666
3.362,22.798760958473
3.363,22.8360605854001
3.364,22.8733799185896
3.365,22.9107190005568
3.366,22.9480778738903
3.367,22.9854565812527
3.368,23.0228551653805
3.369,23.0602736690846
3.37,23.0977121352502
3.371,23.1351706068373
3.372,23.1726491268805
3.373,23.2101477384899
3.374,23.2476664848505
3.375,23.2852054092233
3.376,23.3227645549446
3.377,23.3603439654269
3.378,23.397943684159
3.379,23.4355637547059
3.38,23.4732042207093
3.381,23.5108651258878
3.382,23.5485465140371
3.383,23.5862484290302
3.384,23.6239709148175
3.385,23.6617140154273
3.386,23.6994777749659
3.387,23.7372622376176
3.388,23.7750674476454
3.389,23.8128934493908
3.39,23.8507402872743
3.391,23.8886080057954
3.392,23.9264966495329
3.393,23.9644062631455
3.394,24.0023368913712
3.395,24.0402885790286
3.396,24.0782613710161
3.397,24.116255312313
3.398,24.154270447979
3.399,24.192306823155
3.4,24.2303644830631
3.401,24.2684434730066
3.402,24.3065438383709
3.403,24.344665624623
3.404,24.3828088773122
3.405,24.4209736420701
3.406,24.459159964611
3.407,24.4973678907321
3.408,24.5355974663137
3.409,24.5738487373196
3.41,24.6121217497968
3.411,24.6504165498766
3.412,24.688733183774
3.413,24.7270716977889
3.414,24.7654321383051
3.415,24.8038145517917
3.416,24.8422189848028
3.417,24.8806454839776
3.418,24.9190940960411
3.419,24.957564867804
3.42,24.9960578461633
3.421,25.034573078102
3.422,25.0731106106899
3.423,25.1116704910834
3.424,25.1502527665263
3.425,25.1888574843495
3.426,25.2274846919716
3.427,25.266134436899
3.428,25.3048067667261
3.429,25.3435017291358
3.43,25.3822193718997
3.431,25.4209597428781
3.432,25.4597228900203
3.433,25.4985088613655
3.434,25.5373177050421
3.435,25.5761494692685
3.436,25.6150042023534
3.437,25.6538819526959
3.438,25.6927827687858
3.439,25.7317066992039
3.44,25.7706537926221
3.441,25.8096240978041
3.442,25.8486176636051
3.443,25.8876345389724
3.444,25.9266747729457
3.445,25.9657384146573
3.446,26.0048255133323
3.447,26.0439361182888
3.448,26.0830702789385
3.449,26.1222280447868
3.45,26.1614094654329
3.451,26.2006145905702
3.452,26.2398434699867
3.453,26.2790961535652
3.454,26.3183726912836
3.455,26.3576731332148
3.456,26.3969975295278
3.457,26.4363459304872
3.458,26.4757183864538
3.459,26.5151149478849
3.46,26.5545356653345
3.461,26.5939805894538
3.462,26.633449770991
3.463,26.6729432607923
3.464,26.7124611098013
3.465,26.7520033690603
3.466,26.7915700897097
3.467,26.8311613229887
3.468,26.8707771202356
3.469,26.9104175328882
3.47,26.9500826124836
3.471,26.989772410659
3.472,27.0294869791518
3.473,27.0692263698001
3.474,27.1089906345423
3.475,27.1487798254185
3.476,27.1885939945698
3.477,27.2284331942391
3.478,27.2682974767714
3.479,27.308186894614
3.48,27.3481015003166
3.481,27.388041346532
3.482,27.4280064860161
3.483,27.4679969716285
3.484,27.5080128563325
3.485,27.5480541931955
3.486,27.5881210353893
3.487,27.6282134361906
3.488,27.6683314489811
3.489,27.7084751272479
3.49,27.7486445245835
3.491,27.7888396946868
3.492,27.8290606913629
3.493,27.8693075685233
3.494,27.9095803801867
3.495,27.9498791804789
3.496,27.9902040236333
3.497,28.0305549639913
3.498,28.0709320560023
3.499,28.1113353542246
3.5,28.1517649133249
3.501,28.1922207880794
3.502,28.2327030333738
3.503,28.2732117042033
3.504,28.3137468556738
3.505,28.3543085430012
3.506,28.3948968215124
3.507,28.4355117466455
3.508,28.47615337395
3.509,28.5168217590872
3.51,28.5575169578306
3.511,28.5982390260662
3.512,28.6389880197926
3.513,28.6797639951218
3.514,28.7205670082791
3.515,28.7613971156038
3.516,28.8022543735492
3.517,28.8431388386831
3.518,28.8840505676883
3.519,28.9249896173626
3.52,28.9659560446195
3.521,29.0069499064882
3.522,29.0479712601144
3.523,29.0890201627599
3.524,29.1300966718041
3.525,29.1712008447429
3.526,29.2123327391904
3.527,29.2534924128785
3.528,29.2946799236573
3.529,29.3358953294957
3.53,29.3771386884817
3.531,29.4184100588224
3.532,29.4597094988452
3.533,29.501037066997
3.534,29.5423928218455
3.535,29.5837768220792
3.536,29.6251891265079
3.537,29.6666297940626
3.538,29.7080988837967
3.539,29.7495964548855
3.54,29.7911225666272
3.541,29.832677278443
3.542,29.8742606498773
3.543,29.9158727405985
3.544,29.9575136103992
3.545,29.9991833191961
3.546,30.0408819270314
3.547,30.0826094940721
3.548,30.1243660806111
3.549,30.1661517470671
3.55,30.2079665539854
3.551,30.2498105620381
3.552,30.2916838320243
3.553,30.333586424871
3.554,30.3755184016327
3.555,30.4174798234925
3.556,30.4594707517622
3.557,30.5014912478828
3.558,30.5435413734244
3.559,30.5856211900875
3.56,30.6277307597027
3.561,30.669870144231
3.562,30.712039405765
3.563,30.7542386065283
3.564,30.7964678088767
3.565,30.8387270752981
3.566,30.8810164684132
3.567,30.9233360509756
3.568,30.9656858858726
3.569,31.0080660361252
3.57,31.0504765648888
3.571,31.0929175354535
3.572,31.1353890112447
3.573,31.1778910558228
3.574,31.2204237328848
3.575,31.2629871062635
3.576,31.3055812399288
3.577,31.3482061979878
3.578,31.390862044685
3.579,31.4335488444031
3.58,31.4762666616631
3.581,31.519015561125
3.582,31.5617956075882
3.583,31.6046068659915
3.584,31.6474494014142
3.585,31.6903232790758
3.586,31.7332285643372
3.587,31.7761653227005
3.588,31.8191336198099
3.589,31.8621335214515
3.59,31.9051650935546
3.591,31.9482284021914
3.592,31.9913235135779
3.593,32.034450494074
3.594,32.0776094101842
3.595,32.1208003285579
3.596,32.1640233159901
3.597,32.2072784394214
3.598,32.2505657659387
3.599,32.2938853627759
3.6,32.3372372973138
3.601,32.3806216370809
3.602,32.4240384497541
3.603,32.4674878031585
3.604,32.5109697652684
3.605,32.5544844042075
3.606,32.5980317882496
3.607,32.6416119858186
3.608,32.6852250654896
3.609,32.7288710959889
3.61,32.7725501461946
3.611,32.816262285137
3.612,32.8600075819993
3.613,32.9037861061178
3.614,32.9475979269826
3.615,32.9914431142378
3.616,33.0353217376824
3.617,33.0792338672702
3.618,33.1231795731109
3.619,33.1671589254701
3.62,33.2111719947703
3.621,33.2552188515905
3.622,33.2992995666678
3.623,33.343414210897
3.624,33.3875628553317
3.625,33.4317455711842
3.626,33.4759624298267
3.627,33.5202135027911
3.628,33.5644988617699
3.629,33.6088185786168
3.63,33.6531727253469
3.631,33.6975613741372
3.632,33.7419845973274
3.633,33.7864424674204
3.634,33.8309350570821
3.635,33.8754624391429
3.636,33.9200246865979
3.637,33.9646218726069
3.638,34.0092540704955
3.639,34.0539213537554
3.64,34.0986237960451
3.641,34.1433614711899
3.642,34.1881344531833
3.643,34.2329428161865
3.644,34.2777866345298
3.645,34.3226659827128
3.646,34.3675809354046
3.647,34.4125315674449
3.648,34.4575179538443
3.649,34.5025401697847
3.65,34.54759829062
3.651,34.5926923918767
3.652,34.6378225492541
3.653,34.6829888386254
3.654,34.7281913360377
3.655,34.7734301177129
3.656,34.8187052600482
3.657,34.8640168396164
3.658,34.9093649331669
3.659,34.9547496176258
3.66,35.0001709700968
3.661,35.0456290678615
3.662,35.0911239883804
3.663,35.1366558092927
3.664,35.1822246084178
3.665,35.227830463755
3.666,35.2734734534847
3.667,35.3191536559688
3.668,35.3648711497509
3.669,35.4106260135578
3.67,35.4564183262987
3.671,35.5022481670673
3.672,35.5481156151412
3.673,35.594020749983
3.674,35.6399636512409
3.675,35.6859443987495
3.676,35.7319630725295
3.677,35.7780197527893
3.678,35.8241145199253
3.679,35.8702474545222
3.68,35.9164186373538
3.681,35.9626281493837
3.682,36.0088760717659
3.683,36.0551624858452
3.684,36.1014874731579
3.685,36.1478511154326
3.686,36.1942534945906
3.687,36.2406946927467
3.688,36.2871747922095
3.689,36.3336938754825
3.69,36.3802520252641
3.691,36.426849324449
3.692,36.4734858561282
3.693,36.5201617035898
3.694,36.5668769503198
3.695,36.6136316800026
3.696,36.6604259765216
3.697,36.70725992396
3.698,36.7541336066013
3.699,36.8010471089301
3.7,36.8480005156324
3.701,36.8949939115966
3.702,36.9420273819142
3.703,36.9891010118802
3.704,37.0362148869938
3.705,37.0833690929593
3.706,37.1305637156864
3.707,37.1777988412912
3.708,37.2250745560965
3.709,37.272390946633
3.71,37.3197480996396
3.711,37.367146102064
3.712,37.4145850410636
3.713,37.4620650040062
3.714,37.5095860784704
3.715,37.5571483522467
3.716,37.6047519133378
3.717,37.6523968499596
3.718,37.7000832505417
3.719,37.747811203728
3.72,37.7955807983778
3.721,37.8433921235661
3.722,37.8912452685846
3.723,37.9391403229422
3.724,37.9870773763656
3.725,38.0350565188005
3.726,38.0830778404119
3.727,38.1311414315848
3.728,38.1792473829251
3.729,38.2273957852605
3.73,38.2755867296408
3.731,38.3238203073387
3.732,38.372096609851
3.733,38.4204157288987
3.734,38.4687777564283
3.735,38.5171827846121
3.736,38.5656309058491
3.737,38.6141222127659
3.738,38.6626567982173
3.739,38.711234755287
3.74,38.7598561772885
3.741,38.8085211577658
3.742,38.8572297904941
3.743,38.9059821694804
3.744,38.9547783889651
3.745,39.0036185434214
3.746,39.0525027275574
3.747,39.1014310363161
3.748,39.1504035648762
3.749,39.1994204086534
3.75,39.2484816633006
3.751,39.297587424709
3.752,39.3467377890088
3.753,39.3959328525703
3.754,39.445172712004
3.755,39.494457464162
3.756,39.5437872061388
3.757,39.5931620352716
3.758,39.6425820491417
3.759,39.6920473455749
3.76,39.7415580226427
3.761,39.7911141786626
3.762,39.8407159121994
3.763,39.8903633220658
3.764,39.9400565073233
3.765,39.9897955672829
3.766,40.0395806015062
3.767,40.0894117098059
3.768,40.1392889922469
3.769,40.1892125491472
3.77,40.2391824810784
3.771,40.289198888867
3.772,40.3392618735947
3.773,40.3893715365999
3.774,40.4395279794781
3.775,40.4897313040829
3.776,40.5399816125269
3.777,40.5902790071827
3.778,40.6406235906835
3.779,40.691015465924
3.78,40.7414547360615
3.781,40.7919415045168
3.782,40.8424758749749
3.783,40.8930579513857
3.784,40.9436878379657
3.785,40.9943656391979
3.786,41.0450914598333
3.787,41.0958654048918
3.788,41.1466875796629
3.789,41.1975580897066
3.79,41.2484770408547
3.791,41.2994445392111
3.792,41.3504606911533
3.793,41.4015256033331
3.794,41.4526393826774
3.795,41.5038021363895
3.796,41.5550139719496
3.797,41.606274997116
3.798,41.657585319926
3.799,41.7089450486971
3.8,41.7603542920274
3.801,41.8118131587971
3.802,41.8633217581691
3.803,41.9148801995902
3.804,41.9664885927919
3.805,42.0181470477917
3.806,42.0698556748934
3.807,42.1216145846889
3.808,42.1734238880588
3.809,42.2252836961731
3.81,42.2771941204929
3.811,42.3291552727707
3.812,42.3811672650519
3.813,42.4332302096754
3.814,42.4853442192751
3.815,42.5375094067804
3.816,42.5897258854175
3.817,42.6419937687106
3.818,42.6943131704824
3.819,42.7466842048557
3.82,42.7991069862541
3.821,42.851581629403
3.822,42.904108249331
3.823,42.9566869613707
3.824,43.0093178811594
3.825,43.0620011246411
3.826,43.1147368080667
3.827,43.1675250479953
3.828,43.2203659612954
3.829,43.2732596651461
3.83,43.3262062770377
3.831,43.3792059147732
3.832,43.4322586964694
3.833,43.4853647405577
3.834,43.5385241657853
3.835,43.5917370912167
3.836,43.645003636234
3.837,43.6983239205388
3.838,43.751698064153
3.839,43.8051261874198
3.84,43.8586084110049
3.841,43.9121448558979
3.842,43.965735643413
3.843,44.0193808951905
3.844,44.0730807331976
3.845,44.1268352797299
3.846,44.1806446574124
3.847,44.2345089892007
3.848,44.2884283983819
3.849,44.3424030085763
3.85,44.396432943738
3.851,44.4505183281564
3.852,44.5046592864575
3.853,44.5588559436047
3.854,44.6131084249004
3.855,44.6674168559867
3.856,44.7217813628474
3.857,44.7762020718082
3.858,44.8306791095386
3.859,44.8852126030532
3.86,44.9398026797125
3.861,44.9944494672241
3.862,45.0491530936444
3.863,45.1039136873794
3.864,45.1587313771864
3.865,45.2136062921745
3.866,45.2685385618068
3.867,45.3235283159009
3.868,45.3785756846306
3.869,45.4336807985268
3.87,45.4888437884792
3.871,45.5440647857373
3.872,45.5993439219118
3.873,45.6546813289758
3.874,45.7100771392661
3.875,45.7655314854847
3.876,45.8210445006999
3.877,45.8766163183477
3.878,45.9322470722329
3.879,45.987936896531
3.88,46.0436859257888
3.881,46.0994942949263
3.882,46.1553621392378
3.883,46.2112895943932
3.884,46.2672767964395
3.885,46.323323881802
3.886,46.3794309872861
3.887,46.4355982500778
3.888,46.4918258077461
3.889,46.5481137982436
3.89,46.6044623599083
3.891,46.6608716314648
3.892,46.7173417520258
3.893,46.7738728610937
3.894,46.8304650985615
3.895,46.8871186047145
3.896,46.9438335202321
3.897,47.0006099861886
3.898,47.0574481440549
3.899,47.1143481357001
3.9,47.1713101033928
3.901,47.2283341898023
3.902,47.2854205380007
3.903,47.3425692914638
3.904,47.3997805940727
3.905,47.4570545901157
3.906,47.5143914242889
3.907,47.5717912416988
3.908,47.6292541878627
3.909,47.6867804087113
3.91,47.7443700505892
3.911,47.8020232602571
3.912,47.8597401848931
3.913,47.9175209720942
3.914,47.9753657698779
3.915,48.0332747266837
3.916,48.0912479913749
3.917,48.1492857132395
3.918,48.2073880419926
3.919,48.2655551277775
3.92,48.3237871211673
3.921,48.3820841731667
3.922,48.4404464352132
3.923,48.4988740591793
3.924,48.5573671973735
3.925,48.6159260025422
3.926,48.6745506278716
3.927,48.7332412269886
3.928,48.7919979539633
3.929,48.8508209633101
3.93,48.9097104099891
3.931,48.9686664494088
3.932,49.0276892374265
3.933,49.0867789303511
3.934,49.1459356849438
3.935,49.2051596584205
3.936,49.2644510084534
3.937,49.3238098931721
3.938,49.3832364711663
3.939,49.4427309014865
3.94,49.5022933436466
3.941,49.5619239576251
3.942,49.621622903867
3.943,49.6813903432853
3.944,49.7412264372636
3.945,49.8011313476566
3.946,49.8611052367931
3.947,49.921148267477
3.948,49.9812606029891
3.949,50.0414424070894
3.95,50.1016938440186
3.951,50.1620150784999
3.952,50.2224062757408
3.953,50.2828676014351
3.954,50.3433992217644
3.955,50.4040013034005
3.956,50.4646740135068
3.957,50.5254175197403
3.958,50.5862319902533
3.959,50.6471175936957
3.96,50.7080744992166
3.961,50.7691028764661
3.962,50.8302028955974
3.963,50.8913747272688
3.964,50.9526185426454
3.965,51.013934513401
3.966,51.0753228117203
3.967,51.1367836103007
3.968,51.1983170823541
3.969,51.2599234016094
3.97,51.3216027423138
3.971,51.3833552792352
3.972,51.445181187664
3.973,51.5070806434154
3.974,51.5690538228311
3.975,51.6311009027814
3.976,51.6932220606672
3.977,51.7554174744225
3.978,51.8176873225156
3.979,51.8800317839518
3.98,51.9424510382753
3.981,52.0049452655713
3.982,52.067514646468
3.983,52.1301593621388
3.984,52.1928795943042
3.985,52.2556755252343
3.986,52.3185473377507
3.987,52.3814952152284
3.988,52.4445193415986
3.989,52.50761990135
3.99,52.5707970795316
3.991,52.6340510617548
3.992,52.6973820341954
3.993,52.7607901835958
3.994,52.8242756972674
3.995,52.8878387630927
3.996,52.9514795695273
3.997,53.0151983056027
3.998,53.078995160928
3.999,53.1428703256924
4,53.2068239906676
4.001,53.2708563472096
4.002,53.3349675872618
4.003,53.3991579033562
4.004,53.4634274886169
4.005,53.5277765367614
4.006,53.5922052421038
4.007,53.6567137995564
4.008,53.7213024046326
4.009,53.7859712534489
4.01,53.8507205427275
4.011,53.9155504697986
4.012,53.9804612326029
4.013,54.0454530296937
4.014,54.11052606024
4.015,54.175680524028
4.016,54.2409166214644
4.017,54.3062345535781
4.018,54.3716345220236
4.019,54.4371167290825
4.02,54.5026813776667
4.021,54.5683286713204
4.022,54.6340588142231
4.023,54.6998720111917
4.024,54.7657684676834
4.025,54.831748389798
4.026,54.8978119842804
4.027,54.9639594585236
4.028,55.0301910205707
4.029,55.0965068791182
4.03,55.1629072435179
4.031,55.2293923237799
4.032,55.2959623305754
4.033,55.3626174752388
4.034,55.4293579697709
4.035,55.4961840268416
4.036,55.563095859792
4.037,55.6300936826377
4.038,55.6971777100713
4.039,55.7643481574648
4.04,55.8316052408731
4.041,55.898949177036
4.042,55.9663801833817
4.043,56.0338984780285
4.044,56.101504279789
4.045,56.1691978081717
4.046,56.2369792833843
4.047,56.3048489263368
4.048,56.372806958644
4.049,56.4408536026281
4.05,56.5089890813225
4.051,56.5772136184737
4.052,56.6455274385447
4.053,56.7139307667179
4.054,56.7824238288979
4.055,56.8510068517147
4.056,56.9196800625263
4.057,56.9884436894218
4.058,57.0572979612248
4.059,57.1262431074955
4.06,57.1952793585348
4.061,57.2644069453867
4.062,57.3336260998413
4.063,57.4029370544379
4.064,57.4723400424688
4.065,57.5418352979812
4.066,57.6114230557811
4.067,57.6811035514364
4.068,57.7508770212798
4.069,57.820743702412
4.07,57.8907038327048
4.071,57.9607576508047
4.072,58.0309053961356
4.073,58.1011473089022
4.074,58.1714836300935
4.075,58.2419146014854
4.076,58.3124404656448
4.077,58.3830614659323
4.078,58.4537778465055
4.079,58.5245898523228
4.08,58.5954977291464
4.081,58.6665017235452
4.082,58.7376020828991
4.083,58.8087990554019
4.084,58.8800928900644
4.085,58.9514838367185
4.086,59.0229721460201
4.087,59.0945580694526
4.088,59.1662418593306
4.089,59.2380237688034
4.09,59.3099040518583
4.091,59.3818829633241
4.092,59.4539607588748
4.093,59.5261376950331
4.094,59.598414029174
4.095,59.6707900195283
4.096,59.7432659251864
4.097,59.8158420061016
4.098,59.8885185230942
4.099,59.9612957378547
4.1,60.0341739129478
4.101,60.1071533118159
4.102,60.1802341987832
4.103,60.2534168390588
4.104,60.3267014987412
4.105,60.4000884448213
4.106,60.4735779451869
4.107,60.5471702686261
4.108,60.6208656848314
4.109,60.6946644644031
4.11,60.7685668788539
4.111,60.842573200612
4.112,60.9166837030256
4.113,60.9908986603667
4.114,61.0652183478348
4.115,61.139643041561
4.116,61.2141730186126
4.117,61.2888085569959
4.118,61.3635499356613
4.119,61.4383974345068
4.12,61.5133513343825
4.121,61.5884119170941
4.122,61.6635794654078
4.123,61.7388542630536
4.124,61.8142365947302
4.125,61.8897267461085
4.126,61.9653250038366
4.127,62.0410316555434
4.128,62.116846989843
4.129,62.1927712963393
4.13,62.2688048656294
4.131,62.3449479893092
4.132,62.4212009599769
4.133,62.4975640712372
4.134,62.5740376177065
4.135,62.6506218950167
4.136,62.7273171998194
4.137,62.8041238297912
4.138,62.8810420836374
4.139,62.9580722610969
4.14,63.0352146629466
4.141,63.1124695910061
4.142,63.1898373481418
4.143,63.2673182382722
4.144,63.3449125663719
4.145,63.4226206384768
4.146,63.500442761688
4.147,63.5783792441774
4.148,63.6564303951918
4.149,63.7345965250577
4.15,63.8128779451864
4.151,63.8912749680785
4.152,63.9697879073288
4.153,64.0484170776311
4.154,64.1271627947833
4.155,64.2060253756917
4.156,64.2850051383766
4.157,64.3641024019773
4.158,64.4433174867561
4.159,64.5226507141044
4.16,64.6021024065472
4.161,64.681672887748
4.162,64.7613624825144
4.163,64.8411715168029
4.164,64.9211003177239
4.165,65.0011492135471
4.166,65.0813185337066
4.167,65.1616086088061
4.168,65.2420197706242
4.169,65.3225523521197
4.17,65.4032066874369
4.171,65.4839831119105
4.172,65.5648819620719
4.173,65.6459035756536
4.174,65.7270482915953
4.175,65.8083164500488
4.176,65.8897083923843
4.177,65.9712244611948
4.178,66.0528650003026
4.179,66.1346303547642
4.18,66.2165208708764
4.181,66.2985368961817
4.182,66.3806787794738
4.183,66.4629468708037
4.184,66.5453415214846
4.185,66.6278630840991
4.186,66.7105119125032
4.187,66.7932883618337
4.188,66.8761927885129
4.189,66.9592255502554
4.19,67.042387006073
4.191,67.1256775162814
4.192,67.2090974425061
4.193,67.2926471476883
4.194,67.3763269960905
4.195,67.4601373533035
4.196,67.5440785862514
4.197,67.6281510631989
4.198,67.7123551537566
4.199,67.7966912288875
4.2,67.8811596609132
4.201,67.9657608235205
4.202,68.0504950917671
4.203,68.1353628420883
4.204,68.2203644523037
4.205,68.305500301623
4.206,68.3907707706528
4.207,68.476176241403
4.208,68.5617170972932
4.209,68.6473937231596
4.21,68.7332065052614
4.211,68.8191558312875
4.212,68.9052420903628
4.213,68.9914656730556
4.214,69.0778269713836
4.215,69.1643263788212
4.216,69.2509642903063
4.217,69.3377411022468
4.218,69.424657212528
4.219,69.511713020519
4.22,69.59890892708
4.221,69.6862453345693
4.222,69.7737226468502
4.223,69.8613412692985
4.224,69.9491016088091
4.225,70.0370040738035
4.226,70.1250490742368
4.227,70.2132370216052
4.228,70.3015683289533
4.229,70.390043410881
4.23,70.4786626835517
4.231,70.5674265646988
4.232,70.6563354736338
4.233,70.7453898312534
4.234,70.8345900600477
4.235,70.9239365841068
4.236,71.0134298291294
4.237,71.1030702224301
4.238,71.1928581929466
4.239,71.2827941712485
4.24,71.3728785895443
4.241,71.4631118816897
4.242,71.5534944831951
4.243,71.6440268312341
4.244,71.734709364651
4.245,71.8255425239691
4.246,71.9165267513985
4.247,72.0076624908448
4.248,72.0989501879167
4.249,72.1903902899346
4.25,72.2819832459385
4.251,72.3737295066968
4.252,72.4656295247144
4.253,72.557683754241
4.254,72.6498926512799
4.255,72.7422566735962
4.256,72.8347762807258
4.257,72.9274519339832
4.258,73.0202840964711
4.259,73.1132732330888
4.26,73.2064198105406
4.261,73.299724297345
4.262,73.3931871638437
4.263,73.48680888221
4.264,73.5805899264582
4.265,73.6745307724527
4.266,73.7686318979167
4.267,73.8628937824415
4.268,73.9573169074961
4.269,74.0519017564356
4.27,74.1466488145112
4.271,74.2415585688795
4.272,74.3366315086115
4.273,74.4318681247024
4.274,74.5272689100812
4.275,74.6228343596198
4.276,74.718564970143
4.277,74.8144612404385
4.278,74.910523671266
4.279,75.0067527653673
4.28,75.1031490274763
4.281,75.1997129643286
4.282,75.2964450846718
4.283,75.3933458992757
4.284,75.4904159209417
4.285,75.5876556645135
4.286,75.6850656468875
4.287,75.7826463870224
4.288,75.8803984059503
4.289,75.9783222267866
4.29,76.0764183747407
4.291,76.1746873771267
4.292,76.2731297633734
4.293,76.3717460650356
4.294,76.4705368158046
4.295,76.5695025515188
4.296,76.668643810175
4.297,76.767961131939
4.298,76.8674550591565
4.299,76.9671261363645
4.3,77.0669749103022
4.301,77.1670019299221
4.302,77.2672077464017
4.303,77.3675929131545
4.304,77.4681579858412
4.305,77.5689035223815
4.306,77.6698300829657
4.307,77.770938230066
4.308,77.8722285284484
4.309,77.9737015451846
4.31,78.0753578496634
4.311,78.1771980136028
4.312,78.2792226110621
4.313,78.381432218454
4.314,78.4838274145561
4.315,78.5864087805242
4.316,78.6891768999035
4.317,78.7921323586415
4.318,78.8952757451003
4.319,78.9986076500692
4.32,79.102128666777
4.321,79.205839390905
4.322,79.3097404205997
4.323,79.413832356485
4.324,79.5181158016762
4.325,79.6225913617919
4.326,79.7272596449679
4.327,79.8321212618697
4.328,79.937176825706
4.329,80.0424269522421
4.33,80.1478722598129
4.331,80.2535133693372
4.332,80.3593509043299
4.333,80.4653854909172
4.334,80.5716177578491
4.335,80.6780483365137
4.336,80.7846778609512
4.337,80.891506967868
4.338,80.9985362966501
4.339,81.1057664893775
4.34,81.2131981908397
4.341,81.320832048548
4.342,81.428668712751
4.343,81.5367088364498
4.344,81.6449530754113
4.345,81.7534020881835
4.346,81.8620565361107
4.347,81.9709170833475
4.348,82.0799843968748
4.349,82.1892591465142
4.35,82.2987420049433
4.351,82.4084336477113
4.352,82.5183347532541
4.353,82.6284460029097
4.354,82.738768080934
4.355,82.8493016745168
4.356,82.9600474737968
4.357,83.0710061718781
4.358,83.1821784648458
4.359,83.2935650517825
4.36,83.4051666347844
4.361,83.5169839189771
4.362,83.6290176125327
4.363,83.7412684266862
4.364,83.8537370757513
4.365,83.9664242771384
4.366,84.0793307513706
4.367,84.192457222101
4.368,84.3058044161293
4.369,84.4193730634197
4.37,84.5331638971175
4.371,84.6471776535671
4.372,84.7614150723288
4.373,84.875876896197
4.374,84.9905638712181
4.375,85.1054767467077
4.376,85.2206162752688
4.377,85.3359832128105
4.378,85.4515783185652
4.379,85.5674023551078
4.38,85.6834560883738
4.381,85.7997402876777
4.382,85.9162557257322
4.383,86.0330031786667
4.384,86.149983426046
4.385,86.26719725089
4.386,86.3846454396925
4.387,86.5023287824404
4.388,86.6202480726338
4.389,86.7384041073049
4.39,86.856797687038
4.391,86.9754296159893
4.392,87.0943007019072
4.393,87.2134117561522
4.394,87.3327635937168
4.395,87.4523570332465
4.396,87.5721928970599
4.397,87.6922720111696
4.398,87.8125952053032
4.399,87.9331633129234
4.4,88.0539771712506
4.401,88.1750376212824
4.402,88.2963455078162
4.403,88.4179016794702
4.404,88.5397069887057
4.405,88.6617622918475
4.406,88.7840684491078
4.407,88.9066263246069
4.408,89.0294367863958
4.409,89.1525007064787
4.41,89.2758189608359
4.411,89.399392429446
4.412,89.5232219963092
4.413,89.64730854947
4.414,89.7716529810405
4.415,89.8962561872241
4.416,90.0211190683384
4.417,90.1462425288395
4.418,90.2716274773457
4.419,90.3972748266611
4.42,90.5231854938001
4.421,90.6493604000119
4.422,90.7758004708048
4.423,90.9025066359707
4.424,91.0294798296108
4.425,91.1567209901593
4.426,91.2842310604097
4.427,91.4120109875397
4.428,91.5400617231372
4.429,91.6683842232251
4.43,91.7969794482884
4.431,91.9258483632996
4.432,92.0549919377448
4.433,92.1844111456507
4.434,92.3141069656113
4.435,92.444080380814
4.436,92.5743323790676
4.437,92.7048639528285
4.438,92.8356760992291
4.439,92.9667698201048
4.44,93.0981461220219
4.441,93.229806016306
4.442,93.3617505190693
4.443,93.4939806512402
4.444,93.6264974385907
4.445,93.7593019117662
4.446,93.892395106314
4.447,94.0257780627125
4.448,94.1594518264011
4.449,94.293417447809
4.45,94.4276759823857
4.451,94.5622284906314
4.452,94.6970760381258
4.453,94.8322196955609
4.454,94.9676605387692
4.455,95.1033996487568
4.456,95.239438111733
4.457,95.3757770191428
4.458,95.5124174676973
4.459,95.6493605594073
4.46,95.7866074016139
4.461,95.9241591070209
4.462,96.0620167937284
4.463,96.2001815852645
4.464,96.338654610619
4.465,96.4774370042763
4.466,96.6165299062489
4.467,96.7559344621115
4.468,96.8956518230345
4.469,97.0356831458189
4.47,97.1760295929302
4.471,97.3166923325332
4.472,97.4576725385275
4.473,97.5989713905828
4.474,97.740590074173
4.475,97.8825297806143
4.476,98.0247917070993
4.477,98.1673770567342
4.478,98.3102870385753
4.479,98.4535228676665
4.48,98.5970857650746
4.481,98.7409769579288
4.482,98.8851976794571
4.483,99.0297491690246
4.484,99.1746326721721
4.485,99.3198494406543
4.486,99.4654007324787
4.487,99.6112878119447
4.488,99.7575119496828
4.489,99.9040744226955
4.49,100.050976514395
4.491,100.198219514647
4.492,100.345804719807
4.493,100.493733432764
4.494,100.642006962982
4.495,100.790626626541
4.496,100.939593746178
4.497,101.088909651329
4.498,101.238575678174
4.499,101.388593169678
4.5,101.538963475632
4.501,101.689687952702
4.502,101.840767964467
4.503,101.992204881468
4.504,102.144000081249
4.505,102.296154948402
4.506,102.448670874617
4.507,102.60154925872
4.508,102.754791506723
4.509,102.908399031874
4.51,103.062373254694
4.511,103.216715603033
4.512,103.371427512113
4.513,103.526510424576
4.514,103.681965790533
4.515,103.837795067612
4.516,103.993999721005
4.517,104.150581223522
4.518,104.307541055635
4.519,104.464880705532
4.52,104.622601669164
4.521,104.780705450299
4.522,104.939193560572
4.523,105.098067519534
4.524,105.257328854707
4.525,105.416979101638
4.526,105.577019803946
4.527,105.737452513379
4.528,105.898278789868
4.529,106.059500201581
4.53,106.221118324972
4.531,106.383134744846
4.532,106.545551054406
4.533,106.70836885531
4.534,106.871589757731
4.535,107.035215380412
4.536,107.199247350718
4.537,107.363687304704
4.538,107.528536887162
4.539,107.693797751687
4.54,107.859471560733
4.541,108.025559985672
4.542,108.192064706857
4.543,108.358987413678
4.544,108.526329804626
4.545,108.694093587354
4.546,108.862280478736
4.547,109.030892204935
4.548,109.19993050146
4.549,109.369397113234
4.55,109.539293794653
4.551,109.709622309657
4.552,109.880384431789
4.553,110.051581944263
4.554,110.22321664003
4.555,110.395290321844
4.556,110.567804802329
4.557,110.74076190405
4.558,110.914163459576
4.559,111.088011311549
4.56,111.262307312761
4.561,111.437053326212
4.562,111.612251225193
4.563,111.787902893346
4.564,111.964010224743
4.565,112.140575123957
4.566,112.317599506132
4.567,112.495085297057
4.568,112.673034433244
4.569,112.851448862
4.57,113.030330541501
4.571,113.209681440869
4.572,113.389503540251
4.573,113.569798830893
4.574,113.750569315218
4.575,113.931817006907
4.576,114.113543930978
4.577,114.295752123863
4.578,114.47844363349
4.579,114.661620519366
4.58,114.845284852657
4.581,115.02943871627
4.582,115.214084204941
4.583,115.39922342531
4.584,115.584858496017
4.585,115.770991547777
4.586,115.957624723474
4.587,116.144760178244
4.588,116.332400079564
4.589,116.520546607339
4.59,116.709201953993
4.591,116.89836832456
4.592,117.088047936769
4.593,117.278243021143
4.594,117.468955821087
4.595,117.660188592982
4.596,117.851943606279
4.597,118.044223143594
4.598,118.237029500803
4.599,118.430364987139
4.6,118.624231925289
4.601,118.818632651492
4.602,119.01356951564
4.603,119.209044881372
4.604,119.405061126182
4.605,119.601620641518
4.606,119.79872583288
4.607,119.996379119931
4.608,120.194582936595
4.609,120.393339731167
4.61,120.592651966415
4.611,120.79252211969
4.612,120.992952683032
4.613,121.193946163283
4.614,121.395505082191
4.615,121.597631976527
4.616,121.80032939819
4.617,122.003599914329
4.618,122.207446107448
4.619,122.411870575528
4.62,122.616875932138
4.621,122.822464806557
4.622,123.028639843885
4.623,123.235403705171
4.624,123.442759067527
4.625,123.65070862425
4.626,123.859255084948
4.627,124.06840117566
4.628,124.278149638983
4.629,124.488503234196
4.63,124.699464737388
4.631,124.911036941587
4.632,125.123222656887
4.633,125.336024710581
4.634,125.549445947292
4.635,125.763489229105
4.636,125.978157435701
4.637,126.193453464495
4.638,126.409380230769
4.639,126.625940667813
4.64,126.843137727063
4.641,127.06097437824
4.642,127.279453609496
4.643,127.49857842755
4.644,127.718351857842
4.645,127.938776944668
4.646,128.159856751338
4.647,128.381594360316
4.648,128.603992873373
4.649,128.827055411741
4.65,129.050785116262
4.651,129.275185147542
4.652,129.500258686111
4.653,129.726008932575
4.654,129.952439107778
4.655,130.179552452961
4.656,130.407352229923
4.657,130.635841721186
4.658,130.865024230158
4.659,131.0949030813
4.66,131.325481620293
4.661,131.55676321421
4.662,131.788751251684
4.663,132.021449143084
4.664,132.254860320686
4.665,132.488988238851
4.666,132.723836374204
4.667,132.959408225811
4.668,133.195707315362
4.669,133.432737187354
4.67,133.670501409274
4.671,133.909003571788
4.672,134.14824728893
4.673,134.388236198286
4.674,134.628973961197
4.675,134.870464262941
4.676,135.11271081294
4.677,135.355717344948
4.678,135.59948761726
4.679,135.844025412906
4.68,136.089334539858
4.681,136.335418831238
4.682,136.582282145522
4.683,136.829928366752
4.684,137.078361404747
4.685,137.327585195318
4.686,137.577603700483
4.687,137.828420908687
4.688,138.080040835022
4.689,138.332467521447
4.69,138.585705037018
4.691,138.839757478112
4.692,139.094628968657
4.693,139.350323660364
4.694,139.606845732961
4.695,139.864199394431
4.696,140.122388881249
4.697,140.381418458625
4.698,140.641292420746
4.699,140.902015091025
4.7,141.163590822347
4.701,141.426023997323
4.702,141.689319028543
4.703,141.95348035883
4.704,142.218512461505
4.705,142.484419840644
4.706,142.751207031343
4.707,143.018878599988
4.708,143.287439144524
4.709,143.556893294725
4.71,143.827245712476
4.711,144.098501092044
4.712,144.370664160366
4.713,144.64373967733
4.714,144.917732436063
4.715,145.192647263222
4.716,145.468489019287
4.717,145.745262598858
4.718,146.022972930954
4.719,146.301624979316
4.72,146.581223742715
4.721,146.861774255258
4.722,147.143281586702
4.723,147.425750842772
4.724,147.709187165476
4.725,147.993595733432
4.726,148.278981762191
4.727,148.565350504567
4.728,148.852707250973
4.729,149.141057329754
4.73,149.43040610753
4.731,149.720758989537
4.732,150.012121419978
4.733,150.304498882372
4.734,150.597896899912
4.735,150.892321035822
4.736,151.187776893718
4.737,151.48427011798
4.738,151.781806394121
4.739,152.080391449159
4.74,152.380031051999
4.741,152.68073101382
4.742,152.982497188451
4.743,153.285335472778
4.744,153.589251807127
4.745,153.894252175673
4.746,154.20034260684
4.747,154.507529173711
4.748,154.815817994448
4.749,155.1252152327
4.75,155.435727098037
4.751,155.747359846368
4.752,156.060119780383
4.753,156.374013249985
4.754,156.689046652731
4.755,157.005226434287
4.756,157.322559088874
4.757,157.641051159725
4.758,157.960709239555
4.759,158.281539971021
4.76,158.603550047201
4.761,158.926746212069
4.762,159.251135260984
4.763,159.576724041174
4.764,159.903519452235
4.765,160.231528446633
4.766,160.560758030206
4.767,160.891215262683
4.768,161.2229072582
4.769,161.555841185819
4.77,161.890024270071
4.771,162.22546379148
4.772,162.562167087114
4.773,162.900141551132
4.774,163.23939463534
4.775,163.579933849754
4.776,163.921766763166
4.777,164.264901003723
4.778,164.609344259508
4.779,164.955104279131
4.78,165.30218887232
4.781,165.650605910531
4.782,166.000363327552
4.783,166.351469120127
4.784,166.703931348573
4.785,167.057758137423
4.786,167.412957676054
4.787,167.769538219345
4.788,168.127508088327
4.789,168.486875670847
4.79,168.847649422237
4.791,169.209837866001
4.792,169.573449594494
4.793,169.938493269622
4.794,170.304977623548
4.795,170.672911459399
4.796,171.042303651993
4.797,171.413163148571
4.798,171.785498969527
4.799,172.159320209168
4.8,172.534636036464
4.801,172.911455695815
4.802,173.289788507834
4.803,173.669643870126
4.804,174.051031258085
4.805,174.433960225706
4.806,174.81844040639
4.807,175.204481513778
4.808,175.592093342585
4.809,175.981285769445
4.81,176.372068753771
4.811,176.764452338619
4.812,177.158446651573
4.813,177.554061905626
4.814,177.951308400092
4.815,178.35019652151
4.816,178.750736744573
4.817,179.152939633062
4.818,179.556815840795
4.819,179.962376112586
4.82,180.369631285219
4.821,180.778592288433
4.822,181.189270145915
4.823,181.601675976317
4.824,182.015820994277
4.825,182.431716511452
4.826,182.849373937573
4.827,183.268804781508
4.828,183.690020652338
4.829,184.113033260448
4.83,184.537854418639
4.831,184.964496043237
4.832,185.39297015524
4.833,185.823288881464
4.834,186.255464455706
4.835,186.689509219927
4.836,187.125435625449
4.837,187.563256234166
4.838,188.00298371977
4.839,188.444630869005
4.84,188.888210582919
4.841,189.333735878143
4.842,189.781219888197
4.843,190.230675864787
4.844,190.68211717915
4.845,191.135557323395
4.846,191.591009911873
4.847,192.048488682561
4.848,192.508007498469
4.849,192.96958034906
4.85,193.433221351696
4.851,193.898944753099
4.852,194.366764930838
4.853,194.836696394826
4.854,195.308753788849
4.855,195.782951892111
4.856,196.2593056208
4.857,196.737830029672
4.858,197.218540313671
4.859,197.701451809554
4.86,198.186579997551
4.861,198.673940503042
4.862,199.163549098261
4.863,199.655421704023
4.864,200.149574391472
4.865,200.646023383864
4.866,201.144785058363
4.867,201.645875947862
4.868,202.149312742851
4.869,202.655112293283
4.87,203.163291610486
4.871,203.673867869094
4.872,204.186858409013
4.873,204.702280737404
4.874,205.220152530705
4.875,205.740491636682
4.876,206.263316076502
4.877,206.788644046841
4.878,207.316493922022
4.879,207.846884256193
4.88,208.379833785513
4.881,208.915361430403
4.882,209.4534862978
4.883,209.994227683466
4.884,210.537605074319
4.885,211.083638150801
4.886,211.632346789284
4.887,212.183751064515
4.888,212.737871252081
4.889,213.294727830937
4.89,213.854341485952
4.891,214.416733110494
4.892,214.981923809068
4.893,215.549934899983
4.894,216.120787918058
4.895,216.69450461738
4.896,217.27110697409
4.897,217.850617189225
4.898,218.433057691591
4.899,219.018451140696
4.9,219.606820429709
4.901,220.198188688482
4.902,220.792579286607
4.903,221.390015836531
4.904,221.990522196701
4.905,222.594122474788
4.906,223.200841030929
4.907,223.810702481045
4.908,224.423731700196
4.909,225.039953825998
4.91,225.659394262083
4.911,226.282078681634
4.912,226.90803303095
4.913,227.537283533091
4.914,228.169856691565
4.915,228.805779294087
4.916,229.445078416385
4.917,230.08778142608
4.918,230.733915986621
4.919,231.383510061288
4.92,232.036591917253
4.921,232.693190129719
4.922,233.35333358611
4.923,234.017051490349
4.924,234.684373367193
4.925,235.35532906664
4.926,236.029948768411
4.927,236.708262986515
4.928,237.39030257387
4.929,238.076098727019
4.93,238.765682990913
4.931,239.459087263786
4.932,240.156343802095
4.933,240.857485225557
4.934,241.562544522266
4.935,242.271555053894
4.936,242.984550560979
4.937,243.701565168317
4.938,244.422633390419
4.939,245.147790137087
4.94,245.877070719066
4.941,246.610510853806
4.942,247.348146671312
4.943,248.090014720105
4.944,248.836151973271
4.945,249.586595834629
4.946,250.341384144995
4.947,251.100555188557
4.948,251.864147699355
4.949,252.632200867887
4.95,253.404754347807
4.951,254.18184826276
4.952,254.963523213315
4.953,255.749820284032
4.954,256.540781050642
4.955,257.336447587349
4.956,258.136862474264
4.957,258.942068804951
4.958,259.752110194118
4.959,260.567030785418
4.96,261.386875259393
4.961,262.211688841539
4.962,263.041517310516
4.963,263.876407006462
4.964,264.716404839472
4.965,265.561558298181
4.966,266.411915458491
4.967,267.267524992417
4.968,268.128436177068
4.969,268.994698903745
4.97,269.866363687152
4.971,270.743481674741
4.972,271.626104656149
4.973,272.514285072736
4.974,273.408076027235
4.975,274.307531293471
4.976,275.212705326158
4.977,276.123653270777
4.978,277.040430973481
4.979,277.963094991059
4.98,278.89170260093
4.981,279.826311811149
4.982,280.766981370415
4.983,281.713770778108
4.984,282.666740294316
4.985,283.62595094989
4.986,284.591464556554
4.987,285.563343717102
4.988,286.541651835775
4.989,287.526453128911
4.99,288.517812636047
4.991,289.515796231633
4.992,290.520470637699
4.993,291.531903437782
4.994,292.550163092559
4.995,293.575318957715
4.996,294.60744130465
4.997,295.646601344665
4.998,296.692871257286
4.999,297.746324223345
5,298.807034463234
