Freq [GHz],"im(Z(1,1)) []"
1,-3229.804732
1.001,-3220.00421
1.002,-3210.269599
1.003,-3200.600283
1.004,-3190.995654
1.005,-3181.455109
1.006,-3171.978053
1.007,-3162.563896
1.008,-3153.212058
1.009,-3143.921961
1.01,-3134.693035
1.011,-3125.524719
1.012,-3116.416453
1.013,-3107.367688
1.014,-3098.377878
1.015,-3089.446484
1.016,-3080.572973
1.017,-3071.756818
1.018,-3062.997497
1.019,-3054.294495
1.02,-3045.647301
1.021,-3037.05541
1.022,-3028.518324
1.023,-3020.03555
1.024,-3011.606598
1.025,-3003.230986
1.026,-2994.908236
1.027,-2986.637876
1.028,-2978.419439
1.029,-2970.252462
1.03,-2962.136489
1.031,-2954.071066
1.032,-2946.055747
1.033,-2938.090089
1.034,-2930.173655
1.035,-2922.30601
1.036,-2914.486728
1.037,-2906.715384
1.038,-2898.991559
1.039,-2891.314839
1.04,-2883.684813
1.041,-2876.101075
1.042,-2868.563224
1.043,-2861.070864
1.044,-2853.623599
1.045,-2846.221044
1.046,-2838.862811
1.047,-2831.548522
1.048,-2824.277799
1.049,-2817.05027
1.05,-2809.865567
1.051,-2802.723324
1.052,-2795.623182
1.053,-2788.564783
1.054,-2781.547773
1.055,-2774.571804
1.056,-2767.636529
1.057,-2760.741607
1.058,-2753.886698
1.059,-2747.071468
1.06,-2740.295585
1.061,-2733.558721
1.062,-2726.860551
1.063,-2720.200753
1.064,-2713.579011
1.065,-2706.995008
1.066,-2700.448434
1.067,-2693.93898
1.068,-2687.466342
1.069,-2681.030216
1.07,-2674.630306
1.071,-2668.266313
1.072,-2661.937947
1.073,-2655.644917
1.074,-2649.386937
1.075,-2643.163722
1.076,-2636.974991
1.077,-2630.820467
1.078,-2624.699875
1.079,-2618.61294
1.08,-2612.559395
1.081,-2606.538971
1.082,-2600.551405
1.083,-2594.596435
1.084,-2588.673802
1.085,-2582.783249
1.086,-2576.924522
1.087,-2571.09737
1.088,-2565.301544
1.089,-2559.536798
1.09,-2553.802888
1.091,-2548.099572
1.092,-2542.426611
1.093,-2536.783769
1.094,-2531.170811
1.095,-2525.587504
1.096,-2520.03362
1.097,-2514.50893
1.098,-2509.013209
1.099,-2503.546234
1.1,-2498.107784
1.101,-2492.697641
1.102,-2487.315587
1.103,-2481.961407
1.104,-2476.634891
1.105,-2471.335826
1.106,-2466.064005
1.107,-2460.81922
1.108,-2455.601269
1.109,-2450.409948
1.11,-2445.245057
1.111,-2440.106397
1.112,-2434.993771
1.113,-2429.906986
1.114,-2424.845846
1.115,-2419.810163
1.116,-2414.799746
1.117,-2409.814407
1.118,-2404.853962
1.119,-2399.918226
1.12,-2395.007016
1.121,-2390.120153
1.122,-2385.257457
1.123,-2380.418751
1.124,-2375.60386
1.125,-2370.812609
1.126,-2366.044828
1.127,-2361.300344
1.128,-2356.578988
1.129,-2351.880595
1.13,-2347.204996
1.131,-2342.552028
1.132,-2337.921528
1.133,-2333.313335
1.134,-2328.727288
1.135,-2324.16323
1.136,-2319.621003
1.137,-2315.100451
1.138,-2310.60142
1.139,-2306.123758
1.14,-2301.667314
1.141,-2297.231937
1.142,-2292.817478
1.143,-2288.42379
1.144,-2284.050728
1.145,-2279.698147
1.146,-2275.365903
1.147,-2271.053854
1.148,-2266.761859
1.149,-2262.48978
1.15,-2258.237477
1.151,-2254.004813
1.152,-2249.791653
1.153,-2245.597862
1.154,-2241.423307
1.155,-2237.267855
1.156,-2233.131375
1.157,-2229.013737
1.158,-2224.914813
1.159,-2220.834475
1.16,-2216.772595
1.161,-2212.72905
1.162,-2208.703714
1.163,-2204.696463
1.164,-2200.707177
1.165,-2196.735733
1.166,-2192.782013
1.167,-2188.845895
1.168,-2184.927263
1.169,-2181.026
1.17,-2177.141989
1.171,-2173.275116
1.172,-2169.425266
1.173,-2165.592327
1.174,-2161.776186
1.175,-2157.976733
1.176,-2154.193856
1.177,-2150.427447
1.178,-2146.677398
1.179,-2142.943601
1.18,-2139.225949
1.181,-2135.524338
1.182,-2131.838662
1.183,-2128.168817
1.184,-2124.514701
1.185,-2120.876211
1.186,-2117.253246
1.187,-2113.645706
1.188,-2110.053492
1.189,-2106.476503
1.19,-2102.914644
1.191,-2099.367816
1.192,-2095.835923
1.193,-2092.31887
1.194,-2088.816561
1.195,-2085.328904
1.196,-2081.855805
1.197,-2078.397171
1.198,-2074.952911
1.199,-2071.522934
1.2,-2068.107149
1.201,-2064.705468
1.202,-2061.317802
1.203,-2057.944062
1.204,-2054.584161
1.205,-2051.238014
1.206,-2047.905533
1.207,-2044.586635
1.208,-2041.281233
1.209,-2037.989245
1.21,-2034.710588
1.211,-2031.445178
1.212,-2028.192935
1.213,-2024.953777
1.214,-2021.727623
1.215,-2018.514393
1.216,-2015.314009
1.217,-2012.126392
1.218,-2008.951463
1.219,-2005.789146
1.22,-2002.639363
1.221,-1999.502039
1.222,-1996.377097
1.223,-1993.264464
1.224,-1990.164064
1.225,-1987.075824
1.226,-1983.99967
1.227,-1980.93553
1.228,-1977.883332
1.229,-1974.843004
1.23,-1971.814475
1.231,-1968.797675
1.232,-1965.792533
1.233,-1962.798982
1.234,-1959.816951
1.235,-1956.846372
1.236,-1953.887178
1.237,-1950.939302
1.238,-1948.002676
1.239,-1945.077234
1.24,-1942.162912
1.241,-1939.259643
1.242,-1936.367362
1.243,-1933.486006
1.244,-1930.615511
1.245,-1927.755814
1.246,-1924.906851
1.247,-1922.06856
1.248,-1919.24088
1.249,-1916.42375
1.25,-1913.617107
1.251,-1910.820892
1.252,-1908.035045
1.253,-1905.259506
1.254,-1902.494216
1.255,-1899.739117
1.256,-1896.994149
1.257,-1894.259256
1.258,-1891.534379
1.259,-1888.819463
1.26,-1886.11445
1.261,-1883.419284
1.262,-1880.733909
1.263,-1878.05827
1.264,-1875.392313
1.265,-1872.735982
1.266,-1870.089224
1.267,-1867.451985
1.268,-1864.824211
1.269,-1862.20585
1.27,-1859.596849
1.271,-1856.997155
1.272,-1854.406718
1.273,-1851.825485
1.274,-1849.253406
1.275,-1846.690429
1.276,-1844.136505
1.277,-1841.591584
1.278,-1839.055615
1.279,-1836.52855
1.28,-1834.01034
1.281,-1831.500936
1.282,-1829.00029
1.283,-1826.508354
1.284,-1824.025081
1.285,-1821.550423
1.286,-1819.084333
1.287,-1816.626766
1.288,-1814.177674
1.289,-1811.737012
1.29,-1809.304734
1.291,-1806.880796
1.292,-1804.465151
1.293,-1802.057757
1.294,-1799.658567
1.295,-1797.267539
1.296,-1794.884628
1.297,-1792.509791
1.298,-1790.142986
1.299,-1787.784169
1.3,-1785.433298
1.301,-1783.09033
1.302,-1780.755224
1.303,-1778.427938
1.304,-1776.108431
1.305,-1773.796662
1.306,-1771.49259
1.307,-1769.196174
1.308,-1766.907375
1.309,-1764.626152
1.31,-1762.352466
1.311,-1760.086276
1.312,-1757.827546
1.313,-1755.576234
1.314,-1753.332303
1.315,-1751.095715
1.316,-1748.86643
1.317,-1746.644413
1.318,-1744.429624
1.319,-1742.222027
1.32,-1740.021584
1.321,-1737.828259
1.322,-1735.642015
1.323,-1733.462815
1.324,-1731.290625
1.325,-1729.125407
1.326,-1726.967127
1.327,-1724.815748
1.328,-1722.671236
1.329,-1720.533556
1.33,-1718.402673
1.331,-1716.278553
1.332,-1714.161161
1.333,-1712.050464
1.334,-1709.946428
1.335,-1707.849018
1.336,-1705.758202
1.337,-1703.673947
1.338,-1701.59622
1.339,-1699.524988
1.34,-1697.460219
1.341,-1695.40188
1.342,-1693.349939
1.343,-1691.304365
1.344,-1689.265125
1.345,-1687.232189
1.346,-1685.205525
1.347,-1683.185103
1.348,-1681.17089
1.349,-1679.162857
1.35,-1677.160974
1.351,-1675.165209
1.352,-1673.175534
1.353,-1671.191917
1.354,-1669.21433
1.355,-1667.242743
1.356,-1665.277127
1.357,-1663.317452
1.358,-1661.363689
1.359,-1659.415811
1.36,-1657.473788
1.361,-1655.537592
1.362,-1653.607194
1.363,-1651.682568
1.364,-1649.763684
1.365,-1647.850515
1.366,-1645.943035
1.367,-1644.041214
1.368,-1642.145027
1.369,-1640.254447
1.37,-1638.369445
1.371,-1636.489997
1.372,-1634.616074
1.373,-1632.747652
1.374,-1630.884704
1.375,-1629.027204
1.376,-1627.175125
1.377,-1625.328443
1.378,-1623.487132
1.379,-1621.651166
1.38,-1619.820521
1.381,-1617.99517
1.382,-1616.175091
1.383,-1614.360256
1.384,-1612.550643
1.385,-1610.746226
1.386,-1608.946982
1.387,-1607.152886
1.388,-1605.363914
1.389,-1603.580042
1.39,-1601.801247
1.391,-1600.027504
1.392,-1598.258792
1.393,-1596.495086
1.394,-1594.736362
1.395,-1592.9826
1.396,-1591.233774
1.397,-1589.489863
1.398,-1587.750844
1.399,-1586.016694
1.4,-1584.287392
1.401,-1582.562915
1.402,-1580.843241
1.403,-1579.128348
1.404,-1577.418214
1.405,-1575.712818
1.406,-1574.012138
1.407,-1572.316153
1.408,-1570.624841
1.409,-1568.938181
1.41,-1567.256152
1.411,-1565.578734
1.412,-1563.905906
1.413,-1562.237646
1.414,-1560.573935
1.415,-1558.914751
1.416,-1557.260075
1.417,-1555.609887
1.418,-1553.964166
1.419,-1552.322893
1.42,-1550.686047
1.421,-1549.053609
1.422,-1547.425559
1.423,-1545.801878
1.424,-1544.182547
1.425,-1542.567546
1.426,-1540.956856
1.427,-1539.350458
1.428,-1537.748333
1.429,-1536.150462
1.43,-1534.556827
1.431,-1532.967408
1.432,-1531.382189
1.433,-1529.801149
1.434,-1528.224271
1.435,-1526.651537
1.436,-1525.082928
1.437,-1523.518427
1.438,-1521.958015
1.439,-1520.401675
1.44,-1518.84939
1.441,-1517.301141
1.442,-1515.756912
1.443,-1514.216684
1.444,-1512.680441
1.445,-1511.148165
1.446,-1509.61984
1.447,-1508.095448
1.448,-1506.574972
1.449,-1505.058396
1.45,-1503.545703
1.451,-1502.036876
1.452,-1500.531899
1.453,-1499.030756
1.454,-1497.533429
1.455,-1496.039904
1.456,-1494.550163
1.457,-1493.064191
1.458,-1491.581971
1.459,-1490.103489
1.46,-1488.628727
1.461,-1487.157671
1.462,-1485.690304
1.463,-1484.226611
1.464,-1482.766578
1.465,-1481.310187
1.466,-1479.857425
1.467,-1478.408276
1.468,-1476.962724
1.469,-1475.520755
1.47,-1474.082354
1.471,-1472.647506
1.472,-1471.216197
1.473,-1469.78841
1.474,-1468.364133
1.475,-1466.94335
1.476,-1465.526046
1.477,-1464.112209
1.478,-1462.701822
1.479,-1461.294872
1.48,-1459.891345
1.481,-1458.491227
1.482,-1457.094504
1.483,-1455.701161
1.484,-1454.311186
1.485,-1452.924564
1.486,-1451.541281
1.487,-1450.161324
1.488,-1448.784679
1.489,-1447.411333
1.49,-1446.041273
1.491,-1444.674485
1.492,-1443.310955
1.493,-1441.950671
1.494,-1440.59362
1.495,-1439.239788
1.496,-1437.889163
1.497,-1436.541731
1.498,-1435.19748
1.499,-1433.856397
1.5,-1432.518469
1.501,-1431.183684
1.502,-1429.852028
1.503,-1428.523491
1.504,-1427.198058
1.505,-1425.875718
1.506,-1424.556458
1.507,-1423.240266
1.508,-1421.927131
1.509,-1420.617039
1.51,-1419.309979
1.511,-1418.005938
1.512,-1416.704905
1.513,-1415.406869
1.514,-1414.111816
1.515,-1412.819736
1.516,-1411.530616
1.517,-1410.244446
1.518,-1408.961213
1.519,-1407.680906
1.52,-1406.403513
1.521,-1405.129024
1.522,-1403.857426
1.523,-1402.588709
1.524,-1401.322861
1.525,-1400.059872
1.526,-1398.79973
1.527,-1397.542423
1.528,-1396.287942
1.529,-1395.036274
1.53,-1393.78741
1.531,-1392.541339
1.532,-1391.298049
1.533,-1390.05753
1.534,-1388.819771
1.535,-1387.584762
1.536,-1386.352492
1.537,-1385.122951
1.538,-1383.896128
1.539,-1382.672013
1.54,-1381.450596
1.541,-1380.231865
1.542,-1379.015812
1.543,-1377.802425
1.544,-1376.591696
1.545,-1375.383612
1.546,-1374.178166
1.547,-1372.975346
1.548,-1371.775142
1.549,-1370.577546
1.55,-1369.382546
1.551,-1368.190134
1.552,-1367.000299
1.553,-1365.813032
1.554,-1364.628323
1.555,-1363.446163
1.556,-1362.266542
1.557,-1361.08945
1.558,-1359.914879
1.559,-1358.742818
1.56,-1357.573259
1.561,-1356.406191
1.562,-1355.241607
1.563,-1354.079496
1.564,-1352.91985
1.565,-1351.762659
1.566,-1350.607914
1.567,-1349.455607
1.568,-1348.305727
1.569,-1347.158267
1.57,-1346.013218
1.571,-1344.87057
1.572,-1343.730314
1.573,-1342.592443
1.574,-1341.456947
1.575,-1340.323818
1.576,-1339.193046
1.577,-1338.064624
1.578,-1336.938542
1.579,-1335.814793
1.58,-1334.693368
1.581,-1333.574258
1.582,-1332.457455
1.583,-1331.34295
1.584,-1330.230736
1.585,-1329.120804
1.586,-1328.013145
1.587,-1326.907753
1.588,-1325.804617
1.589,-1324.703731
1.59,-1323.605086
1.591,-1322.508675
1.592,-1321.414489
1.593,-1320.32252
1.594,-1319.23276
1.595,-1318.145202
1.596,-1317.059837
1.597,-1315.976659
1.598,-1314.895658
1.599,-1313.816828
1.6,-1312.74016
1.601,-1311.665647
1.602,-1310.593282
1.603,-1309.523056
1.604,-1308.454963
1.605,-1307.388994
1.606,-1306.325142
1.607,-1305.263401
1.608,-1304.203761
1.609,-1303.146217
1.61,-1302.09076
1.611,-1301.037383
1.612,-1299.98608
1.613,-1298.936842
1.614,-1297.889663
1.615,-1296.844536
1.616,-1295.801452
1.617,-1294.760406
1.618,-1293.72139
1.619,-1292.684397
1.62,-1291.649421
1.621,-1290.616453
1.622,-1289.585488
1.623,-1288.556517
1.624,-1287.529536
1.625,-1286.504536
1.626,-1285.48151
1.627,-1284.460453
1.628,-1283.441357
1.629,-1282.424215
1.63,-1281.409021
1.631,-1280.395768
1.632,-1279.38445
1.633,-1278.37506
1.634,-1277.367591
1.635,-1276.362037
1.636,-1275.358391
1.637,-1274.356648
1.638,-1273.356799
1.639,-1272.35884
1.64,-1271.362764
1.641,-1270.368563
1.642,-1269.376233
1.643,-1268.385766
1.644,-1267.397157
1.645,-1266.410399
1.646,-1265.425485
1.647,-1264.442411
1.648,-1263.461169
1.649,-1262.481754
1.65,-1261.504159
1.651,-1260.528378
1.652,-1259.554405
1.653,-1258.582235
1.654,-1257.611861
1.655,-1256.643277
1.656,-1255.676478
1.657,-1254.711457
1.658,-1253.748209
1.659,-1252.786727
1.66,-1251.827006
1.661,-1250.86904
1.662,-1249.912824
1.663,-1248.958351
1.664,-1248.005616
1.665,-1247.054613
1.666,-1246.105336
1.667,-1245.15778
1.668,-1244.21194
1.669,-1243.267809
1.67,-1242.325382
1.671,-1241.384653
1.672,-1240.445617
1.673,-1239.508269
1.674,-1238.572602
1.675,-1237.638612
1.676,-1236.706293
1.677,-1235.77564
1.678,-1234.846647
1.679,-1233.919309
1.68,-1232.99362
1.681,-1232.069576
1.682,-1231.147171
1.683,-1230.226399
1.684,-1229.307256
1.685,-1228.389736
1.686,-1227.473834
1.687,-1226.559546
1.688,-1225.646864
1.689,-1224.735786
1.69,-1223.826305
1.691,-1222.918416
1.692,-1222.012115
1.693,-1221.107396
1.694,-1220.204255
1.695,-1219.302686
1.696,-1218.402684
1.697,-1217.504245
1.698,-1216.607363
1.699,-1215.712033
1.7,-1214.818252
1.701,-1213.926013
1.702,-1213.035312
1.703,-1212.146144
1.704,-1211.258505
1.705,-1210.37239
1.706,-1209.487793
1.707,-1208.60471
1.708,-1207.723136
1.709,-1206.843068
1.71,-1205.964499
1.711,-1205.087425
1.712,-1204.211843
1.713,-1203.337746
1.714,-1202.465131
1.715,-1201.593992
1.716,-1200.724326
1.717,-1199.856128
1.718,-1198.989393
1.719,-1198.124117
1.72,-1197.260295
1.721,-1196.397923
1.722,-1195.536997
1.723,-1194.677511
1.724,-1193.819462
1.725,-1192.962845
1.726,-1192.107656
1.727,-1191.25389
1.728,-1190.401543
1.729,-1189.550611
1.73,-1188.70109
1.731,-1187.852975
1.732,-1187.006262
1.733,-1186.160946
1.734,-1185.317024
1.735,-1184.474492
1.736,-1183.633344
1.737,-1182.793578
1.738,-1181.955188
1.739,-1181.118171
1.74,-1180.282522
1.741,-1179.448238
1.742,-1178.615314
1.743,-1177.783746
1.744,-1176.953531
1.745,-1176.124664
1.746,-1175.297141
1.747,-1174.470958
1.748,-1173.646111
1.749,-1172.822597
1.75,-1172.00041
1.751,-1171.179549
1.752,-1170.360007
1.753,-1169.541782
1.754,-1168.72487
1.755,-1167.909267
1.756,-1167.094968
1.757,-1166.281971
1.758,-1165.47027
1.759,-1164.659864
1.76,-1163.850747
1.761,-1163.042915
1.762,-1162.236366
1.763,-1161.431096
1.764,-1160.6271
1.765,-1159.824375
1.766,-1159.022917
1.767,-1158.222723
1.768,-1157.423788
1.769,-1156.62611
1.77,-1155.829685
1.771,-1155.034509
1.772,-1154.240578
1.773,-1153.447888
1.774,-1152.656437
1.775,-1151.866221
1.776,-1151.077236
1.777,-1150.289478
1.778,-1149.502945
1.779,-1148.717631
1.78,-1147.933536
1.781,-1147.150653
1.782,-1146.368981
1.783,-1145.588515
1.784,-1144.809253
1.785,-1144.03119
1.786,-1143.254324
1.787,-1142.478651
1.788,-1141.704167
1.789,-1140.93087
1.79,-1140.158756
1.791,-1139.387821
1.792,-1138.618062
1.793,-1137.849477
1.794,-1137.082061
1.795,-1136.315811
1.796,-1135.550725
1.797,-1134.786798
1.798,-1134.024028
1.799,-1133.262411
1.8,-1132.501944
1.801,-1131.742625
1.802,-1130.984449
1.803,-1130.227413
1.804,-1129.471515
1.805,-1128.716751
1.806,-1127.963118
1.807,-1127.210613
1.808,-1126.459233
1.809,-1125.708974
1.81,-1124.959834
1.811,-1124.21181
1.812,-1123.464898
1.813,-1122.719095
1.814,-1121.974399
1.815,-1121.230806
1.816,-1120.488314
1.817,-1119.746918
1.818,-1119.006617
1.819,-1118.267408
1.82,-1117.529286
1.821,-1116.79225
1.822,-1116.056296
1.823,-1115.321422
1.824,-1114.587624
1.825,-1113.8549
1.826,-1113.123247
1.827,-1112.392661
1.828,-1111.663141
1.829,-1110.934682
1.83,-1110.207283
1.831,-1109.48094
1.832,-1108.75565
1.833,-1108.031411
1.834,-1107.30822
1.835,-1106.586074
1.836,-1105.864971
1.837,-1105.144906
1.838,-1104.425879
1.839,-1103.707885
1.84,-1102.990923
1.841,-1102.274989
1.842,-1101.560081
1.843,-1100.846195
1.844,-1100.133331
1.845,-1099.421483
1.846,-1098.710651
1.847,-1098.000831
1.848,-1097.29202
1.849,-1096.584216
1.85,-1095.877417
1.851,-1095.171619
1.852,-1094.46682
1.853,-1093.763017
1.854,-1093.060208
1.855,-1092.358391
1.856,-1091.657562
1.857,-1090.957719
1.858,-1090.258859
1.859,-1089.56098
1.86,-1088.86408
1.861,-1088.168155
1.862,-1087.473204
1.863,-1086.779223
1.864,-1086.086211
1.865,-1085.394164
1.866,-1084.703081
1.867,-1084.012958
1.868,-1083.323793
1.869,-1082.635585
1.87,-1081.94833
1.871,-1081.262025
1.872,-1080.576669
1.873,-1079.89226
1.874,-1079.208793
1.875,-1078.526269
1.876,-1077.844683
1.877,-1077.164033
1.878,-1076.484317
1.879,-1075.805534
1.88,-1075.127679
1.881,-1074.450752
1.882,-1073.774749
1.883,-1073.099668
1.884,-1072.425508
1.885,-1071.752265
1.886,-1071.079937
1.887,-1070.408523
1.888,-1069.738019
1.889,-1069.068423
1.89,-1068.399734
1.891,-1067.731949
1.892,-1067.065066
1.893,-1066.399081
1.894,-1065.733995
1.895,-1065.069803
1.896,-1064.406503
1.897,-1063.744094
1.898,-1063.082574
1.899,-1062.42194
1.9,-1061.762189
1.901,-1061.10332
1.902,-1060.445331
1.903,-1059.788219
1.904,-1059.131982
1.905,-1058.476619
1.906,-1057.822126
1.907,-1057.168502
1.908,-1056.515745
1.909,-1055.863852
1.91,-1055.212821
1.911,-1054.562651
1.912,-1053.913339
1.913,-1053.264884
1.914,-1052.617282
1.915,-1051.970532
1.916,-1051.324632
1.917,-1050.67958
1.918,-1050.035374
1.919,-1049.392011
1.92,-1048.74949
1.921,-1048.107809
1.922,-1047.466965
1.923,-1046.826957
1.924,-1046.187783
1.925,-1045.54944
1.926,-1044.911927
1.927,-1044.275241
1.928,-1043.639381
1.929,-1043.004345
1.93,-1042.370131
1.931,-1041.736736
1.932,-1041.104159
1.933,-1040.472398
1.934,-1039.841451
1.935,-1039.211316
1.936,-1038.581991
1.937,-1037.953474
1.938,-1037.325763
1.939,-1036.698857
1.94,-1036.072753
1.941,-1035.44745
1.942,-1034.822945
1.943,-1034.199237
1.944,-1033.576324
1.945,-1032.954204
1.946,-1032.332876
1.947,-1031.712336
1.948,-1031.092585
1.949,-1030.473619
1.95,-1029.855436
1.951,-1029.238036
1.952,-1028.621416
1.953,-1028.005575
1.954,-1027.39051
1.955,-1026.77622
1.956,-1026.162703
1.957,-1025.549957
1.958,-1024.93798
1.959,-1024.326772
1.96,-1023.716329
1.961,-1023.10665
1.962,-1022.497734
1.963,-1021.889579
1.964,-1021.282182
1.965,-1020.675542
1.966,-1020.069658
1.967,-1019.464528
1.968,-1018.86015
1.969,-1018.256522
1.97,-1017.653642
1.971,-1017.05151
1.972,-1016.450123
1.973,-1015.849479
1.974,-1015.249577
1.975,-1014.650415
1.976,-1014.051992
1.977,-1013.454306
1.978,-1012.857355
1.979,-1012.261137
1.98,-1011.665651
1.981,-1011.070895
1.982,-1010.476869
1.983,-1009.883569
1.984,-1009.290994
1.985,-1008.699143
1.986,-1008.108014
1.987,-1007.517606
1.988,-1006.927916
1.989,-1006.338944
1.99,-1005.750688
1.991,-1005.163146
1.992,-1004.576316
1.993,-1003.990198
1.994,-1003.404788
1.995,-1002.820087
1.996,-1002.236092
1.997,-1001.652802
1.998,-1001.070214
1.999,-1000.488329
2,-999.9071436
2.001,-999.3266568
2.002,-998.7468671
2.003,-998.1677729
2.004,-997.5893728
2.005,-997.0116652
2.006,-996.4346486
2.007,-995.8583215
2.008,-995.2826824
2.009,-994.7077298
2.01,-994.1334623
2.011,-993.5598783
2.012,-992.9869765
2.013,-992.4147552
2.014,-991.8432131
2.015,-991.2723486
2.016,-990.7021604
2.017,-990.132647
2.018,-989.5638069
2.019,-988.9956388
2.02,-988.428141
2.021,-987.8613124
2.022,-987.2951513
2.023,-986.7296564
2.024,-986.1648262
2.025,-985.6006594
2.026,-985.0371546
2.027,-984.4743103
2.028,-983.9121251
2.029,-983.3505977
2.03,-982.7897267
2.031,-982.2295106
2.032,-981.6699482
2.033,-981.1110379
2.034,-980.5527786
2.035,-979.9951687
2.036,-979.4382069
2.037,-978.881892
2.038,-978.3262224
2.039,-977.7711969
2.04,-977.2168141
2.041,-976.6630728
2.042,-976.1099715
2.043,-975.5575089
2.044,-975.0056837
2.045,-974.4544946
2.046,-973.9039403
2.047,-973.3540194
2.048,-972.8047306
2.049,-972.2560727
2.05,-971.7080444
2.051,-971.1606443
2.052,-970.6138711
2.053,-970.0677236
2.054,-969.5222005
2.055,-968.9773005
2.056,-968.4330223
2.057,-967.8893647
2.058,-967.3463263
2.059,-966.8039061
2.06,-966.2621025
2.061,-965.7209145
2.062,-965.1803408
2.063,-964.6403801
2.064,-964.1010312
2.065,-963.5622928
2.066,-963.0241638
2.067,-962.4866428
2.068,-961.9497287
2.069,-961.4134202
2.07,-960.8777162
2.071,-960.3426153
2.072,-959.8081165
2.073,-959.2742184
2.074,-958.7409199
2.075,-958.2082199
2.076,-957.676117
2.077,-957.1446101
2.078,-956.613698
2.079,-956.0833796
2.08,-955.5536536
2.081,-955.0245189
2.082,-954.4959743
2.083,-953.9680186
2.084,-953.4406508
2.085,-952.9138695
2.086,-952.3876737
2.087,-951.8620622
2.088,-951.3370339
2.089,-950.8125876
2.09,-950.2887221
2.091,-949.7654364
2.092,-949.2427293
2.093,-948.7205996
2.094,-948.1990463
2.095,-947.6780682
2.096,-947.1576642
2.097,-946.6378331
2.098,-946.1185739
2.099,-945.5998855
2.1,-945.0817667
2.101,-944.5642164
2.102,-944.0472336
2.103,-943.5308172
2.104,-943.014966
2.105,-942.4996789
2.106,-941.984955
2.107,-941.470793
2.108,-940.9571919
2.109,-940.4441507
2.11,-939.9316683
2.111,-939.4197435
2.112,-938.9083754
2.113,-938.3975628
2.114,-937.8873048
2.115,-937.3776002
2.116,-936.868448
2.117,-936.3598472
2.118,-935.8517967
2.119,-935.3442954
2.12,-934.8373424
2.121,-934.3309366
2.122,-933.8250769
2.123,-933.3197623
2.124,-932.8149919
2.125,-932.3107645
2.126,-931.8070791
2.127,-931.3039348
2.128,-930.8013306
2.129,-930.2992653
2.13,-929.7977381
2.131,-929.2967478
2.132,-928.7962935
2.133,-928.2963743
2.134,-927.796989
2.135,-927.2981367
2.136,-926.7998165
2.137,-926.3020273
2.138,-925.8047681
2.139,-925.3080381
2.14,-924.8118361
2.141,-924.3161612
2.142,-923.8210124
2.143,-923.3263889
2.144,-922.8322895
2.145,-922.3387134
2.146,-921.8456596
2.147,-921.3531271
2.148,-920.861115
2.149,-920.3696223
2.15,-919.8786481
2.151,-919.3881914
2.152,-918.8982513
2.153,-918.4088268
2.154,-917.9199171
2.155,-917.4315211
2.156,-916.9436379
2.157,-916.4562667
2.158,-915.9694065
2.159,-915.4830563
2.16,-914.9972153
2.161,-914.5118825
2.162,-914.027057
2.163,-913.5427379
2.164,-913.0589243
2.165,-912.5756153
2.166,-912.0928099
2.167,-911.6105074
2.168,-911.1287067
2.169,-910.647407
2.17,-910.1666074
2.171,-909.6863069
2.172,-909.2065048
2.173,-908.7272001
2.174,-908.248392
2.175,-907.7700795
2.176,-907.2922618
2.177,-906.814938
2.178,-906.3381072
2.179,-905.8617686
2.18,-905.3859213
2.181,-904.9105644
2.182,-904.4356971
2.183,-903.9613185
2.184,-903.4874278
2.185,-903.014024
2.186,-902.5411064
2.187,-902.0686741
2.188,-901.5967262
2.189,-901.125262
2.19,-900.6542805
2.191,-900.1837809
2.192,-899.7137624
2.193,-899.2442241
2.194,-898.7751652
2.195,-898.306585
2.196,-897.8384825
2.197,-897.3708569
2.198,-896.9037074
2.199,-896.4370332
2.2,-895.9708334
2.201,-895.5051074
2.202,-895.0398541
2.203,-894.5750729
2.204,-894.1107629
2.205,-893.6469233
2.206,-893.1835533
2.207,-892.7206521
2.208,-892.2582189
2.209,-891.7962529
2.21,-891.3347533
2.211,-890.8737193
2.212,-890.4131502
2.213,-889.9530451
2.214,-889.4934032
2.215,-889.0342238
2.216,-888.5755061
2.217,-888.1172493
2.218,-887.6594526
2.219,-887.2021153
2.22,-886.7452365
2.221,-886.2888156
2.222,-885.8328517
2.223,-885.377344
2.224,-884.9222919
2.225,-884.4676945
2.226,-884.0135511
2.227,-883.5598609
2.228,-883.1066232
2.229,-882.6538372
2.23,-882.2015022
2.231,-881.7496174
2.232,-881.298182
2.233,-880.8471954
2.234,-880.3966568
2.235,-879.9465654
2.236,-879.4969205
2.237,-879.0477213
2.238,-878.5989672
2.239,-878.1506574
2.24,-877.7027911
2.241,-877.2553677
2.242,-876.8083864
2.243,-876.3618465
2.244,-875.9157472
2.245,-875.4700879
2.246,-875.0248677
2.247,-874.5800861
2.248,-874.1357423
2.249,-873.6918356
2.25,-873.2483652
2.251,-872.8053304
2.252,-872.3627307
2.253,-871.9205651
2.254,-871.4788331
2.255,-871.0375339
2.256,-870.5966669
2.257,-870.1562313
2.258,-869.7162265
2.259,-869.2766517
2.26,-868.8375063
2.261,-868.3987895
2.262,-867.9605008
2.263,-867.5226393
2.264,-867.0852044
2.265,-866.6481955
2.266,-866.2116118
2.267,-865.7754526
2.268,-865.3397174
2.269,-864.9044054
2.27,-864.4695159
2.271,-864.0350483
2.272,-863.6010019
2.273,-863.1673761
2.274,-862.7341701
2.275,-862.3013833
2.276,-861.869015
2.277,-861.4370647
2.278,-861.0055315
2.279,-860.574415
2.28,-860.1437143
2.281,-859.7134289
2.282,-859.2835581
2.283,-858.8541012
2.284,-858.4250577
2.285,-857.9964268
2.286,-857.5682079
2.287,-857.1404004
2.288,-856.7130036
2.289,-856.2860169
2.29,-855.8594397
2.291,-855.4332712
2.292,-855.007511
2.293,-854.5821583
2.294,-854.1572125
2.295,-853.732673
2.296,-853.3085391
2.297,-852.8848103
2.298,-852.4614859
2.299,-852.0385652
2.3,-851.6160477
2.301,-851.1939328
2.302,-850.7722198
2.303,-850.350908
2.304,-849.929997
2.305,-849.5094861
2.306,-849.0893746
2.307,-848.6696619
2.308,-848.2503475
2.309,-847.8314308
2.31,-847.412911
2.311,-846.9947877
2.312,-846.5770602
2.313,-846.159728
2.314,-845.7427903
2.315,-845.3262467
2.316,-844.9100966
2.317,-844.4943392
2.318,-844.0789741
2.319,-843.6640007
2.32,-843.2494183
2.321,-842.8352263
2.322,-842.4214243
2.323,-842.0080115
2.324,-841.5949875
2.325,-841.1823516
2.326,-840.7701033
2.327,-840.3582419
2.328,-839.9467669
2.329,-839.5356777
2.33,-839.1249738
2.331,-838.7146545
2.332,-838.3047193
2.333,-837.8951677
2.334,-837.485999
2.335,-837.0772127
2.336,-836.6688082
2.337,-836.2607849
2.338,-835.8531424
2.339,-835.4458799
2.34,-835.0389971
2.341,-834.6324932
2.342,-834.2263678
2.343,-833.8206203
2.344,-833.4152501
2.345,-833.0102567
2.346,-832.6056395
2.347,-832.2013981
2.348,-831.7975317
2.349,-831.3940399
2.35,-830.9909222
2.351,-830.5881779
2.352,-830.1858066
2.353,-829.7838077
2.354,-829.3821806
2.355,-828.9809249
2.356,-828.5800399
2.357,-828.1795252
2.358,-827.7793802
2.359,-827.3796043
2.36,-826.9801971
2.361,-826.581158
2.362,-826.1824865
2.363,-825.784182
2.364,-825.386244
2.365,-824.988672
2.366,-824.5914655
2.367,-824.1946239
2.368,-823.7981467
2.369,-823.4020335
2.37,-823.0062836
2.371,-822.6108965
2.372,-822.2158718
2.373,-821.8212089
2.374,-821.4269073
2.375,-821.0329665
2.376,-820.6393859
2.377,-820.2461652
2.378,-819.8533036
2.379,-819.4608009
2.38,-819.0686563
2.381,-818.6768695
2.382,-818.2854399
2.383,-817.894367
2.384,-817.5036504
2.385,-817.1132894
2.386,-816.7232837
2.387,-816.3336326
2.388,-815.9443358
2.389,-815.5553927
2.39,-815.1668028
2.391,-814.7785657
2.392,-814.3906807
2.393,-814.0031475
2.394,-813.6159656
2.395,-813.2291344
2.396,-812.8426535
2.397,-812.4565223
2.398,-812.0707405
2.399,-811.6853074
2.4,-811.3002227
2.401,-810.9154858
2.402,-810.5310963
2.403,-810.1470537
2.404,-809.7633574
2.405,-809.3800071
2.406,-808.9970022
2.407,-808.6143423
2.408,-808.2320268
2.409,-807.8500554
2.41,-807.4684275
2.411,-807.0871427
2.412,-806.7062005
2.413,-806.3256004
2.414,-805.945342
2.415,-805.5654247
2.416,-805.1858482
2.417,-804.806612
2.418,-804.4277155
2.419,-804.0491584
2.42,-803.6709401
2.421,-803.2930603
2.422,-802.9155184
2.423,-802.538314
2.424,-802.1614466
2.425,-801.7849158
2.426,-801.4087211
2.427,-801.0328621
2.428,-800.6573383
2.429,-800.2821493
2.43,-799.9072945
2.431,-799.5327737
2.432,-799.1585862
2.433,-798.7847317
2.434,-798.4112097
2.435,-798.0380197
2.436,-797.6651614
2.437,-797.2926343
2.438,-796.9204378
2.439,-796.5485717
2.44,-796.1770354
2.441,-795.8058285
2.442,-795.4349506
2.443,-795.0644012
2.444,-794.6941799
2.445,-794.3242863
2.446,-793.9547199
2.447,-793.5854803
2.448,-793.216567
2.449,-792.8479796
2.45,-792.4797177
2.451,-792.1117809
2.452,-791.7441687
2.453,-791.3768807
2.454,-791.0099165
2.455,-790.6432756
2.456,-790.2769576
2.457,-789.9109621
2.458,-789.5452887
2.459,-789.179937
2.46,-788.8149064
2.461,-788.4501967
2.462,-788.0858074
2.463,-787.721738
2.464,-787.3579881
2.465,-786.9945574
2.466,-786.6314454
2.467,-786.2686517
2.468,-785.9061759
2.469,-785.5440175
2.47,-785.1821762
2.471,-784.8206516
2.472,-784.4594431
2.473,-784.0985505
2.474,-783.7379734
2.475,-783.3777112
2.476,-783.0177636
2.477,-782.6581302
2.478,-782.2988106
2.479,-781.9398044
2.48,-781.5811111
2.481,-781.2227304
2.482,-780.8646619
2.483,-780.5069052
2.484,-780.1494598
2.485,-779.7923254
2.486,-779.4355016
2.487,-779.078988
2.488,-778.7227841
2.489,-778.3668896
2.49,-778.0113041
2.491,-777.6560272
2.492,-777.3010585
2.493,-776.9463976
2.494,-776.5920441
2.495,-776.2379977
2.496,-775.8842579
2.497,-775.5308243
2.498,-775.1776966
2.499,-774.8248743
2.5,-774.4723571
2.501,-774.1201447
2.502,-773.7682365
2.503,-773.4166323
2.504,-773.0653316
2.505,-772.714334
2.506,-772.3636393
2.507,-772.0132469
2.508,-771.6631566
2.509,-771.3133679
2.51,-770.9638805
2.511,-770.6146939
2.512,-770.2658079
2.513,-769.9172219
2.514,-769.5689358
2.515,-769.220949
2.516,-768.8732612
2.517,-768.525872
2.518,-768.1787812
2.519,-767.8319882
2.52,-767.4854927
2.521,-767.1392943
2.522,-766.7933928
2.523,-766.4477876
2.524,-766.1024785
2.525,-765.7574651
2.526,-765.412747
2.527,-765.0683238
2.528,-764.7241952
2.529,-764.3803608
2.53,-764.0368203
2.531,-763.6935733
2.532,-763.3506193
2.533,-763.0079582
2.534,-762.6655895
2.535,-762.3235128
2.536,-761.9817278
2.537,-761.6402341
2.538,-761.2990315
2.539,-760.9581194
2.54,-760.6174976
2.541,-760.2771657
2.542,-759.9371233
2.543,-759.5973702
2.544,-759.2579059
2.545,-758.9187301
2.546,-758.5798425
2.547,-758.2412426
2.548,-757.9029302
2.549,-757.5649049
2.55,-757.2271663
2.551,-756.8897141
2.552,-756.552548
2.553,-756.2156676
2.554,-755.8790725
2.555,-755.5427624
2.556,-755.2067371
2.557,-754.870996
2.558,-754.5355389
2.559,-754.2003655
2.56,-753.8654754
2.561,-753.5308682
2.562,-753.1965437
2.563,-752.8625014
2.564,-752.5287411
2.565,-752.1952623
2.566,-751.8620649
2.567,-751.5291483
2.568,-751.1965124
2.569,-750.8641567
2.57,-750.5320809
2.571,-750.2002848
2.572,-749.8687678
2.573,-749.5375298
2.574,-749.2065704
2.575,-748.8758893
2.576,-748.545486
2.577,-748.2153604
2.578,-747.885512
2.579,-747.5559406
2.58,-747.2266458
2.581,-746.8976272
2.582,-746.5688847
2.583,-746.2404177
2.584,-745.9122261
2.585,-745.5843094
2.586,-745.2566674
2.587,-744.9292997
2.588,-744.602206
2.589,-744.275386
2.59,-743.9488394
2.591,-743.6225658
2.592,-743.296565
2.593,-742.9708365
2.594,-742.6453801
2.595,-742.3201955
2.596,-741.9952823
2.597,-741.6706403
2.598,-741.346269
2.599,-741.0221683
2.6,-740.6983377
2.601,-740.374777
2.602,-740.0514859
2.603,-739.728464
2.604,-739.405711
2.605,-739.0832266
2.606,-738.7610105
2.607,-738.4390624
2.608,-738.117382
2.609,-737.7959689
2.61,-737.4748229
2.611,-737.1539436
2.612,-736.8333308
2.613,-736.5129841
2.614,-736.1929032
2.615,-735.8730878
2.616,-735.5535377
2.617,-735.2342524
2.618,-734.9152318
2.619,-734.5964754
2.62,-734.2779831
2.621,-733.9597544
2.622,-733.6417891
2.623,-733.3240869
2.624,-733.0066474
2.625,-732.6894705
2.626,-732.3725557
2.627,-732.0559028
2.628,-731.7395114
2.629,-731.4233814
2.63,-731.1075123
2.631,-730.7919039
2.632,-730.476556
2.633,-730.161468
2.634,-729.8466399
2.635,-729.5320713
2.636,-729.2177619
2.637,-728.9037114
2.638,-728.5899196
2.639,-728.276386
2.64,-727.9631105
2.641,-727.6500927
2.642,-727.3373323
2.643,-727.0248291
2.644,-726.7125828
2.645,-726.4005931
2.646,-726.0888596
2.647,-725.7773821
2.648,-725.4661604
2.649,-725.155194
2.65,-724.8444828
2.651,-724.5340264
2.652,-724.2238246
2.653,-723.9138771
2.654,-723.6041835
2.655,-723.2947437
2.656,-722.9855573
2.657,-722.676624
2.658,-722.3679435
2.659,-722.0595156
2.66,-721.75134
2.661,-721.4434165
2.662,-721.1357446
2.663,-720.8283242
2.664,-720.5211549
2.665,-720.2142365
2.666,-719.9075688
2.667,-719.6011513
2.668,-719.2949839
2.669,-718.9890663
2.67,-718.6833981
2.671,-718.3779792
2.672,-718.0728092
2.673,-717.7678879
2.674,-717.4632149
2.675,-717.1587901
2.676,-716.8546131
2.677,-716.5506837
2.678,-716.2470016
2.679,-715.9435664
2.68,-715.6403781
2.681,-715.3374362
2.682,-715.0347405
2.683,-714.7322907
2.684,-714.4300866
2.685,-714.1281279
2.686,-713.8264143
2.687,-713.5249456
2.688,-713.2237215
2.689,-712.9227416
2.69,-712.6220059
2.691,-712.3215139
2.692,-712.0212654
2.693,-711.7212602
2.694,-711.4214979
2.695,-711.1219784
2.696,-710.8227013
2.697,-710.5236665
2.698,-710.2248735
2.699,-709.9263222
2.7,-709.6280123
2.701,-709.3299436
2.702,-709.0321157
2.703,-708.7345284
2.704,-708.4371815
2.705,-708.1400747
2.706,-707.8432077
2.707,-707.5465803
2.708,-707.2501922
2.709,-706.9540431
2.71,-706.6581328
2.711,-706.3624611
2.712,-706.0670277
2.713,-705.7718323
2.714,-705.4768746
2.715,-705.1821545
2.716,-704.8876716
2.717,-704.5934257
2.718,-704.2994166
2.719,-704.0056439
2.72,-703.7121075
2.721,-703.4188071
2.722,-703.1257423
2.723,-702.8329131
2.724,-702.5403191
2.725,-702.2479601
2.726,-701.9558358
2.727,-701.6639459
2.728,-701.3722903
2.729,-701.0808686
2.73,-700.7896807
2.731,-700.4987262
2.732,-700.208005
2.733,-699.9175167
2.734,-699.6272611
2.735,-699.3372381
2.736,-699.0474472
2.737,-698.7578884
2.738,-698.4685612
2.739,-698.1794656
2.74,-697.8906012
2.741,-697.6019678
2.742,-697.3135652
2.743,-697.025393
2.744,-696.7374512
2.745,-696.4497393
2.746,-696.1622573
2.747,-695.8750047
2.748,-695.5879815
2.749,-695.3011873
2.75,-695.014622
2.751,-694.7282852
2.752,-694.4421767
2.753,-694.1562963
2.754,-693.8706438
2.755,-693.5852189
2.756,-693.3000213
2.757,-693.0150509
2.758,-692.7303073
2.759,-692.4457905
2.76,-692.1615
2.761,-691.8774357
2.762,-691.5935974
2.763,-691.3099848
2.764,-691.0265976
2.765,-690.7434357
2.766,-690.4604988
2.767,-690.1777866
2.768,-689.895299
2.769,-689.6130356
2.77,-689.3309964
2.771,-689.0491809
2.772,-688.7675891
2.773,-688.4862206
2.774,-688.2050752
2.775,-687.9241528
2.776,-687.643453
2.777,-687.3629756
2.778,-687.0827205
2.779,-686.8026873
2.78,-686.5228759
2.781,-686.243286
2.782,-685.9639173
2.783,-685.6847698
2.784,-685.405843
2.785,-685.1271369
2.786,-684.8486511
2.787,-684.5703855
2.788,-684.2923398
2.789,-684.0145138
2.79,-683.7369072
2.791,-683.4595199
2.792,-683.1823516
2.793,-682.9054021
2.794,-682.6286711
2.795,-682.3521585
2.796,-682.075864
2.797,-681.7997874
2.798,-681.5239285
2.799,-681.248287
2.8,-680.9728627
2.801,-680.6976555
2.802,-680.422665
2.803,-680.147891
2.804,-679.8733334
2.805,-679.5989919
2.806,-679.3248663
2.807,-679.0509563
2.808,-678.7772618
2.809,-678.5037826
2.81,-678.2305183
2.811,-677.9574689
2.812,-677.684634
2.813,-677.4120135
2.814,-677.1396071
2.815,-676.8674146
2.816,-676.5954358
2.817,-676.3236705
2.818,-676.0521185
2.819,-675.7807796
2.82,-675.5096534
2.821,-675.2387399
2.822,-674.9680388
2.823,-674.6975499
2.824,-674.427273
2.825,-674.1572078
2.826,-673.8873542
2.827,-673.6177119
2.828,-673.3482807
2.829,-673.0790604
2.83,-672.8100508
2.831,-672.5412518
2.832,-672.2726629
2.833,-672.0042842
2.834,-671.7361152
2.835,-671.468156
2.836,-671.2004061
2.837,-670.9328655
2.838,-670.6655338
2.839,-670.398411
2.84,-670.1314967
2.841,-669.8647908
2.842,-669.5982931
2.843,-669.3320034
2.844,-669.0659213
2.845,-668.8000469
2.846,-668.5343797
2.847,-668.2689197
2.848,-668.0036667
2.849,-667.7386203
2.85,-667.4737804
2.851,-667.2091469
2.852,-666.9447194
2.853,-666.6804978
2.854,-666.4164819
2.855,-666.1526715
2.856,-665.8890664
2.857,-665.6256663
2.858,-665.3624711
2.859,-665.0994806
2.86,-664.8366945
2.861,-664.5741127
2.862,-664.3117349
2.863,-664.049561
2.864,-663.7875907
2.865,-663.5258239
2.866,-663.2642604
2.867,-663.0028999
2.868,-662.7417422
2.869,-662.4807872
2.87,-662.2200346
2.871,-661.9594842
2.872,-661.6991359
2.873,-661.4389895
2.874,-661.1790447
2.875,-660.9193013
2.876,-660.6597592
2.877,-660.4004181
2.878,-660.1412779
2.879,-659.8823384
2.88,-659.6235993
2.881,-659.3650604
2.882,-659.1067217
2.883,-658.8485828
2.884,-658.5906435
2.885,-658.3329037
2.886,-658.0753633
2.887,-657.8180219
2.888,-657.5608793
2.889,-657.3039355
2.89,-657.0471902
2.891,-656.7906432
2.892,-656.5342943
2.893,-656.2781433
2.894,-656.02219
2.895,-655.7664342
2.896,-655.5108758
2.897,-655.2555146
2.898,-655.0003503
2.899,-654.7453827
2.9,-654.4906117
2.901,-654.2360371
2.902,-653.9816587
2.903,-653.7274763
2.904,-653.4734897
2.905,-653.2196986
2.906,-652.9661031
2.907,-652.7127027
2.908,-652.4594974
2.909,-652.2064869
2.91,-651.9536712
2.911,-651.7010498
2.912,-651.4486228
2.913,-651.1963899
2.914,-650.9443509
2.915,-650.6925056
2.916,-650.4408538
2.917,-650.1893954
2.918,-649.9381302
2.919,-649.6870579
2.92,-649.4361784
2.921,-649.1854915
2.922,-648.9349971
2.923,-648.6846948
2.924,-648.4345847
2.925,-648.1846663
2.926,-647.9349397
2.927,-647.6854045
2.928,-647.4360607
2.929,-647.186908
2.93,-646.9379462
2.931,-646.6891751
2.932,-646.4405947
2.933,-646.1922046
2.934,-645.9440047
2.935,-645.6959949
2.936,-645.4481749
2.937,-645.2005445
2.938,-644.9531037
2.939,-644.7058521
2.94,-644.4587896
2.941,-644.2119161
2.942,-643.9652314
2.943,-643.7187352
2.944,-643.4724273
2.945,-643.2263077
2.946,-642.9803762
2.947,-642.7346325
2.948,-642.4890764
2.949,-642.2437079
2.95,-641.9985267
2.951,-641.7535326
2.952,-641.5087254
2.953,-641.2641051
2.954,-641.0196713
2.955,-640.775424
2.956,-640.5313629
2.957,-640.2874879
2.958,-640.0437988
2.959,-639.8002954
2.96,-639.5569775
2.961,-639.313845
2.962,-639.0708977
2.963,-638.8281354
2.964,-638.5855579
2.965,-638.3431651
2.966,-638.1009568
2.967,-637.8589328
2.968,-637.6170929
2.969,-637.375437
2.97,-637.1339649
2.971,-636.8926764
2.972,-636.6515713
2.973,-636.4106495
2.974,-636.1699108
2.975,-635.929355
2.976,-635.688982
2.977,-635.4487915
2.978,-635.2087835
2.979,-634.9689577
2.98,-634.7293139
2.981,-634.489852
2.982,-634.2505719
2.983,-634.0114733
2.984,-633.772556
2.985,-633.53382
2.986,-633.295265
2.987,-633.0568909
2.988,-632.8186975
2.989,-632.5806846
2.99,-632.342852
2.991,-632.1051996
2.992,-631.8677273
2.993,-631.6304348
2.994,-631.393322
2.995,-631.1563887
2.996,-630.9196347
2.997,-630.6830599
2.998,-630.4466641
2.999,-630.2104472
3,-629.9744089
3.001,-629.7385491
3.002,-629.5028677
3.003,-629.2673645
3.004,-629.0320392
3.005,-628.7968918
3.006,-628.561922
3.007,-628.3271298
3.008,-628.0925149
3.009,-627.8580772
3.01,-627.6238165
3.011,-627.3897327
3.012,-627.1558255
3.013,-626.9220948
3.014,-626.6885405
3.015,-626.4551624
3.016,-626.2219603
3.017,-625.9889341
3.018,-625.7560836
3.019,-625.5234086
3.02,-625.2909089
3.021,-625.0585845
3.022,-624.8264351
3.023,-624.5944607
3.024,-624.3626609
3.025,-624.1310357
3.026,-623.8995849
3.027,-623.6683083
3.028,-623.4372058
3.029,-623.2062772
3.03,-622.9755224
3.031,-622.7449412
3.032,-622.5145334
3.033,-622.2842988
3.034,-622.0542374
3.035,-621.8243489
3.036,-621.5946333
3.037,-621.3650902
3.038,-621.1357196
3.039,-620.9065214
3.04,-620.6774953
3.041,-620.4486412
3.042,-620.2199589
3.043,-619.9914483
3.044,-619.7631092
3.045,-619.5349415
3.046,-619.306945
3.047,-619.0791195
3.048,-618.851465
3.049,-618.6239811
3.05,-618.3966679
3.051,-618.169525
3.052,-617.9425524
3.053,-617.71575
3.054,-617.4891174
3.055,-617.2626547
3.056,-617.0363616
3.057,-616.810238
3.058,-616.5842837
3.059,-616.3584986
3.06,-616.1328825
3.061,-615.9074353
3.062,-615.6821568
3.063,-615.4570468
3.064,-615.2321053
3.065,-615.0073319
3.066,-614.7827267
3.067,-614.5582894
3.068,-614.3340199
3.069,-614.109918
3.07,-613.8859836
3.071,-613.6622165
3.072,-613.4386166
3.073,-613.2151838
3.074,-612.9919177
3.075,-612.7688184
3.076,-612.5458857
3.077,-612.3231194
3.078,-612.1005193
3.079,-611.8780853
3.08,-611.6558173
3.081,-611.4337151
3.082,-611.2117786
3.083,-610.9900075
3.084,-610.7684018
3.085,-610.5469613
3.086,-610.3256859
3.087,-610.1045754
3.088,-609.8836296
3.089,-609.6628484
3.09,-609.4422317
3.091,-609.2217793
3.092,-609.001491
3.093,-608.7813668
3.094,-608.5614064
3.095,-608.3416097
3.096,-608.1219766
3.097,-607.9025069
3.098,-607.6832004
3.099,-607.4640571
3.1,-607.2450768
3.101,-607.0262592
3.102,-606.8076044
3.103,-606.589112
3.104,-606.3707821
3.105,-606.1526144
3.106,-605.9346087
3.107,-605.716765
3.108,-605.4990832
3.109,-605.2815629
3.11,-605.0642042
3.111,-604.8470068
3.112,-604.6299706
3.113,-604.4130955
3.114,-604.1963813
3.115,-603.9798279
3.116,-603.7634351
3.117,-603.5472028
3.118,-603.3311309
3.119,-603.1152191
3.12,-602.8994674
3.121,-602.6838756
3.122,-602.4684436
3.123,-602.2531712
3.124,-602.0380583
3.125,-601.8231047
3.126,-601.6083103
3.127,-601.3936749
3.128,-601.1791985
3.129,-600.9648808
3.13,-600.7507217
3.131,-600.5367212
3.132,-600.3228789
3.133,-600.1091948
3.134,-599.8956688
3.135,-599.6823008
3.136,-599.4690904
3.137,-599.2560377
3.138,-599.0431425
3.139,-598.8304047
3.14,-598.617824
3.141,-598.4054004
3.142,-598.1931337
3.143,-597.9810238
3.144,-597.7690706
3.145,-597.5572739
3.146,-597.3456335
3.147,-597.1341493
3.148,-596.9228212
3.149,-596.7116491
3.15,-596.5006328
3.151,-596.2897721
3.152,-596.079067
3.153,-595.8685172
3.154,-595.6581227
3.155,-595.4478834
3.156,-595.2377989
3.157,-595.0278694
3.158,-594.8180945
3.159,-594.6084742
3.16,-594.3990083
3.161,-594.1896966
3.162,-593.9805392
3.163,-593.7715357
3.164,-593.5626861
3.165,-593.3539902
3.166,-593.145448
3.167,-592.9370592
3.168,-592.7288237
3.169,-592.5207414
3.17,-592.3128122
3.171,-592.1050359
3.172,-591.8974123
3.173,-591.6899414
3.174,-591.4826231
3.175,-591.2754571
3.176,-591.0684433
3.177,-590.8615816
3.178,-590.6548719
3.179,-590.4483141
3.18,-590.2419079
3.181,-590.0356533
3.182,-589.8295502
3.183,-589.6235983
3.184,-589.4177976
3.185,-589.2121479
3.186,-589.0066491
3.187,-588.8013011
3.188,-588.5961037
3.189,-588.3910568
3.19,-588.1861603
3.191,-587.981414
3.192,-587.7768178
3.193,-587.5723715
3.194,-587.3680751
3.195,-587.1639284
3.196,-586.9599313
3.197,-586.7560835
3.198,-586.5523851
3.199,-586.3488359
3.2,-586.1454357
3.201,-585.9421844
3.202,-585.7390819
3.203,-585.536128
3.204,-585.3333226
3.205,-585.1306657
3.206,-584.9281569
3.207,-584.7257963
3.208,-584.5235837
3.209,-584.321519
3.21,-584.1196019
3.211,-583.9178325
3.212,-583.7162106
3.213,-583.514736
3.214,-583.3134086
3.215,-583.1122282
3.216,-582.9111949
3.217,-582.7103083
3.218,-582.5095685
3.219,-582.3089752
3.22,-582.1085283
3.221,-581.9082278
3.222,-581.7080734
3.223,-581.5080651
3.224,-581.3082027
3.225,-581.1084861
3.226,-580.9089152
3.227,-580.7094898
3.228,-580.5102098
3.229,-580.3110751
3.23,-580.1120856
3.231,-579.913241
3.232,-579.7145414
3.233,-579.5159866
3.234,-579.3175764
3.235,-579.1193107
3.236,-578.9211894
3.237,-578.7232124
3.238,-578.5253795
3.239,-578.3276907
3.24,-578.1301457
3.241,-577.9327445
3.242,-577.7354869
3.243,-577.5383729
3.244,-577.3414022
3.245,-577.1445748
3.246,-576.9478905
3.247,-576.7513492
3.248,-576.5549508
3.249,-576.3586952
3.25,-576.1625822
3.251,-575.9666117
3.252,-575.7707837
3.253,-575.5750978
3.254,-575.3795541
3.255,-575.1841525
3.256,-574.9888927
3.257,-574.7937746
3.258,-574.5987983
3.259,-574.4039634
3.26,-574.2092699
3.261,-574.0147177
3.262,-573.8203067
3.263,-573.6260367
3.264,-573.4319075
3.265,-573.2379192
3.266,-573.0440715
3.267,-572.8503644
3.268,-572.6567976
3.269,-572.4633712
3.27,-572.2700849
3.271,-572.0769387
3.272,-571.8839324
3.273,-571.6910659
3.274,-571.4983391
3.275,-571.3057518
3.276,-571.113304
3.277,-570.9209954
3.278,-570.7288261
3.279,-570.5367959
3.28,-570.3449046
3.281,-570.1531521
3.282,-569.9615384
3.283,-569.7700633
3.284,-569.5787266
3.285,-569.3875282
3.286,-569.1964681
3.287,-569.0055462
3.288,-568.8147622
3.289,-568.624116
3.29,-568.4336077
3.291,-568.2432369
3.292,-568.0530037
3.293,-567.8629079
3.294,-567.6729493
3.295,-567.4831279
3.296,-567.2934435
3.297,-567.1038961
3.298,-566.9144854
3.299,-566.7252114
3.3,-566.536074
3.301,-566.3470731
3.302,-566.1582084
3.303,-565.96948
3.304,-565.7808876
3.305,-565.5924312
3.306,-565.4041107
3.307,-565.2159259
3.308,-565.0278768
3.309,-564.8399631
3.31,-564.6521848
3.311,-564.4645418
3.312,-564.2770339
3.313,-564.0896611
3.314,-563.9024232
3.315,-563.7153201
3.316,-563.5283517
3.317,-563.3415178
3.318,-563.1548184
3.319,-562.9682533
3.32,-562.7818224
3.321,-562.5955257
3.322,-562.4093629
3.323,-562.223334
3.324,-562.0374389
3.325,-561.8516773
3.326,-561.6660494
3.327,-561.4805548
3.328,-561.2951935
3.329,-561.1099654
3.33,-560.9248704
3.331,-560.7399083
3.332,-560.555079
3.333,-560.3703825
3.334,-560.1858186
3.335,-560.0013872
3.336,-559.8170881
3.337,-559.6329213
3.338,-559.4488867
3.339,-559.2649841
3.34,-559.0812134
3.341,-558.8975745
3.342,-558.7140673
3.343,-558.5306917
3.344,-558.3474476
3.345,-558.1643348
3.346,-557.9813533
3.347,-557.7985028
3.348,-557.6157835
3.349,-557.433195
3.35,-557.2507373
3.351,-557.0684102
3.352,-556.8862138
3.353,-556.7041478
3.354,-556.5222121
3.355,-556.3404067
3.356,-556.1587314
3.357,-555.977186
3.358,-555.7957706
3.359,-555.614485
3.36,-555.433329
3.361,-555.2523026
3.362,-555.0714056
3.363,-554.890638
3.364,-554.7099996
3.365,-554.5294903
3.366,-554.34911
3.367,-554.1688586
3.368,-553.988736
3.369,-553.8087421
3.37,-553.6288767
3.371,-553.4491398
3.372,-553.2695312
3.373,-553.0900508
3.374,-552.9106986
3.375,-552.7314744
3.376,-552.552378
3.377,-552.3734095
3.378,-552.1945686
3.379,-552.0158554
3.38,-551.8372695
3.381,-551.6588111
3.382,-551.4804798
3.383,-551.3022757
3.384,-551.1241987
3.385,-550.9462485
3.386,-550.7684252
3.387,-550.5907285
3.388,-550.4131585
3.389,-550.2357149
3.39,-550.0583977
3.391,-549.8812068
3.392,-549.704142
3.393,-549.5272033
3.394,-549.3503905
3.395,-549.1737035
3.396,-548.9971423
3.397,-548.8207067
3.398,-548.6443966
3.399,-548.4682119
3.4,-548.2921525
3.401,-548.1162183
3.402,-547.9404092
3.403,-547.7647251
3.404,-547.5891658
3.405,-547.4137313
3.406,-547.2384214
3.407,-547.0632361
3.408,-546.8881752
3.409,-546.7132387
3.41,-546.5384264
3.411,-546.3637382
3.412,-546.189174
3.413,-546.0147338
3.414,-545.8404173
3.415,-545.6662246
3.416,-545.4921554
3.417,-545.3182097
3.418,-545.1443874
3.419,-544.9706884
3.42,-544.7971126
3.421,-544.6236598
3.422,-544.45033
3.423,-544.277123
3.424,-544.1040388
3.425,-543.9310772
3.426,-543.7582382
3.427,-543.5855216
3.428,-543.4129274
3.429,-543.2404554
3.43,-543.0681055
3.431,-542.8958776
3.432,-542.7237716
3.433,-542.5517875
3.434,-542.379925
3.435,-542.2081842
3.436,-542.0365649
3.437,-541.8650669
3.438,-541.6936903
3.439,-541.5224348
3.44,-541.3513004
3.441,-541.180287
3.442,-541.0093945
3.443,-540.8386228
3.444,-540.6679718
3.445,-540.4974413
3.446,-540.3270313
3.447,-540.1567416
3.448,-539.9865722
3.449,-539.816523
3.45,-539.6465938
3.451,-539.4767846
3.452,-539.3070952
3.453,-539.1375256
3.454,-538.9680757
3.455,-538.7987453
3.456,-538.6295343
3.457,-538.4604427
3.458,-538.2914703
3.459,-538.1226171
3.46,-537.9538829
3.461,-537.7852677
3.462,-537.6167712
3.463,-537.4483936
3.464,-537.2801345
3.465,-537.111994
3.466,-536.9439719
3.467,-536.7760682
3.468,-536.6082827
3.469,-536.4406153
3.47,-536.2730659
3.471,-536.1056345
3.472,-535.9383209
3.473,-535.7711251
3.474,-535.6040469
3.475,-535.4370862
3.476,-535.2702429
3.477,-535.103517
3.478,-534.9369082
3.479,-534.7704167
3.48,-534.6040421
3.481,-534.4377845
3.482,-534.2716437
3.483,-534.1056197
3.484,-533.9397123
3.485,-533.7739214
3.486,-533.6082469
3.487,-533.4426888
3.488,-533.277247
3.489,-533.1119212
3.49,-532.9467115
3.491,-532.7816178
3.492,-532.6166399
3.493,-532.4517777
3.494,-532.2870312
3.495,-532.1224002
3.496,-531.9578847
3.497,-531.7934846
3.498,-531.6291997
3.499,-531.4650299
3.5,-531.3009752
3.501,-531.1370355
3.502,-530.9732106
3.503,-530.8095005
3.504,-530.6459051
3.505,-530.4824242
3.506,-530.3190578
3.507,-530.1558058
3.508,-529.9926681
3.509,-529.8296445
3.51,-529.666735
3.511,-529.5039396
3.512,-529.341258
3.513,-529.1786902
3.514,-529.0162361
3.515,-528.8538956
3.516,-528.6916686
3.517,-528.5295551
3.518,-528.3675548
3.519,-528.2056678
3.52,-528.0438938
3.521,-527.8822329
3.522,-527.720685
3.523,-527.5592499
3.524,-527.3979275
3.525,-527.2367177
3.526,-527.0756205
3.527,-526.9146358
3.528,-526.7537634
3.529,-526.5930032
3.53,-526.4323553
3.531,-526.2718194
3.532,-526.1113955
3.533,-525.9510834
3.534,-525.7908832
3.535,-525.6307946
3.536,-525.4708177
3.537,-525.3109522
3.538,-525.1511982
3.539,-524.9915554
3.54,-524.8320239
3.541,-524.6726035
3.542,-524.5132941
3.543,-524.3540957
3.544,-524.1950081
3.545,-524.0360313
3.546,-523.8771651
3.547,-523.7184095
3.548,-523.5597643
3.549,-523.4012296
3.55,-523.2428051
3.551,-523.0844908
3.552,-522.9262865
3.553,-522.7681923
3.554,-522.610208
3.555,-522.4523335
3.556,-522.2945688
3.557,-522.1369136
3.558,-521.979368
3.559,-521.8219319
3.56,-521.664605
3.561,-521.5073875
3.562,-521.3502791
3.563,-521.1932798
3.564,-521.0363895
3.565,-520.879608
3.566,-520.7229354
3.567,-520.5663714
3.568,-520.4099161
3.569,-520.2535693
3.57,-520.0973309
3.571,-519.9412008
3.572,-519.785179
3.573,-519.6292654
3.574,-519.4734598
3.575,-519.3177622
3.576,-519.1621724
3.577,-519.0066905
3.578,-518.8513162
3.579,-518.6960496
3.58,-518.5408904
3.581,-518.3858387
3.582,-518.2308944
3.583,-518.0760572
3.584,-517.9213272
3.585,-517.7667043
3.586,-517.6121884
3.587,-517.4577793
3.588,-517.303477
3.589,-517.1492814
3.59,-516.9951925
3.591,-516.84121
3.592,-516.687334
3.593,-516.5335643
3.594,-516.3799008
3.595,-516.2263436
3.596,-516.0728924
3.597,-515.9195471
3.598,-515.7663078
3.599,-515.6131742
3.6,-515.4601464
3.601,-515.3072242
3.602,-515.1544075
3.603,-515.0016963
3.604,-514.8490904
3.605,-514.6965898
3.606,-514.5441944
3.607,-514.391904
3.608,-514.2397187
3.609,-514.0876382
3.61,-513.9356626
3.611,-513.7837917
3.612,-513.6320255
3.613,-513.4803638
3.614,-513.3288066
3.615,-513.1773537
3.616,-513.0260052
3.617,-512.8747608
3.618,-512.7236206
3.619,-512.5725844
3.62,-512.4216521
3.621,-512.2708237
3.622,-512.120099
3.623,-511.9694781
3.624,-511.8189607
3.625,-511.6685468
3.626,-511.5182363
3.627,-511.3680292
3.628,-511.2179253
3.629,-511.0679245
3.63,-510.9180268
3.631,-510.7682321
3.632,-510.6185403
3.633,-510.4689512
3.634,-510.3194649
3.635,-510.1700813
3.636,-510.0208001
3.637,-509.8716214
3.638,-509.7225451
3.639,-509.5735711
3.64,-509.4246993
3.641,-509.2759296
3.642,-509.1272619
3.643,-508.9786962
3.644,-508.8302323
3.645,-508.6818701
3.646,-508.5336097
3.647,-508.3854508
3.648,-508.2373935
3.649,-508.0894376
3.65,-507.941583
3.651,-507.7938297
3.652,-507.6461775
3.653,-507.4986264
3.654,-507.3511764
3.655,-507.2038272
3.656,-507.0565788
3.657,-506.9094312
3.658,-506.7623843
3.659,-506.6154379
3.66,-506.468592
3.661,-506.3218466
3.662,-506.1752014
3.663,-506.0286565
3.664,-505.8822117
3.665,-505.7358669
3.666,-505.5896222
3.667,-505.4434774
3.668,-505.2974323
3.669,-505.151487
3.67,-505.0056413
3.671,-504.8598952
3.672,-504.7142486
3.673,-504.5687013
3.674,-504.4232534
3.675,-504.2779047
3.676,-504.1326551
3.677,-503.9875046
3.678,-503.842453
3.679,-503.6975004
3.68,-503.5526465
3.681,-503.4078914
3.682,-503.2632349
3.683,-503.1186769
3.684,-502.9742175
3.685,-502.8298564
3.686,-502.6855936
3.687,-502.5414291
3.688,-502.3973627
3.689,-502.2533943
3.69,-502.1095239
3.691,-501.9657514
3.692,-501.8220768
3.693,-501.6784998
3.694,-501.5350205
3.695,-501.3916388
3.696,-501.2483545
3.697,-501.1051677
3.698,-500.9620782
3.699,-500.8190859
3.7,-500.6761907
3.701,-500.5333926
3.702,-500.3906915
3.703,-500.2480874
3.704,-500.10558
3.705,-499.9631694
3.706,-499.8208554
3.707,-499.6786381
3.708,-499.5365172
3.709,-499.3944928
3.71,-499.2525646
3.711,-499.1107328
3.712,-498.9689971
3.713,-498.8273575
3.714,-498.685814
3.715,-498.5443663
3.716,-498.4030145
3.717,-498.2617585
3.718,-498.1205982
3.719,-497.9795335
3.72,-497.8385643
3.721,-497.6976906
3.722,-497.5569122
3.723,-497.4162291
3.724,-497.2756412
3.725,-497.1351485
3.726,-496.9947508
3.727,-496.8544481
3.728,-496.7142402
3.729,-496.5741272
3.73,-496.4341089
3.731,-496.2941852
3.732,-496.1543561
3.733,-496.0146215
3.734,-495.8749814
3.735,-495.7354355
3.736,-495.5959839
3.737,-495.4566265
3.738,-495.3173631
3.739,-495.1781938
3.74,-495.0391184
3.741,-494.9001369
3.742,-494.7612491
3.743,-494.622455
3.744,-494.4837546
3.745,-494.3451477
3.746,-494.2066342
3.747,-494.0682141
3.748,-493.9298874
3.749,-493.7916538
3.75,-493.6535135
3.751,-493.5154661
3.752,-493.3775118
3.753,-493.2396504
3.754,-493.1018818
3.755,-492.964206
3.756,-492.8266228
3.757,-492.6891323
3.758,-492.5517342
3.759,-492.4144286
3.76,-492.2772154
3.761,-492.1400945
3.762,-492.0030658
3.763,-491.8661292
3.764,-491.7292847
3.765,-491.5925321
3.766,-491.4558715
3.767,-491.3193026
3.768,-491.1828256
3.769,-491.0464401
3.77,-490.9101463
3.771,-490.773944
3.772,-490.6378332
3.773,-490.5018137
3.774,-490.3658855
3.775,-490.2300485
3.776,-490.0943026
3.777,-489.9586478
3.778,-489.8230839
3.779,-489.687611
3.78,-489.5522289
3.781,-489.4169375
3.782,-489.2817369
3.783,-489.1466268
3.784,-489.0116072
3.785,-488.8766781
3.786,-488.7418394
3.787,-488.6070909
3.788,-488.4724327
3.789,-488.3378646
3.79,-488.2033866
3.791,-488.0689985
3.792,-487.9347004
3.793,-487.8004921
3.794,-487.6663736
3.795,-487.5323448
3.796,-487.3984056
3.797,-487.2645559
3.798,-487.1307957
3.799,-486.9971249
3.8,-486.8635434
3.801,-486.7300511
3.802,-486.596648
3.803,-486.463334
3.804,-486.330109
3.805,-486.1969729
3.806,-486.0639257
3.807,-485.9309673
3.808,-485.7980976
3.809,-485.6653165
3.81,-485.5326241
3.811,-485.4000201
3.812,-485.2675045
3.813,-485.1350773
3.814,-485.0027383
3.815,-484.8704876
3.816,-484.7383249
3.817,-484.6062503
3.818,-484.4742637
3.819,-484.342365
3.82,-484.2105541
3.821,-484.078831
3.822,-483.9471955
3.823,-483.8156477
3.824,-483.6841874
3.825,-483.5528145
3.826,-483.4215291
3.827,-483.2903309
3.828,-483.15922
3.829,-483.0281962
3.83,-482.8972596
3.831,-482.76641
3.832,-482.6356473
3.833,-482.5049715
3.834,-482.3743825
3.835,-482.2438802
3.836,-482.1134646
3.837,-481.9831356
3.838,-481.852893
3.839,-481.722737
3.84,-481.5926673
3.841,-481.4626838
3.842,-481.3327867
3.843,-481.2029756
3.844,-481.0732507
3.845,-480.9436117
3.846,-480.8140587
3.847,-480.6845915
3.848,-480.5552102
3.849,-480.4259145
3.85,-480.2967045
3.851,-480.1675801
3.852,-480.0385412
3.853,-479.9095877
3.854,-479.7807196
3.855,-479.6519367
3.856,-479.5232391
3.857,-479.3946267
3.858,-479.2660993
3.859,-479.1376569
3.86,-479.0092995
3.861,-478.8810269
3.862,-478.7528391
3.863,-478.624736
3.864,-478.4967176
3.865,-478.3687837
3.866,-478.2409344
3.867,-478.1131695
3.868,-477.985489
3.869,-477.8578928
3.87,-477.7303808
3.871,-477.6029529
3.872,-477.4756092
3.873,-477.3483495
3.874,-477.2211737
3.875,-477.0940818
3.876,-476.9670737
3.877,-476.8401493
3.878,-476.7133086
3.879,-476.5865515
3.88,-476.4598779
3.881,-476.3332878
3.882,-476.206781
3.883,-476.0803576
3.884,-475.9540175
3.885,-475.8277605
3.886,-475.7015866
3.887,-475.5754958
3.888,-475.4494879
3.889,-475.3235629
3.89,-475.1977208
3.891,-475.0719614
3.892,-474.9462848
3.893,-474.8206907
3.894,-474.6951792
3.895,-474.5697502
3.896,-474.4444037
3.897,-474.3191394
3.898,-474.1939575
3.899,-474.0688578
3.9,-473.9438402
3.901,-473.8189047
3.902,-473.6940512
3.903,-473.5692796
3.904,-473.44459
3.905,-473.3199821
3.906,-473.1954559
3.907,-473.0710115
3.908,-472.9466486
3.909,-472.8223672
3.91,-472.6981674
3.911,-472.5740489
3.912,-472.4500117
3.913,-472.3260559
3.914,-472.2021812
3.915,-472.0783876
3.916,-471.9546751
3.917,-471.8310436
3.918,-471.707493
3.919,-471.5840232
3.92,-471.4606343
3.921,-471.3373261
3.922,-471.2140985
3.923,-471.0909515
3.924,-470.9678851
3.925,-470.8448991
3.926,-470.7219935
3.927,-470.5991682
3.928,-470.4764232
3.929,-470.3537583
3.93,-470.2311736
3.931,-470.1086689
3.932,-469.9862442
3.933,-469.8638995
3.934,-469.7416346
3.935,-469.6194495
3.936,-469.4973441
3.937,-469.3753184
3.938,-469.2533722
3.939,-469.1315056
3.94,-469.0097185
3.941,-468.8880107
3.942,-468.7663823
3.943,-468.6448331
3.944,-468.5233631
3.945,-468.4019723
3.946,-468.2806605
3.947,-468.1594277
3.948,-468.0382739
3.949,-467.9171989
3.95,-467.7962028
3.951,-467.6752854
3.952,-467.5544466
3.953,-467.4336865
3.954,-467.3130049
3.955,-467.1924018
3.956,-467.071877
3.957,-466.9514307
3.958,-466.8310626
3.959,-466.7107728
3.96,-466.5905611
3.961,-466.4704275
3.962,-466.3503719
3.963,-466.2303943
3.964,-466.1104946
3.965,-465.9906727
3.966,-465.8709286
3.967,-465.7512621
3.968,-465.6316734
3.969,-465.5121622
3.97,-465.3927285
3.971,-465.2733723
3.972,-465.1540934
3.973,-465.0348919
3.974,-464.9157676
3.975,-464.7967205
3.976,-464.6777506
3.977,-464.5588577
3.978,-464.4400418
3.979,-464.3213029
3.98,-464.2026408
3.981,-464.0840555
3.982,-463.965547
3.983,-463.8471152
3.984,-463.72876
3.985,-463.6104814
3.986,-463.4922792
3.987,-463.3741535
3.988,-463.2561042
3.989,-463.1381312
3.99,-463.0202344
3.991,-462.9024138
3.992,-462.7846693
3.993,-462.6670009
3.994,-462.5494085
3.995,-462.431892
3.996,-462.3144514
3.997,-462.1970865
3.998,-462.0797975
3.999,-461.9625841
4,-461.8454463
4.001,-461.7283841
4.002,-461.6113974
4.003,-461.4944861
4.004,-461.3776503
4.005,-461.2608897
4.006,-461.1442043
4.007,-461.0275942
4.008,-460.9110592
4.009,-460.7945992
4.01,-460.6782143
4.011,-460.5619042
4.012,-460.4456691
4.013,-460.3295088
4.014,-460.2134233
4.015,-460.0974124
4.016,-459.9814762
4.017,-459.8656146
4.018,-459.7498274
4.019,-459.6341148
4.02,-459.5184765
4.021,-459.4029125
4.022,-459.2874228
4.023,-459.1720074
4.024,-459.0566661
4.025,-458.9413988
4.026,-458.8262056
4.027,-458.7110864
4.028,-458.5960411
4.029,-458.4810696
4.03,-458.3661719
4.031,-458.2513479
4.032,-458.1365976
4.033,-458.021921
4.034,-457.9073178
4.035,-457.7927882
4.036,-457.6783319
4.037,-457.5639491
4.038,-457.4496395
4.039,-457.3354032
4.04,-457.2212401
4.041,-457.1071501
4.042,-456.9931332
4.043,-456.8791893
4.044,-456.7653183
4.045,-456.6515202
4.046,-456.537795
4.047,-456.4241425
4.048,-456.3105628
4.049,-456.1970557
4.05,-456.0836212
4.051,-455.9702592
4.052,-455.8569697
4.053,-455.7437527
4.054,-455.630608
4.055,-455.5175356
4.056,-455.4045354
4.057,-455.2916074
4.058,-455.1787516
4.059,-455.0659678
4.06,-454.953256
4.061,-454.8406162
4.062,-454.7280483
4.063,-454.6155522
4.064,-454.5031279
4.065,-454.3907753
4.066,-454.2784943
4.067,-454.166285
4.068,-454.0541472
4.069,-453.9420809
4.07,-453.830086
4.071,-453.7181625
4.072,-453.6063103
4.073,-453.4945294
4.074,-453.3828197
4.075,-453.2711811
4.076,-453.1596135
4.077,-453.0481171
4.078,-452.9366915
4.079,-452.8253369
4.08,-452.7140532
4.081,-452.6028402
4.082,-452.491698
4.083,-452.3806265
4.084,-452.2696256
4.085,-452.1586953
4.086,-452.0478355
4.087,-451.9370461
4.088,-451.8263272
4.089,-451.7156786
4.09,-451.6051002
4.091,-451.4945921
4.092,-451.3841542
4.093,-451.2737864
4.094,-451.1634887
4.095,-451.053261
4.096,-450.9431032
4.097,-450.8330153
4.098,-450.7229972
4.099,-450.613049
4.1,-450.5031704
4.101,-450.3933616
4.102,-450.2836223
4.103,-450.1739526
4.104,-450.0643524
4.105,-449.9548217
4.106,-449.8453603
4.107,-449.7359683
4.108,-449.6266456
4.109,-449.5173921
4.11,-449.4082077
4.111,-449.2990925
4.112,-449.1900463
4.113,-449.0810692
4.114,-448.972161
4.115,-448.8633216
4.116,-448.7545512
4.117,-448.6458495
4.118,-448.5372165
4.119,-448.4286523
4.12,-448.3201566
4.121,-448.2117295
4.122,-448.1033709
4.123,-447.9950808
4.124,-447.8868591
4.125,-447.7787057
4.126,-447.6706207
4.127,-447.5626038
4.128,-447.4546552
4.129,-447.3467747
4.13,-447.2389623
4.131,-447.1312179
4.132,-447.0235414
4.133,-446.9159329
4.134,-446.8083922
4.135,-446.7009194
4.136,-446.5935143
4.137,-446.4861769
4.138,-446.3789072
4.139,-446.2717051
4.14,-446.1645705
4.141,-446.0575034
4.142,-445.9505037
4.143,-445.8435714
4.144,-445.7367065
4.145,-445.6299088
4.146,-445.5231783
4.147,-445.416515
4.148,-445.3099189
4.149,-445.2033898
4.15,-445.0969277
4.151,-444.9905325
4.152,-444.8842043
4.153,-444.7779429
4.154,-444.6717484
4.155,-444.5656205
4.156,-444.4595594
4.157,-444.3535649
4.158,-444.2476371
4.159,-444.1417757
4.16,-444.0359808
4.161,-443.9302524
4.162,-443.8245904
4.163,-443.7189947
4.164,-443.6134653
4.165,-443.5080021
4.166,-443.402605
4.167,-443.2972741
4.168,-443.1920093
4.169,-443.0868105
4.17,-442.9816777
4.171,-442.8766108
4.172,-442.7716097
4.173,-442.6666745
4.174,-442.561805
4.175,-442.4570013
4.176,-442.3522632
4.177,-442.2475907
4.178,-442.1429838
4.179,-442.0384424
4.18,-441.9339664
4.181,-441.8295559
4.182,-441.7252107
4.183,-441.6209308
4.184,-441.5167162
4.185,-441.4125668
4.186,-441.3084825
4.187,-441.2044634
4.188,-441.1005093
4.189,-440.9966202
4.19,-440.892796
4.191,-440.7890368
4.192,-440.6853424
4.193,-440.5817128
4.194,-440.478148
4.195,-440.3746478
4.196,-440.2712124
4.197,-440.1678415
4.198,-440.0645352
4.199,-439.9612933
4.2,-439.858116
4.201,-439.755003
4.202,-439.6519544
4.203,-439.5489701
4.204,-439.4460501
4.205,-439.3431942
4.206,-439.2404025
4.207,-439.137675
4.208,-439.0350114
4.209,-438.9324119
4.21,-438.8298764
4.211,-438.7274048
4.212,-438.624997
4.213,-438.522653
4.214,-438.4203729
4.215,-438.3181564
4.216,-438.2160036
4.217,-438.1139144
4.218,-438.0118888
4.219,-437.9099267
4.22,-437.8080281
4.221,-437.7061929
4.222,-437.6044211
4.223,-437.5027126
4.224,-437.4010674
4.225,-437.2994854
4.226,-437.1979667
4.227,-437.096511
4.228,-436.9951185
4.229,-436.8937889
4.23,-436.7925224
4.231,-436.6913189
4.232,-436.5901782
4.233,-436.4891004
4.234,-436.3880853
4.235,-436.2871331
4.236,-436.1862435
4.237,-436.0854166
4.238,-435.9846523
4.239,-435.8839506
4.24,-435.7833114
4.241,-435.6827347
4.242,-435.5822204
4.243,-435.4817685
4.244,-435.3813789
4.245,-435.2810516
4.246,-435.1807865
4.247,-435.0805837
4.248,-434.9804429
4.249,-434.8803643
4.25,-434.7803477
4.251,-434.6803932
4.252,-434.5805006
4.253,-434.4806699
4.254,-434.380901
4.255,-434.281194
4.256,-434.1815488
4.257,-434.0819652
4.258,-433.9824434
4.259,-433.8829832
4.26,-433.7835846
4.261,-433.6842476
4.262,-433.584972
4.263,-433.4857579
4.264,-433.3866052
4.265,-433.2875138
4.266,-433.1884838
4.267,-433.089515
4.268,-432.9906075
4.269,-432.8917612
4.27,-432.7929759
4.271,-432.6942518
4.272,-432.5955887
4.273,-432.4969866
4.274,-432.3984455
4.275,-432.2999653
4.276,-432.2015459
4.277,-432.1031874
4.278,-432.0048896
4.279,-431.9066526
4.28,-431.8084762
4.281,-431.7103605
4.282,-431.6123054
4.283,-431.5143108
4.284,-431.4163768
4.285,-431.3185032
4.286,-431.22069
4.287,-431.1229372
4.288,-431.0252448
4.289,-430.9276126
4.29,-430.8300406
4.291,-430.7325289
4.292,-430.6350773
4.293,-430.5376858
4.294,-430.4403544
4.295,-430.343083
4.296,-430.2458716
4.297,-430.1487201
4.298,-430.0516285
4.299,-429.9545968
4.3,-429.8576249
4.301,-429.7607127
4.302,-429.6638603
4.303,-429.5670675
4.304,-429.4703344
4.305,-429.3736608
4.306,-429.2770468
4.307,-429.1804923
4.308,-429.0839973
4.309,-428.9875616
4.31,-428.8911854
4.311,-428.7948685
4.312,-428.6986108
4.313,-428.6024125
4.314,-428.5062733
4.315,-428.4101933
4.316,-428.3141724
4.317,-428.2182105
4.318,-428.1223078
4.319,-428.026464
4.32,-427.9306791
4.321,-427.8349532
4.322,-427.7392861
4.323,-427.6436779
4.324,-427.5481284
4.325,-427.4526377
4.326,-427.3572057
4.327,-427.2618323
4.328,-427.1665176
4.329,-427.0712614
4.33,-426.9760638
4.331,-426.8809246
4.332,-426.7858439
4.333,-426.6908216
4.334,-426.5958577
4.335,-426.5009521
4.336,-426.4061048
4.337,-426.3113157
4.338,-426.2165849
4.339,-426.1219122
4.34,-426.0272976
4.341,-425.9327411
4.342,-425.8382426
4.343,-425.7438021
4.344,-425.6494196
4.345,-425.555095
4.346,-425.4608283
4.347,-425.3666194
4.348,-425.2724684
4.349,-425.178375
4.35,-425.0843394
4.351,-424.9903615
4.352,-424.8964412
4.353,-424.8025785
4.354,-424.7087733
4.355,-424.6150257
4.356,-424.5213355
4.357,-424.4277028
4.358,-424.3341275
4.359,-424.2406095
4.36,-424.1471488
4.361,-424.0537454
4.362,-423.9603993
4.363,-423.8671103
4.364,-423.7738785
4.365,-423.6807039
4.366,-423.5875863
4.367,-423.4945257
4.368,-423.4015222
4.369,-423.3085756
4.37,-423.2156859
4.371,-423.1228531
4.372,-423.0300772
4.373,-422.9373581
4.374,-422.8446957
4.375,-422.7520901
4.376,-422.6595411
4.377,-422.5670488
4.378,-422.4746131
4.379,-422.382234
4.38,-422.2899115
4.381,-422.1976454
4.382,-422.1054358
4.383,-422.0132826
4.384,-421.9211858
4.385,-421.8291453
4.386,-421.7371612
4.387,-421.6452333
4.388,-421.5533616
4.389,-421.4615462
4.39,-421.3697869
4.391,-421.2780837
4.392,-421.1864366
4.393,-421.0948455
4.394,-421.0033105
4.395,-420.9118314
4.396,-420.8204082
4.397,-420.7290409
4.398,-420.6377295
4.399,-420.5464739
4.4,-420.4552741
4.401,-420.3641301
4.402,-420.2730417
4.403,-420.182009
4.404,-420.091032
4.405,-420.0001105
4.406,-419.9092446
4.407,-419.8184343
4.408,-419.7276794
4.409,-419.6369799
4.41,-419.5463359
4.411,-419.4557473
4.412,-419.365214
4.413,-419.274736
4.414,-419.1843132
4.415,-419.0939458
4.416,-419.0036335
4.417,-418.9133763
4.418,-418.8231743
4.419,-418.7330274
4.42,-418.6429355
4.421,-418.5528986
4.422,-418.4629167
4.423,-418.3729898
4.424,-418.2831178
4.425,-418.1933006
4.426,-418.1035383
4.427,-418.0138308
4.428,-417.9241781
4.429,-417.8345801
4.43,-417.7450367
4.431,-417.6555481
4.432,-417.5661141
4.433,-417.4767346
4.434,-417.3874097
4.435,-417.2981394
4.436,-417.2089235
4.437,-417.1197621
4.438,-417.0306551
4.439,-416.9416025
4.44,-416.8526042
4.441,-416.7636602
4.442,-416.6747705
4.443,-416.5859351
4.444,-416.4971539
4.445,-416.4084268
4.446,-416.3197539
4.447,-416.2311351
4.448,-416.1425704
4.449,-416.0540597
4.45,-415.965603
4.451,-415.8772003
4.452,-415.7888515
4.453,-415.7005566
4.454,-415.6123156
4.455,-415.5241284
4.456,-415.4359951
4.457,-415.3479155
4.458,-415.2598896
4.459,-415.1719174
4.46,-415.0839989
4.461,-414.9961341
4.462,-414.9083228
4.463,-414.8205651
4.464,-414.732861
4.465,-414.6452103
4.466,-414.5576131
4.467,-414.4700694
4.468,-414.382579
4.469,-414.295142
4.47,-414.2077584
4.471,-414.1204281
4.472,-414.033151
4.473,-413.9459272
4.474,-413.8587566
4.475,-413.7716391
4.476,-413.6845748
4.477,-413.5975636
4.478,-413.5106055
4.479,-413.4237005
4.48,-413.3368484
4.481,-413.2500494
4.482,-413.1633032
4.483,-413.07661
4.484,-412.9899697
4.485,-412.9033823
4.486,-412.8168476
4.487,-412.7303658
4.488,-412.6439367
4.489,-412.5575603
4.49,-412.4712367
4.491,-412.3849657
4.492,-412.2987473
4.493,-412.2125815
4.494,-412.1264683
4.495,-412.0404077
4.496,-411.9543995
4.497,-411.8684438
4.498,-411.7825406
4.499,-411.6966898
4.5,-411.6108914
4.501,-411.5251453
4.502,-411.4394516
4.503,-411.3538101
4.504,-411.2682209
4.505,-411.1826839
4.506,-411.0971992
4.507,-411.0117666
4.508,-410.9263861
4.509,-410.8410578
4.51,-410.7557815
4.511,-410.6705573
4.512,-410.5853851
4.513,-410.5002649
4.514,-410.4151966
4.515,-410.3301803
4.516,-410.2452159
4.517,-410.1603033
4.518,-410.0754426
4.519,-409.9906337
4.52,-409.9058765
4.521,-409.8211712
4.522,-409.7365175
4.523,-409.6519155
4.524,-409.5673652
4.525,-409.4828666
4.526,-409.3984195
4.527,-409.314024
4.528,-409.22968
4.529,-409.1453876
4.53,-409.0611467
4.531,-408.9769572
4.532,-408.8928191
4.533,-408.8087325
4.534,-408.7246972
4.535,-408.6407132
4.536,-408.5567806
4.537,-408.4728992
4.538,-408.3890692
4.539,-408.3052903
4.54,-408.2215626
4.541,-408.1378861
4.542,-408.0542608
4.543,-407.9706866
4.544,-407.8871634
4.545,-407.8036914
4.546,-407.7202703
4.547,-407.6369003
4.548,-407.5535812
4.549,-407.4703131
4.55,-407.3870959
4.551,-407.3039296
4.552,-407.2208141
4.553,-407.1377495
4.554,-407.0547357
4.555,-406.9717727
4.556,-406.8888604
4.557,-406.8059989
4.558,-406.723188
4.559,-406.6404279
4.56,-406.5577184
4.561,-406.4750595
4.562,-406.3924512
4.563,-406.3098934
4.564,-406.2273862
4.565,-406.1449295
4.566,-406.0625233
4.567,-405.9801676
4.568,-405.8978623
4.569,-405.8156073
4.57,-405.7334028
4.571,-405.6512486
4.572,-405.5691448
4.573,-405.4870912
4.574,-405.4050879
4.575,-405.3231349
4.576,-405.241232
4.577,-405.1593794
4.578,-405.077577
4.579,-404.9958246
4.58,-404.9141224
4.581,-404.8324703
4.582,-404.7508683
4.583,-404.6693163
4.584,-404.5878143
4.585,-404.5063623
4.586,-404.4249602
4.587,-404.3436081
4.588,-404.2623059
4.589,-404.1810536
4.59,-404.0998512
4.591,-404.0186985
4.592,-403.9375957
4.593,-403.8565427
4.594,-403.7755395
4.595,-403.6945859
4.596,-403.6136821
4.597,-403.532828
4.598,-403.4520235
4.599,-403.3712687
4.6,-403.2905635
4.601,-403.2099078
4.602,-403.1293018
4.603,-403.0487452
4.604,-402.9682382
4.605,-402.8877807
4.606,-402.8073726
4.607,-402.727014
4.608,-402.6467048
4.609,-402.566445
4.61,-402.4862345
4.611,-402.4060734
4.612,-402.3259617
4.613,-402.2458992
4.614,-402.165886
4.615,-402.085922
4.616,-402.0060073
4.617,-401.9261417
4.618,-401.8463254
4.619,-401.7665582
4.62,-401.6868401
4.621,-401.6071711
4.622,-401.5275512
4.623,-401.4479804
4.624,-401.3684587
4.625,-401.2889859
4.626,-401.2095621
4.627,-401.1301873
4.628,-401.0508615
4.629,-400.9715845
4.63,-400.8923565
4.631,-400.8131774
4.632,-400.7340471
4.633,-400.6549656
4.634,-400.5759329
4.635,-400.4969491
4.636,-400.418014
4.637,-400.3391276
4.638,-400.26029
4.639,-400.181501
4.64,-400.1027608
4.641,-400.0240692
4.642,-399.9454262
4.643,-399.8668318
4.644,-399.7882861
4.645,-399.7097888
4.646,-399.6313402
4.647,-399.55294
4.648,-399.4745884
4.649,-399.3962852
4.65,-399.3180305
4.651,-399.2398243
4.652,-399.1616664
4.653,-399.0835569
4.654,-399.0054959
4.655,-398.9274831
4.656,-398.8495187
4.657,-398.7716026
4.658,-398.6937348
4.659,-398.6159153
4.66,-398.538144
4.661,-398.4604209
4.662,-398.382746
4.663,-398.3051193
4.664,-398.2275408
4.665,-398.1500104
4.666,-398.0725282
4.667,-397.995094
4.668,-397.9177079
4.669,-397.8403699
4.67,-397.76308
4.671,-397.685838
4.672,-397.608644
4.673,-397.5314981
4.674,-397.4544
4.675,-397.37735
4.676,-397.3003478
4.677,-397.2233935
4.678,-397.1464871
4.679,-397.0696286
4.68,-396.9928179
4.681,-396.9160551
4.682,-396.83934
4.683,-396.7626727
4.684,-396.6860532
4.685,-396.6094814
4.686,-396.5329574
4.687,-396.456481
4.688,-396.3800524
4.689,-396.3036714
4.69,-396.227338
4.691,-396.1510523
4.692,-396.0748142
4.693,-395.9986236
4.694,-395.9224807
4.695,-395.8463853
4.696,-395.7703374
4.697,-395.694337
4.698,-395.6183842
4.699,-395.5424788
4.7,-395.4666208
4.701,-395.3908104
4.702,-395.3150473
4.703,-395.2393316
4.704,-395.1636633
4.705,-395.0880424
4.706,-395.0124689
4.707,-394.9369426
4.708,-394.8614637
4.709,-394.7860321
4.71,-394.7106477
4.711,-394.6353107
4.712,-394.5600208
4.713,-394.4847782
4.714,-394.4095828
4.715,-394.3344346
4.716,-394.2593335
4.717,-394.1842796
4.718,-394.1092728
4.719,-394.0343132
4.72,-393.9594006
4.721,-393.8845352
4.722,-393.8097168
4.723,-393.7349455
4.724,-393.6602211
4.725,-393.5855439
4.726,-393.5109136
4.727,-393.4363303
4.728,-393.3617939
4.729,-393.2873045
4.73,-393.2128621
4.731,-393.1384665
4.732,-393.0641179
4.733,-392.9898161
4.734,-392.9155612
4.735,-392.8413532
4.736,-392.7671919
4.737,-392.6930776
4.738,-392.61901
4.739,-392.5449892
4.74,-392.4710151
4.741,-392.3970878
4.742,-392.3232073
4.743,-392.2493735
4.744,-392.1755863
4.745,-392.1018459
4.746,-392.0281522
4.747,-391.9545051
4.748,-391.8809046
4.749,-391.8073508
4.75,-391.7338436
4.751,-391.660383
4.752,-391.5869689
4.753,-391.5136015
4.754,-391.4402806
4.755,-391.3670062
4.756,-391.2937783
4.757,-391.220597
4.758,-391.1474621
4.759,-391.0743737
4.76,-391.0013318
4.761,-390.9283363
4.762,-390.8553873
4.763,-390.7824847
4.764,-390.7096284
4.765,-390.6368186
4.766,-390.5640552
4.767,-390.4913381
4.768,-390.4186673
4.769,-390.3460429
4.77,-390.2734648
4.771,-390.200933
4.772,-390.1284474
4.773,-390.0560082
4.774,-389.9836152
4.775,-389.9112685
4.776,-389.838968
4.777,-389.7667137
4.778,-389.6945056
4.779,-389.6223437
4.78,-389.550228
4.781,-389.4781585
4.782,-389.4061351
4.783,-389.3341578
4.784,-389.2622267
4.785,-389.1903417
4.786,-389.1185027
4.787,-389.0467099
4.788,-388.9749631
4.789,-388.9032624
4.79,-388.8316077
4.791,-388.7599991
4.792,-388.6884365
4.793,-388.6169199
4.794,-388.5454493
4.795,-388.4740246
4.796,-388.402646
4.797,-388.3313132
4.798,-388.2600265
4.799,-388.1887856
4.8,-388.1175907
4.801,-388.0464417
4.802,-387.9753386
4.803,-387.9042814
4.804,-387.83327
4.805,-387.7623045
4.806,-387.6913848
4.807,-387.620511
4.808,-387.549683
4.809,-387.4789008
4.81,-387.4081644
4.811,-387.3374737
4.812,-387.2668289
4.813,-387.1962298
4.814,-387.1256765
4.815,-387.0551689
4.816,-386.984707
4.817,-386.9142909
4.818,-386.8439204
4.819,-386.7735957
4.82,-386.7033166
4.821,-386.6330832
4.822,-386.5628955
4.823,-386.4927534
4.824,-386.422657
4.825,-386.3526062
4.826,-386.282601
4.827,-386.2126414
4.828,-386.1427274
4.829,-386.072859
4.83,-386.0030361
4.831,-385.9332589
4.832,-385.8635271
4.833,-385.793841
4.834,-385.7242003
4.835,-385.6546052
4.836,-385.5850556
4.837,-385.5155515
4.838,-385.4460929
4.839,-385.3766797
4.84,-385.3073121
4.841,-385.2379899
4.842,-385.1687131
4.843,-385.0994818
4.844,-385.0302959
4.845,-384.9611555
4.846,-384.8920604
4.847,-384.8230108
4.848,-384.7540066
4.849,-384.6850477
4.85,-384.6161342
4.851,-384.5472661
4.852,-384.4784433
4.853,-384.4096659
4.854,-384.3409339
4.855,-384.2722471
4.856,-384.2036057
4.857,-384.1350096
4.858,-384.0664588
4.859,-383.9979532
4.86,-383.929493
4.861,-383.861078
4.862,-383.7927083
4.863,-383.7243839
4.864,-383.6561047
4.865,-383.5878708
4.866,-383.5196821
4.867,-383.4515386
4.868,-383.3834403
4.869,-383.3153873
4.87,-383.2473794
4.871,-383.1794167
4.872,-383.1114992
4.873,-383.0436269
4.874,-382.9757998
4.875,-382.9080178
4.876,-382.840281
4.877,-382.7725893
4.878,-382.7049427
4.879,-382.6373413
4.88,-382.569785
4.881,-382.5022738
4.882,-382.4348077
4.883,-382.3673868
4.884,-382.3000109
4.885,-382.2326801
4.886,-382.1653943
4.887,-382.0981537
4.888,-382.0309581
4.889,-381.9638075
4.89,-381.896702
4.891,-381.8296416
4.892,-381.7626261
4.893,-381.6956558
4.894,-381.6287304
4.895,-381.56185
4.896,-381.4950147
4.897,-381.4282243
4.898,-381.361479
4.899,-381.2947786
4.9,-381.2281232
4.901,-381.1615128
4.902,-381.0949474
4.903,-381.0284269
4.904,-380.9619514
4.905,-380.8955208
4.906,-380.8291352
4.907,-380.7627945
4.908,-380.6964987
4.909,-380.6302479
4.91,-380.564042
4.911,-380.497881
4.912,-380.4317649
4.913,-380.3656938
4.914,-380.2996675
4.915,-380.2336861
4.916,-380.1677496
4.917,-380.101858
4.918,-380.0360112
4.919,-379.9702093
4.92,-379.9044523
4.921,-379.8387402
4.922,-379.7730729
4.923,-379.7074505
4.924,-379.6418729
4.925,-379.5763401
4.926,-379.5108522
4.927,-379.4454091
4.928,-379.3800109
4.929,-379.3146574
4.93,-379.2493488
4.931,-379.184085
4.932,-379.118866
4.933,-379.0536918
4.934,-378.9885624
4.935,-378.9234778
4.936,-378.858438
4.937,-378.793443
4.938,-378.7284927
4.939,-378.6635872
4.94,-378.5987266
4.941,-378.5339106
4.942,-378.4691395
4.943,-378.4044131
4.944,-378.3397315
4.945,-378.2750946
4.946,-378.2105024
4.947,-378.1459551
4.948,-378.0814524
4.949,-378.0169945
4.95,-377.9525814
4.951,-377.8882129
4.952,-377.8238892
4.953,-377.7596103
4.954,-377.695376
4.955,-377.6311865
4.956,-377.5670417
4.957,-377.5029416
4.958,-377.4388862
4.959,-377.3748756
4.96,-377.3109096
4.961,-377.2469883
4.962,-377.1831118
4.963,-377.1192799
4.964,-377.0554927
4.965,-376.9917503
4.966,-376.9280525
4.967,-376.8643994
4.968,-376.800791
4.969,-376.7372272
4.97,-376.6737082
4.971,-376.6102338
4.972,-376.5468041
4.973,-376.4834191
4.974,-376.4200787
4.975,-376.3567831
4.976,-376.2935321
4.977,-376.2303257
4.978,-376.167164
4.979,-376.104047
4.98,-376.0409747
4.981,-375.977947
4.982,-375.9149639
4.983,-375.8520256
4.984,-375.7891318
4.985,-375.7262828
4.986,-375.6634783
4.987,-375.6007186
4.988,-375.5380035
4.989,-375.475333
4.99,-375.4127072
4.991,-375.350126
4.992,-375.2875895
4.993,-375.2250976
4.994,-375.1626504
4.995,-375.1002478
4.996,-375.0378898
4.997,-374.9755765
4.998,-374.9133078
4.999,-374.8510838
5,-374.7889044
