x,y1,y2,y3
2,-11.99275131,-12.4433,-14.3258
2.001,-11.99351254,-12.4433,-14.3258
2.002,-11.9942739,-12.4433,-14.3258
2.003,-11.99503538,-12.4433,-14.3258
2.004,-11.99579697,-12.4433,-14.3258
2.005,-11.99655868,-12.4433,-14.3258
2.006,-11.9973205,-12.4433,-14.3258
2.007,-11.99808242,-12.4433,-14.3258
2.008,-11.99884445,-12.4433,-14.3258
2.009,-11.99960657,-12.4433,-14.3258
2.01,-12.00036879,-12.4433,-14.3258
2.011,-12.00113109,-12.4433,-14.3258
2.012,-12.00189348,-12.4433,-14.3258
2.013,-12.00265595,-12.4433,-14.3258
2.014,-12.0034185,-12.4433,-14.3258
2.015,-12.00418112,-12.4433,-14.3258
2.016,-12.00494381,-12.4433,-14.3258
2.017,-12.00570656,-12.4433,-14.3258
2.018,-12.00646937,-12.4433,-14.3258
2.019,-12.00723223,-12.4433,-14.3258
2.02,-12.00799514,-12.4433,-14.3258
2.021,-12.0087581,-12.4433,-14.3258
2.022,-12.0095211,-12.4433,-14.3258
2.023,-12.01028413,-12.4433,-14.3258
2.024,-12.0110472,-12.4433,-14.3258
2.025,-12.01181028,-12.4433,-14.3258
2.026,-12.01257339,-12.4433,-14.3258
2.027,-12.01333652,-12.4433,-14.3258
2.028,-12.01409965,-12.4433,-14.3258
2.029,-12.01486279,-12.4433,-14.3258
2.03,-12.01562593,-12.4433,-14.3258
2.031,-12.01638907,-12.4433,-14.3258
2.032,-12.01715219,-12.4433,-14.3258
2.033,-12.0179153,-12.4433,-14.3258
2.034,-12.01867839,-12.4433,-14.3258
2.035,-12.01944145,-12.4433,-14.3258
2.036,-12.02020448,-12.4433,-14.3258
2.037,-12.02096748,-12.4433,-14.3258
2.038,-12.02173043,-12.4433,-14.3258
2.039,-12.02249333,-12.4433,-14.3258
2.04,-12.02325618,-12.4433,-14.3258
2.041,-12.02401896,-12.4433,-14.3258
2.042,-12.02478169,-12.4433,-14.3258
2.043,-12.02554434,-12.4433,-14.3258
2.044,-12.02630691,-12.4433,-14.3258
2.045,-12.0270694,-12.4433,-14.3258
2.046,-12.0278318,-12.4433,-14.3258
2.047,-12.02859411,-12.4433,-14.3258
2.048,-12.02935632,-12.4433,-14.3258
2.049,-12.03011842,-12.4433,-14.3258
2.05,-12.0308804,-12.4433,-14.3258
2.051,-12.03164227,-12.4433,-14.3258
2.052,-12.03240401,-12.4433,-14.3258
2.053,-12.03316563,-12.4433,-14.3258
2.054,-12.0339271,-12.4433,-14.3258
2.055,-12.03468843,-12.4433,-14.3258
2.056,-12.03544961,-12.4433,-14.3258
2.057,-12.03621063,-12.4433,-14.3258
2.058,-12.03697149,-12.4433,-14.3258
2.059,-12.03773218,-12.4433,-14.3258
2.06,-12.03849269,-12.4433,-14.3258
2.061,-12.03925303,-12.4433,-14.3258
2.062,-12.04001317,-12.4433,-14.3258
2.063,-12.04077312,-12.4433,-14.3258
2.064,-12.04153286,-12.4433,-14.3258
2.065,-12.0422924,-12.4433,-14.3258
2.066,-12.04305172,-12.4433,-14.3258
2.067,-12.04381082,-12.4433,-14.3258
2.068,-12.04456969,-12.4433,-14.3258
2.069,-12.04532832,-12.4433,-14.3258
2.07,-12.04608671,-12.4433,-14.3258
2.071,-12.04684486,-12.4433,-14.3258
2.072,-12.04760274,-12.4433,-14.3258
2.073,-12.04836036,-12.4433,-14.3258
2.074,-12.04911771,-12.4433,-14.3258
2.075,-12.04987479,-12.4433,-14.3258
2.076,-12.05063158,-12.4433,-14.3258
2.077,-12.05138808,-12.4433,-14.3258
2.078,-12.05214428,-12.4433,-14.3258
2.079,-12.05290017,-12.4433,-14.3258
2.08,-12.05365576,-12.4433,-14.3258
2.081,-12.05441102,-12.4433,-14.3258
2.082,-12.05516595,-12.4433,-14.3258
2.083,-12.05592055,-12.4433,-14.3258
2.084,-12.05667481,-12.4433,-14.3258
2.085,-12.05742872,-12.4433,-14.3258
2.086,-12.05818227,-12.4433,-14.3258
2.087,-12.05893546,-12.4433,-14.3258
2.088,-12.05968828,-12.4433,-14.3258
2.089,-12.06044072,-12.4433,-14.3258
2.09,-12.06119278,-12.4433,-14.3258
2.091,-12.06194444,-12.4433,-14.3258
2.092,-12.0626957,-12.4433,-14.3258
2.093,-12.06344655,-12.4433,-14.3258
2.094,-12.06419699,-12.4433,-14.3258
2.095,-12.064947,-12.4433,-14.3258
2.096,-12.06569659,-12.4433,-14.3258
2.097,-12.06644573,-12.4433,-14.3258
2.098,-12.06719443,-12.4433,-14.3258
2.099,-12.06794267,-12.4433,-14.3258
2.1,-12.06869045,-12.4433,-14.3258
2.101,-12.06943777,-12.4433,-14.3258
2.102,-12.0701846,-12.4433,-14.3258
2.103,-12.07093095,-12.4433,-14.3258
2.104,-12.07167681,-12.4433,-14.3258
2.105,-12.07242217,-12.4433,-14.3258
2.106,-12.07316702,-12.4433,-14.3258
2.107,-12.07391136,-12.4433,-14.3258
2.108,-12.07465517,-12.4433,-14.3258
2.109,-12.07539845,-12.4433,-14.3258
2.11,-12.07614119,-12.4433,-14.3258
2.111,-12.07688339,-12.4433,-14.3258
2.112,-12.07762502,-12.4433,-14.3258
2.113,-12.0783661,-12.4433,-14.3258
2.114,-12.0791066,-12.4433,-14.3258
2.115,-12.07984653,-12.4433,-14.3258
2.116,-12.08058587,-12.4433,-14.3258
2.117,-12.08132461,-12.4433,-14.3258
2.118,-12.08206275,-12.4433,-14.3258
2.119,-12.08280028,-12.4433,-14.3258
2.12,-12.08353719,-12.4433,-14.3258
2.121,-12.08427348,-12.4433,-14.3258
2.122,-12.08500913,-12.4433,-14.3258
2.123,-12.08574413,-12.4433,-14.3258
2.124,-12.08647849,-12.4433,-14.3258
2.125,-12.08721219,-12.4433,-14.3258
2.126,-12.08794521,-12.4433,-14.3258
2.127,-12.08867757,-12.4433,-14.3258
2.128,-12.08940924,-12.4433,-14.3258
2.129,-12.09014021,-12.4433,-14.3258
2.13,-12.09087049,-12.4433,-14.3258
2.131,-12.09160006,-12.4433,-14.3258
2.132,-12.09232891,-12.4433,-14.3258
2.133,-12.09305704,-12.4433,-14.3258
2.134,-12.09378444,-12.4433,-14.3258
2.135,-12.09451109,-12.4433,-14.3258
2.136,-12.095237,-12.4433,-14.3258
2.137,-12.09596215,-12.4433,-14.3258
2.138,-12.09668653,-12.4433,-14.3258
2.139,-12.09741014,-12.4433,-14.3258
2.14,-12.09813297,-12.4433,-14.3258
2.141,-12.09885501,-12.4433,-14.3258
2.142,-12.09957625,-12.4433,-14.3258
2.143,-12.10029668,-12.4433,-14.3258
2.144,-12.1010163,-12.4433,-14.3258
2.145,-12.1017351,-12.4433,-14.3258
2.146,-12.10245306,-12.4433,-14.3258
2.147,-12.10317018,-12.4433,-14.3258
2.148,-12.10388646,-12.4433,-14.3258
2.149,-12.10460188,-12.4433,-14.3258
2.15,-12.10531643,-12.4433,-14.3258
2.151,-12.10603012,-12.4433,-14.3258
2.152,-12.10674292,-12.4433,-14.3258
2.153,-12.10745483,-12.4433,-14.3258
2.154,-12.10816584,-12.4433,-14.3258
2.155,-12.10887595,-12.4433,-14.3258
2.156,-12.10958515,-12.4433,-14.3258
2.157,-12.11029342,-12.4433,-14.3258
2.158,-12.11100076,-12.4433,-14.3258
2.159,-12.11170716,-12.4433,-14.3258
2.16,-12.11241261,-12.4433,-14.3258
2.161,-12.11311711,-12.4433,-14.3258
2.162,-12.11382065,-12.4433,-14.3258
2.163,-12.11452321,-12.4433,-14.3258
2.164,-12.11522479,-12.4433,-14.3258
2.165,-12.11592538,-12.4433,-14.3258
2.166,-12.11662498,-12.4433,-14.3258
2.167,-12.11732357,-12.4433,-14.3258
2.168,-12.11802115,-12.4433,-14.3258
2.169,-12.1187177,-12.4433,-14.3258
2.17,-12.11941323,-12.4433,-14.3258
2.171,-12.12010772,-12.4433,-14.3258
2.172,-12.12080116,-12.4433,-14.3258
2.173,-12.12149354,-12.4433,-14.3258
2.174,-12.12218486,-12.4433,-14.3258
2.175,-12.12287512,-12.4433,-14.3258
2.176,-12.12356429,-12.4433,-14.3258
2.177,-12.12425237,-12.4433,-14.3258
2.178,-12.12493936,-12.4433,-14.3258
2.179,-12.12562524,-12.4433,-14.3258
2.18,-12.12631001,-12.4433,-14.3258
2.181,-12.12699366,-12.4433,-14.3258
2.182,-12.12767618,-12.4433,-14.3258
2.183,-12.12835757,-12.4433,-14.3258
2.184,-12.12903781,-12.4433,-14.3258
2.185,-12.1297169,-12.4433,-14.3258
2.186,-12.13039482,-12.4433,-14.3258
2.187,-12.13107158,-12.4433,-14.3258
2.188,-12.13174715,-12.4433,-14.3258
2.189,-12.13242155,-12.4433,-14.3258
2.19,-12.13309474,-12.4433,-14.3258
2.191,-12.13376674,-12.4433,-14.3258
2.192,-12.13443753,-12.4433,-14.3258
2.193,-12.13510709,-12.4433,-14.3258
2.194,-12.13577544,-12.4433,-14.3258
2.195,-12.13644254,-12.4433,-14.3258
2.196,-12.13710841,-12.4433,-14.3258
2.197,-12.13777303,-12.4433,-14.3258
2.198,-12.13843638,-12.4433,-14.3258
2.199,-12.13909847,-12.4433,-14.3258
2.2,-12.13975929,-12.4433,-14.3258
2.201,-12.14041883,-12.4433,-14.3258
2.202,-12.14107707,-12.4433,-14.3258
2.203,-12.14173402,-12.4433,-14.3258
2.204,-12.14238966,-12.4433,-14.3258
2.205,-12.14304399,-12.4433,-14.3258
2.206,-12.14369699,-12.4433,-14.3258
2.207,-12.14434867,-12.4433,-14.3258
2.208,-12.14499901,-12.4433,-14.3258
2.209,-12.145648,-12.4433,-14.3258
2.21,-12.14629564,-12.4433,-14.3258
2.211,-12.14694192,-12.4433,-14.3258
2.212,-12.14758683,-12.4433,-14.3258
2.213,-12.14823037,-12.4433,-14.3258
2.214,-12.14887252,-12.4433,-14.3258
2.215,-12.14951328,-12.4433,-14.3258
2.216,-12.15015264,-12.4433,-14.3258
2.217,-12.15079059,-12.4433,-14.3258
2.218,-12.15142713,-12.4433,-14.3258
2.219,-12.15206224,-12.4433,-14.3258
2.22,-12.15269593,-12.4433,-14.3258
2.221,-12.15332818,-12.4433,-14.3258
2.222,-12.15395898,-12.4433,-14.3258
2.223,-12.15458833,-12.4433,-14.3258
2.224,-12.15521622,-12.4433,-14.3258
2.225,-12.15584264,-12.4433,-14.3258
2.226,-12.15646759,-12.4433,-14.3258
2.227,-12.15709105,-12.4433,-14.3258
2.228,-12.15771302,-12.4433,-14.3258
2.229,-12.1583335,-12.4433,-14.3258
2.23,-12.15895247,-12.4433,-14.3258
2.231,-12.15956993,-12.4433,-14.3258
2.232,-12.16018587,-12.4433,-14.3258
2.233,-12.16080028,-12.4433,-14.3258
2.234,-12.16141315,-12.4433,-14.3258
2.235,-12.16202449,-12.4433,-14.3258
2.236,-12.16263428,-12.4433,-14.3258
2.237,-12.16324251,-12.4433,-14.3258
2.238,-12.16384917,-12.4433,-14.3258
2.239,-12.16445427,-12.4433,-14.3258
2.24,-12.16505779,-12.4433,-14.3258
2.241,-12.16565973,-12.4433,-14.3258
2.242,-12.16626007,-12.4433,-14.3258
2.243,-12.16685881,-12.4433,-14.3258
2.244,-12.16745595,-12.4433,-14.3258
2.245,-12.16805147,-12.4433,-14.3258
2.246,-12.16864538,-12.4433,-14.3258
2.247,-12.16923766,-12.4433,-14.3258
2.248,-12.1698283,-12.4433,-14.3258
2.249,-12.1704173,-12.4433,-14.3258
2.25,-12.17100466,-12.4433,-14.3258
2.251,-12.17159036,-12.4433,-14.3258
2.252,-12.1721744,-12.4433,-14.3258
2.253,-12.17275677,-12.4433,-14.3258
2.254,-12.17333747,-12.4433,-14.3258
2.255,-12.17391649,-12.4433,-14.3258
2.256,-12.17449381,-12.4433,-14.3258
2.257,-12.17506944,-12.4433,-14.3258
2.258,-12.17564338,-12.4433,-14.3258
2.259,-12.1762156,-12.4433,-14.3258
2.26,-12.17678611,-12.4433,-14.3258
2.261,-12.17735489,-12.4433,-14.3258
2.262,-12.17792195,-12.4433,-14.3258
2.263,-12.17848728,-12.4433,-14.3258
2.264,-12.17905086,-12.4433,-14.3258
2.265,-12.1796127,-12.4433,-14.3258
2.266,-12.18017278,-12.4433,-14.3258
2.267,-12.1807311,-12.4433,-14.3258
2.268,-12.18128766,-12.4433,-14.3258
2.269,-12.18184245,-12.4433,-14.3258
2.27,-12.18239545,-12.4433,-14.3258
2.271,-12.18294667,-12.4433,-14.3258
2.272,-12.1834961,-12.4433,-14.3258
2.273,-12.18404373,-12.4433,-14.3258
2.274,-12.18458956,-12.4433,-14.3258
2.275,-12.18513358,-12.4433,-14.3258
2.276,-12.18567579,-12.4433,-14.3258
2.277,-12.18621617,-12.4433,-14.3258
2.278,-12.18675472,-12.4433,-14.3258
2.279,-12.18729145,-12.4433,-14.3258
2.28,-12.18782633,-12.4433,-14.3258
2.281,-12.18835936,-12.4433,-14.3258
2.282,-12.18889055,-12.4433,-14.3258
2.283,-12.18941988,-12.4433,-14.3258
2.284,-12.18994735,-12.4433,-14.3258
2.285,-12.19047294,-12.4433,-14.3258
2.286,-12.19099667,-12.4433,-14.3258
2.287,-12.19151851,-12.4433,-14.3258
2.288,-12.19203847,-12.4433,-14.3258
2.289,-12.19255654,-12.4433,-14.3258
2.29,-12.19307271,-12.4433,-14.3258
2.291,-12.19358697,-12.4433,-14.3258
2.292,-12.19409934,-12.4433,-14.3258
2.293,-12.19460978,-12.4433,-14.3258
2.294,-12.19511831,-12.4433,-14.3258
2.295,-12.19562492,-12.4433,-14.3258
2.296,-12.1961296,-12.4433,-14.3258
2.297,-12.19663234,-12.4433,-14.3258
2.298,-12.19713314,-12.4433,-14.3258
2.299,-12.197632,-12.4433,-14.3258
2.3,-12.19812891,-12.4433,-14.3258
2.301,-12.19862386,-12.4433,-14.3258
2.302,-12.19911686,-12.4433,-14.3258
2.303,-12.19960788,-12.4433,-14.3258
2.304,-12.20009694,-12.4433,-14.3258
2.305,-12.20058402,-12.4433,-14.3258
2.306,-12.20106912,-12.4433,-14.3258
2.307,-12.20155224,-12.4433,-14.3258
2.308,-12.20203337,-12.4433,-14.3258
2.309,-12.2025125,-12.4433,-14.3258
2.31,-12.20298963,-12.4433,-14.3258
2.311,-12.20346476,-12.4433,-14.3258
2.312,-12.20393788,-12.4433,-14.3258
2.313,-12.20440899,-12.4433,-14.3258
2.314,-12.20487808,-12.4433,-14.3258
2.315,-12.20534514,-12.4433,-14.3258
2.316,-12.20581018,-12.4433,-14.3258
2.317,-12.20627318,-12.4433,-14.3258
2.318,-12.20673415,-12.4433,-14.3258
2.319,-12.20719308,-12.4433,-14.3258
2.32,-12.20764997,-12.4433,-14.3258
2.321,-12.2081048,-12.4433,-14.3258
2.322,-12.20855758,-12.4433,-14.3258
2.323,-12.2090083,-12.4433,-14.3258
2.324,-12.20945697,-12.4433,-14.3258
2.325,-12.20990356,-12.4433,-14.3258
2.326,-12.21034808,-12.4433,-14.3258
2.327,-12.21079053,-12.4433,-14.3258
2.328,-12.21123091,-12.4433,-14.3258
2.329,-12.21166919,-12.4433,-14.3258
2.33,-12.2121054,-12.4433,-14.3258
2.331,-12.21253951,-12.4433,-14.3258
2.332,-12.21297153,-12.4433,-14.3258
2.333,-12.21340145,-12.4433,-14.3258
2.334,-12.21382926,-12.4433,-14.3258
2.335,-12.21425498,-12.4433,-14.3258
2.336,-12.21467858,-12.4433,-14.3258
2.337,-12.21510007,-12.4433,-14.3258
2.338,-12.21551945,-12.4433,-14.3258
2.339,-12.2159367,-12.4433,-14.3258
2.34,-12.21635183,-12.4433,-14.3258
2.341,-12.21676484,-12.4433,-14.3258
2.342,-12.21717571,-12.4433,-14.3258
2.343,-12.21758445,-12.4433,-14.3258
2.344,-12.21799105,-12.4433,-14.3258
2.345,-12.21839551,-12.4433,-14.3258
2.346,-12.21879783,-12.4433,-14.3258
2.347,-12.219198,-12.4433,-14.3258
2.348,-12.21959603,-12.4433,-14.3258
2.349,-12.21999189,-12.4433,-14.3258
2.35,-12.22038561,-12.4433,-14.3258
2.351,-12.22077716,-12.4433,-14.3258
2.352,-12.22116655,-12.4433,-14.3258
2.353,-12.22155378,-12.4433,-14.3258
2.354,-12.22193883,-12.4433,-14.3258
2.355,-12.22232172,-12.4433,-14.3258
2.356,-12.22270243,-12.4433,-14.3258
2.357,-12.22308097,-12.4433,-14.3258
2.358,-12.22345733,-12.4433,-14.3258
2.359,-12.2238315,-12.4433,-14.3258
2.36,-12.22420349,-12.4433,-14.3258
2.361,-12.2245733,-12.4433,-14.3258
2.362,-12.22494091,-12.4433,-14.3258
2.363,-12.22530633,-12.4433,-14.3258
2.364,-12.22566956,-12.4433,-14.3258
2.365,-12.22603059,-12.4433,-14.3258
2.366,-12.22638942,-12.4433,-14.3258
2.367,-12.22674605,-12.4433,-14.3258
2.368,-12.22710047,-12.4433,-14.3258
2.369,-12.22745269,-12.4433,-14.3258
2.37,-12.2278027,-12.4433,-14.3258
2.371,-12.2281505,-12.4433,-14.3258
2.372,-12.22849609,-12.4433,-14.3258
2.373,-12.22883947,-12.4433,-14.3258
2.374,-12.22918062,-12.4433,-14.3258
2.375,-12.22951956,-12.4433,-14.3258
2.376,-12.22985628,-12.4433,-14.3258
2.377,-12.23019077,-12.4433,-14.3258
2.378,-12.23052305,-12.4433,-14.3258
2.379,-12.23085309,-12.4433,-14.3258
2.38,-12.23118091,-12.4433,-14.3258
2.381,-12.2315065,-12.4433,-14.3258
2.382,-12.23182985,-12.4433,-14.3258
2.383,-12.23215098,-12.4433,-14.3258
2.384,-12.23246987,-12.4433,-14.3258
2.385,-12.23278653,-12.4433,-14.3258
2.386,-12.23310095,-12.4433,-14.3258
2.387,-12.23341313,-12.4433,-14.3258
2.388,-12.23372307,-12.4433,-14.3258
2.389,-12.23403077,-12.4433,-14.3258
2.39,-12.23433622,-12.4433,-14.3258
2.391,-12.23463944,-12.4433,-14.3258
2.392,-12.2349404,-12.4433,-14.3258
2.393,-12.23523913,-12.4433,-14.3258
2.394,-12.2355356,-12.4433,-14.3258
2.395,-12.23582983,-12.4433,-14.3258
2.396,-12.23612181,-12.4433,-14.3258
2.397,-12.23641154,-12.4433,-14.3258
2.398,-12.23669902,-12.4433,-14.3258
2.399,-12.23698425,-12.4433,-14.3258
2.4,-12.23726722,-12.4433,-14.3258
2.401,-12.23754794,-12.4433,-14.3258
2.402,-12.23782641,-12.4433,-14.3258
2.403,-12.23810262,-12.4433,-14.3258
2.404,-12.23837658,-12.4433,-14.3258
2.405,-12.23864828,-12.4433,-14.3258
2.406,-12.23891772,-12.4433,-14.3258
2.407,-12.23918491,-12.4433,-14.3258
2.408,-12.23944984,-12.4433,-14.3258
2.409,-12.23971251,-12.4433,-14.3258
2.41,-12.23997293,-12.4433,-14.3258
2.411,-12.24023108,-12.4433,-14.3258
2.412,-12.24048698,-12.4433,-14.3258
2.413,-12.24074062,-12.4433,-14.3258
2.414,-12.240992,-12.4433,-14.3258
2.415,-12.24124112,-12.4433,-14.3258
2.416,-12.24148798,-12.4433,-14.3258
2.417,-12.24173258,-12.4433,-14.3258
2.418,-12.24197492,-12.4433,-14.3258
2.419,-12.24221501,-12.4433,-14.3258
2.42,-12.24245283,-12.4433,-14.3258
2.421,-12.2426884,-12.4433,-14.3258
2.422,-12.2429217,-12.4433,-14.3258
2.423,-12.24315275,-12.4433,-14.3258
2.424,-12.24338154,-12.4433,-14.3258
2.425,-12.24360807,-12.4433,-14.3258
2.426,-12.24383234,-12.4433,-14.3258
2.427,-12.24405435,-12.4433,-14.3258
2.428,-12.24427411,-12.4433,-14.3258
2.429,-12.24449161,-12.4433,-14.3258
2.43,-12.24470686,-12.4433,-14.3258
2.431,-12.24491985,-12.4433,-14.3258
2.432,-12.24513059,-12.4433,-14.3258
2.433,-12.24533907,-12.4433,-14.3258
2.434,-12.2455453,-12.4433,-14.3258
2.435,-12.24574927,-12.4433,-14.3258
2.436,-12.245951,-12.4433,-14.3258
2.437,-12.24615047,-12.4433,-14.3258
2.438,-12.24634769,-12.4433,-14.3258
2.439,-12.24654267,-12.4433,-14.3258
2.44,-12.24673539,-12.4433,-14.3258
2.441,-12.24692587,-12.4433,-14.3258
2.442,-12.24711411,-12.4433,-14.3258
2.443,-12.24730009,-12.4433,-14.3258
2.444,-12.24748384,-12.4433,-14.3258
2.445,-12.24766534,-12.4433,-14.3258
2.446,-12.2478446,-12.4433,-14.3258
2.447,-12.24802162,-12.4433,-14.3258
2.448,-12.2481964,-12.4433,-14.3258
2.449,-12.24836894,-12.4433,-14.3258
2.45,-12.24853925,-12.4433,-14.3258
2.451,-12.24870733,-12.4433,-14.3258
2.452,-12.24887317,-12.4433,-14.3258
2.453,-12.24903677,-12.4433,-14.3258
2.454,-12.24919815,-12.4433,-14.3258
2.455,-12.2493573,-12.4433,-14.3258
2.456,-12.24951422,-12.4433,-14.3258
2.457,-12.24966892,-12.4433,-14.3258
2.458,-12.2498214,-12.4433,-14.3258
2.459,-12.24997165,-12.4433,-14.3258
2.46,-12.25011968,-12.4433,-14.3258
2.461,-12.2502655,-12.4433,-14.3258
2.462,-12.2504091,-12.4433,-14.3258
2.463,-12.25055048,-12.4433,-14.3258
2.464,-12.25068966,-12.4433,-14.3258
2.465,-12.25082662,-12.4433,-14.3258
2.466,-12.25096138,-12.4433,-14.3258
2.467,-12.25109393,-12.4433,-14.3258
2.468,-12.25122427,-12.4433,-14.3258
2.469,-12.25135242,-12.4433,-14.3258
2.47,-12.25147836,-12.4433,-14.3258
2.471,-12.25160211,-12.4433,-14.3258
2.472,-12.25172366,-12.4433,-14.3258
2.473,-12.25184302,-12.4433,-14.3258
2.474,-12.2519602,-12.4433,-14.3258
2.475,-12.25207518,-12.4433,-14.3258
2.476,-12.25218798,-12.4433,-14.3258
2.477,-12.25229859,-12.4433,-14.3258
2.478,-12.25240703,-12.4433,-14.3258
2.479,-12.25251329,-12.4433,-14.3258
2.48,-12.25261737,-12.4433,-14.3258
2.481,-12.25271928,-12.4433,-14.3258
2.482,-12.25281902,-12.4433,-14.3258
2.483,-12.2529166,-12.4433,-14.3258
2.484,-12.25301201,-12.4433,-14.3258
2.485,-12.25310526,-12.4433,-14.3258
2.486,-12.25319635,-12.4433,-14.3258
2.487,-12.25328529,-12.4433,-14.3258
2.488,-12.25337208,-12.4433,-14.3258
2.489,-12.25345671,-12.4433,-14.3258
2.49,-12.2535392,-12.4433,-14.3258
2.491,-12.25361954,-12.4433,-14.3258
2.492,-12.25369775,-12.4433,-14.3258
2.493,-12.25377382,-12.4433,-14.3258
2.494,-12.25384775,-12.4433,-14.3258
2.495,-12.25391955,-12.4433,-14.3258
2.496,-12.25398923,-12.4433,-14.3258
2.497,-12.25405678,-12.4433,-14.3258
2.498,-12.25412221,-12.4433,-14.3258
2.499,-12.25418552,-12.4433,-14.3258
2.5,-12.25424672,-12.4433,-14.3258
2.501,-12.25430581,-12.4433,-14.3258
2.502,-12.25436279,-12.4433,-14.3258
2.503,-12.25441767,-12.4433,-14.3258
2.504,-12.25447044,-12.4433,-14.3258
2.505,-12.25452112,-12.4433,-14.3258
2.506,-12.25456971,-12.4433,-14.3258
2.507,-12.2546162,-12.4433,-14.3258
2.508,-12.25466061,-12.4433,-14.3258
2.509,-12.25470294,-12.4433,-14.3258
2.51,-12.25474319,-12.4433,-14.3258
2.511,-12.25478137,-12.4433,-14.3258
2.512,-12.25481747,-12.4433,-14.3258
2.513,-12.25485151,-12.4433,-14.3258
2.514,-12.25488348,-12.4433,-14.3258
2.515,-12.25491339,-12.4433,-14.3258
2.516,-12.25494125,-12.4433,-14.3258
2.517,-12.25496706,-12.4433,-14.3258
2.518,-12.25499082,-12.4433,-14.3258
2.519,-12.25501254,-12.4433,-14.3258
2.52,-12.25503222,-12.4433,-14.3258
2.521,-12.25504986,-12.4433,-14.3258
2.522,-12.25506547,-12.4433,-14.3258
2.523,-12.25507905,-12.4433,-14.3258
2.524,-12.25509062,-12.4433,-14.3258
2.525,-12.25510016,-12.4433,-14.3258
2.526,-12.25510769,-12.4433,-14.3258
2.527,-12.25511321,-12.4433,-14.3258
2.528,-12.25511672,-12.4433,-14.3258
2.529,-12.25511824,-12.4433,-14.3258
2.53,-12.25511775,-12.4433,-14.3258
2.531,-12.25511528,-12.4433,-14.3258
2.532,-12.25511082,-12.4433,-14.3258
2.533,-12.25510437,-12.4433,-14.3258
2.534,-12.25509594,-12.4433,-14.3258
2.535,-12.25508554,-12.4433,-14.3258
2.536,-12.25507317,-12.4433,-14.3258
2.537,-12.25505884,-12.4433,-14.3258
2.538,-12.25504255,-12.4433,-14.3258
2.539,-12.2550243,-12.4433,-14.3258
2.54,-12.25500409,-12.4433,-14.3258
2.541,-12.25498195,-12.4433,-14.3258
2.542,-12.25495786,-12.4433,-14.3258
2.543,-12.25493183,-12.4433,-14.3258
2.544,-12.25490388,-12.4433,-14.3258
2.545,-12.25487399,-12.4433,-14.3258
2.546,-12.25484218,-12.4433,-14.3258
2.547,-12.25480846,-12.4433,-14.3258
2.548,-12.25477283,-12.4433,-14.3258
2.549,-12.25473528,-12.4433,-14.3258
2.55,-12.25469584,-12.4433,-14.3258
2.551,-12.25465449,-12.4433,-14.3258
2.552,-12.25461126,-12.4433,-14.3258
2.553,-12.25456614,-12.4433,-14.3258
2.554,-12.25451913,-12.4433,-14.3258
2.555,-12.25447025,-12.4433,-14.3258
2.556,-12.2544195,-12.4433,-14.3258
2.557,-12.25436688,-12.4433,-14.3258
2.558,-12.2543124,-12.4433,-14.3258
2.559,-12.25425607,-12.4433,-14.3258
2.56,-12.25419788,-12.4433,-14.3258
2.561,-12.25413785,-12.4433,-14.3258
2.562,-12.25407597,-12.4433,-14.3258
2.563,-12.25401227,-12.4433,-14.3258
2.564,-12.25394673,-12.4433,-14.3258
2.565,-12.25387937,-12.4433,-14.3258
2.566,-12.25381019,-12.4433,-14.3258
2.567,-12.2537392,-12.4433,-14.3258
2.568,-12.2536664,-12.4433,-14.3258
2.569,-12.2535918,-12.4433,-14.3258
2.57,-12.2535154,-12.4433,-14.3258
2.571,-12.25343721,-12.4433,-14.3258
2.572,-12.25335723,-12.4433,-14.3258
2.573,-12.25327548,-12.4433,-14.3258
2.574,-12.25319195,-12.4433,-14.3258
2.575,-12.25310665,-12.4433,-14.3258
2.576,-12.25301959,-12.4433,-14.3258
2.577,-12.25293077,-12.4433,-14.3258
2.578,-12.2528402,-12.4433,-14.3258
2.579,-12.25274789,-12.4433,-14.3258
2.58,-12.25265383,-12.4433,-14.3258
2.581,-12.25255804,-12.4433,-14.3258
2.582,-12.25246053,-12.4433,-14.3258
2.583,-12.25236129,-12.4433,-14.3258
2.584,-12.25226033,-12.4433,-14.3258
2.585,-12.25215766,-12.4433,-14.3258
2.586,-12.25205329,-12.4433,-14.3258
2.587,-12.25194722,-12.4433,-14.3258
2.588,-12.25183945,-12.4433,-14.3258
2.589,-12.25173,-12.4433,-14.3258
2.59,-12.25161887,-12.4433,-14.3258
2.591,-12.25150606,-12.4433,-14.3258
2.592,-12.25139159,-12.4433,-14.3258
2.593,-12.25127545,-12.4433,-14.3258
2.594,-12.25115765,-12.4433,-14.3258
2.595,-12.2510382,-12.4433,-14.3258
2.596,-12.25091711,-12.4433,-14.3258
2.597,-12.25079438,-12.4433,-14.3258
2.598,-12.25067002,-12.4433,-14.3258
2.599,-12.25054403,-12.4433,-14.3258
2.6,-12.25041642,-12.4433,-14.3258
2.601,-12.2502872,-12.4433,-14.3258
2.602,-12.25015637,-12.4433,-14.3258
2.603,-12.25002394,-12.4433,-14.3258
2.604,-12.24988991,-12.4433,-14.3258
2.605,-12.2497543,-12.4433,-14.3258
2.606,-12.2496171,-12.4433,-14.3258
2.607,-12.24947833,-12.4433,-14.3258
2.608,-12.24933798,-12.4433,-14.3258
2.609,-12.24919608,-12.4433,-14.3258
2.61,-12.24905261,-12.4433,-14.3258
2.611,-12.2489076,-12.4433,-14.3258
2.612,-12.24876104,-12.4433,-14.3258
2.613,-12.24861294,-12.4433,-14.3258
2.614,-12.24846332,-12.4433,-14.3258
2.615,-12.24831216,-12.4433,-14.3258
2.616,-12.24815949,-12.4433,-14.3258
2.617,-12.24800531,-12.4433,-14.3258
2.618,-12.24784962,-12.4433,-14.3258
2.619,-12.24769244,-12.4433,-14.3258
2.62,-12.24753376,-12.4433,-14.3258
2.621,-12.24737359,-12.4433,-14.3258
2.622,-12.24721195,-12.4433,-14.3258
2.623,-12.24704883,-12.4433,-14.3258
2.624,-12.24688425,-12.4433,-14.3258
2.625,-12.24671821,-12.4433,-14.3258
2.626,-12.24655072,-12.4433,-14.3258
2.627,-12.24638178,-12.4433,-14.3258
2.628,-12.2462114,-12.4433,-14.3258
2.629,-12.24603959,-12.4433,-14.3258
2.63,-12.24586635,-12.4433,-14.3258
2.631,-12.24569169,-12.4433,-14.3258
2.632,-12.24551563,-12.4433,-14.3258
2.633,-12.24533815,-12.4433,-14.3258
2.634,-12.24515928,-12.4433,-14.3258
2.635,-12.24497901,-12.4433,-14.3258
2.636,-12.24479736,-12.4433,-14.3258
2.637,-12.24461434,-12.4433,-14.3258
2.638,-12.24442994,-12.4433,-14.3258
2.639,-12.24424417,-12.4433,-14.3258
2.64,-12.24405705,-12.4433,-14.3258
2.641,-12.24386857,-12.4433,-14.3258
2.642,-12.24367875,-12.4433,-14.3258
2.643,-12.2434876,-12.4433,-14.3258
2.644,-12.24329511,-12.4433,-14.3258
2.645,-12.2431013,-12.4433,-14.3258
2.646,-12.24290618,-12.4433,-14.3258
2.647,-12.24270974,-12.4433,-14.3258
2.648,-12.242512,-12.4433,-14.3258
2.649,-12.24231297,-12.4433,-14.3258
2.65,-12.24211265,-12.4433,-14.3258
2.651,-12.24191104,-12.4433,-14.3258
2.652,-12.24170816,-12.4433,-14.3258
2.653,-12.24150401,-12.4433,-14.3258
2.654,-12.24129861,-12.4433,-14.3258
2.655,-12.24109194,-12.4433,-14.3258
2.656,-12.24088404,-12.4433,-14.3258
2.657,-12.24067489,-12.4433,-14.3258
2.658,-12.24046451,-12.4433,-14.3258
2.659,-12.2402529,-12.4433,-14.3258
2.66,-12.24004008,-12.4433,-14.3258
2.661,-12.23982604,-12.4433,-14.3258
2.662,-12.2396108,-12.4433,-14.3258
2.663,-12.23939436,-12.4433,-14.3258
2.664,-12.23917673,-12.4433,-14.3258
2.665,-12.23895792,-12.4433,-14.3258
2.666,-12.23873794,-12.4433,-14.3258
2.667,-12.23851678,-12.4433,-14.3258
2.668,-12.23829447,-12.4433,-14.3258
2.669,-12.238071,-12.4433,-14.3258
2.67,-12.23784638,-12.4433,-14.3258
2.671,-12.23762062,-12.4433,-14.3258
2.672,-12.23739373,-12.4433,-14.3258
2.673,-12.23716572,-12.4433,-14.3258
2.674,-12.23693659,-12.4433,-14.3258
2.675,-12.23670634,-12.4433,-14.3258
2.676,-12.23647499,-12.4433,-14.3258
2.677,-12.23624255,-12.4433,-14.3258
2.678,-12.23600901,-12.4433,-14.3258
2.679,-12.2357744,-12.4433,-14.3258
2.68,-12.23553871,-12.4433,-14.3258
2.681,-12.23530195,-12.4433,-14.3258
2.682,-12.23506413,-12.4433,-14.3258
2.683,-12.23482526,-12.4433,-14.3258
2.684,-12.23458534,-12.4433,-14.3258
2.685,-12.23434439,-12.4433,-14.3258
2.686,-12.2341024,-12.4433,-14.3258
2.687,-12.23385939,-12.4433,-14.3258
2.688,-12.23361537,-12.4433,-14.3258
2.689,-12.23337033,-12.4433,-14.3258
2.69,-12.23312429,-12.4433,-14.3258
2.691,-12.23287726,-12.4433,-14.3258
2.692,-12.23262924,-12.4433,-14.3258
2.693,-12.23238024,-12.4433,-14.3258
2.694,-12.23213027,-12.4433,-14.3258
2.695,-12.23187934,-12.4433,-14.3258
2.696,-12.23162745,-12.4433,-14.3258
2.697,-12.2313746,-12.4433,-14.3258
2.698,-12.23112082,-12.4433,-14.3258
2.699,-12.2308661,-12.4433,-14.3258
2.7,-12.23061045,-12.4433,-14.3258
2.701,-12.23035388,-12.4433,-14.3258
2.702,-12.23009639,-12.4433,-14.3258
2.703,-12.229838,-12.4433,-14.3258
2.704,-12.22957872,-12.4433,-14.3258
2.705,-12.22931854,-12.4433,-14.3258
2.706,-12.22905748,-12.4433,-14.3258
2.707,-12.22879554,-12.4433,-14.3258
2.708,-12.22853273,-12.4433,-14.3258
2.709,-12.22826907,-12.4433,-14.3258
2.71,-12.22800455,-12.4433,-14.3258
2.711,-12.22773918,-12.4433,-14.3258
2.712,-12.22747297,-12.4433,-14.3258
2.713,-12.22720594,-12.4433,-14.3258
2.714,-12.22693808,-12.4433,-14.3258
2.715,-12.2266694,-12.4433,-14.3258
2.716,-12.22639991,-12.4433,-14.3258
2.717,-12.22612962,-12.4433,-14.3258
2.718,-12.22585854,-12.4433,-14.3258
2.719,-12.22558667,-12.4433,-14.3258
2.72,-12.22531403,-12.4433,-14.3258
2.721,-12.22504061,-12.4433,-14.3258
2.722,-12.22476643,-12.4433,-14.3258
2.723,-12.22449149,-12.4433,-14.3258
2.724,-12.2242158,-12.4433,-14.3258
2.725,-12.22393937,-12.4433,-14.3258
2.726,-12.22366221,-12.4433,-14.3258
2.727,-12.22338432,-12.4433,-14.3258
2.728,-12.22310571,-12.4433,-14.3258
2.729,-12.22282639,-12.4433,-14.3258
2.73,-12.22254637,-12.4433,-14.3258
2.731,-12.22226565,-12.4433,-14.3258
2.732,-12.22198424,-12.4433,-14.3258
2.733,-12.22170216,-12.4433,-14.3258
2.734,-12.22141939,-12.4433,-14.3258
2.735,-12.22113596,-12.4433,-14.3258
2.736,-12.22085188,-12.4433,-14.3258
2.737,-12.22056714,-12.4433,-14.3258
2.738,-12.22028176,-12.4433,-14.3258
2.739,-12.21999574,-12.4433,-14.3258
2.74,-12.2197091,-12.4433,-14.3258
2.741,-12.21942183,-12.4433,-14.3258
2.742,-12.21913395,-12.4433,-14.3258
2.743,-12.21884547,-12.4433,-14.3258
2.744,-12.21855638,-12.4433,-14.3258
2.745,-12.21826671,-12.4433,-14.3258
2.746,-12.21797646,-12.4433,-14.3258
2.747,-12.21768562,-12.4433,-14.3258
2.748,-12.21739423,-12.4433,-14.3258
2.749,-12.21710227,-12.4433,-14.3258
2.75,-12.21680976,-12.4433,-14.3258
2.751,-12.2165167,-12.4433,-14.3258
2.752,-12.21622311,-12.4433,-14.3258
2.753,-12.21592898,-12.4433,-14.3258
2.754,-12.21563434,-12.4433,-14.3258
2.755,-12.21533918,-12.4433,-14.3258
2.756,-12.21504351,-12.4433,-14.3258
2.757,-12.21474735,-12.4433,-14.3258
2.758,-12.21445069,-12.4433,-14.3258
2.759,-12.21415355,-12.4433,-14.3258
2.76,-12.21385593,-12.4433,-14.3258
2.761,-12.21355784,-12.4433,-14.3258
2.762,-12.21325929,-12.4433,-14.3258
2.763,-12.21296029,-12.4433,-14.3258
2.764,-12.21266084,-12.4433,-14.3258
2.765,-12.21236096,-12.4433,-14.3258
2.766,-12.21206064,-12.4433,-14.3258
2.767,-12.2117599,-12.4433,-14.3258
2.768,-12.21145874,-12.4433,-14.3258
2.769,-12.21115718,-12.4433,-14.3258
2.77,-12.21085522,-12.4433,-14.3258
2.771,-12.21055286,-12.4433,-14.3258
2.772,-12.21025012,-12.4433,-14.3258
2.773,-12.209947,-12.4433,-14.3258
2.774,-12.20964351,-12.4433,-14.3258
2.775,-12.20933966,-12.4433,-14.3258
2.776,-12.20903545,-12.4433,-14.3258
2.777,-12.2087309,-12.4433,-14.3258
2.778,-12.20842601,-12.4433,-14.3258
2.779,-12.20812079,-12.4433,-14.3258
2.78,-12.20781524,-12.4433,-14.3258
2.781,-12.20750938,-12.4433,-14.3258
2.782,-12.20720321,-12.4433,-14.3258
2.783,-12.20689673,-12.4433,-14.3258
2.784,-12.20658997,-12.4433,-14.3258
2.785,-12.20628291,-12.4433,-14.3258
2.786,-12.20597558,-12.4433,-14.3258
2.787,-12.20566798,-12.4433,-14.3258
2.788,-12.20536012,-12.4433,-14.3258
2.789,-12.205052,-12.4433,-14.3258
2.79,-12.20474363,-12.4433,-14.3258
2.791,-12.20443503,-12.4433,-14.3258
2.792,-12.20412619,-12.4433,-14.3258
2.793,-12.20381713,-12.4433,-14.3258
2.794,-12.20350785,-12.4433,-14.3258
2.795,-12.20319836,-12.4433,-14.3258
2.796,-12.20288867,-12.4433,-14.3258
2.797,-12.20257879,-12.4433,-14.3258
2.798,-12.20226872,-12.4433,-14.3258
2.799,-12.20195847,-12.4433,-14.3258
2.8,-12.20164805,-12.4433,-14.3258
2.801,-12.20133747,-12.4433,-14.3258
2.802,-12.20102673,-12.4433,-14.3258
2.803,-12.20071585,-12.4433,-14.3258
2.804,-12.20040482,-12.4433,-14.3258
2.805,-12.20009366,-12.4433,-14.3258
2.806,-12.19978238,-12.4433,-14.3258
2.807,-12.19947098,-12.4433,-14.3258
2.808,-12.19915947,-12.4433,-14.3258
2.809,-12.19884786,-12.4433,-14.3258
2.81,-12.19853616,-12.4433,-14.3258
2.811,-12.19822437,-12.4433,-14.3258
2.812,-12.1979125,-12.4433,-14.3258
2.813,-12.19760056,-12.4433,-14.3258
2.814,-12.19728855,-12.4433,-14.3258
2.815,-12.19697649,-12.4433,-14.3258
2.816,-12.19666439,-12.4433,-14.3258
2.817,-12.19635224,-12.4433,-14.3258
2.818,-12.19604006,-12.4433,-14.3258
2.819,-12.19572786,-12.4433,-14.3258
2.82,-12.19541564,-12.4433,-14.3258
2.821,-12.19510341,-12.4433,-14.3258
2.822,-12.19479117,-12.4433,-14.3258
2.823,-12.19447895,-12.4433,-14.3258
2.824,-12.19416674,-12.4433,-14.3258
2.825,-12.19385454,-12.4433,-14.3258
2.826,-12.19354238,-12.4433,-14.3258
2.827,-12.19323026,-12.4433,-14.3258
2.828,-12.19291818,-12.4433,-14.3258
2.829,-12.19260615,-12.4433,-14.3258
2.83,-12.19229419,-12.4433,-14.3258
2.831,-12.19198229,-12.4433,-14.3258
2.832,-12.19167046,-12.4433,-14.3258
2.833,-12.19135872,-12.4433,-14.3258
2.834,-12.19104707,-12.4433,-14.3258
2.835,-12.19073552,-12.4433,-14.3258
2.836,-12.19042408,-12.4433,-14.3258
2.837,-12.19011275,-12.4433,-14.3258
2.838,-12.18980154,-12.4433,-14.3258
2.839,-12.18949047,-12.4433,-14.3258
2.84,-12.18917953,-12.4433,-14.3258
2.841,-12.18886873,-12.4433,-14.3258
2.842,-12.18855809,-12.4433,-14.3258
2.843,-12.18824761,-12.4433,-14.3258
2.844,-12.1879373,-12.4433,-14.3258
2.845,-12.18762716,-12.4433,-14.3258
2.846,-12.18731721,-12.4433,-14.3258
2.847,-12.18700745,-12.4433,-14.3258
2.848,-12.18669789,-12.4433,-14.3258
2.849,-12.18638854,-12.4433,-14.3258
2.85,-12.18607941,-12.4433,-14.3258
2.851,-12.18577049,-12.4433,-14.3258
2.852,-12.18546181,-12.4433,-14.3258
2.853,-12.18515337,-12.4433,-14.3258
2.854,-12.18484517,-12.4433,-14.3258
2.855,-12.18453723,-12.4433,-14.3258
2.856,-12.18422954,-12.4433,-14.3258
2.857,-12.18392213,-12.4433,-14.3258
2.858,-12.183615,-12.4433,-14.3258
2.859,-12.18330815,-12.4433,-14.3258
2.86,-12.1830016,-12.4433,-14.3258
2.861,-12.18269534,-12.4433,-14.3258
2.862,-12.1823894,-12.4433,-14.3258
2.863,-12.18208377,-12.4433,-14.3258
2.864,-12.18177847,-12.4433,-14.3258
2.865,-12.1814735,-12.4433,-14.3258
2.866,-12.18116887,-12.4433,-14.3258
2.867,-12.18086459,-12.4433,-14.3258
2.868,-12.18056066,-12.4433,-14.3258
2.869,-12.1802571,-12.4433,-14.3258
2.87,-12.17995391,-12.4433,-14.3258
2.871,-12.1796511,-12.4433,-14.3258
2.872,-12.17934868,-12.4433,-14.3258
2.873,-12.17904665,-12.4433,-14.3258
2.874,-12.17874502,-12.4433,-14.3258
2.875,-12.17844381,-12.4433,-14.3258
2.876,-12.17814302,-12.4433,-14.3258
2.877,-12.17784265,-12.4433,-14.3258
2.878,-12.17754272,-12.4433,-14.3258
2.879,-12.17724323,-12.4433,-14.3258
2.88,-12.17694419,-12.4433,-14.3258
2.881,-12.17664561,-12.4433,-14.3258
2.882,-12.1763475,-12.4433,-14.3258
2.883,-12.17604986,-12.4433,-14.3258
2.884,-12.1757527,-12.4433,-14.3258
2.885,-12.17545604,-12.4433,-14.3258
2.886,-12.17515987,-12.4433,-14.3258
2.887,-12.17486421,-12.4433,-14.3258
2.888,-12.17456906,-12.4433,-14.3258
2.889,-12.17427444,-12.4433,-14.3258
2.89,-12.17398034,-12.4433,-14.3258
2.891,-12.17368678,-12.4433,-14.3258
2.892,-12.17339377,-12.4433,-14.3258
2.893,-12.17310132,-12.4433,-14.3258
2.894,-12.17280942,-12.4433,-14.3258
2.895,-12.1725181,-12.4433,-14.3258
2.896,-12.17222735,-12.4433,-14.3258
2.897,-12.17193719,-12.4433,-14.3258
2.898,-12.17164763,-12.4433,-14.3258
2.899,-12.17135866,-12.4433,-14.3258
2.9,-12.17107031,-12.4433,-14.3258
2.901,-12.17078258,-12.4433,-14.3258
2.902,-12.17049547,-12.4433,-14.3258
2.903,-12.17020899,-12.4433,-14.3258
2.904,-12.16992316,-12.4433,-14.3258
2.905,-12.16963798,-12.4433,-14.3258
2.906,-12.16935346,-12.4433,-14.3258
2.907,-12.1690696,-12.4433,-14.3258
2.908,-12.16878642,-12.4433,-14.3258
2.909,-12.16850392,-12.4433,-14.3258
2.91,-12.16822211,-12.4433,-14.3258
2.911,-12.16794101,-12.4433,-14.3258
2.912,-12.16766061,-12.4433,-14.3258
2.913,-12.16738092,-12.4433,-14.3258
2.914,-12.16710196,-12.4433,-14.3258
2.915,-12.16682373,-12.4433,-14.3258
2.916,-12.16654624,-12.4433,-14.3258
2.917,-12.1662695,-12.4433,-14.3258
2.918,-12.16599351,-12.4433,-14.3258
2.919,-12.16571829,-12.4433,-14.3258
2.92,-12.16544384,-12.4433,-14.3258
2.921,-12.16517017,-12.4433,-14.3258
2.922,-12.16489729,-12.4433,-14.3258
2.923,-12.16462521,-12.4433,-14.3258
2.924,-12.16435393,-12.4433,-14.3258
2.925,-12.16408347,-12.4433,-14.3258
2.926,-12.16381383,-12.4433,-14.3258
2.927,-12.16354502,-12.4433,-14.3258
2.928,-12.16327704,-12.4433,-14.3258
2.929,-12.16300992,-12.4433,-14.3258
2.93,-12.16274365,-12.4433,-14.3258
2.931,-12.16247824,-12.4433,-14.3258
2.932,-12.1622137,-12.4433,-14.3258
2.933,-12.16195005,-12.4433,-14.3258
2.934,-12.16168728,-12.4433,-14.3258
2.935,-12.16142541,-12.4433,-14.3258
2.936,-12.16116444,-12.4433,-14.3258
2.937,-12.16090439,-12.4433,-14.3258
2.938,-12.16064526,-12.4433,-14.3258
2.939,-12.16038706,-12.4433,-14.3258
2.94,-12.16012979,-12.4433,-14.3258
2.941,-12.15987348,-12.4433,-14.3258
2.942,-12.15961811,-12.4433,-14.3258
2.943,-12.15936372,-12.4433,-14.3258
2.944,-12.15911029,-12.4433,-14.3258
2.945,-12.15885785,-12.4433,-14.3258
2.946,-12.15860639,-12.4433,-14.3258
2.947,-12.15835593,-12.4433,-14.3258
2.948,-12.15810648,-12.4433,-14.3258
2.949,-12.15785804,-12.4433,-14.3258
2.95,-12.15761063,-12.4433,-14.3258
2.951,-12.15736424,-12.4433,-14.3258
2.952,-12.1571189,-12.4433,-14.3258
2.953,-12.1568746,-12.4433,-14.3258
2.954,-12.15663136,-12.4433,-14.3258
2.955,-12.15638919,-12.4433,-14.3258
2.956,-12.15614809,-12.4433,-14.3258
2.957,-12.15590807,-12.4433,-14.3258
2.958,-12.15566914,-12.4433,-14.3258
2.959,-12.15543132,-12.4433,-14.3258
2.96,-12.1551946,-12.4433,-14.3258
2.961,-12.154959,-12.4433,-14.3258
2.962,-12.15472453,-12.4433,-14.3258
2.963,-12.15449118,-12.4433,-14.3258
2.964,-12.15425899,-12.4433,-14.3258
2.965,-12.15402794,-12.4433,-14.3258
2.966,-12.15379805,-12.4433,-14.3258
2.967,-12.15356934,-12.4433,-14.3258
2.968,-12.1533418,-12.4433,-14.3258
2.969,-12.15311545,-12.4433,-14.3258
2.97,-12.15289029,-12.4433,-14.3258
2.971,-12.15266633,-12.4433,-14.3258
2.972,-12.15244359,-12.4433,-14.3258
2.973,-12.15222207,-12.4433,-14.3258
2.974,-12.15200179,-12.4433,-14.3258
2.975,-12.15178274,-12.4433,-14.3258
2.976,-12.15156493,-12.4433,-14.3258
2.977,-12.15134839,-12.4433,-14.3258
2.978,-12.15113311,-12.4433,-14.3258
2.979,-12.1509191,-12.4433,-14.3258
2.98,-12.15070638,-12.4433,-14.3258
2.981,-12.15049495,-12.4433,-14.3258
2.982,-12.15028482,-12.4433,-14.3258
2.983,-12.150076,-12.4433,-14.3258
2.984,-12.1498685,-12.4433,-14.3258
2.985,-12.14966233,-12.4433,-14.3258
2.986,-12.14945749,-12.4433,-14.3258
2.987,-12.149254,-12.4433,-14.3258
2.988,-12.14905187,-12.4433,-14.3258
2.989,-12.14885109,-12.4433,-14.3258
2.99,-12.14865169,-12.4433,-14.3258
2.991,-12.14845368,-12.4433,-14.3258
2.992,-12.14825705,-12.4433,-14.3258
2.993,-12.14806182,-12.4433,-14.3258
2.994,-12.14786801,-12.4433,-14.3258
2.995,-12.14767561,-12.4433,-14.3258
2.996,-12.14748463,-12.4433,-14.3258
2.997,-12.1472951,-12.4433,-14.3258
2.998,-12.147107,-12.4433,-14.3258
2.999,-12.14692037,-12.4433,-14.3258
3,-12.14673519,-12.4433,-14.3258
