"Freq [GHz]","VSWR(1) [] - probe_feed_x='5.7mm'"
1,320.643861141301
1.001,321.231811417469
1.002,321.819055701716
1.003,322.40558508704
1.004,322.991390667887
1.005,323.576463540665
1.006,324.160794803931
1.007,324.744375559075
1.008,325.327196910421
1.009,325.909249965764
1.01,326.490525836756
1.011,327.071015639259
1.012,327.650710493776
1.013,328.229601525844
1.014,328.807679866434
1.015,329.384936652215
1.016,329.961363026189
1.017,330.536950137917
1.018,331.111689143964
1.019,331.68557120828
1.02,332.258587502616
1.021,332.830729206923
1.022,333.401987509836
1.023,333.972353608812
1.024,334.541818710827
1.025,335.110374032623
1.026,335.678010801131
1.027,336.244720253885
1.028,336.810493639429
1.029,337.375322217637
1.03,337.939197260315
1.031,338.502110051305
1.032,339.064051887186
1.033,339.62501407747
1.034,340.184987945074
1.035,340.743964826736
1.036,341.301936073359
1.037,341.858893050491
1.038,342.414827138621
1.039,342.969729733807
1.04,343.523592247697
1.041,344.076406108202
1.042,344.628162759935
1.043,345.17885366443
1.044,345.728470300545
1.045,346.277004165073
1.046,346.824446772943
1.047,347.370789657642
1.048,347.916024371627
1.049,348.460142486806
1.05,349.003135594785
1.051,349.54499530738
1.052,350.085713256941
1.053,350.625281096794
1.054,351.163690501598
1.055,351.700933167722
1.056,352.237000813698
1.057,352.771885180497
1.058,353.305578032108
1.059,353.838071155638
1.06,354.369356362003
1.061,354.899425486139
1.062,355.428270387374
1.063,355.955882949912
1.064,356.482255083083
1.065,357.00737872187
1.066,357.531245827231
1.067,358.053848386381
1.068,358.575178413245
1.069,359.095227948918
1.07,359.613989061821
1.071,360.13145384839
1.072,360.647614433098
1.073,361.162462968966
1.074,361.675991638116
1.075,362.188192651799
1.076,362.699058251011
1.077,363.208580706734
1.078,363.71675232043
1.079,364.22356542409
1.08,364.729012380993
1.081,365.23308558583
1.082,365.735777465073
1.083,366.237080477252
1.084,366.736987113539
1.085,367.235489897934
1.086,367.732581387565
1.087,368.228254173119
1.088,368.722500879161
1.089,369.215314164523
1.09,369.706686722501
1.091,370.196611281322
1.092,370.68508060444
1.093,371.172087490797
1.094,371.657624775257
1.095,372.141685328914
1.096,372.624262059229
1.097,373.105347910764
1.098,373.584935864973
1.099,374.063018940952
1.1,374.539590195491
1.101,375.014642723576
1.102,375.488169658459
1.103,375.960164172157
1.104,376.430619475852
1.105,376.899528819809
1.106,377.366885493986
1.107,377.832682828358
1.108,378.296914192921
1.109,378.759572998224
1.11,379.220652695627
1.111,379.680146777479
1.112,380.13804877754
1.113,380.594352271181
1.114,381.049050875567
1.115,381.502138250126
1.116,381.953608096661
1.117,382.403454159657
1.118,382.851670226643
1.119,383.29825012831
1.12,383.743187738854
1.121,384.186476976204
1.122,384.628111802196
1.123,385.068086222988
1.124,385.506394289202
1.125,385.943030096204
1.126,386.377987784217
1.127,386.811261538748
1.128,387.242845590753
1.129,387.672734216727
1.13,388.100921739175
1.131,388.527402526665
1.132,388.952170993993
1.133,389.375221602698
1.134,389.796548860843
1.135,390.216147323651
1.136,390.634011593419
1.137,391.050136319771
1.138,391.464516199973
1.139,391.877145979092
1.14,392.288020450088
1.141,392.697134454065
1.142,393.104482880518
1.143,393.510060667423
1.144,393.913862801449
1.145,394.315884318136
1.146,394.716120302158
1.147,395.114565887213
1.148,395.511216256573
1.149,395.906066642883
1.15,396.299112328629
1.151,396.690348646062
1.152,397.079770977448
1.153,397.467374755273
1.154,397.853155462158
1.155,398.237108631313
1.156,398.619229846411
1.157,398.999514741857
1.158,399.377959002966
1.159,399.75455836588
1.16,400.129308617974
1.161,400.5022055976
1.162,400.873245194621
1.163,401.242423350242
1.164,401.609736057194
1.165,401.97517935991
1.166,402.338749354378
1.167,402.700442188656
1.168,403.06025406251
1.169,403.418181227904
1.17,403.774219988744
1.171,404.128366701189
1.172,404.48061777371
1.173,404.830969666964
1.174,405.179418894126
1.175,405.52596202085
1.176,405.870595665224
1.177,406.213316498003
1.178,406.554121242587
1.179,406.89300667508
1.18,407.229969624287
1.181,407.565006971898
1.182,407.898115652398
1.183,408.229292653094
1.184,408.558535014313
1.185,408.885839829193
1.186,409.211204243968
1.187,409.534625457766
1.188,409.85610072278
1.189,410.175627344224
1.19,410.493202680366
1.191,410.808824142505
1.192,411.122489195004
1.193,411.434195355194
1.194,411.743940193657
1.195,412.051721333801
1.196,412.357536452371
1.197,412.661383278766
1.198,412.963259595729
1.199,413.263163238809
1.2,413.561092096602
1.201,413.857044110599
1.202,414.151017275271
1.203,414.44300963791
1.204,414.733019298729
1.205,415.021044410723
1.206,415.307083179578
1.207,415.59113386378
1.208,415.873194774481
1.209,416.153264275368
1.21,416.431340782768
1.211,416.707422765443
1.212,416.981508744679
1.213,417.25359729401
1.214,417.523687039323
1.215,417.791776658754
1.216,418.057864882501
1.217,418.321950492927
1.218,418.584032324323
1.219,418.844109262839
1.22,419.102180246534
1.221,419.358244265046
1.222,419.612300359771
1.223,419.864347623541
1.224,420.114385200535
1.225,420.362412286419
1.226,420.608428127886
1.227,420.852432022844
1.228,421.094423320107
1.229,421.334401419417
1.23,421.572365771106
1.231,421.80831587633
1.232,422.042251286615
1.233,422.274171603761
1.234,422.504076479968
1.235,422.73196561743
1.236,422.957838768286
1.237,423.181695734565
1.238,423.403536367941
1.239,423.623360569519
1.24,423.841168289931
1.241,424.056959528836
1.242,424.27073433516
1.243,424.482492806659
1.244,424.692235089785
1.245,424.899961379719
1.246,425.10567191991
1.247,425.309367002172
1.248,425.511046966376
1.249,425.710712200295
1.25,425.908363139417
1.251,426.104000266848
1.252,426.297624113055
1.253,426.48923525567
1.254,426.678834319452
1.255,426.86642197586
1.256,427.051998942951
1.257,427.235565985455
1.258,427.417123914122
1.259,427.596673585888
1.26,427.774215903446
1.261,427.94975181533
1.262,428.123282315237
1.263,428.294808442429
1.264,428.464331280999
1.265,428.631851959908
1.266,428.797371652787
1.267,428.960891577642
1.268,429.122412996653
1.269,429.281937216107
1.27,429.4394655858
1.271,429.594999499202
1.272,429.748540393188
1.273,429.900089747584
1.274,430.049649085129
1.275,430.197219971115
1.276,430.342804013344
1.277,430.486402861722
1.278,430.628018208117
1.279,430.767651786102
1.28,430.905305370694
1.281,431.040980778069
1.282,431.174679865577
1.283,431.306404531099
1.284,431.436156713137
1.285,431.563938390346
1.286,431.689751581523
1.287,431.813598345132
1.288,431.935480779176
1.289,432.055401020873
1.29,432.173361246582
1.291,432.289363671227
1.292,432.403410548398
1.293,432.515504169792
1.294,432.625646865169
1.295,432.73384100198
1.296,432.840088985312
1.297,432.944393257152
1.298,433.046756296697
1.299,433.147180619727
1.3,433.245668778405
1.301,433.342223361123
1.302,433.436846992153
1.303,433.529542331362
1.304,433.620312073998
1.305,433.709158950314
1.306,433.796085725523
1.307,433.881095199251
1.308,433.964190205496
1.309,434.045373612189
1.31,434.124648321063
1.311,434.202017267185
1.312,434.277483419014
1.313,434.351049777656
1.314,434.422719376998
1.315,434.49249528336
1.316,434.560380595003
1.317,434.626378441942
1.318,434.690491985982
1.319,434.752724419863
1.32,434.813078967455
1.321,434.871558883267
1.322,434.928167452262
1.323,434.982907989493
1.324,435.035783839841
1.325,435.086798377802
1.326,435.135955007088
1.327,435.183257160433
1.328,435.228708299374
1.329,435.272311913839
1.33,435.314071521716
1.331,435.353990669073
1.332,435.39207292942
1.333,435.428321903584
1.334,435.462741219333
1.335,435.495334531342
1.336,435.526105520574
1.337,435.555057894316
1.338,435.582195385619
1.339,435.607521753209
1.34,435.631040781068
1.341,435.652756278287
1.342,435.672672078741
1.343,435.690792040608
1.344,435.707120046451
1.345,435.721660002619
1.346,435.734415839118
1.347,435.74539150936
1.348,435.754590989652
1.349,435.762018279165
1.35,435.767677399703
1.351,435.77157239503
1.352,435.773707330993
1.353,435.7740862951
1.354,435.772713396084
1.355,435.76959276393
1.356,435.764728549394
1.357,435.758124923666
1.358,435.749786078259
1.359,435.739716224614
1.36,435.727919594066
1.361,435.714400436982
1.362,435.699163023163
1.363,435.682211641238
1.364,435.663550598275
1.365,435.643184219811
1.366,435.621116849277
1.367,435.597352848003
1.368,435.571896594692
1.369,435.544752485299
1.37,435.515924932698
1.371,435.485418366553
1.372,435.453237232631
1.373,435.419385993131
1.374,435.383869126024
1.375,435.346691124759
1.376,435.307856498159
1.377,435.267369770128
1.378,435.225235479338
1.379,435.181458178976
1.38,435.136042436485
1.381,435.088992833275
1.382,435.040313964455
1.383,434.990010438718
1.384,434.938086877782
1.385,434.884547916475
1.386,434.829398202124
1.387,434.77264239472
1.388,434.714285166097
1.389,434.654331200292
1.39,434.592785192857
1.391,434.529651850639
1.392,434.464935891808
1.393,434.398642045341
1.394,434.330775050884
1.395,434.261339658363
1.396,434.190340627897
1.397,434.117782729513
1.398,434.043670742921
1.399,433.968009457043
1.4,433.890803670167
1.401,433.812058189289
1.402,433.731777830186
1.403,433.649967416966
1.404,433.566631781935
1.405,433.481775765361
1.406,433.395404215196
1.407,433.307521986874
1.408,433.218133942869
1.409,433.127244952905
1.41,433.034859893221
1.411,432.940983646779
1.412,432.845621102583
1.413,432.748777155923
1.414,432.650456707824
1.415,432.550664664831
1.416,432.449405938943
1.417,432.346685447309
1.418,432.242508111931
1.419,432.136878859542
1.42,432.029802621399
1.421,431.921284332881
1.422,431.811328933615
1.423,431.699941366769
1.424,431.587126579316
1.425,431.472889521547
1.426,431.357235146925
1.427,431.240168411868
1.428,431.121694275525
1.429,431.001817699678
1.43,430.880543648229
1.431,430.757877087497
1.432,430.633822985403
1.433,430.508386311768
1.434,430.38157203788
1.435,430.253385136357
1.436,430.123830580858
1.437,429.992913345973
1.438,429.860638407058
1.439,429.727010739901
1.44,429.592035320628
1.441,429.455717125491
1.442,429.318061130676
1.443,429.1790723121
1.444,429.038755645294
1.445,428.897116105082
1.446,428.754158665469
1.447,428.609888299421
1.448,428.46430997889
1.449,428.317428674117
1.45,428.169249354163
1.451,428.019776986158
1.452,427.869016535225
1.453,427.716972964676
1.454,427.563651235218
1.455,427.40905630548
1.456,427.253193131141
1.457,427.096066665384
1.458,426.937681858196
1.459,426.778043656633
1.46,426.61715700442
1.461,426.45502684166
1.462,426.291658105164
1.463,426.127055727674
1.464,425.961224638163
1.465,425.794169761421
1.466,425.625896018033
1.467,425.456408324134
1.468,425.285711591288
1.469,425.113810726399
1.47,424.94071063146
1.471,424.766416203397
1.472,424.590932334057
1.473,424.414263909808
1.474,424.236415811775
1.475,424.057392915274
1.476,423.877200089998
1.477,423.695842199586
1.478,423.513324101784
1.479,423.329650648114
1.48,423.144826683712
1.481,422.958857047359
1.482,422.771746571237
1.483,422.583500080636
1.484,422.39412239427
1.485,422.203618323574
1.486,422.011992673145
1.487,421.819250240096
1.488,421.625395814307
1.489,421.430434178077
1.49,421.234370106143
1.491,421.037208365501
1.492,420.83895371522
1.493,420.639610906399
1.494,420.43918468208
1.495,420.237679776989
1.496,420.035100917705
1.497,419.831452822084
1.498,419.626740199627
1.499,419.420967751071
1.5,419.214140168321
1.501,419.006262134469
1.502,418.797338323616
1.503,418.587373400603
1.504,418.376372021219
1.505,418.164338831851
1.506,417.951278469449
1.507,417.737195561492
1.508,417.52209472576
1.509,417.305980570419
1.51,417.088857693614
1.511,416.87073068387
1.512,416.651604119398
1.513,416.431482568527
1.514,416.210370589234
1.515,415.988272729325
1.516,415.765193526096
1.517,415.541137506582
1.518,415.316109187013
1.519,415.090113073178
1.52,414.863153660032
1.521,414.635235431835
1.522,414.406362861732
1.523,414.176540412198
1.524,413.945772534401
1.525,413.714063668534
1.526,413.481418243582
1.527,413.247840677155
1.528,413.01333537553
1.529,412.77790673368
1.53,412.541559134863
1.531,412.304296950953
1.532,412.066124542075
1.533,411.827046256713
1.534,411.587066431519
1.535,411.346189391317
1.536,411.104419449051
1.537,410.861760905601
1.538,410.618218049864
1.539,410.373795158709
1.54,410.128496496729
1.541,409.882326316367
1.542,409.635288857736
1.543,409.387388348697
1.544,409.13862900463
1.545,408.88901502852
1.546,408.638550610808
1.547,408.387239929443
1.548,408.135087149705
1.549,407.882096424307
1.55,407.628271893123
1.551,407.373617683425
1.552,407.118137909513
1.553,406.86183667307
1.554,406.604718062626
1.555,406.346786153905
1.556,406.088045009672
1.557,405.828498679591
1.558,405.568151200407
1.559,405.307006595554
1.56,405.045068875508
1.561,404.782342037369
1.562,404.518830065234
1.563,404.254536929792
1.564,403.989466588445
1.565,403.723622985375
1.566,403.457010051287
1.567,403.189631703603
1.568,402.921491846151
1.569,402.652594369558
1.57,402.382943150712
1.571,402.112542053168
1.572,401.841394926817
1.573,401.569505608095
1.574,401.29687791974
1.575,401.023515670972
1.576,400.749422657299
1.577,400.474602660594
1.578,400.199059449023
1.579,399.92279677701
1.58,399.645818385354
1.581,399.368128001077
1.582,399.089729337306
1.583,398.810626093532
1.584,398.530821955388
1.585,398.250320594616
1.586,397.969125669323
1.587,397.687240823491
1.588,397.404669687518
1.589,397.121415877728
1.59,396.837482996631
1.591,396.552874632848
1.592,396.267594361026
1.593,395.981645741959
1.594,395.695032322497
1.595,395.407757635506
1.596,395.119825200002
1.597,394.831238520975
1.598,394.542001089445
1.599,394.252116382537
1.6,393.961587863368
1.601,393.670418981028
1.602,393.37861317078
1.603,393.086173853752
1.604,392.79310443723
1.605,392.499408314402
1.606,392.205088864498
1.607,391.910149452892
1.608,391.614593430877
1.609,391.318424135736
1.61,391.021644890842
1.611,390.724259005623
1.612,390.426269775464
1.613,390.127680481854
1.614,389.828494392266
1.615,389.528714760319
1.616,389.22834482553
1.617,388.927387813692
1.618,388.625846936496
1.619,388.323725391757
1.62,388.021026363471
1.621,387.717753021534
1.622,387.413908522204
1.623,387.109496007632
1.624,386.804518606249
1.625,386.498979432591
1.626,386.192881587294
1.627,385.88622815724
1.628,385.579022215402
1.629,385.271266821061
1.63,384.962965019682
1.631,384.654119842903
1.632,384.344734308575
1.633,384.034811420966
1.634,383.724354170477
1.635,383.413365533842
1.636,383.10184847415
1.637,382.789805940751
1.638,382.477240869411
1.639,382.164156182227
1.64,381.850554787716
1.641,381.536439580705
1.642,381.221813442671
1.643,380.906679241285
1.644,380.59103983087
1.645,380.274898052174
1.646,379.958256732523
1.647,379.641118685713
1.648,379.323486712142
1.649,379.005363598835
1.65,378.686752119373
1.651,378.367655033985
1.652,378.04807508967
1.653,377.728015019998
1.654,377.407477545331
1.655,377.086465372716
1.656,376.764981196048
1.657,376.443027695984
1.658,376.120607540058
1.659,375.797723382566
1.66,375.474377864767
1.661,375.150573614858
1.662,374.826313247956
1.663,374.501599366131
1.664,374.176434558491
1.665,373.850821401189
1.666,373.524762457422
1.667,373.198260277548
1.668,372.871317398971
1.669,372.543936346305
1.67,372.216119631409
1.671,371.887869753339
1.672,371.5591891984
1.673,371.230080440206
1.674,370.90054593972
1.675,370.570588145218
1.676,370.240209492487
1.677,369.909412404719
1.678,369.578199292479
1.679,369.246572553928
1.68,368.914534574757
1.681,368.582087728288
1.682,368.249234375373
1.683,367.915976864551
1.684,367.582317532053
1.685,367.248258701913
1.686,366.913802685758
1.687,366.578951783241
1.688,366.243708281648
1.689,365.908074456279
1.69,365.572052570345
1.691,365.235644874948
1.692,364.898853609258
1.693,364.561681000416
1.694,364.224129263676
1.695,363.886200602455
1.696,363.547897208257
1.697,363.209221260838
1.698,362.870174928127
1.699,362.530760366367
1.7,362.190979720144
1.701,361.850835122371
1.702,361.510328694414
1.703,361.169462546022
1.704,360.828238775478
1.705,360.486659469538
1.706,360.14472670361
1.707,359.802442541688
1.708,359.459809036334
1.709,359.116828228975
1.71,358.773502149602
1.711,358.42983281715
1.712,358.085822239281
1.713,357.741472412607
1.714,357.396785322538
1.715,357.051762943618
1.716,356.706407239211
1.717,356.36072016187
1.718,356.014703653227
1.719,355.668359643945
1.72,355.321690053953
1.721,354.974696792441
1.722,354.627381757837
1.723,354.279746837866
1.724,353.931793909604
1.725,353.583524839615
1.726,353.234941483854
1.727,352.88604568778
1.728,352.536839286456
1.729,352.187324104467
1.73,351.83750195605
1.731,351.487374645193
1.732,351.136943965503
1.733,350.786211700443
1.734,350.435179623373
1.735,350.08384949736
1.736,349.732223075467
1.737,349.380302100797
1.738,349.028088306292
1.739,348.675583415145
1.74,348.322789140552
1.741,347.969707185856
1.742,347.61633924462
1.743,347.262687000676
1.744,346.908752128143
1.745,346.554536291454
1.746,346.200041145507
1.747,345.845268335571
1.748,345.490219497367
1.749,345.134896257333
1.75,344.779300232301
1.751,344.423433029745
1.752,344.067296248006
1.753,343.710891475916
1.754,343.354220293225
1.755,342.997284270508
1.756,342.640084969152
1.757,342.282623941482
1.758,341.924902730838
1.759,341.566922871496
1.76,341.20868588891
1.761,340.850193299575
1.762,340.491446611179
1.763,340.132447322569
1.764,339.773196923899
1.765,339.413696896675
1.766,339.053948713728
1.767,338.693953839209
1.768,338.333713728884
1.769,337.973229829934
1.77,337.612503581092
1.771,337.251536412729
1.772,336.890329746825
1.773,336.528884997168
1.774,336.167203569147
1.775,335.805286860068
1.776,335.443136259032
1.777,335.080753147047
1.778,334.718138897058
1.779,334.355294874098
1.78,333.992222435066
1.781,333.628922929147
1.782,333.265397697505
1.783,332.901648073635
1.784,332.537675383241
1.785,332.173480944243
1.786,331.809066066933
1.787,331.444432054048
1.788,331.079580200714
1.789,330.714511794562
1.79,330.349228115741
1.791,329.983730437031
1.792,329.618020023797
1.793,329.252098134107
1.794,328.885966018766
1.795,328.519624921322
1.796,328.153076078232
1.797,327.786320718788
1.798,327.419360065169
1.799,327.052195332617
1.8,326.684827729326
1.801,326.317258456627
1.802,325.949488708903
1.803,325.581519673813
1.804,325.213352532105
1.805,324.844988457861
1.806,324.476428618592
1.807,324.107674174976
1.808,323.738726281192
1.809,323.369586084975
1.81,323.000254727452
1.811,322.63073334334
1.812,322.261023060987
1.813,321.891125002407
1.814,321.521040283282
1.815,321.150770013088
1.816,320.780315295067
1.817,320.409677226352
1.818,320.038856897959
1.819,319.66785539483
1.82,319.296673795932
1.821,318.925313174288
1.822,318.553774596947
1.823,318.18205912518
1.824,317.810167814383
1.825,317.438101714232
1.826,317.06586186865
1.827,316.69344931589
1.828,316.320865088638
1.829,315.948110213919
1.83,315.575185713298
1.831,315.20209260286
1.832,314.828831893229
1.833,314.455404589599
1.834,314.081811691963
1.835,313.708054194875
1.836,313.334133087754
1.837,312.960049354727
1.838,312.585803974888
1.839,312.211397922135
1.84,311.836832165283
1.841,311.462107668274
1.842,311.087225389954
1.843,310.712186284331
1.844,310.336991300466
1.845,309.961641382717
1.846,309.586137470525
1.847,309.210480498724
1.848,308.83467139736
1.849,308.458711091885
1.85,308.082600503227
1.851,307.706340547608
1.852,307.3299321369
1.853,306.953376178389
1.854,306.576673575113
1.855,306.199825225617
1.856,305.822832024132
1.857,305.445694860673
1.858,305.068414620992
1.859,304.690992186653
1.86,304.313428435116
1.861,303.935724239694
1.862,303.557880469709
1.863,303.179897990423
1.864,302.801777663181
1.865,302.423520345431
1.866,302.04512689067
1.867,301.666598148639
1.868,301.287934965287
1.869,300.909138182798
1.87,300.530208639704
1.871,300.15114717083
1.872,299.771954607468
1.873,299.392631777316
1.874,299.013179504496
1.875,298.633598609762
1.876,298.253889910369
1.877,297.874054220214
1.878,297.494092349818
1.879,297.114005106412
1.88,296.733793293992
1.881,296.353457713318
1.882,295.972999161997
1.883,295.592418434516
1.884,295.211716322194
1.885,294.830893613414
1.886,294.449951093477
1.887,294.06888954479
1.888,293.687709746781
1.889,293.306412476059
1.89,292.924998506347
1.891,292.543468608629
1.892,292.161823551068
1.893,291.780064099186
1.894,291.398191015864
1.895,291.016205061207
1.896,290.634106992944
1.897,290.25189756608
1.898,289.869577533241
1.899,289.487147644517
1.9,289.104608647605
1.901,288.721961287856
1.902,288.33920630822
1.903,287.956344449391
1.904,287.573376449768
1.905,287.190303045596
1.906,286.807124970869
1.907,286.423842957497
1.908,286.040457735264
1.909,285.656970031887
1.91,285.273380573115
1.911,284.889690082647
1.912,284.505899282291
1.913,284.122008891954
1.914,283.738019629636
1.915,283.353932211555
1.916,282.969747352139
1.917,282.585465764086
1.918,282.201088158335
1.919,281.816615244208
1.92,281.432047729338
1.921,281.047386319879
1.922,280.662631720291
1.923,280.277784633579
1.924,279.892845761327
1.925,279.507815803583
1.926,279.122695459025
1.927,278.737485424994
1.928,278.352186397482
1.929,277.96679907117
1.93,277.581324139495
1.931,277.195762294716
1.932,276.810114227847
1.933,276.424380628795
1.934,276.03856218633
1.935,275.652659588199
1.936,275.266673521068
1.937,274.880604670597
1.938,274.494453721555
1.939,274.10822135767
1.94,273.721908261864
1.941,273.335515116181
1.942,272.949042601827
1.943,272.562491399212
1.944,272.175862188013
1.945,271.789155647219
1.946,271.402372455049
1.947,271.015513289165
1.948,270.628578826577
1.949,270.241569743701
1.95,269.854486716426
1.951,269.467330420109
1.952,269.080101529693
1.953,268.692800719574
1.954,268.305428663848
1.955,267.917986036153
1.956,267.530473509803
1.957,267.142891757805
1.958,266.755241452902
1.959,266.367523267587
1.96,265.979737874124
1.961,265.591885944589
1.962,265.203968150958
1.963,264.815985165068
1.964,264.427937658654
1.965,264.039826303402
1.966,263.651651770995
1.967,263.263414733138
1.968,262.875115861559
1.969,262.486755828058
1.97,262.098335304539
1.971,261.709854963062
1.972,261.321315475836
1.973,260.932717515318
1.974,260.54406175408
1.975,260.155348865089
1.976,259.766579521513
1.977,259.377754396864
1.978,258.988874164997
1.979,258.59993950016
1.98,258.210951076995
1.981,257.821909570622
1.982,257.432815656553
1.983,257.043670010852
1.984,256.654473310081
1.985,256.265226231401
1.986,255.875929452497
1.987,255.48658365172
1.988,255.097189508
1.989,254.707747700983
1.99,254.318258910984
1.991,253.928723819067
1.992,253.539143106999
1.993,253.149517457401
1.994,252.759847553637
1.995,252.370134079908
1.996,251.980377721313
1.997,251.590579163812
1.998,251.200739094264
1.999,250.810858200471
2,250.42093717127
2.001,250.03097669639
2.002,249.640977466626
2.003,249.25094017381
2.004,248.860865510864
2.005,248.470754171782
2.006,248.080606851681
2.007,247.690424246841
2.008,247.300207054682
2.009,246.909955973826
2.01,246.519671704162
2.011,246.129354946765
2.012,245.739006403997
2.013,245.348626779531
2.014,244.958216778325
2.015,244.567777106693
2.016,244.177308472336
2.017,243.786811584319
2.018,243.396287153121
2.019,243.005735890638
2.02,242.615158510254
2.021,242.22455572681
2.022,241.833928256678
2.023,241.443276817718
2.024,241.052602129365
2.025,240.661904912591
2.026,240.271185890013
2.027,239.880445785823
2.028,239.489685325828
2.029,239.098905237531
2.03,238.708106250078
2.031,238.317289094357
2.032,237.92645450293
2.033,237.53560321012
2.034,237.144735952004
2.035,236.753853466445
2.036,236.362956493099
2.037,235.972045773441
2.038,235.581122050776
2.039,235.190186070304
2.04,234.799238579071
2.041,234.408280326017
2.042,234.017312062019
2.043,233.626334539903
2.044,233.235348514401
2.045,232.844354742245
2.046,232.453353982179
2.047,232.06234699492
2.048,231.67133454323
2.049,231.280317391925
2.05,230.889296307842
2.051,230.498272059962
2.052,230.107245419303
2.053,229.71621715904
2.054,229.325188054439
2.055,228.93415888296
2.056,228.543130424183
2.057,228.152103459893
2.058,227.761078774089
2.059,227.370057152912
2.06,226.979039384829
2.061,226.588026260452
2.062,226.197018572734
2.063,225.80601711685
2.064,225.415022690281
2.065,225.024036092824
2.066,224.633058126565
2.067,224.242089595943
2.068,223.851131307751
2.069,223.460184071137
2.07,223.069248697594
2.071,222.678326001035
2.072,222.28741679778
2.073,221.89652190654
2.074,221.50564214849
2.075,221.11477834718
2.076,220.723931328695
2.077,220.333101921528
2.078,219.942290956679
2.079,219.551499267625
2.08,219.160727690349
2.081,218.769977063351
2.082,218.379248227664
2.083,217.988542026845
2.084,217.597859307007
2.085,217.207200916807
2.086,216.816567707493
2.087,216.42596053291
2.088,216.035380249435
2.089,215.644827716114
2.09,215.254303794559
2.091,214.863809349008
2.092,214.473345246362
2.093,214.082912356109
2.094,213.692511550465
2.095,213.30214370422
2.096,212.911809694876
2.097,212.521510402616
2.098,212.131246710301
2.099,211.741019503467
2.1,211.350829670374
2.101,210.960678101977
2.102,210.57056569196
2.103,210.180493336707
2.104,209.790461935386
2.105,209.40047238985
2.106,209.010525604709
2.107,208.620622487348
2.108,208.230763947883
2.109,207.840950899221
2.11,207.451184257032
2.111,207.061464939737
2.112,206.671793868592
2.113,206.282171967589
2.114,205.89260016356
2.115,205.503079386093
2.116,205.113610567623
2.117,204.724194643355
2.118,204.334832551331
2.119,203.945525232407
2.12,203.556273630246
2.121,203.167078691385
2.122,202.777941365122
2.123,202.388862603646
2.124,201.999843361957
2.125,201.610884597889
2.126,201.221987272128
2.127,200.833152348227
2.128,200.444380792549
2.129,200.055673574341
2.13,199.667031665678
2.131,199.27845604152
2.132,198.889947679658
2.133,198.501507560751
2.134,198.113136668303
2.135,197.724835988729
2.136,197.336606511248
2.137,196.948449227986
2.138,196.560365133896
2.139,196.172355226835
2.14,195.784420507492
2.141,195.396561979455
2.142,195.008780649132
2.143,194.621077525841
2.144,194.233453621738
2.145,193.845909951862
2.146,193.45844753408
2.147,193.071067389178
2.148,192.683770540732
2.149,192.296558015242
2.15,191.909430842025
2.151,191.522390053281
2.152,191.135436684031
2.153,190.748571772185
2.154,190.361796358462
2.155,189.97511148648
2.156,189.588518202632
2.157,189.202017556227
2.158,188.815610599354
2.159,188.429298386955
2.16,188.043081976817
2.161,187.656962429537
2.162,187.270940808541
2.163,186.885018180071
2.164,186.499195613179
2.165,186.11347417975
2.166,185.72785495445
2.167,185.342339014743
2.168,184.956927440921
2.169,184.571621316033
2.17,184.186421725928
2.171,183.801329759224
2.172,183.416346507333
2.173,183.03147306441
2.174,182.646710527379
2.175,182.262059995933
2.176,181.877522572506
2.177,181.493099362261
2.178,181.108791473107
2.179,180.724600015656
2.18,180.340526103303
2.181,179.95657085209
2.182,179.572735380793
2.183,179.189020810883
2.184,178.805428266523
2.185,178.421958874548
2.186,178.038613764465
2.187,177.655394068456
2.188,177.27230092135
2.189,176.889335460625
2.19,176.50649882639
2.191,176.123792161407
2.192,175.741216611022
2.193,175.358773323205
2.194,174.97646344851
2.195,174.594288140126
2.196,174.212248553778
2.197,173.830345847758
2.198,173.448581182941
2.199,173.06695572273
2.2,172.685470633062
2.201,172.304127082434
2.202,171.922926241801
2.203,171.541869284666
2.204,171.16095738701
2.205,170.780191727275
2.206,170.399573486402
2.207,170.019103847751
2.208,169.638783997165
2.209,169.258615122876
2.21,168.878598415568
2.211,168.498735068314
2.212,168.119026276568
2.213,167.739473238197
2.214,167.360077153398
2.215,166.980839224731
2.216,166.601760657109
2.217,166.222842657749
2.218,165.844086436203
2.219,165.46549320429
2.22,165.087064176133
2.221,164.708800568113
2.222,164.330703598877
2.223,163.952774489301
2.224,163.57501446247
2.225,163.19742474371
2.226,162.820006560521
2.227,162.442761142572
2.228,162.065689721725
2.229,161.688793531952
2.23,161.312073809386
2.231,160.935531792264
2.232,160.559168720918
2.233,160.182985837761
2.234,159.806984387277
2.235,159.431165615999
2.236,159.0555307725
2.237,158.680081107361
2.238,158.304817873154
2.239,157.929742324451
2.24,157.554855717765
2.241,157.180159311575
2.242,156.805654366281
2.243,156.4313421442
2.244,156.057223909526
2.245,155.683300928349
2.246,155.309574468613
2.247,154.936045800077
2.248,154.562716194343
2.249,154.189586924818
2.25,153.816659266672
2.251,153.443934496851
2.252,153.071413894044
2.253,152.699098738663
2.254,152.326990312839
2.255,151.955089900359
2.256,151.583398786714
2.257,151.211918259014
2.258,150.840649606018
2.259,150.469594118072
2.26,150.09875308712
2.261,149.728127806687
2.262,149.357719571808
2.263,148.987529679081
2.264,148.617559426591
2.265,148.247810113914
2.266,147.878283042096
2.267,147.508979513601
2.268,147.139900832353
2.269,146.771048303637
2.27,146.402423234149
2.271,146.034026931929
2.272,145.665860706352
2.273,145.297925868123
2.274,144.930223729212
2.275,144.562755602874
2.276,144.195522803633
2.277,143.828526647211
2.278,143.461768450551
2.279,143.095249531765
2.28,142.728971210133
2.281,142.362934806085
2.282,141.997141641138
2.283,141.631593037916
2.284,141.26629032013
2.285,140.901234812503
2.286,140.536427840785
2.287,140.171870731755
2.288,139.807564813146
2.289,139.443511413651
2.29,139.079711862874
2.291,138.716167491357
2.292,138.352879630507
2.293,137.989849612586
2.294,137.627078770699
2.295,137.264568438753
2.296,136.902319951451
2.297,136.540334644249
2.298,136.178613853357
2.299,135.81715891568
2.3,135.455971168835
2.301,135.095051951079
2.302,134.734402601331
2.303,134.374024459107
2.304,134.013918864541
2.305,133.654087158306
2.306,133.294530681629
2.307,132.935250776272
2.308,132.57624878445
2.309,132.217526048873
2.31,131.859083912696
2.311,131.500923719467
2.312,131.143046813148
2.313,130.785454538061
2.314,130.428148238857
2.315,130.071129260526
2.316,129.714398948319
2.317,129.357958647766
2.318,129.001809704643
2.319,128.645953464929
2.32,128.290391274794
2.321,127.935124480557
2.322,127.580154428684
2.323,127.225482465754
2.324,126.87110993842
2.325,126.517038193402
2.326,126.163268577431
2.327,125.80980243727
2.328,125.456641119639
2.329,125.103785971227
2.33,124.751238338633
2.331,124.398999568372
2.332,124.047071006813
2.333,123.695454000201
2.334,123.344149894575
2.335,122.993160035777
2.336,122.64248576942
2.337,122.292128440859
2.338,121.942089395147
2.339,121.592369977059
2.34,121.242971530994
2.341,120.893895401006
2.342,120.545142930755
2.343,120.196715463483
2.344,119.848614341974
2.345,119.500840908556
2.346,119.153396505042
2.347,118.80628247273
2.348,118.45950015237
2.349,118.113050884111
2.35,117.766936007515
2.351,117.421156861501
2.352,117.075714784324
2.353,116.730611113561
2.354,116.385847186071
2.355,116.041424337967
2.356,115.697343904596
2.357,115.35360722051
2.358,115.010215619435
2.359,114.667170434251
2.36,114.324472996957
2.361,113.982124638659
2.362,113.640126689513
2.363,113.29848047874
2.364,112.957187334557
2.365,112.616248584171
2.366,112.275665553765
2.367,111.935439568446
2.368,111.59557195222
2.369,111.256064027989
2.37,110.916917117493
2.371,110.578132541307
2.372,110.239711618811
2.373,109.90165566814
2.374,109.563966006186
2.375,109.226643948557
2.376,108.889690809547
2.377,108.553107902122
2.378,108.216896537882
2.379,107.881058027036
2.38,107.545593678381
2.381,107.210504799264
2.382,106.875792695567
2.383,106.541458671674
2.384,106.207504030448
2.385,105.873930073199
2.386,105.540738099656
2.387,105.207929407953
2.388,104.875505294591
2.389,104.54346705441
2.39,104.211815980567
2.391,103.880553364515
2.392,103.54968049597
2.393,103.219198662879
2.394,102.889109151405
2.395,102.559413245893
2.396,102.230112228847
2.397,101.901207380899
2.398,101.572699980796
2.399,101.244591305353
2.4,100.916882629447
2.401,100.589575225975
2.402,100.262670365846
2.403,99.9361693179291
2.404,99.6100733490529
2.405,99.2843837239658
2.406,98.9591017053194
2.407,98.634228553624
2.408,98.3097655272484
2.409,97.9857138823757
2.41,97.6620748729845
2.411,97.338849750821
2.412,97.016039765377
2.413,96.6936461638637
2.414,96.3716701911822
2.415,96.0501130899035
2.416,95.728976100236
2.417,95.4082604600109
2.418,95.0879674046487
2.419,94.7680981671364
2.42,94.4486539780066
2.421,94.1296360653051
2.422,93.8110456545705
2.423,93.49288396881
2.424,93.1751522284741
2.425,92.8578516514301
2.426,92.5409834529388
2.427,92.2245488456344
2.428,91.9085490394923
2.429,91.5929852418093
2.43,91.277858657181
2.431,90.9631704874718
2.432,90.6489219317962
2.433,90.335114186498
2.434,90.0217484451127
2.435,89.7088258983614
2.436,89.3963477341118
2.437,89.084315137365
2.438,88.7727292902294
2.439,88.4615913718924
2.44,88.1509025586023
2.441,87.8406640236465
2.442,87.5308769373249
2.443,87.2215424669212
2.444,86.9126617766949
2.445,86.6042360278448
2.446,86.2962663784962
2.447,85.9887539836668
2.448,85.6816999952533
2.449,85.3751055620092
2.45,85.0689718295192
2.451,84.7632999401729
2.452,84.4580910331551
2.453,84.1533462444062
2.454,83.8490667066214
2.455,83.5452535492082
2.456,83.241907898274
2.457,82.939030876617
2.458,82.6366236036747
2.459,82.3346871955314
2.46,82.0332227648843
2.461,81.7322314210224
2.462,81.4317142698038
2.463,81.1316724136436
2.464,80.8321069514809
2.465,80.5330189787693
2.466,80.23440958745
2.467,79.9362798659318
2.468,79.6386308990715
2.469,79.3414637681576
2.47,79.0447795508792
2.471,78.7485793213214
2.472,78.4528641499295
2.473,78.1576351035041
2.474,77.8628932451675
2.475,77.5686396343563
2.476,77.2748753267962
2.477,76.9816013744795
2.478,76.6888188256553
2.479,76.3965287247975
2.48,76.1047321126019
2.481,75.8134300259522
2.482,75.5226234979098
2.483,75.2323135576948
2.484,74.9425012306647
2.485,74.6531875382964
2.486,74.3643734981778
2.487,74.0760601239672
2.488,73.7882484254026
2.489,73.5009394082619
2.49,73.21413407436
2.491,72.9278334215222
2.492,72.642038443573
2.493,72.3567501303125
2.494,72.0719694675067
2.495,71.787697436865
2.496,71.5039350160266
2.497,71.2206831785389
2.498,70.9379428938487
2.499,70.6557151272776
2.5,70.3740008400131
2.501,70.0928009890862
2.502,69.8121165273605
2.503,69.5319484035142
2.504,69.2522975620199
2.505,68.9731649431384
2.506,68.6945514828961
2.507,68.4164581130698
2.508,68.138885761176
2.509,67.8618353504528
2.51,67.5853077998444
2.511,67.3093040239889
2.512,67.0338249332007
2.513,66.7588714334578
2.514,66.4844444263871
2.515,66.21054480925
2.516,65.9371734749316
2.517,65.6643313119175
2.518,65.3920192042914
2.519,65.1202380317159
2.52,64.8489886694145
2.521,64.5782719881699
2.522,64.3080888542994
2.523,64.0384401296487
2.524,63.7693266715751
2.525,63.5007493329357
2.526,63.2327089620793
2.527,62.9652064028254
2.528,62.6982424944587
2.529,62.4318180717138
2.53,62.1659339647632
2.531,61.900590999209
2.532,61.6357899960657
2.533,61.3715317717481
2.534,61.1078171380691
2.535,60.8446469022192
2.536,60.5820218667553
2.537,60.3199428295946
2.538,60.0584105840028
2.539,59.7974259185798
2.54,59.5369896172506
2.541,59.2771024592577
2.542,59.017765219146
2.543,58.7589786667577
2.544,58.500743567216
2.545,58.2430606809217
2.546,57.9859307635377
2.547,57.7293545659858
2.548,57.4733328344277
2.549,57.2178663102678
2.55,56.9629557301312
2.551,56.7086018258666
2.552,56.4548053245271
2.553,56.2015669483694
2.554,55.9488874148402
2.555,55.6967674365678
2.556,55.4452077213578
2.557,55.1942089721807
2.558,54.9437718871648
2.559,54.6938971595902
2.56,54.4445854778787
2.561,54.195837525587
2.562,53.9476539813996
2.563,53.7000355191196
2.564,53.4529828076645
2.565,53.2064965110565
2.566,52.9605772884155
2.567,52.7152257939537
2.568,52.4704426769698
2.569,52.2262285818389
2.57,51.9825841480095
2.571,51.7395100099939
2.572,51.4970067973654
2.573,51.2550751347511
2.574,51.0137156418245
2.575,50.7729289333017
2.576,50.5327156189346
2.577,50.2930763035077
2.578,50.0540115868268
2.579,49.8155220637207
2.58,49.5776083240339
2.581,49.3402709526193
2.582,49.1035105293343
2.583,48.8673276290401
2.584,48.6317228215894
2.585,48.3966966718299
2.586,48.1622497395953
2.587,47.9283825797017
2.588,47.6950957419449
2.589,47.4623897710952
2.59,47.230265206894
2.591,46.998722584051
2.592,46.7677624322376
2.593,46.5373852760892
2.594,46.3075916351933
2.595,46.0783820240975
2.596,45.8497569522943
2.597,45.6217169242283
2.598,45.3942624392872
2.599,45.1673939918012
2.6,44.94111207104
2.601,44.7154171612118
2.602,44.4903097414591
2.603,44.2657902858557
2.604,44.0418592634075
2.605,43.8185171380483
2.606,43.5957643686382
2.607,43.3736014089632
2.608,43.1520287077301
2.609,42.93104670857
2.61,42.7106558500327
2.611,42.4908565655858
2.612,42.2716492836152
2.613,42.0530344274239
2.614,41.8350124152288
2.615,41.6175836601616
2.616,41.4007485702681
2.617,41.1845075485056
2.618,40.9688609927447
2.619,40.7538092957678
2.62,40.5393528452664
2.621,40.3254920238464
2.622,40.1122272090207
2.623,39.8995587732149
2.624,39.6874870837648
2.625,39.4760125029159
2.626,39.2651353878257
2.627,39.0548560905613
2.628,38.8451749581015
2.629,38.6360923323373
2.63,38.4276085500713
2.631,38.219723943019
2.632,38.0124388378092
2.633,37.8057535559849
2.634,37.5996684140049
2.635,37.3941837232426
2.636,37.1892997899899
2.637,36.9850169154555
2.638,36.7813353957678
2.639,36.5782555219759
2.64,36.3757775800503
2.641,36.1739018508848
2.642,35.9726286102977
2.643,35.7719581290335
2.644,35.571890672765
2.645,35.3724265020928
2.646,35.1735658725499
2.647,34.9753090346023
2.648,34.7776562336499
2.649,34.5806077100302
2.65,34.384163699018
2.651,34.1883244308303
2.652,33.9930901306252
2.653,33.7984610185075
2.654,33.6044373095277
2.655,33.411019213685
2.656,33.2182069359328
2.657,33.0260006761752
2.658,32.8344006292751
2.659,32.6434069850527
2.66,32.4530199282897
2.661,32.2632396387318
2.662,32.0740662910908
2.663,31.8855000550469
2.664,31.697541095252
2.665,31.5101895713322
2.666,31.3234456378898
2.667,31.1373094445067
2.668,30.9517811357481
2.669,30.7668608511616
2.67,30.5825487252849
2.671,30.3988448876447
2.672,30.2157494627618
2.673,30.0332625701521
2.674,29.851384324331
2.675,29.6701148348155
2.676,29.4894542061275
2.677,29.3094025377962
2.678,29.1299599243606
2.679,28.9511264553729
2.68,28.7729022154026
2.681,28.5952872840359
2.682,28.4182817358824
2.683,28.2418856405759
2.684,28.0660990627772
2.685,27.8909220621772
2.686,27.7163546935005
2.687,27.5423970065061
2.688,27.3690490459929
2.689,27.1963108518007
2.69,27.0241824588126
2.691,26.8526638969581
2.692,26.6817551912172
2.693,26.5114563616204
2.694,26.3417674232528
2.695,26.1726883862568
2.696,26.0042192558341
2.697,25.8363600322468
2.698,25.6691107108234
2.699,25.5024712819564
2.7,25.3364417311084
2.701,25.1710220388124
2.702,25.0062121806742
2.703,24.8420121273744
2.704,24.6784218446707
2.705,24.5154412933997
2.706,24.3530704294785
2.707,24.1913092039062
2.708,24.0301575627665
2.709,23.8696154472286
2.71,23.7096827935477
2.711,23.5503595330681
2.712,23.3916455922241
2.713,23.2335408925397
2.714,23.076045350631
2.715,22.9191588782066
2.716,22.7628813820692
2.717,22.6072127641147
2.718,22.4521529213339
2.719,22.2977017458126
2.72,22.1438591247324
2.721,21.9906249403687
2.722,21.8379990700944
2.723,21.6859813863756
2.724,21.5345717567742
2.725,21.3837700439461
2.726,21.233576105641
2.727,21.0839897947009
2.728,20.9350109590601
2.729,20.7866394417427
2.73,20.6388750808622
2.731,20.4917177096195
2.732,20.3451671563016
2.733,20.1992232442781
2.734,20.0538857920008
2.735,19.9091546130004
2.736,19.7650295158836
2.737,19.6215103043305
2.738,19.4785967770912
2.739,19.3362887279833
2.74,19.1945859458866
2.741,19.0534882147411
2.742,18.9129953135411
2.743,18.7731070163318
2.744,18.6338230922048
2.745,18.4951433052917
2.746,18.3570674147603
2.747,18.2195951748081
2.748,18.0827263346571
2.749,17.9464606385464
2.75,17.810797825727
2.751,17.6757376304539
2.752,17.5412797819794
2.753,17.4074240045451
2.754,17.2741700173743
2.755,17.1415175346637
2.756,17.0094662655743
2.757,16.8780159142226
2.758,16.7471661796713
2.759,16.6169167559186
2.76,16.4872673318894
2.761,16.3582175914228
2.762,16.2297672132624
2.763,16.1019158710435
2.764,15.974663233282
2.765,15.8480089633616
2.766,15.7219527195202
2.767,15.5964941548371
2.768,15.471632917219
2.769,15.3473686493848
2.77,15.2237009888512
2.771,15.100629567917
2.772,14.9781540136467
2.773,14.8562739478544
2.774,14.7349889870858
2.775,14.6142987426006
2.776,14.4942028203549
2.777,14.3747008209806
2.778,14.255792339767
2.779,14.13747696664
2.78,14.0197542861411
2.781,13.9026238774059
2.782,13.7860853141415
2.783,13.6701381646039
2.784,13.554781991574
2.785,13.4400163523329
2.786,13.3258407986373
2.787,13.2122548766931
2.788,13.0992581271285
2.789,12.9868500849672
2.79,12.8750302795987
2.791,12.7637982347511
2.792,12.6531534684588
2.793,12.5430954930336
2.794,12.4336238150316
2.795,12.3247379352211
2.796,12.216437348549
2.797,12.1087215441063
2.798,12.0015900050919
2.799,11.8950422087776
2.8,11.7890776264691
2.801,11.6836957234687
2.802,11.5788959590348
2.803,11.4746777863421
2.804,11.3710406524397
2.805,11.2679839982086
2.806,11.1655072583167
2.807,11.0636098611754
2.808,10.9622912288923
2.809,10.8615507772244
2.81,10.761387915529
2.811,10.6618020467143
2.812,10.5627925671882
2.813,10.4643588668058
2.814,10.3665003288156
2.815,10.269216329805
2.816,10.1725062396436
2.817,10.0763694214252
2.818,9.98080523140896
2.819,9.88581301895899
2.82,9.7913921264816
2.821,9.69754188936269
2.822,9.60426163590152
2.823,9.51155068724538
2.824,9.41940835732052
2.825,9.32783395276276
2.826,9.23682677284598
2.827,9.14638610940927
2.828,9.05651124678211
2.829,8.96720146170816
2.83,8.87845602326649
2.831,8.79027419279277
2.832,8.70265522379675
2.833,8.61559836187903
2.834,8.52910284464605
2.835,8.44316790162246
2.836,8.35779275416227
2.837,8.27297661535803
2.838,8.18871868994753
2.839,8.10501817421926
2.84,8.02187425591536
2.841,7.93928611413257
2.842,7.8572529192215
2.843,7.77577383268344
2.844,7.69484800706521
2.845,7.61447458585206
2.846,7.53465270335784
2.847,7.4553814846139
2.848,7.37666004525497
2.849,7.29848749140336
2.85,7.22086291955055
2.851,7.14378541643675
2.852,7.06725405892834
2.853,6.99126791389257
2.854,6.91582603807008
2.855,6.8409274779457
2.856,6.76657126961596
2.857,6.69275643865488
2.858,6.61948199997733
2.859,6.54674695769982
2.86,6.47455030499891
2.861,6.40289102396771
2.862,6.33176808546922
2.863,6.26118044898791
2.864,6.19112706247877
2.865,6.12160686221375
2.866,6.05261877262603
2.867,5.98416170615198
2.868,5.91623456307046
2.869,5.84883623134032
2.87,5.78196558643481
2.871,5.71562149117447
2.872,5.64980279555719
2.873,5.58450833658639
2.874,5.51973693809669
2.875,5.45548741057752
2.876,5.39175855099477
2.877,5.32854914260998
2.878,5.26585795479778
2.879,5.20368374286127
2.88,5.14202524784536
2.881,5.0808811963484
2.882,5.02025030033198
2.883,4.96013125692888
2.884,4.90052274824947
2.885,4.84142344118682
2.886,4.78283198721968
2.887,4.7247470222149
2.888,4.66716716622818
2.889,4.61009102330358
2.89,4.5535171812723
2.891,4.49744421155059
2.892,4.44187066893655
2.893,4.3867950914069
2.894,4.33221599991267
2.895,4.27813189817519
2.896,4.22454127248162
2.897,4.17144259148067
2.898,4.11883430597861
2.899,4.06671484873557
2.9,4.01508263426279
2.901,3.9639360586205
2.902,3.913273499217
2.903,3.8630933146092
2.904,3.81339384430457
2.905,3.764173408565
2.906,3.71543030821304
2.907,3.66716282444
2.908,3.61936921861733
2.909,3.57204773211078
2.91,3.5251965860976
2.911,3.47881398138781
2.912,3.4328980982493
2.913,3.38744709623706
2.914,3.34245911402747
2.915,3.29793226925718
2.916,3.2538646583679
2.917,3.21025435645677
2.918,3.16709941713297
2.919,3.12439787238111
2.92,3.08214773243168
2.921,3.04034698563906
2.922,2.99899359836754
2.923,2.95808551488568
2.924,2.91762065727006
2.925,2.87759692531795
2.926,2.8380121964704
2.927,2.79886432574563
2.928,2.76015114568358
2.929,2.72187046630203
2.93,2.68402007506506
2.931,2.64659773686393
2.932,2.60960119401211
2.933,2.57302816625355
2.934,2.53687635078632
2.935,2.50114342230137
2.936,2.46582703303759
2.937,2.43092481285367
2.938,2.39643436931792
2.939,2.36235328781626
2.94,2.32867913168032
2.941,2.29540944233532
2.942,2.2625417394699
2.943,2.23007352122851
2.944,2.1980022644274
2.945,2.16632542479613
2.946,2.13504043724571
2.947,2.10414471616483
2.948,2.07363565574682
2.949,2.04351063034863
2.95,2.01376699488465
2.951,1.98440208525819
2.952,1.9554132188337
2.953,1.92679769495349
2.954,1.89855279550347
2.955,1.87067578553265
2.956,1.84316391393348
2.957,1.81601441418916
2.958,1.78922450519775
2.959,1.76279139218317
2.96,1.73671226770636
2.961,1.71098431279234
2.962,1.68560469819273
2.963,1.66057058580768
2.964,1.63587913029796
2.965,1.611527480924
2.966,1.58751278366029
2.967,1.56383218364534
2.968,1.54048282804466
2.969,1.51746186942689
2.97,1.49476646978339
2.971,1.47239380536163
2.972,1.45034107253971
2.973,1.42860549504465
2.974,1.40718433292531
2.975,1.38607489384265
2.976,1.36527454745755
2.977,1.34478074401466
2.978,1.32459103869119
2.979,1.30470312398875
2.98,1.28511487353945
2.981,1.26582440241137
2.982,1.24683015176264
2.983,1.22813101025968
2.984,1.20972649245427
2.985,1.19161700801694
2.986,1.1738042807924
2.987,1.15629202454369
2.988,1.13908707847297
2.989,1.12220141048241
2.99,1.10565586326183
2.991,1.0894876734023
2.992,1.07376694029955
2.993,1.05863682780541
2.994,1.04442547911184
2.995,1.03200119173917
2.996,1.02383427973394
2.997,1.02429668006517
2.998,1.0330255803094
2.999,1.04564356561698
3,1.05989889825472
3.001,1.07500353835248
3.002,1.09065495302138
3.003,1.10671890826035
3.004,1.12312852865915
3.005,1.13984755625068
3.006,1.15685512845075
3.007,1.17413876466529
3.008,1.19169084643438
3.009,1.20950672387267
3.01,1.22758363703763
3.011,1.24592007141341
3.012,1.26451535686263
3.013,1.28336940924012
3.014,1.30248255881595
3.015,1.32185543328398
3.016,1.34148887609722
3.017,1.36138388825643
3.018,1.38154158602775
3.019,1.40196316970176
3.02,1.42264990014909
3.021,1.44360308097443
3.022,1.46482404475284
3.023,1.48631414228509
3.024,1.50807473411569
3.025,1.53010718376698
3.026,1.55241285229012
3.027,1.57499309383749
3.028,1.5978492520357
3.029,1.62098265699171
3.03,1.64439462280526
3.031,1.66808644548893
3.032,1.69205940121992
3.033,1.71631474486379
3.034,1.74085370872301
3.035,1.76567750147309
3.036,1.79078730725619
3.037,1.81618428490805
3.038,1.84186956729871
3.039,1.86784426077097
3.04,1.8941094446636
3.041,1.92066617090804
3.042,1.94751546368999
3.043,1.97465831916786
3.044,2.00209570524217
3.045,2.02982856136984
3.046,2.05785779841939
3.047,2.08618429856243
3.048,2.11480891519876
3.049,2.14373247291114
3.05,2.17295576744792
3.051,2.20247956573074
3.052,2.23230460588547
3.053,2.26243159729429
3.054,2.29286122066774
3.055,2.32359412813461
3.056,2.35463094334889
3.057,2.38597226161221
3.058,2.41761865001069
3.059,2.4495706475653
3.06,2.48182876539459
3.061,2.51439348688893
3.062,2.54726526789551
3.063,2.58044453691315
3.064,2.61393169529645
3.065,2.64772711746808
3.066,2.68183115113932
3.067,2.71624411753742
3.068,2.75096631163972
3.069,2.78599800241386
3.07,2.82133943306336
3.071,2.85699082127829
3.072,2.89295235949055
3.073,2.92922421513307
3.074,2.96580653090275
3.075,3.00269942502653
3.076,3.03990299153048
3.077,3.07741730051107
3.078,3.11524239840877
3.079,3.15337830828336
3.08,3.19182503009051
3.081,3.23058254095968
3.082,3.26965079547278
3.083,3.3090297259433
3.084,3.34871924269585
3.085,3.3887192343457
3.086,3.42902956807801
3.087,3.46965008992681
3.088,3.51058062505315
3.089,3.55182097802254
3.09,3.59337093308129
3.091,3.63523025443177
3.092,3.67739868650594
3.093,3.7198759542378
3.094,3.76266176333387
3.095,3.80575580054169
3.096,3.84915773391697
3.097,3.89286721308791
3.098,3.93688386951784
3.099,3.9812073167654
3.1,4.02583715074237
3.101,4.07077294996887
3.102,4.11601427582624
3.103,4.16156067280715
3.104,4.20741166876297
3.105,4.25356677514852
3.106,4.30002548726383
3.107,4.3467872844931
3.108,4.39385163054089
3.109,4.44121797366508
3.11,4.48888574690713
3.111,4.53685436831906
3.112,4.58512324118765
3.113,4.63369175425529
3.114,4.68255928193814
3.115,4.73172518454084
3.116,4.78118880846832
3.117,4.83094948643446
3.118,4.88100653766771
3.119,4.93135926811339
3.12,4.98200697063338
3.121,5.03294892520215
3.122,5.08418439910008
3.123,5.13571264710366
3.124,5.18753291167259
3.125,5.23964442313382
3.126,5.29204639986268
3.127,5.34473804846099
3.128,5.3977185639322
3.129,5.45098712985353
3.13,5.50454291854528
3.131,5.55838509123725
3.132,5.61251279823216
3.133,5.66692517906652
3.134,5.7216213626685
3.135,5.7766004675129
3.136,5.83186160177382
3.137,5.88740386347427
3.138,5.9432263406331
3.139,5.99932811140955
3.14,6.0557082442452
3.141,6.11236579800295
3.142,6.169299822104
3.143,6.22650935666208
3.144,6.2839934326151
3.145,6.34175107185478
3.146,6.39978128735368
3.147,6.45808308328974
3.148,6.51665545516871
3.149,6.57549738994458
3.15,6.63460786613712
3.151,6.69398585394799
3.152,6.75363031537386
3.153,6.8135402043186
3.154,6.8737144667021
3.155,6.93415204056793
3.156,6.99485185618865
3.157,7.0558128361694
3.158,7.1170338955492
3.159,7.17851394190091
3.16,7.24025187542854
3.161,7.30224658906378
3.162,7.36449696855977
3.163,7.42700189258374
3.164,7.48976023280765
3.165,7.55277085399758
3.166,7.6160326141007
3.167,7.67954436433156
3.168,7.74330494925594
3.169,7.80731320687389
3.17,7.87156796870082
3.171,7.93606805984735
3.172,8.00081229909733
3.173,8.06579949898523
3.174,8.13102846587117
3.175,8.19649800001535
3.176,8.26220689565074
3.177,8.32815394105497
3.178,8.39433791862015
3.179,8.4607576049224
3.18,8.52741177078927
3.181,8.59429918136685
3.182,8.66141859618499
3.183,8.72876876922193
3.184,8.79634844896743
3.185,8.86415637848526
3.186,8.93219129547408
3.187,9.00045193232802
3.188,9.06893701619554
3.189,9.1376452690378
3.19,9.20657540768606
3.191,9.27572614389779
3.192,9.34509618441226
3.193,9.41468423100503
3.194,9.48448898054192
3.195,9.55450912503161
3.196,9.62474335167797
3.197,9.69519034293106
3.198,9.7658487765378
3.199,9.83671732559198
3.2,9.90779465858274
3.201,9.97907943944354
3.202,10.0505703275993
3.203,10.1222659780135
3.204,10.1941650412348
3.205,10.266266163442
3.206,10.3385679864899
3.207,10.4110691479533
3.208,10.4837682811709
3.209,10.5566640152885
3.21,10.6297549753021
3.211,10.7030397820998
3.212,10.7765170525037
3.213,10.8501853993106
3.214,10.9240434313335
3.215,10.998089753441
3.216,11.0723229665976
3.217,11.1467416679027
3.218,11.2213444506298
3.219,11.2961299042645
3.22,11.3710966145429
3.221,11.4462431634891
3.222,11.5215681294525
3.223,11.5970700871449
3.224,11.6727476076765
3.225,11.7485992585928
3.226,11.8246236039099
3.227,11.9008192041506
3.228,11.9771846163788
3.229,12.0537183942353
3.23,12.1304190879722
3.231,12.2072852444869
3.232,12.2843154073565
3.233,12.3615081168721
3.234,12.4388619100711
3.235,12.516375320772
3.236,12.5940468796069
3.237,12.6718751140541
3.238,12.7498585484714
3.239,12.8279957041283
3.24,12.9062850992383
3.241,12.9847252489909
3.242,13.0633146655842
3.243,13.1420518582557
3.244,13.2209353333146
3.245,13.2999635941731
3.246,13.3791351413777
3.247,13.4584484726404
3.248,13.5379020828697
3.249,13.6174944642015
3.25,13.6972241060302
3.251,13.777089495039
3.252,13.8570891152307
3.253,13.9372214479583
3.254,14.0174849719552
3.255,14.0978781633658
3.256,14.1783994957753
3.257,14.2590474402406
3.258,14.3398204653197
3.259,14.420717037102
3.26,14.5017356192384
3.261,14.5828746729713
3.262,14.6641326571644
3.263,14.7455080283323
3.264,14.826999240671
3.265,14.9086047460868
3.266,14.9903229942268
3.267,15.0721524325087
3.268,15.1540915061495
3.269,15.2361386581969
3.27,15.3182923295574
3.271,15.4005509590268
3.272,15.4829129833202
3.273,15.5653768371011
3.274,15.6479409530112
3.275,15.7306037617008
3.276,15.8133636918577
3.277,15.8962191702373
3.278,15.9791686216929
3.279,16.0622104692047
3.28,16.1453431339103
3.281,16.2285650351342
3.282,16.3118745904181
3.283,16.3952702155503
3.284,16.4787503245964
3.285,16.5623133299289
3.286,16.6459576422575
3.287,16.7296816706591
3.288,16.8134838226083
3.289,16.897362504007
3.29,16.9813161192157
3.291,17.0653430710834
3.292,17.1494417609777
3.293,17.2336105888157
3.294,17.3178479530947
3.295,17.4021522509227
3.296,17.486521878049
3.297,17.5709552288952
3.298,17.6554506965857
3.299,17.7400066729795
3.3,17.8246215487004
3.301,17.909293713168
3.302,17.9940215546298
3.303,18.0788034601918
3.304,18.1636378158501
3.305,18.248523006522
3.306,18.3334574160781
3.307,18.4184394273735
3.308,18.5034674222799
3.309,18.5885397817169
3.31,18.6736548856843
3.311,18.758811113294
3.312,18.8440068428024
3.313,18.9292404516416
3.314,19.014510316453
3.315,19.0998148131188
3.316,19.1851523167948
3.317,19.2705212019433
3.318,19.3559198423648
3.319,19.4413466112318
3.32,19.5267998811216
3.321,19.6122780240485
3.322,19.6977794114976
3.323,19.7833024144583
3.324,19.8688454034564
3.325,19.9544067485889
3.326,20.0399848195564
3.327,20.1255779856975
3.328,20.2111846160221
3.329,20.2968030792455
3.33,20.3824317438218
3.331,20.4680689779789
3.332,20.5537131497517
3.333,20.6393626270169
3.334,20.725015777527
3.335,20.8106709689453
3.336,20.89632656888
3.337,20.9819809449189
3.338,21.0676324646643
3.339,21.1532794957684
3.34,21.238920405967
3.341,21.3245535631159
3.342,21.4101773352257
3.343,21.4957900904964
3.344,21.5813901973539
3.345,21.666976024485
3.346,21.7525459408725
3.347,21.8380983158322
3.348,21.9236315190476
3.349,22.0091439206058
3.35,22.0946338910345
3.351,22.1800998013373
3.352,22.2655400230298
3.353,22.3509529281765
3.354,22.4363368894272
3.355,22.5216902800526
3.356,22.607011473982
3.357,22.6922988458395
3.358,22.7775507709806
3.359,22.8627656255296
3.36,22.947941786416
3.361,23.033077631412
3.362,23.1181715391695
3.363,23.2032218892572
3.364,23.2882270621982
3.365,23.3731854395069
3.366,23.4580954037276
3.367,23.5429553384707
3.368,23.6277636284512
3.369,23.7125186595264
3.37,23.7972188187334
3.371,23.8818624943273
3.372,23.9664480758191
3.373,24.0509739540135
3.374,24.1354385210477
3.375,24.2198401704289
3.376,24.3041772970729
3.377,24.3884482973425
3.378,24.4726515690852
3.379,24.5567855116733
3.38,24.6408485260411
3.381,24.7248390147233
3.382,24.8087553818948
3.383,24.892596033409
3.384,24.9763593768361
3.385,25.0600438215024
3.386,25.1436477785298
3.387,25.2271696608727
3.388,25.3106078833599
3.389,25.3939608627313
3.39,25.4772270176783
3.391,25.5604047688826
3.392,25.643492539055
3.393,25.7264887529756
3.394,25.8093918375321
3.395,25.8922002217596
3.396,25.9749123368803
3.397,26.0575266163423
3.398,26.140041495859
3.399,26.2224554134497
3.4,26.304766809477
3.401,26.3869741266892
3.402,26.4690758102568
3.403,26.5510703078141
3.404,26.6329560694984
3.405,26.7147315479895
3.406,26.796395198549
3.407,26.8779454790604
3.408,26.9593808500686
3.409,27.0406997748195
3.41,27.1219007193002
3.411,27.2029821522779
3.412,27.2839425453396
3.413,27.3647803729333
3.414,27.445494112406
3.415,27.5260822440435
3.416,27.6065432511113
3.417,27.6868756198934
3.418,27.7670778397319
3.419,27.8471484030672
3.42,27.9270858054774
3.421,28.006888545718
3.422,28.0865551257609
3.423,28.1660840508351
3.424,28.2454738294656
3.425,28.3247229735132
3.426,28.4038299982136
3.427,28.4827934222172
3.428,28.5616117676292
3.429,28.6402835600477
3.43,28.7188073286039
3.431,28.7971816060017
3.432,28.8754049285564
3.433,28.9534758362342
3.434,29.0313928726917
3.435,29.1091545853144
3.436,29.1867595252563
3.437,29.2642062474795
3.438,29.3414933107918
3.439,29.418619277887
3.44,29.4955827153827
3.441,29.5723821938603
3.442,29.6490162879026
3.443,29.7254835761333
3.444,29.8017826412546
3.445,29.8779120700879
3.446,29.9538704536091
3.447,30.02965638699
3.448,30.105268469635
3.449,30.1807053052192
3.45,30.255965501727
3.451,30.3310476714903
3.452,30.4059504312258
3.453,30.4806724020744
3.454,30.5552122096364
3.455,30.6295684840116
3.456,30.7037398598354
3.457,30.7777249763169
3.458,30.8515224772757
3.459,30.92513101118
3.46,30.9985492311823
3.461,31.0717757951586
3.462,31.1448093657429
3.463,31.2176486103653
3.464,31.2902922012889
3.465,31.3627388156447
3.466,31.4349871354703
3.467,31.5070358477443
3.468,31.5788836444236
3.469,31.6505292224779
3.47,31.7219712839279
3.471,31.7932085358783
3.472,31.8642396905555
3.473,31.9350634653424
3.474,32.0056785828128
3.475,32.0760837707682
3.476,32.1462777622709
3.477,32.2162592956805
3.478,32.2860271146871
3.479,32.3555799683468
3.48,32.4249166111169
3.481,32.4940358028874
3.482,32.5629363090169
3.483,32.6316169003662
3.484,32.7000763533322
3.485,32.7683134498804
3.486,32.8363269775797
3.487,32.9041157296336
3.488,32.971678504915
3.489,33.0390141079981
3.49,33.1061213491911
3.491,33.1729990445682
3.492,33.2396460160026
3.493,33.3060610911977
3.494,33.3722431037196
3.495,33.4381908930278
3.496,33.5039033045077
3.497,33.5693791895017
3.498,33.6346174053388
3.499,33.6996168153677
3.5,33.7643762889841
3.501,33.8288947016655
3.502,33.8931709349963
3.503,33.9572038767028
3.504,34.0209924206781
3.505,34.0845354670166
3.506,34.1478319220387
3.507,34.2108806983214
3.508,34.2736807147295
3.509,34.3362308964406
3.51,34.3985301749756
3.511,34.4605774882266
3.512,34.5223717804835
3.513,34.5839120024639
3.514,34.6451971113382
3.515,34.7062260707584
3.516,34.7669978508847
3.517,34.8275114284112
3.518,34.8877657865935
3.519,34.9477599152745
3.52,35.0074928109101
3.521,35.0669634765952
3.522,35.1261709220888
3.523,35.1851141638407
3.524,35.2437922250127
3.525,35.3022041355076
3.526,35.3603489319908
3.527,35.4182256579148
3.528,35.4758333635449
3.529,35.5331711059802
3.53,35.590237949179
3.531,35.6470329639795
3.532,35.7035552281258
3.533,35.7598038262872
3.534,35.8157778500824
3.535,35.8714763981015
3.536,35.9268985759258
3.537,35.982043496152
3.538,36.0369102784097
3.539,36.0914980493865
3.54,36.1458059428443
3.541,36.1998330996438
3.542,36.2535786677593
3.543,36.3070418023043
3.544,36.3602216655451
3.545,36.4131174269246
3.546,36.4657282630786
3.547,36.518053357854
3.548,36.5700919023294
3.549,36.6218430948292
3.55,36.673306140946
3.551,36.7244802535531
3.552,36.775364652825
3.553,36.8259585662523
3.554,36.8762612286592
3.555,36.9262718822177
3.556,36.9759897764665
3.557,37.0254141683229
3.558,37.0745443221016
3.559,37.1233795095252
3.56,37.1719190097437
3.561,37.220162109345
3.562,37.26810810237
3.563,37.3157562903271
3.564,37.3631059822046
3.565,37.410156494483
3.566,37.4569071511492
3.567,37.5033572837082
3.568,37.5495062311946
3.569,37.5953533401852
3.57,37.6408979648101
3.571,37.6861394667632
3.572,37.731077215314
3.573,37.775710587317
3.574,37.8200389672229
3.575,37.8640617470876
3.576,37.9077783265821
3.577,37.9511881130011
3.578,37.9942905212728
3.579,38.0370849739661
3.58,38.0795709012999
3.581,38.1217477411509
3.582,38.1636149390613
3.583,38.2051719482442
3.584,38.2464182295926
3.585,38.2873532516855
3.586,38.3279764907941
3.587,38.3682874308866
3.588,38.4082855636349
3.589,38.4479703884204
3.59,38.4873414123378
3.591,38.5263981502009
3.592,38.5651401245432
3.593,38.6035668656294
3.594,38.6416779114509
3.595,38.6794728077333
3.596,38.7169511079395
3.597,38.7541123732718
3.598,38.7909561726726
3.599,38.8274820828292
3.6,38.8636896881735
3.601,38.8995785808847
3.602,38.9351483608873
3.603,38.9703986358575
3.604,39.0053290212171
3.605,39.0399391401386
3.606,39.0742286235425
3.607,39.1081971100965
3.608,39.1418442462159
3.609,39.1751696860616
3.61,39.2081730915389
3.611,39.2408541322949
3.612,39.2732124857163
3.613,39.3052478369298
3.614,39.3369598787937
3.615,39.3683483118992
3.616,39.3994128445654
3.617,39.430153192836
3.618,39.4605690804748
3.619,39.4906602389608
3.62,39.5204264074838
3.621,39.5498673329402
3.622,39.5789827699254
3.623,39.6077724807323
3.624,39.6362362353389
3.625,39.664373811409
3.626,39.6921849942796
3.627,39.7196695769579
3.628,39.7468273601124
3.629,39.7736581520645
3.63,39.8001617687833
3.631,39.8263380338752
3.632,39.8521867785755
3.633,39.8777078417397
3.634,39.9029010698368
3.635,39.9277663169361
3.636,39.9523034446994
3.637,39.9765123223705
3.638,40.0003928267673
3.639,40.0239448422662
3.64,40.0471682607969
3.641,40.0700629818263
3.642,40.0926289123497
3.643,40.1148659668789
3.644,40.1367740674294
3.645,40.158353143508
3.646,40.1796031321003
3.647,40.2005239776588
3.648,40.2211156320866
3.649,40.2413780547275
3.65,40.261311212352
3.651,40.2809150791383
3.652,40.3001896366637
3.653,40.3191348738882
3.654,40.3377507871373
3.655,40.3560373800899
3.656,40.3739946637607
3.657,40.3916226564857
3.658,40.408921383905
3.659,40.4258908789487
3.66,40.442531181817
3.661,40.4588423399648
3.662,40.474824408088
3.663,40.4904774480998
3.664,40.5058015291171
3.665,40.5207967274445
3.666,40.5354631265488
3.667,40.5498008170487
3.668,40.5638098966923
3.669,40.5774904703375
3.67,40.5908426499339
3.671,40.6038665545054
3.672,40.6165623101261
3.673,40.6289300499044
3.674,40.6409699139598
3.675,40.6526820494052
3.676,40.6640666103245
3.677,40.6751237577535
3.678,40.6858536596543
3.679,40.6962564909019
3.68,40.7063324332523
3.681,40.7160816753308
3.682,40.7255044126043
3.683,40.7346008473583
3.684,40.7433711886776
3.685,40.7518156524233
3.686,40.759934461207
3.687,40.76772784437
3.688,40.775196037958
3.689,40.7823392847032
3.69,40.7891578339908
3.691,40.7956519418429
3.692,40.8018218708929
3.693,40.8076678903574
3.694,40.8131902760151
3.695,40.8183893101809
3.696,40.8232652816811
3.697,40.827818485827
3.698,40.8320492243922
3.699,40.835957805583
3.7,40.8395445440148
3.701,40.8428097606897
3.702,40.8457537829621
3.703,40.8483769445187
3.704,40.8506795853509
3.705,40.8526620517257
3.706,40.8543246961617
3.707,40.8556678774004
3.708,40.8566919603778
3.709,40.8573973162002
3.71,40.8577843221137
3.711,40.8578533614781
3.712,40.8576048237375
3.713,40.8570391043938
3.714,40.8561566049772
3.715,40.8549577330185
3.716,40.85344290202
3.717,40.8516125314267
3.718,40.8494670465987
3.719,40.8470068787808
3.72,40.8442324650736
3.721,40.841144248403
3.722,40.8377426774956
3.723,40.8340282068419
3.724,40.8300012966716
3.725,40.8256624129223
3.726,40.8210120272106
3.727,40.8160506167979
3.728,40.8107786645662
3.729,40.8051966589841
3.73,40.7993050940739
3.731,40.7931044693881
3.732,40.786595289972
3.733,40.7797780663339
3.734,40.7726533144191
3.735,40.7652215555719
3.736,40.75748331651
3.737,40.7494391292881
3.738,40.7410895312717
3.739,40.7324350651018
3.74,40.7234762786649
3.741,40.7142137250596
3.742,40.7046479625694
3.743,40.694779554624
3.744,40.6846090697715
3.745,40.6741370816465
3.746,40.6633641689371
3.747,40.6522909153519
3.748,40.6409179095878
3.749,40.6292457452991
3.75,40.6172750210626
3.751,40.6050063403482
3.752,40.5924403114813
3.753,40.5795775476169
3.754,40.5664186667013
3.755,40.5529642914401
3.756,40.5392150492674
3.757,40.5251715723108
3.758,40.5108344973609
3.759,40.4962044658331
3.76,40.481282123741
3.761,40.4660681216582
3.762,40.450563114688
3.763,40.4347677624268
3.764,40.4186827289347
3.765,40.4023086826993
3.766,40.3856462966048
3.767,40.3686962478937
3.768,40.3514592181389
3.769,40.333935893207
3.77,40.3161269632257
3.771,40.2980331225487
3.772,40.2796550697253
3.773,40.2609935074615
3.774,40.242049142593
3.775,40.2228226860455
3.776,40.2033148528027
3.777,40.1835263618758
3.778,40.1634579362639
3.779,40.1431103029269
3.78,40.1224841927451
3.781,40.1015803404898
3.782,40.0803994847874
3.783,40.0589423680868
3.784,40.0372097366251
3.785,40.0152023403924
3.786,39.9929209331007
3.787,39.9703662721475
3.788,39.9475391185833
3.789,39.9244402370775
3.79,39.9010703958844
3.791,39.877430366809
3.792,39.8535209251747
3.793,39.829342849788
3.794,39.8048969229047
3.795,39.7801839301961
3.796,39.7552046607177
3.797,39.729959906872
3.798,39.7044504643761
3.799,39.6786771322297
3.8,39.6526407126773
3.801,39.6263420111798
3.802,39.5997818363777
3.803,39.5729610000574
3.804,39.5458803171177
3.805,39.5185406055405
3.806,39.4909426863488
3.807,39.4630873835828
3.808,39.4349755242582
3.809,39.4066079383401
3.81,39.3779854587037
3.811,39.3491089211048
3.812,39.3199791641446
3.813,39.2905970292389
3.814,39.2609633605804
3.815,39.2310790051121
3.816,39.2009448124895
3.817,39.170561635046
3.818,39.1399303277688
3.819,39.1090517482535
3.82,39.077926756685
3.821,39.0465562157918
3.822,39.0149409908232
3.823,38.9830819495098
3.824,38.9509799620371
3.825,38.9186359010079
3.826,38.8860506414127
3.827,38.8532250605963
3.828,38.8201600382258
3.829,38.7868564562591
3.83,38.7533151989123
3.831,38.7195371526248
3.832,38.6855232060341
3.833,38.6512742499379
3.834,38.6167911772641
3.835,38.5820748830386
3.836,38.5471262643574
3.837,38.5119462203486
3.838,38.4765356521463
3.839,38.4408954628561
3.84,38.4050265575266
3.841,38.3689298431138
3.842,38.3326062284544
3.843,38.2960566242343
3.844,38.2592819429536
3.845,38.2222830989012
3.846,38.1850610081196
3.847,38.1476165883784
3.848,38.1099507591385
3.849,38.0720644415265
3.85,38.033958558302
3.851,37.9956340338282
3.852,37.9570917940397
3.853,37.9183327664162
3.854,37.8793578799496
3.855,37.8401680651136
3.856,37.8007642538374
3.857,37.7611473794739
3.858,37.7213183767674
3.859,37.6812781818307
3.86,37.641027732109
3.861,37.6005679663568
3.862,37.5598998246028
3.863,37.5190242481261
3.864,37.4779421794236
3.865,37.4366545621843
3.866,37.3951623412584
3.867,37.3534664626285
3.868,37.3115678733846
3.869,37.2694675216902
3.87,37.227166356761
3.871,37.1846653288305
3.872,37.141965389124
3.873,37.0990674898358
3.874,37.0559725840928
3.875,37.0126816259323
3.876,36.9691955702761
3.877,36.9255153728972
3.878,36.8816419903976
3.879,36.8375763801808
3.88,36.7933195004202
3.881,36.7488723100394
3.882,36.704235768682
3.883,36.6594108366802
3.884,36.614398475037
3.885,36.5691996453953
3.886,36.5238153100119
3.887,36.4782464317309
3.888,36.4324939739603
3.889,36.3865589006423
3.89,36.3404421762317
3.891,36.2941447656674
3.892,36.2476676343486
3.893,36.2010117481093
3.894,36.154178073192
3.895,36.1071675762237
3.896,36.0599812241904
3.897,36.0126199844133
3.898,35.9650848245233
3.899,35.9173767124365
3.9,35.8694966163325
3.901,35.8214455046235
3.902,35.7732243459373
3.903,35.7248341090916
3.904,35.6762757630648
3.905,35.6275502769819
3.906,35.5786586200825
3.907,35.5296017617014
3.908,35.4803806712445
3.909,35.4309963181658
3.91,35.3814496719445
3.911,35.331741702062
3.912,35.2818733779783
3.913,35.2318456691112
3.914,35.1816595448128
3.915,35.1313159743465
3.916,35.0808159268674
3.917,35.0301603713957
3.918,34.9793502768004
3.919,34.9283866117739
3.92,34.877270344811
3.921,34.8260024441877
3.922,34.7745838779401
3.923,34.7230156138414
3.924,34.671298619386
3.925,34.6194338617621
3.926,34.5674223078352
3.927,34.5152649241245
3.928,34.4629626767857
3.929,34.4105165315887
3.93,34.3579274538968
3.931,34.3051964086485
3.932,34.2523243603364
3.933,34.1993122729869
3.934,34.1461611101417
3.935,34.0928718348382
3.936,34.0394454095882
3.937,33.9858827963621
3.938,33.9321849565671
3.939,33.878352851029
3.94,33.8243874399728
3.941,33.7702896830062
3.942,33.7160605390982
3.943,33.6617009665622
3.944,33.6072119230382
3.945,33.552594365474
3.946,33.497849250106
3.947,33.4429775324449
3.948,33.3879801672533
3.949,33.3328581085315
3.95,33.2776123095
3.951,33.2222437225808
3.952,33.1667532993798
3.953,33.1111419906719
3.954,33.0554107463826
3.955,32.9995605155718
3.956,32.9435922464166
3.957,32.8875068861961
3.958,32.8313053812734
3.959,32.7749886770804
3.96,32.7185577181025
3.961,32.6620134478606
3.962,32.6053568088964
3.963,32.5485887427588
3.964,32.4917101899835
3.965,32.4347220900828
3.966,32.3776253815267
3.967,32.3204210017298
3.968,32.2631098870352
3.969,32.2056929727009
3.97,32.1481711928841
3.971,32.0905454806253
3.972,32.0328167678383
3.973,31.974985985289
3.974,31.9170540625891
3.975,31.8590219281748
3.976,31.8008905092986
3.977,31.742660732012
3.978,31.6843335211513
3.979,31.6259098003294
3.98,31.5673904919142
3.981,31.5087765170233
3.982,31.4500687955058
3.983,31.3912682459299
3.984,31.3323757855718
3.985,31.2733923304021
3.986,31.2143187950735
3.987,31.1551560929054
3.988,31.0959051358762
3.989,31.0365668346079
3.99,30.9771420983552
3.991,30.917631834992
3.992,30.8580369510011
3.993,30.7983583514623
3.994,30.7385969400399
3.995,30.678753618971
3.996,30.6188292890558
3.997,30.5588248496442
3.998,30.4987411986263
3.999,30.4385792324197
4,30.3783398459604
4.001,30.3180239326907
4.002,30.2576323845488
4.003,30.1971660919586
4.004,30.1366259438187
4.005,30.0760128274926
4.006,30.0153276287979
4.007,29.9545712319968
4.008,29.8937445197859
4.009,29.8328483732853
4.01,29.771883672031
4.011,29.710851293964
4.012,29.6497521154191
4.013,29.5885870111194
4.014,29.5273568541631
4.015,29.4660625160161
4.016,29.4047048665043
4.017,29.3432847738012
4.018,29.2818031044216
4.019,29.2202607232129
4.02,29.1586584933452
4.021,29.096997276302
4.022,29.0352779318756
4.023,28.9735013181536
4.024,28.9116682915152
4.025,28.8497797066201
4.026,28.7878364164029
4.027,28.7258392720618
4.028,28.6637891230551
4.029,28.6016868170892
4.03,28.5395332001148
4.031,28.4773291163161
4.032,28.4150754081073
4.033,28.3527729161206
4.034,28.2904224792032
4.035,28.2280249344071
4.036,28.1655811169841
4.037,28.1030918603789
4.038,28.0405579962207
4.039,27.9779803543178
4.04,27.915359762651
4.041,27.8526970473665
4.042,27.7899930327699
4.043,27.7272485413197
4.044,27.6644643936214
4.045,27.6016414084215
4.046,27.5387804026002
4.047,27.4758821911669
4.048,27.4129475872543
4.049,27.3499774021115
4.05,27.2869724450995
4.051,27.2239335236852
4.052,27.1608614434357
4.053,27.0977570080129
4.054,27.0346210191697
4.055,26.9714542767421
4.056,26.9082575786463
4.057,26.8450317208723
4.058,26.7817774974798
4.059,26.7184957005937
4.06,26.6551871203972
4.061,26.5918525451297
4.062,26.5284927610812
4.063,26.4651085525864
4.064,26.4017007020231
4.065,26.338269989805
4.066,26.2748171943787
4.067,26.2113430922207
4.068,26.14784845783
4.069,26.0843340637272
4.07,26.0208006804497
4.071,25.9572490765476
4.072,25.893680018578
4.073,25.8300942711053
4.074,25.7664925966937
4.075,25.7028757559067
4.076,25.6392445073001
4.077,25.5755996074225
4.078,25.5119418108091
4.079,25.4482718699795
4.08,25.3845905354337
4.081,25.3208985556515
4.082,25.2571966770848
4.083,25.1934856441591
4.084,25.1297661992692
4.085,25.066039082774
4.086,25.0023050329972
4.087,24.9385647862227
4.088,24.8748190766919
4.089,24.8110686366015
4.09,24.7473141961016
4.091,24.6835564832921
4.092,24.6197962242205
4.093,24.5560341428808
4.094,24.4922709612092
4.095,24.428507399084
4.096,24.3647441743222
4.097,24.3009820026777
4.098,24.2372215978393
4.099,24.1734636714288
4.1,24.1097089329991
4.101,24.0459580900326
4.102,23.9822118479389
4.103,23.9184709100536
4.104,23.8547359776364
4.105,23.7910077498698
4.106,23.7272869238572
4.107,23.6635741946212
4.108,23.5998702551034
4.109,23.5361757961614
4.11,23.4724915065686
4.111,23.4088180730124
4.112,23.3451561800943
4.113,23.2815065103261
4.114,23.2178697441317
4.115,23.1542465598438
4.116,23.0906376337046
4.117,23.027043639864
4.118,22.9634652503787
4.119,22.8999031352115
4.12,22.8363579622311
4.121,22.7728303972096
4.122,22.709321103824
4.123,22.6458307436548
4.124,22.5823599761846
4.125,22.5189094587981
4.126,22.455479846782
4.127,22.3920717933242
4.128,22.3286859495134
4.129,22.2653229643385
4.13,22.2019834846883
4.131,22.1386681553523
4.132,22.0753776190195
4.133,22.0121125162771
4.134,21.9488734856131
4.135,21.8856611634145
4.136,21.8224761839664
4.137,21.759319179454
4.138,21.6961907799611
4.139,21.6330916134714
4.14,21.5700223058674
4.141,21.5069834809311
4.142,21.4439757603444
4.143,21.3809997636889
4.144,21.3180561084458
4.145,21.255145409998
4.146,21.1922682816279
4.147,21.1294253345194
4.148,21.0666171777584
4.149,21.0038444183325
4.15,20.9411076611308
4.151,20.8784075089468
4.152,20.815744562477
4.153,20.753119420321
4.154,20.6905326789844
4.155,20.6279849328774
4.156,20.5654767743163
4.157,20.5030087935238
4.158,20.4405815786308
4.159,20.3781957156757
4.16,20.3158517886058
4.161,20.2535503792786
4.162,20.191292067462
4.163,20.129077430836
4.164,20.0669070449921
4.165,20.0047814834357
4.166,19.942701317587
4.167,19.8806671167807
4.168,19.8186794482685
4.169,19.7567388772195
4.17,19.6948459667209
4.171,19.6330012777802
4.172,19.5712053693249
4.173,19.5094587982048
4.174,19.4477621191931
4.175,19.3861158849865
4.176,19.3245206462079
4.177,19.2629769514065
4.178,19.2014853470598
4.179,19.1400463775744
4.18,19.0786605852878
4.181,19.0173285104693
4.182,18.9560506913216
4.183,18.8948276639821
4.184,18.8336599625242
4.185,18.7725481189591
4.186,18.7114926632367
4.187,18.6504941232475
4.188,18.5895530248236
4.189,18.5286698917414
4.19,18.467845245721
4.191,18.4070796064299
4.192,18.3463734914835
4.193,18.2857274164462
4.194,18.2251418948345
4.195,18.1646174381166
4.196,18.1041545557162
4.197,18.0437537550122
4.198,17.9834155413416
4.199,17.923140418001
4.2,17.8629288862476
4.201,17.8027814453011
4.202,17.7426985923465
4.203,17.6826808225345
4.204,17.6227286289834
4.205,17.5628425027818
4.206,17.5030229329896
4.207,17.4432704066392
4.208,17.3835854087393
4.209,17.3239684222742
4.21,17.2644199282073
4.211,17.2049404054828
4.212,17.1455303310266
4.213,17.0861901797491
4.214,17.0269204245464
4.215,16.9677215363026
4.216,16.9085939838921
4.217,16.8495382341796
4.218,16.7905547520248
4.219,16.731644000282
4.22,16.6728064398026
4.221,16.6140425294383
4.222,16.5553527260409
4.223,16.496737484466
4.224,16.4381972575741
4.225,16.3797324962327
4.226,16.3213436493184
4.227,16.2630311637186
4.228,16.2047954843339
4.229,16.1466370540797
4.23,16.0885563138882
4.231,16.0305537027107
4.232,15.9726296575192
4.233,15.9147846133089
4.234,15.8570190030996
4.235,15.7993332579384
4.236,15.7417278069006
4.237,15.6842030770936
4.238,15.6267594936567
4.239,15.5693974797648
4.24,15.5121174566299
4.241,15.4549198435026
4.242,15.397805057675
4.243,15.3407735144826
4.244,15.2838256273055
4.245,15.2269618075713
4.246,15.170182464757
4.247,15.113488006391
4.248,15.0568788380548
4.249,15.0003553633855
4.25,14.9439179840775
4.251,14.8875670998853
4.252,14.8313031086242
4.253,14.775126406174
4.254,14.7190373864794
4.255,14.6630364415534
4.256,14.6071239614783
4.257,14.5513003344089
4.258,14.4955659465732
4.259,14.4399211822757
4.26,14.3843664238988
4.261,14.3289020519045
4.262,14.2735284448374
4.263,14.2182459793262
4.264,14.1630550300853
4.265,14.1079559699176
4.266,14.0529491697165
4.267,13.9980349984671
4.268,13.9432138232492
4.269,13.8884860092389
4.27,13.8338519197104
4.271,13.7793119160384
4.272,13.7248663577001
4.273,13.6705156022768
4.274,13.6162600054565
4.275,13.5620999210351
4.276,13.5080357009197
4.277,13.4540676951287
4.278,13.4001962517958
4.279,13.3464217171706
4.28,13.2927444356209
4.281,13.2391647496351
4.282,13.1856829998237
4.283,13.1322995249214
4.284,13.0790146617888
4.285,13.0258287454153
4.286,12.9727421089195
4.287,12.9197550835523
4.288,12.8668679986989
4.289,12.8140811818797
4.29,12.7613949587529
4.291,12.7088096531167
4.292,12.6563255869106
4.293,12.6039430802173
4.294,12.5516624512651
4.295,12.4994840164292
4.296,12.4474080902339
4.297,12.3954349853544
4.298,12.3435650126186
4.299,12.291798481009
4.3,12.240135697664
4.301,12.188576967881
4.302,12.1371225951168
4.303,12.08577288099
4.304,12.0345281252831
4.305,11.9833886259438
4.306,11.9323546790867
4.307,11.8814265789956
4.308,11.8306046181248
4.309,11.7798890871011
4.31,11.7292802747251
4.311,11.6787784679738
4.312,11.6283839520007
4.313,11.5780970101395
4.314,11.5279179239046
4.315,11.4778469729924
4.316,11.4278844352841
4.317,11.3780305868467
4.318,11.3282857019345
4.319,11.2786500529911
4.32,11.2291239106507
4.321,11.1797075437402
4.322,11.13040121928
4.323,11.0812052024863
4.324,11.0321197567722
4.325,10.9831451437497
4.326,10.9342816232308
4.327,10.8855294532291
4.328,10.8368888899617
4.329,10.7883601878499
4.33,10.7399435995219
4.331,10.6916393758131
4.332,10.6434477657679
4.333,10.5953690166418
4.334,10.547403373902
4.335,10.4995510812291
4.336,10.4518123805186
4.337,10.4041875118822
4.338,10.3566767136493
4.339,10.3092802223681
4.34,10.2619982728074
4.341,10.2148310979574
4.342,10.1677789290313
4.343,10.120841995467
4.344,10.0740205249274
4.345,10.0273147433023
4.346,9.98072487471045
4.347,9.9342511414989
4.348,9.88789376424599
4.349,9.84165296176183
4.35,9.79552895108931
4.351,9.74952194750586
4.352,9.70363216452408
4.353,9.65785981389352
4.354,9.61220510560109
4.355,9.56666824787279
4.356,9.52124944717464
4.357,9.47594890821364
4.358,9.43076683393913
4.359,9.38570342554366
4.36,9.34075888246431
4.361,9.29593340238304
4.362,9.25122718122907
4.363,9.20664041317833
4.364,9.16217329065572
4.365,9.11782600433542
4.366,9.07359874314205
4.367,9.02949169425174
4.368,8.98550504309297
4.369,8.94163897334758
4.37,8.89789366695154
4.371,8.85426930409621
4.372,8.81076606322886
4.373,8.76738412105387
4.374,8.72412365253319
4.375,8.68098483088807
4.376,8.63796782759871
4.377,8.59507281240602
4.378,8.55229995331223
4.379,8.50964941658157
4.38,8.46712136674115
4.381,8.42471596658178
4.382,8.38243337715881
4.383,8.34027375779276
4.384,8.29823726607041
4.385,8.25632405784505
4.386,8.21453428723772
4.387,8.17286810663778
4.388,8.13132566670353
4.389,8.08990711636321
4.39,8.0486126028153
4.391,8.00744227152992
4.392,7.96639626624878
4.393,7.92547472898624
4.394,7.88467780003043
4.395,7.84400561794295
4.396,7.80345831956067
4.397,7.76303603999562
4.398,7.72273891263606
4.399,7.68256706914714
4.4,7.64252063947145
4.401,7.60259975182984
4.402,7.56280453272214
4.403,7.52313510692774
4.404,7.48359159750637
4.405,7.44417412579875
4.406,7.40488281142735
4.407,7.36571777229718
4.408,7.3266791245963
4.409,7.28776698279656
4.41,7.24898145965487
4.411,7.21032266621317
4.412,7.17179071179959
4.413,7.1333857040293
4.414,7.09510774880525
4.415,7.0569569503187
4.416,7.0189334110505
4.417,6.98103723177159
4.418,6.94326851154397
4.419,6.90562734772156
4.42,6.86811383595132
4.421,6.8307280701738
4.422,6.79347014262428
4.423,6.75634014383416
4.424,6.71933816263108
4.425,6.68246428614078
4.426,6.6457185997881
4.427,6.60910118729755
4.428,6.5726121306951
4.429,6.53625151030904
4.43,6.50001940477142
4.431,6.4639158910191
4.432,6.42794104429548
4.433,6.39209493815155
4.434,6.35637764444748
4.435,6.32078923335412
4.436,6.28532977335477
4.437,6.2499993312464
4.438,6.21479797214165
4.439,6.1797257594707
4.44,6.14478275498277
4.441,6.10996901874824
4.442,6.07528460916087
4.443,6.04072958293938
4.444,6.00630399513015
4.445,5.9720078991091
4.446,5.93784134658428
4.447,5.90380438759828
4.448,5.86989707053073
4.449,5.83611944210103
4.45,5.80247154737127
4.451,5.76895342974886
4.452,5.7355651309899
4.453,5.70230669120202
4.454,5.66917814884789
4.455,5.63617954074874
4.456,5.60331090208766
4.457,5.57057226641349
4.458,5.5379636656449
4.459,5.50548513007415
4.46,5.47313668837152
4.461,5.44091836758962
4.462,5.40883019316812
4.463,5.3768721889384
4.464,5.34504437712855
4.465,5.31334677836877
4.466,5.28177941169649
4.467,5.25034229456219
4.468,5.21903544283541
4.469,5.18785887081051
4.47,5.15681259121316
4.471,5.12589661520737
4.472,5.09511095240173
4.473,5.06445561085702
4.474,5.03393059709367
4.475,5.00353591609935
4.476,4.9732715713371
4.477,4.94313756475388
4.478,4.91313389678922
4.479,4.8832605663842
4.48,4.85351757099121
4.481,4.82390490658351
4.482,4.79442256766554
4.483,4.76507054728354
4.484,4.73584883703682
4.485,4.70675742708873
4.486,4.67779630617897
4.487,4.64896546163617
4.488,4.62026487939015
4.489,4.59169454398582
4.49,4.56325443859685
4.491,4.53494454504013
4.492,4.50676484379077
4.493,4.47871531399766
4.494,4.45079593349949
4.495,4.42300667884172
4.496,4.39534752529383
4.497,4.36781844686743
4.498,4.34041941633503
4.499,4.31315040524942
4.5,4.28601138396397
4.501,4.25900232165339
4.502,4.23212318633558
4.503,4.20537394489434
4.504,4.17875456310229
4.505,4.15226500564562
4.506,4.1259052361489
4.507,4.09967521720134
4.508,4.0735749103838
4.509,4.04760427629682
4.51,4.02176327458969
4.511,3.99605186399075
4.512,3.97047000233843
4.513,3.94501764661387
4.514,3.91969475297439
4.515,3.89450127678834
4.516,3.8694371726714
4.517,3.84450239452367
4.518,3.8196968955686
4.519,3.79502062839341
4.52,3.77047354499034
4.521,3.74605559680015
4.522,3.72176673475666
4.523,3.6976069093332
4.524,3.67357607059061
4.525,3.64967416822701
4.526,3.6259011516293
4.527,3.60225696992671
4.528,3.57874157204599
4.529,3.55535490676888
4.53,3.53209692279141
4.531,3.50896756878546
4.532,3.48596679346261
4.533,3.46309454563991
4.534,3.44035077430847
4.535,3.41773542870444
4.536,3.39524845838199
4.537,3.37288981328971
4.538,3.3506594438491
4.539,3.32855730103626
4.54,3.30658333646622
4.541,3.28473750248058
4.542,3.26301975223792
4.543,3.24143003980778
4.544,3.2199683202677
4.545,3.1986345498041
4.546,3.17742868581619
4.547,3.15635068702417
4.548,3.13540051358095
4.549,3.11457812718782
4.55,3.09388349121442
4.551,3.07331657082302
4.552,3.05287733309674
4.553,3.03256574717306
4.554,3.01238178438142
4.555,2.99232541838612
4.556,2.97239662533405
4.557,2.95259538400779
4.558,2.93292167598408
4.559,2.913375485798
4.56,2.89395680111268
4.561,2.87466561289542
4.562,2.85550191559963
4.563,2.83646570735347
4.564,2.81755699015509
4.565,2.79877577007458
4.566,2.78012205746306
4.567,2.76159586716953
4.568,2.74319721876455
4.569,2.72492613677243
4.57,2.70678265091116
4.571,2.68876679634091
4.572,2.67087861392094
4.573,2.65311815047564
4.574,2.63548545906965
4.575,2.61798059929255
4.576,2.6006036375532
4.577,2.58335464738445
4.578,2.56623370975781
4.579,2.54924091340929
4.58,2.53237635517599
4.581,2.51564014034403
4.582,2.49903238300827
4.583,2.48255320644406
4.584,2.46620274349092
4.585,2.44998113694937
4.586,2.43388853999037
4.587,2.41792511657812
4.588,2.40209104190645
4.589,2.38638650284913
4.59,2.37081169842428
4.591,2.35536684027332
4.592,2.34005215315462
4.593,2.32486787545225
4.594,2.30981425969972
4.595,2.29489157311942
4.596,2.28010009817768
4.597,2.26544013315529
4.598,2.25091199273431
4.599,2.23651600860063
4.6,2.22225253006256
4.601,2.20812192468542
4.602,2.19412457894196
4.603,2.18026089887854
4.604,2.16653131079676
4.605,2.1529362619503
4.606,2.13947622125648
4.607,2.12615168002207
4.608,2.11296315268265
4.609,2.09991117755491
4.61,2.08699631760071
4.611,2.07421916120212
4.612,2.06158032294614
4.613,2.04908044441739
4.614,2.03672019499761
4.615,2.02450027266982
4.616,2.01242140482509
4.617,2.00048434906966
4.618,1.98868989402971
4.619,1.97703886015098
4.62,1.96553210048972
4.621,1.95417050149177
4.622,1.94295498375542
4.623,1.93188650277407
4.624,1.9209660496535
4.625,1.91019465179909
4.626,1.89957337356675
4.627,1.88910331687193
4.628,1.87878562174992
4.629,1.86862146686006
4.63,1.85861206992671
4.631,1.84875868810829
4.632,1.83906261828615
4.633,1.82952519726362
4.634,1.8201478018657
4.635,1.81093184892907
4.636,1.8018787951717
4.637,1.79299013693061
4.638,1.78426740975662
4.639,1.77571218785354
4.64,1.76732608335009
4.641,1.75911074539177
4.642,1.75106785904022
4.643,1.74319914396769
4.644,1.73550635293425
4.645,1.72799127003545
4.646,1.72065570870944
4.647,1.71350150949217
4.648,1.70653053751117
4.649,1.69974467970882
4.65,1.69314584178781
4.651,1.68673594487299
4.652,1.68051692188564
4.653,1.67449071362846
4.654,1.66865926458198
4.655,1.66302451841586
4.656,1.65758841322144
4.657,1.65235287647518
4.658,1.6473198197461
4.659,1.64249113316398
4.66,1.63786867966878
4.661,1.63345428906556
4.662,1.62924975191354
4.663,1.625256813281
4.664,1.62147716640246
4.665,1.61791244627729
4.666,1.61456422325302
4.667,1.61143399663881
4.668,1.60852318839786
4.669,1.60583313696879
4.67,1.60336509126802
4.671,1.60112020492549
4.672,1.5990995308062
4.673,1.59730401586928
4.674,1.59573449641449
4.675,1.59439169376379
4.676,1.59327621042227
4.677,1.59238852675864
4.678,1.59172899824064
4.679,1.59129785325555
4.68,1.59109519153945
4.681,1.59112098323297
4.682,1.59137506857384
4.683,1.59185715823
4.684,1.59256683426951
4.685,1.59350355175677
4.686,1.59466664095738
4.687,1.59605531012774
4.688,1.59766864885935
4.689,1.59950563194214
4.69,1.60156512370672
4.691,1.60384588280085
4.692,1.60634656735267
4.693,1.60906574047047
4.694,1.61200187602707
4.695,1.61515336467633
4.696,1.61851852004912
4.697,1.62209558507668
4.698,1.62588273839103
4.699,1.62987810075364
4.7,1.63407974146656
4.701,1.63848568472288
4.702,1.64309391585677
4.703,1.64790238745729
4.704,1.65290902531335
4.705,1.65811173416167
4.706,1.6635084032134
4.707,1.66909691143862
4.708,1.67487513259211
4.709,1.68084093996762
4.71,1.68699221087045
4.711,1.6933268308026
4.712,1.69984269735676
4.713,1.70653772381879
4.714,1.71340984248027
4.715,1.72045700766547
4.716,1.72767719847842
4.717,1.73506842127791
4.718,1.74262871188903
4.719,1.75035613756182
4.72,1.75824879868756
4.721,1.76630483028458
4.722,1.77452240326588
4.723,1.7828997255008
4.724,1.7914350426835
4.725,1.80012663902103
4.726,1.80897283775328
4.727,1.81797200151754
4.728,1.82712253256944
4.729,1.83642287287223
4.73,1.84587150406553
4.731,1.85546694732464
4.732,1.86520776312045
4.733,1.87509255089015
4.734,1.88511994862773
4.735,1.89528863240338
4.736,1.90559731581969
4.737,1.91604474941235
4.738,1.92662972000311
4.739,1.93735105001067
4.74,1.9482075967265
4.741,1.95919825156081
4.742,1.97032193926404
4.743,1.98157761712856
4.744,1.992964274175
4.745,2.0044809303272
4.746,2.01612663557915
4.747,2.02790046915755
4.748,2.03980153868253
4.749,2.0518289793293
4.75,2.06398195299308
4.751,2.07625964745945
4.752,2.08866127558172
4.753,2.10118607446698
4.754,2.1138333046727
4.755,2.12660224941421
4.756,2.13949221378497
4.757,2.15250252398993
4.758,2.16563252659308
4.759,2.17888158777951
4.76,2.19224909263284
4.761,2.20573444442799
4.762,2.21933706393991
4.763,2.23305638876838
4.764,2.24689187267897
4.765,2.26084298496025
4.766,2.2749092097973
4.767,2.28909004566149
4.768,2.30338500471631
4.769,2.3177936122391
4.77,2.33231540605896
4.771,2.34694993600984
4.772,2.36169676339931
4.773,2.37655546049238
4.774,2.39152561001013
4.775,2.40660680464305
4.776,2.42179864657848
4.777,2.43710074704217
4.778,2.4525127258534
4.779,2.46803421099341
4.78,2.48366483818685
4.781,2.49940425049587
4.782,2.51525209792643
4.783,2.5312080370468
4.784,2.54727173061753
4.785,2.5634428472326
4.786,2.57972106097204
4.787,2.59610605106464
4.788,2.61259750156134
4.789,2.62919510101851
4.79,2.64589854219104
4.791,2.66270752173471
4.792,2.67962173991772
4.793,2.69664090034108
4.794,2.71376470966748
4.795,2.73099287735831
4.796,2.74832511541895
4.797,2.76576113815144
4.798,2.78330066191472
4.799,2.80094340489225
4.8,2.81868908686638
4.801,2.83653742899933
4.802,2.85448815362112
4.803,2.87254098402326
4.804,2.89069564425886
4.805,2.90895185894834
4.806,2.92730935309094
4.807,2.94576785188155
4.808,2.96432708053294
4.809,2.98298676410293
4.81,3.00174662732652
4.811,3.02060639445258
4.812,3.03956578908552
4.813,3.05862453403074
4.814,3.07778235114478
4.815,3.09703896118947
4.816,3.11639408368989
4.817,3.13584743679605
4.818,3.15539873714873
4.819,3.17504769974818
4.82,3.19479403782675
4.821,3.21463746272454
4.822,3.23457768376836
4.823,3.25461440815363
4.824,3.27474734082934
4.825,3.29497618438576
4.826,3.315300638945
4.827,3.33572040205408
4.828,3.35623516858078
4.829,3.37684463061166
4.83,3.3975484773526
4.831,3.41834639503179
4.832,3.4392380668048
4.833,3.4602231726614
4.834,3.48130138933535
4.835,3.50247239021526
4.836,3.52373584525792
4.837,3.54509142090325
4.838,3.56653877999117
4.839,3.58807758168013
4.84,3.60970748136731
4.841,3.63142813061047
4.842,3.65323917705135
4.843,3.67514026434045
4.844,3.69713103206364
4.845,3.71921111566982
4.846,3.74138014639981
4.847,3.76363775121726
4.848,3.78598355274008
4.849,3.80841716917348
4.85,3.83093821424419
4.851,3.85354629713582
4.852,3.87624102242527
4.853,3.89902199002027
4.854,3.92188879509815
4.855,3.94484102804529
4.856,3.96787827439797
4.857,3.99100011478384
4.858,4.01420612486469
4.859,4.0374958752796
4.86,4.06086893158979
4.861,4.08432485422363
4.862,4.10786319842255
4.863,4.13148351418848
4.864,4.1551853462312
4.865,4.17896823391709
4.866,4.2028317112184
4.867,4.22677530666331
4.868,4.25079854328682
4.869,4.27490093858228
4.87,4.2990820044536
4.871,4.32334124716836
4.872,4.34767816731136
4.873,4.37209225973896
4.874,4.39658301353421
4.875,4.42114991196236
4.876,4.44579243242733
4.877,4.4705100464287
4.878,4.49530221951898
4.879,4.5201684112624
4.88,4.54510807519325
4.881,4.57012065877568
4.882,4.59520560336365
4.883,4.62036234416173
4.884,4.64559031018628
4.885,4.67088892422753
4.886,4.69625760281194
4.887,4.72169575616548
4.888,4.74720278817729
4.889,4.772778096364
4.89,4.79842107183471
4.891,4.82413109925639
4.892,4.84990755682029
4.893,4.87574981620854
4.894,4.90165724256132
4.895,4.92762919444525
4.896,4.95366502382166
4.897,4.97976407601594
4.898,5.0059256896873
4.899,5.03214919679932
4.9,5.05843392259103
4.901,5.0847791855486
4.902,5.11118429737779
4.903,5.13764856297699
4.904,5.16417128041083
4.905,5.19075174088471
4.906,5.21738922871976
4.907,5.24408302132843
4.908,5.27083238919124
4.909,5.29763659583365
4.91,5.32449489780379
4.911,5.35140654465132
4.912,5.37837077890652
4.913,5.40538683606026
4.914,5.43245394454483
4.915,5.45957132571551
4.916,5.48673819383268
4.917,5.51395375604504
4.918,5.54121721237346
4.919,5.56852775569559
4.92,5.5958845717312
4.921,5.62328683902888
4.922,5.6507337289527
4.923,5.67822440567051
4.924,5.70575802614274
4.925,5.73333374011217
4.926,5.76095069009423
4.927,5.78860801136916
4.928,5.81630483197382
4.929,5.84404027269546
4.93,5.87181344706589
4.931,5.89962346135684
4.932,5.92746941457618
4.933,5.95535039846515
4.934,5.9832654974966
4.935,6.01121378887435
4.936,6.03919434253332
4.937,6.06720622114114
4.938,6.09524848010029
4.939,6.12332016755168
4.94,6.1514203243793
4.941,6.17954798421595
4.942,6.2077021734497
4.943,6.23588191123232
4.944,6.26408620948811
4.945,6.29231407292414
4.946,6.32056449904189
4.947,6.34883647814973
4.948,6.37712899337697
4.949,6.40544102068879
4.95,6.43377152890278
4.951,6.46211947970646
4.952,6.49048382767607
4.953,6.51886352029705
4.954,6.54725749798537
4.955,6.57566469411028
4.956,6.60408403501871
4.957,6.6325144400607
4.958,6.66095482161618
4.959,6.68940408512352
4.96,6.71786112910903
4.961,6.74632484521817
4.962,6.7747941182481
4.963,6.80326782618166
4.964,6.83174484022277
4.965,6.86022402483359
4.966,6.88870423777268
4.967,6.91718433013527
4.968,6.94566314639424
4.969,6.97413952444371
4.97,7.00261229564329
4.971,7.03108028486392
4.972,7.05954231053615
4.973,7.08799718469907
4.974,7.11644371305109
4.975,7.14488069500282
4.976,7.17330692373083
4.977,7.20172118623356
4.978,7.23012226338881
4.979,7.25850893001271
4.98,7.28687995492049
4.981,7.31523410098907
4.982,7.34357012522091
4.983,7.37188677881018
4.984,7.40018280721012
4.985,7.42845695020229
4.986,7.45670794196801
4.987,7.4849345111603
4.988,7.51313538097938
4.989,7.54130926924827
4.99,7.5694548884911
4.991,7.59757094601292
4.992,7.62565614398132
4.993,7.65370917950982
4.994,7.68172874474299
4.995,7.70971352694365
4.996,7.73766220858145
4.997,7.76557346742363
4.998,7.7934459766274
4.999,7.82127840483429
5,7.84906941626603
