x,y1,y2
2,-1.204275711,-11.99275131
2.001,-1.204216013,-11.99351254
2.002,-1.204156419,-11.9942739
2.003,-1.204096931,-11.99503538
2.004,-1.204037548,-11.99579697
2.005,-1.203978273,-11.99655868
2.006,-1.203919106,-11.9973205
2.007,-1.203860048,-11.99808242
2.008,-1.2038011,-11.99884445
2.009,-1.203742263,-11.99960657
2.01,-1.203683538,-12.00036879
2.011,-1.203624925,-12.00113109
2.012,-1.203566425,-12.00189348
2.013,-1.20350804,-12.00265595
2.014,-1.203449769,-12.0034185
2.015,-1.203391615,-12.00418112
2.016,-1.203333578,-12.00494381
2.017,-1.203275659,-12.00570656
2.018,-1.203217858,-12.00646937
2.019,-1.203160177,-12.00723223
2.02,-1.203102616,-12.00799514
2.021,-1.203045176,-12.0087581
2.022,-1.202987858,-12.0095211
2.023,-1.202930663,-12.01028413
2.024,-1.202873592,-12.0110472
2.025,-1.202816645,-12.01181028
2.026,-1.202759823,-12.01257339
2.027,-1.202703128,-12.01333652
2.028,-1.202646559,-12.01409965
2.029,-1.202590118,-12.01486279
2.03,-1.202533806,-12.01562593
2.031,-1.202477623,-12.01638907
2.032,-1.20242157,-12.01715219
2.033,-1.202365648,-12.0179153
2.034,-1.202309857,-12.01867839
2.035,-1.202254199,-12.01944145
2.036,-1.202198674,-12.02020449
2.037,-1.202143284,-12.02096748
2.038,-1.202088027,-12.02173043
2.039,-1.202032907,-12.02249333
2.04,-1.201977922,-12.02325618
2.041,-1.201923075,-12.02401896
2.042,-1.201868365,-12.02478169
2.043,-1.201813794,-12.02554434
2.044,-1.201759362,-12.02630691
2.045,-1.20170507,-12.0270694
2.046,-1.201650919,-12.0278318
2.047,-1.201596909,-12.02859411
2.048,-1.201543041,-12.02935632
2.049,-1.201489316,-12.03011842
2.05,-1.201435734,-12.0308804
2.051,-1.201382297,-12.03164227
2.052,-1.201329004,-12.03240401
2.053,-1.201275857,-12.03316563
2.054,-1.201222857,-12.0339271
2.055,-1.201170003,-12.03468843
2.056,-1.201117298,-12.03544961
2.057,-1.20106474,-12.03621063
2.058,-1.201012332,-12.03697149
2.059,-1.200960073,-12.03773218
2.06,-1.200907964,-12.03849269
2.061,-1.200856007,-12.03925303
2.062,-1.200804201,-12.04001317
2.063,-1.200752548,-12.04077312
2.064,-1.200701047,-12.04153286
2.065,-1.2006497,-12.0422924
2.066,-1.200598508,-12.04305172
2.067,-1.20054747,-12.04381082
2.068,-1.200496588,-12.04456969
2.069,-1.200445861,-12.04532832
2.07,-1.200395292,-12.04608671
2.071,-1.20034488,-12.04684486
2.072,-1.200294626,-12.04760274
2.073,-1.20024453,-12.04836036
2.074,-1.200194593,-12.04911771
2.075,-1.200144817,-12.04987479
2.076,-1.2000952,-12.05063158
2.077,-1.200045745,-12.05138808
2.078,-1.199996451,-12.05214428
2.079,-1.199947319,-12.05290017
2.08,-1.19989835,-12.05365576
2.081,-1.199849544,-12.05441102
2.082,-1.199800901,-12.05516595
2.083,-1.199752423,-12.05592055
2.084,-1.19970411,-12.05667481
2.085,-1.199655963,-12.05742872
2.086,-1.199607981,-12.05818227
2.087,-1.199560166,-12.05893546
2.088,-1.199512518,-12.05968828
2.089,-1.199465038,-12.06044072
2.09,-1.199417725,-12.06119278
2.091,-1.199370582,-12.06194444
2.092,-1.199323607,-12.0626957
2.093,-1.199276802,-12.06344655
2.094,-1.199230168,-12.06419699
2.095,-1.199183704,-12.064947
2.096,-1.199137411,-12.06569659
2.097,-1.19909129,-12.06644573
2.098,-1.199045341,-12.06719443
2.099,-1.198999565,-12.06794267
2.1,-1.198953962,-12.06869045
2.101,-1.198908533,-12.06943777
2.102,-1.198863278,-12.0701846
2.103,-1.198818197,-12.07093095
2.104,-1.198773291,-12.07167681
2.105,-1.198728561,-12.07242217
2.106,-1.198684007,-12.07316702
2.107,-1.198639629,-12.07391136
2.108,-1.198595429,-12.07465517
2.109,-1.198551405,-12.07539845
2.11,-1.198507559,-12.07614119
2.111,-1.198463892,-12.07688339
2.112,-1.198420402,-12.07762502
2.113,-1.198377092,-12.0783661
2.114,-1.198333962,-12.0791066
2.115,-1.198291011,-12.07984653
2.116,-1.198248241,-12.08058587
2.117,-1.198205651,-12.08132461
2.118,-1.198163242,-12.08206275
2.119,-1.198121015,-12.08280028
2.12,-1.19807897,-12.08353719
2.121,-1.198037107,-12.08427348
2.122,-1.197995427,-12.08500913
2.123,-1.197953929,-12.08574413
2.124,-1.197912616,-12.08647849
2.125,-1.197871486,-12.08721219
2.126,-1.19783054,-12.08794521
2.127,-1.197789778,-12.08867757
2.128,-1.197749202,-12.08940924
2.129,-1.197708811,-12.09014021
2.13,-1.197668605,-12.09087049
2.131,-1.197628585,-12.09160006
2.132,-1.197588752,-12.09232891
2.133,-1.197549105,-12.09305704
2.134,-1.197509646,-12.09378444
2.135,-1.197470373,-12.09451109
2.136,-1.197431288,-12.095237
2.137,-1.197392391,-12.09596215
2.138,-1.197353683,-12.09668653
2.139,-1.197315162,-12.09741014
2.14,-1.197276831,-12.09813297
2.141,-1.197238689,-12.09885501
2.142,-1.197200737,-12.09957625
2.143,-1.197162974,-12.10029668
2.144,-1.197125401,-12.1010163
2.145,-1.197088019,-12.1017351
2.146,-1.197050827,-12.10245306
2.147,-1.197013826,-12.10317018
2.148,-1.196977016,-12.10388646
2.149,-1.196940398,-12.10460188
2.15,-1.196903972,-12.10531643
2.151,-1.196867737,-12.10603012
2.152,-1.196831695,-12.10674292
2.153,-1.196795845,-12.10745483
2.154,-1.196760188,-12.10816584
2.155,-1.196724724,-12.10887595
2.156,-1.196689454,-12.10958515
2.157,-1.196654376,-12.11029342
2.158,-1.196619493,-12.11100076
2.159,-1.196584803,-12.11170716
2.16,-1.196550308,-12.11241261
2.161,-1.196516006,-12.11311711
2.162,-1.1964819,-12.11382065
2.163,-1.196447988,-12.11452321
2.164,-1.196414271,-12.11522479
2.165,-1.19638075,-12.11592538
2.166,-1.196347424,-12.11662498
2.167,-1.196314293,-12.11732357
2.168,-1.196281359,-12.11802115
2.169,-1.19624862,-12.1187177
2.17,-1.196216077,-12.11941323
2.171,-1.196183731,-12.12010772
2.172,-1.196151581,-12.12080116
2.173,-1.196119628,-12.12149354
2.174,-1.196087872,-12.12218486
2.175,-1.196056313,-12.12287512
2.176,-1.196024951,-12.12356429
2.177,-1.195993786,-12.12425237
2.178,-1.195962819,-12.12493936
2.179,-1.19593205,-12.12562524
2.18,-1.195901478,-12.12631001
2.181,-1.195871104,-12.12699366
2.182,-1.195840928,-12.12767618
2.183,-1.19581095,-12.12835757
2.184,-1.195781171,-12.12903781
2.185,-1.19575159,-12.1297169
2.186,-1.195722207,-12.13039482
2.187,-1.195693024,-12.13107158
2.188,-1.195664039,-12.13174715
2.189,-1.195635252,-12.13242155
2.19,-1.195606665,-12.13309474
2.191,-1.195578277,-12.13376674
2.192,-1.195550088,-12.13443753
2.193,-1.195522098,-12.13510709
2.194,-1.195494307,-12.13577544
2.195,-1.195466716,-12.13644254
2.196,-1.195439325,-12.13710841
2.197,-1.195412132,-12.13777303
2.198,-1.19538514,-12.13843638
2.199,-1.195358347,-12.13909847
2.2,-1.195331754,-12.13975929
2.201,-1.195305361,-12.14041883
2.202,-1.195279168,-12.14107707
2.203,-1.195253174,-12.14173402
2.204,-1.195227381,-12.14238966
2.205,-1.195201787,-12.14304399
2.206,-1.195176394,-12.14369699
2.207,-1.1951512,-12.14434867
2.208,-1.195126207,-12.14499901
2.209,-1.195101414,-12.145648
2.21,-1.195076821,-12.14629564
2.211,-1.195052428,-12.14694192
2.212,-1.195028235,-12.14758683
2.213,-1.195004243,-12.14823037
2.214,-1.19498045,-12.14887252
2.215,-1.194956858,-12.14951328
2.216,-1.194933466,-12.15015264
2.217,-1.194910275,-12.15079059
2.218,-1.194887283,-12.15142713
2.219,-1.194864492,-12.15206224
2.22,-1.194841901,-12.15269593
2.221,-1.19481951,-12.15332818
2.222,-1.194797319,-12.15395898
2.223,-1.194775328,-12.15458833
2.224,-1.194753538,-12.15521622
2.225,-1.194731947,-12.15584264
2.226,-1.194710556,-12.15646759
2.227,-1.194689366,-12.15709105
2.228,-1.194668375,-12.15771302
2.229,-1.194647584,-12.1583335
2.23,-1.194626993,-12.15895247
2.231,-1.194606602,-12.15956993
2.232,-1.19458641,-12.16018587
2.233,-1.194566418,-12.16080028
2.234,-1.194546625,-12.16141315
2.235,-1.194527032,-12.16202449
2.236,-1.194507639,-12.16263428
2.237,-1.194488444,-12.16324251
2.238,-1.194469449,-12.16384917
2.239,-1.194450654,-12.16445427
2.24,-1.194432057,-12.16505779
2.241,-1.194413659,-12.16565973
2.242,-1.19439546,-12.16626007
2.243,-1.19437746,-12.16685881
2.244,-1.194359659,-12.16745595
2.245,-1.194342056,-12.16805147
2.246,-1.194324651,-12.16864538
2.247,-1.194307445,-12.16923766
2.248,-1.194290437,-12.1698283
2.249,-1.194273628,-12.1704173
2.25,-1.194257016,-12.17100466
2.251,-1.194240602,-12.17159036
2.252,-1.194224386,-12.1721744
2.253,-1.194208367,-12.17275677
2.254,-1.194192546,-12.17333747
2.255,-1.194176922,-12.17391649
2.256,-1.194161495,-12.17449381
2.257,-1.194146266,-12.17506944
2.258,-1.194131233,-12.17564338
2.259,-1.194116397,-12.1762156
2.26,-1.194101757,-12.17678611
2.261,-1.194087314,-12.17735489
2.262,-1.194073067,-12.17792195
2.263,-1.194059016,-12.17848728
2.264,-1.194045161,-12.17905086
2.265,-1.194031501,-12.1796127
2.266,-1.194018037,-12.18017278
2.267,-1.194004769,-12.1807311
2.268,-1.193991695,-12.18128766
2.269,-1.193978817,-12.18184245
2.27,-1.193966133,-12.18239545
2.271,-1.193953644,-12.18294667
2.272,-1.193941349,-12.1834961
2.273,-1.193929248,-12.18404373
2.274,-1.193917341,-12.18458956
2.275,-1.193905628,-12.18513358
2.276,-1.193894108,-12.18567579
2.277,-1.193882782,-12.18621617
2.278,-1.193871649,-12.18675472
2.279,-1.193860708,-12.18729145
2.28,-1.19384996,-12.18782633
2.281,-1.193839405,-12.18835936
2.282,-1.193829042,-12.18889055
2.283,-1.19381887,-12.18941988
2.284,-1.19380889,-12.18994735
2.285,-1.193799102,-12.19047294
2.286,-1.193789505,-12.19099667
2.287,-1.193780099,-12.19151851
2.288,-1.193770884,-12.19203847
2.289,-1.193761858,-12.19255654
2.29,-1.193753024,-12.19307271
2.291,-1.193744379,-12.19358697
2.292,-1.193735923,-12.19409934
2.293,-1.193727657,-12.19460978
2.294,-1.19371958,-12.19511831
2.295,-1.193711692,-12.19562492
2.296,-1.193703993,-12.1961296
2.297,-1.193696481,-12.19663234
2.298,-1.193689158,-12.19713314
2.299,-1.193682022,-12.197632
2.3,-1.193675074,-12.19812891
2.301,-1.193668313,-12.19862386
2.302,-1.193661739,-12.19911686
2.303,-1.193655351,-12.19960788
2.304,-1.193649149,-12.20009694
2.305,-1.193643133,-12.20058402
2.306,-1.193637303,-12.20106912
2.307,-1.193631658,-12.20155224
2.308,-1.193626198,-12.20203337
2.309,-1.193620923,-12.2025125
2.31,-1.193615832,-12.20298963
2.311,-1.193610925,-12.20346476
2.312,-1.193606201,-12.20393788
2.313,-1.193601661,-12.20440899
2.314,-1.193597304,-12.20487808
2.315,-1.19359313,-12.20534514
2.316,-1.193589138,-12.20581018
2.317,-1.193585328,-12.20627318
2.318,-1.193581699,-12.20673415
2.319,-1.193578252,-12.20719308
2.32,-1.193574986,-12.20764997
2.321,-1.1935719,-12.2081048
2.322,-1.193568995,-12.20855758
2.323,-1.193566269,-12.2090083
2.324,-1.193563723,-12.20945697
2.325,-1.193561356,-12.20990356
2.326,-1.193559168,-12.21034808
2.327,-1.193557158,-12.21079053
2.328,-1.193555326,-12.21123091
2.329,-1.193553672,-12.21166919
2.33,-1.193552195,-12.2121054
2.331,-1.193550895,-12.21253951
2.332,-1.193549772,-12.21297153
2.333,-1.193548825,-12.21340145
2.334,-1.193548053,-12.21382926
2.335,-1.193547457,-12.21425498
2.336,-1.193547035,-12.21467858
2.337,-1.193546789,-12.21510007
2.338,-1.193546716,-12.21551945
2.339,-1.193546817,-12.2159367
2.34,-1.193547092,-12.21635183
2.341,-1.193547539,-12.21676484
2.342,-1.193548159,-12.21717571
2.343,-1.193548951,-12.21758445
2.344,-1.193549914,-12.21799105
2.345,-1.193551049,-12.21839551
2.346,-1.193552355,-12.21879783
2.347,-1.193553831,-12.219198
2.348,-1.193555477,-12.21959603
2.349,-1.193557293,-12.21999189
2.35,-1.193559278,-12.22038561
2.351,-1.193561431,-12.22077716
2.352,-1.193563753,-12.22116655
2.353,-1.193566242,-12.22155378
2.354,-1.193568899,-12.22193883
2.355,-1.193571723,-12.22232172
2.356,-1.193574713,-12.22270243
2.357,-1.193577869,-12.22308097
2.358,-1.193581191,-12.22345733
2.359,-1.193584678,-12.2238315
2.36,-1.19358833,-12.22420349
2.361,-1.193592146,-12.2245733
2.362,-1.193596125,-12.22494091
2.363,-1.193600268,-12.22530633
2.364,-1.193604574,-12.22566956
2.365,-1.193609042,-12.22603059
2.366,-1.193613671,-12.22638942
2.367,-1.193618463,-12.22674605
2.368,-1.193623415,-12.22710047
2.369,-1.193628527,-12.22745269
2.37,-1.1936338,-12.2278027
2.371,-1.193639232,-12.2281505
2.372,-1.193644823,-12.22849609
2.373,-1.193650572,-12.22883947
2.374,-1.193656479,-12.22918062
2.375,-1.193662544,-12.22951956
2.376,-1.193668766,-12.22985628
2.377,-1.193675145,-12.23019077
2.378,-1.193681679,-12.23052305
2.379,-1.193688369,-12.23085309
2.38,-1.193695214,-12.23118091
2.381,-1.193702213,-12.2315065
2.382,-1.193709367,-12.23182985
2.383,-1.193716673,-12.23215098
2.384,-1.193724133,-12.23246987
2.385,-1.193731745,-12.23278653
2.386,-1.19373951,-12.23310095
2.387,-1.193747425,-12.23341313
2.388,-1.193755492,-12.23372307
2.389,-1.193763709,-12.23403077
2.39,-1.193772075,-12.23433622
2.391,-1.193780591,-12.23463944
2.392,-1.193789256,-12.2349404
2.393,-1.193798069,-12.23523913
2.394,-1.19380703,-12.2355356
2.395,-1.193816138,-12.23582983
2.396,-1.193825392,-12.23612181
2.397,-1.193834793,-12.23641154
2.398,-1.193844339,-12.23669902
2.399,-1.19385403,-12.23698425
2.4,-1.193863865,-12.23726722
2.401,-1.193873845,-12.23754794
2.402,-1.193883968,-12.23782641
2.403,-1.193894233,-12.23810262
2.404,-1.193904641,-12.23837658
2.405,-1.193915191,-12.23864828
2.406,-1.193925881,-12.23891772
2.407,-1.193936713,-12.23918491
2.408,-1.193947684,-12.23944984
2.409,-1.193958795,-12.23971251
2.41,-1.193970044,-12.23997293
2.411,-1.193981432,-12.24023108
2.412,-1.193992958,-12.24048698
2.413,-1.19400462,-12.24074062
2.414,-1.19401642,-12.240992
2.415,-1.194028355,-12.24124112
2.416,-1.194040426,-12.24148798
2.417,-1.194052631,-12.24173258
2.418,-1.194064971,-12.24197492
2.419,-1.194077445,-12.24221501
2.42,-1.194090052,-12.24245283
2.421,-1.194102791,-12.2426884
2.422,-1.194115662,-12.2429217
2.423,-1.194128664,-12.24315275
2.424,-1.194141798,-12.24338154
2.425,-1.194155061,-12.24360807
2.426,-1.194168454,-12.24383234
2.427,-1.194181976,-12.24405435
2.428,-1.194195626,-12.24427411
2.429,-1.194209404,-12.24449161
2.43,-1.194223309,-12.24470686
2.431,-1.194237341,-12.24491985
2.432,-1.194251498,-12.24513059
2.433,-1.194265781,-12.24533907
2.434,-1.194280189,-12.2455453
2.435,-1.194294721,-12.24574927
2.436,-1.194309376,-12.245951
2.437,-1.194324154,-12.24615047
2.438,-1.194339055,-12.24634769
2.439,-1.194354077,-12.24654267
2.44,-1.19436922,-12.24673539
2.441,-1.194384484,-12.24692587
2.442,-1.194399867,-12.24711411
2.443,-1.19441537,-12.24730009
2.444,-1.194430991,-12.24748384
2.445,-1.19444673,-12.24766534
2.446,-1.194462586,-12.2478446
2.447,-1.194478559,-12.24802162
2.448,-1.194494648,-12.2481964
2.449,-1.194510853,-12.24836894
2.45,-1.194527172,-12.24853925
2.451,-1.194543605,-12.24870733
2.452,-1.194560152,-12.24887317
2.453,-1.194576812,-12.24903677
2.454,-1.194593584,-12.24919815
2.455,-1.194610467,-12.2493573
2.456,-1.194627462,-12.24951422
2.457,-1.194644567,-12.24966892
2.458,-1.194661781,-12.2498214
2.459,-1.194679104,-12.24997165
2.46,-1.194696536,-12.25011968
2.461,-1.194714076,-12.2502655
2.462,-1.194731722,-12.2504091
2.463,-1.194749475,-12.25055048
2.464,-1.194767334,-12.25068966
2.465,-1.194785298,-12.25082662
2.466,-1.194803366,-12.25096138
2.467,-1.194821538,-12.25109393
2.468,-1.194839813,-12.25122427
2.469,-1.194858191,-12.25135242
2.47,-1.19487667,-12.25147836
2.471,-1.194895251,-12.25160211
2.472,-1.194913932,-12.25172366
2.473,-1.194932713,-12.25184302
2.474,-1.194951593,-12.2519602
2.475,-1.194970572,-12.25207518
2.476,-1.194989649,-12.25218798
2.477,-1.195008822,-12.25229859
2.478,-1.195028092,-12.25240703
2.479,-1.195047458,-12.25251329
2.48,-1.195066919,-12.25261737
2.481,-1.195086475,-12.25271928
2.482,-1.195106124,-12.25281902
2.483,-1.195125867,-12.2529166
2.484,-1.195145702,-12.25301201
2.485,-1.195165629,-12.25310526
2.486,-1.195185647,-12.25319635
2.487,-1.195205755,-12.25328529
2.488,-1.195225953,-12.25337208
2.489,-1.19524624,-12.25345671
2.49,-1.195266616,-12.2535392
2.491,-1.195287079,-12.25361954
2.492,-1.195307629,-12.25369775
2.493,-1.195328266,-12.25377382
2.494,-1.195348988,-12.25384775
2.495,-1.195369796,-12.25391955
2.496,-1.195390687,-12.25398923
2.497,-1.195411662,-12.25405678
2.498,-1.19543272,-12.25412221
2.499,-1.195453861,-12.25418552
2.5,-1.195475082,-12.25424672
2.501,-1.195496385,-12.25430581
2.502,-1.195517768,-12.25436279
2.503,-1.19553923,-12.25441767
2.504,-1.195560771,-12.25447044
2.505,-1.19558239,-12.25452112
2.506,-1.195604086,-12.25456971
2.507,-1.195625859,-12.2546162
2.508,-1.195647708,-12.25466061
2.509,-1.195669632,-12.25470294
2.51,-1.195691631,-12.25474319
2.511,-1.195713704,-12.25478137
2.512,-1.19573585,-12.25481747
2.513,-1.195758068,-12.25485151
2.514,-1.195780358,-12.25488348
2.515,-1.19580272,-12.25491339
2.516,-1.195825151,-12.25494125
2.517,-1.195847652,-12.25496706
2.518,-1.195870223,-12.25499082
2.519,-1.195892861,-12.25501254
2.52,-1.195915567,-12.25503222
2.521,-1.19593834,-12.25504986
2.522,-1.195961179,-12.25506547
2.523,-1.195984084,-12.25507905
2.524,-1.196007053,-12.25509062
2.525,-1.196030086,-12.25510016
2.526,-1.196053183,-12.25510769
2.527,-1.196076342,-12.25511321
2.528,-1.196099563,-12.25511672
2.529,-1.196122845,-12.25511824
2.53,-1.196146188,-12.25511775
2.531,-1.196169591,-12.25511528
2.532,-1.196193052,-12.25511082
2.533,-1.196216572,-12.25510437
2.534,-1.19624015,-12.25509594
2.535,-1.196263784,-12.25508554
2.536,-1.196287475,-12.25507317
2.537,-1.196311221,-12.25505884
2.538,-1.196335022,-12.25504255
2.539,-1.196358877,-12.2550243
2.54,-1.196382785,-12.25500409
2.541,-1.196406746,-12.25498195
2.542,-1.196430759,-12.25495786
2.543,-1.196454823,-12.25493183
2.544,-1.196478938,-12.25490388
2.545,-1.196503103,-12.25487399
2.546,-1.196527316,-12.25484218
2.547,-1.196551578,-12.25480846
2.548,-1.196575887,-12.25477283
2.549,-1.196600244,-12.25473528
2.55,-1.196624646,-12.25469584
2.551,-1.196649094,-12.25465449
2.552,-1.196673587,-12.25461126
2.553,-1.196698124,-12.25456614
2.554,-1.196722704,-12.25451913
2.555,-1.196747326,-12.25447025
2.556,-1.196771991,-12.2544195
2.557,-1.196796697,-12.25436688
2.558,-1.196821443,-12.2543124
2.559,-1.196846229,-12.25425607
2.56,-1.196871054,-12.25419788
2.561,-1.196895917,-12.25413785
2.562,-1.196920818,-12.25407597
2.563,-1.196945755,-12.25401227
2.564,-1.196970729,-12.25394673
2.565,-1.196995738,-12.25387937
2.566,-1.197020782,-12.25381019
2.567,-1.19704586,-12.2537392
2.568,-1.197070971,-12.2536664
2.569,-1.197096114,-12.2535918
2.57,-1.197121289,-12.2535154
2.571,-1.197146496,-12.25343721
2.572,-1.197171733,-12.25335723
2.573,-1.197196999,-12.25327548
2.574,-1.197222294,-12.25319195
2.575,-1.197247618,-12.25310665
2.576,-1.197272969,-12.25301959
2.577,-1.197298347,-12.25293077
2.578,-1.19732375,-12.2528402
2.579,-1.19734918,-12.25274789
2.58,-1.197374633,-12.25265383
2.581,-1.197400111,-12.25255804
2.582,-1.197425612,-12.25246053
2.583,-1.197451135,-12.25236129
2.584,-1.19747668,-12.25226033
2.585,-1.197502246,-12.25215766
2.586,-1.197527832,-12.25205329
2.587,-1.197553438,-12.25194722
2.588,-1.197579063,-12.25183945
2.589,-1.197604705,-12.25173
2.59,-1.197630366,-12.25161887
2.591,-1.197656043,-12.25150606
2.592,-1.197681735,-12.25139159
2.593,-1.197707444,-12.25127545
2.594,-1.197733166,-12.25115765
2.595,-1.197758903,-12.2510382
2.596,-1.197784652,-12.25091711
2.597,-1.197810414,-12.25079438
2.598,-1.197836188,-12.25067002
2.599,-1.197861973,-12.25054403
2.6,-1.197887768,-12.25041642
2.601,-1.197913572,-12.2502872
2.602,-1.197939385,-12.25015637
2.603,-1.197965206,-12.25002394
2.604,-1.197991035,-12.24988991
2.605,-1.198016871,-12.2497543
2.606,-1.198042712,-12.2496171
2.607,-1.198068559,-12.24947833
2.608,-1.19809441,-12.24933798
2.609,-1.198120265,-12.24919608
2.61,-1.198146123,-12.24905261
2.611,-1.198171983,-12.2489076
2.612,-1.198197845,-12.24876104
2.613,-1.198223708,-12.24861294
2.614,-1.198249572,-12.24846332
2.615,-1.198275435,-12.24831216
2.616,-1.198301297,-12.24815949
2.617,-1.198327157,-12.24800531
2.618,-1.198353014,-12.24784962
2.619,-1.198378868,-12.24769244
2.62,-1.198404718,-12.24753376
2.621,-1.198430564,-12.24737359
2.622,-1.198456404,-12.24721195
2.623,-1.198482238,-12.24704883
2.624,-1.198508065,-12.24688425
2.625,-1.198533885,-12.24671821
2.626,-1.198559696,-12.24655072
2.627,-1.198585499,-12.24638178
2.628,-1.198611292,-12.2462114
2.629,-1.198637075,-12.24603959
2.63,-1.198662846,-12.24586635
2.631,-1.198688606,-12.24569169
2.632,-1.198714354,-12.24551563
2.633,-1.198740088,-12.24533815
2.634,-1.198765809,-12.24515928
2.635,-1.198791515,-12.24497901
2.636,-1.198817206,-12.24479736
2.637,-1.198842881,-12.24461434
2.638,-1.19886854,-12.24442994
2.639,-1.198894181,-12.24424417
2.64,-1.198919804,-12.24405705
2.641,-1.198945409,-12.24386857
2.642,-1.198970994,-12.24367875
2.643,-1.198996559,-12.2434876
2.644,-1.199022104,-12.24329511
2.645,-1.199047627,-12.2431013
2.646,-1.199073128,-12.24290618
2.647,-1.199098606,-12.24270974
2.648,-1.19912406,-12.242512
2.649,-1.199149491,-12.24231297
2.65,-1.199174897,-12.24211265
2.651,-1.199200277,-12.24191104
2.652,-1.199225631,-12.24170816
2.653,-1.199250957,-12.24150401
2.654,-1.199276257,-12.24129861
2.655,-1.199301528,-12.24109194
2.656,-1.19932677,-12.24088404
2.657,-1.199351983,-12.24067489
2.658,-1.199377165,-12.24046451
2.659,-1.199402316,-12.2402529
2.66,-1.199427436,-12.24004008
2.661,-1.199452523,-12.23982604
2.662,-1.199477578,-12.2396108
2.663,-1.199502599,-12.23939436
2.664,-1.199527585,-12.23917673
2.665,-1.199552536,-12.23895792
2.666,-1.199577452,-12.23873794
2.667,-1.199602331,-12.23851678
2.668,-1.199627174,-12.23829447
2.669,-1.199651978,-12.238071
2.67,-1.199676745,-12.23784638
2.671,-1.199701472,-12.23762062
2.672,-1.19972616,-12.23739373
2.673,-1.199750807,-12.23716572
2.674,-1.199775413,-12.23693659
2.675,-1.199799978,-12.23670634
2.676,-1.199824501,-12.23647499
2.677,-1.19984898,-12.23624255
2.678,-1.199873416,-12.23600901
2.679,-1.199897808,-12.2357744
2.68,-1.199922154,-12.23553871
2.681,-1.199946455,-12.23530195
2.682,-1.19997071,-12.23506413
2.683,-1.199994918,-12.23482526
2.684,-1.200019079,-12.23458534
2.685,-1.200043191,-12.23434439
2.686,-1.200067255,-12.2341024
2.687,-1.200091269,-12.23385939
2.688,-1.200115233,-12.23361537
2.689,-1.200139147,-12.23337033
2.69,-1.200163009,-12.23312429
2.691,-1.200186818,-12.23287726
2.692,-1.200210576,-12.23262924
2.693,-1.20023428,-12.23238024
2.694,-1.20025793,-12.23213027
2.695,-1.200281526,-12.23187934
2.696,-1.200305066,-12.23162745
2.697,-1.200328551,-12.2313746
2.698,-1.200351979,-12.23112082
2.699,-1.20037535,-12.2308661
2.7,-1.200398663,-12.23061045
2.701,-1.200421918,-12.23035388
2.702,-1.200445114,-12.23009639
2.703,-1.200468251,-12.229838
2.704,-1.200491327,-12.22957872
2.705,-1.200514343,-12.22931854
2.706,-1.200537297,-12.22905748
2.707,-1.20056019,-12.22879554
2.708,-1.200583019,-12.22853273
2.709,-1.200605785,-12.22826907
2.71,-1.200628488,-12.22800455
2.711,-1.200651126,-12.22773918
2.712,-1.200673699,-12.22747297
2.713,-1.200696206,-12.22720594
2.714,-1.200718647,-12.22693808
2.715,-1.200741021,-12.2266694
2.716,-1.200763327,-12.22639991
2.717,-1.200785566,-12.22612962
2.718,-1.200807736,-12.22585854
2.719,-1.200829836,-12.22558667
2.72,-1.200851867,-12.22531403
2.721,-1.200873827,-12.22504061
2.722,-1.200895716,-12.22476643
2.723,-1.200917533,-12.22449149
2.724,-1.200939278,-12.2242158
2.725,-1.200960951,-12.22393937
2.726,-1.20098255,-12.22366221
2.727,-1.201004074,-12.22338432
2.728,-1.201025525,-12.22310571
2.729,-1.2010469,-12.22282639
2.73,-1.201068199,-12.22254637
2.731,-1.201089422,-12.22226565
2.732,-1.201110569,-12.22198424
2.733,-1.201131637,-12.22170216
2.734,-1.201152628,-12.22141939
2.735,-1.20117354,-12.22113596
2.736,-1.201194373,-12.22085188
2.737,-1.201215127,-12.22056714
2.738,-1.2012358,-12.22028176
2.739,-1.201256392,-12.21999574
2.74,-1.201276902,-12.2197091
2.741,-1.201297331,-12.21942183
2.742,-1.201317677,-12.21913395
2.743,-1.201337941,-12.21884547
2.744,-1.20135812,-12.21855638
2.745,-1.201378215,-12.21826671
2.746,-1.201398226,-12.21797646
2.747,-1.201418151,-12.21768562
2.748,-1.201437991,-12.21739423
2.749,-1.201457744,-12.21710227
2.75,-1.20147741,-12.21680976
2.751,-1.201496989,-12.2165167
2.752,-1.20151648,-12.21622311
2.753,-1.201535882,-12.21592898
2.754,-1.201555196,-12.21563434
2.755,-1.201574419,-12.21533918
2.756,-1.201593553,-12.21504351
2.757,-1.201612596,-12.21474735
2.758,-1.201631548,-12.21445069
2.759,-1.201650408,-12.21415355
2.76,-1.201669176,-12.21385593
2.761,-1.201687851,-12.21355784
2.762,-1.201706433,-12.21325929
2.763,-1.201724922,-12.21296029
2.764,-1.201743316,-12.21266084
2.765,-1.201761615,-12.21236096
2.766,-1.201779819,-12.21206064
2.767,-1.201797927,-12.2117599
2.768,-1.201815939,-12.21145874
2.769,-1.201833854,-12.21115718
2.77,-1.201851672,-12.21085522
2.771,-1.201869393,-12.21055286
2.772,-1.201887014,-12.21025012
2.773,-1.201904538,-12.209947
2.774,-1.201921961,-12.20964351
2.775,-1.201939286,-12.20933966
2.776,-1.201956509,-12.20903545
2.777,-1.201973633,-12.2087309
2.778,-1.201990655,-12.20842601
2.779,-1.202007575,-12.20812079
2.78,-1.202024393,-12.20781524
2.781,-1.202041109,-12.20750938
2.782,-1.202057721,-12.20720321
2.783,-1.20207423,-12.20689673
2.784,-1.202090635,-12.20658997
2.785,-1.202106936,-12.20628291
2.786,-1.202123131,-12.20597558
2.787,-1.202139221,-12.20566798
2.788,-1.202155205,-12.20536012
2.789,-1.202171083,-12.205052
2.79,-1.202186854,-12.20474363
2.791,-1.202202518,-12.20443503
2.792,-1.202218074,-12.20412619
2.793,-1.202233522,-12.20381713
2.794,-1.202248862,-12.20350785
2.795,-1.202264092,-12.20319836
2.796,-1.202279213,-12.20288867
2.797,-1.202294224,-12.20257879
2.798,-1.202309125,-12.20226872
2.799,-1.202323915,-12.20195847
2.8,-1.202338594,-12.20164805
2.801,-1.202353161,-12.20133747
2.802,-1.202367616,-12.20102673
2.803,-1.202381959,-12.20071585
2.804,-1.202396189,-12.20040482
2.805,-1.202410306,-12.20009366
2.806,-1.202424308,-12.19978238
2.807,-1.202438197,-12.19947098
2.808,-1.202451971,-12.19915947
2.809,-1.20246563,-12.19884786
2.81,-1.202479174,-12.19853616
2.811,-1.202492603,-12.19822437
2.812,-1.202505915,-12.1979125
2.813,-1.20251911,-12.19760056
2.814,-1.202532189,-12.19728855
2.815,-1.20254515,-12.19697649
2.816,-1.202557993,-12.19666439
2.817,-1.202570719,-12.19635224
2.818,-1.202583326,-12.19604006
2.819,-1.202595814,-12.19572786
2.82,-1.202608183,-12.19541564
2.821,-1.202620432,-12.19510341
2.822,-1.202632561,-12.19479117
2.823,-1.20264457,-12.19447895
2.824,-1.202656458,-12.19416674
2.825,-1.202668225,-12.19385454
2.826,-1.202679871,-12.19354238
2.827,-1.202691394,-12.19323026
2.828,-1.202702796,-12.19291818
2.829,-1.202714075,-12.19260615
2.83,-1.202725231,-12.19229419
2.831,-1.202736264,-12.19198229
2.832,-1.202747174,-12.19167046
2.833,-1.202757959,-12.19135872
2.834,-1.202768621,-12.19104707
2.835,-1.202779157,-12.19073552
2.836,-1.202789569,-12.19042408
2.837,-1.202799855,-12.19011275
2.838,-1.202810016,-12.18980154
2.839,-1.202820051,-12.18949047
2.84,-1.20282996,-12.18917953
2.841,-1.202839742,-12.18886873
2.842,-1.202849398,-12.18855809
2.843,-1.202858926,-12.18824761
2.844,-1.202868327,-12.1879373
2.845,-1.202877599,-12.18762716
2.846,-1.202886744,-12.18731721
2.847,-1.20289576,-12.18700745
2.848,-1.202904648,-12.18669789
2.849,-1.202913407,-12.18638854
2.85,-1.202922036,-12.18607941
2.851,-1.202930536,-12.18577049
2.852,-1.202938905,-12.18546181
2.853,-1.202947145,-12.18515337
2.854,-1.202955254,-12.18484517
2.855,-1.202963233,-12.18453723
2.856,-1.20297108,-12.18422954
2.857,-1.202978796,-12.18392213
2.858,-1.202986381,-12.183615
2.859,-1.202993834,-12.18330815
2.86,-1.203001154,-12.1830016
2.861,-1.203008343,-12.18269534
2.862,-1.203015399,-12.1823894
2.863,-1.203022321,-12.18208377
2.864,-1.203029111,-12.18177847
2.865,-1.203035768,-12.1814735
2.866,-1.20304229,-12.18116887
2.867,-1.203048679,-12.18086459
2.868,-1.203054934,-12.18056066
2.869,-1.203061055,-12.1802571
2.87,-1.203067041,-12.17995391
2.871,-1.203072892,-12.1796511
2.872,-1.203078608,-12.17934868
2.873,-1.203084189,-12.17904665
2.874,-1.203089634,-12.17874502
2.875,-1.203094944,-12.17844381
2.876,-1.203100118,-12.17814302
2.877,-1.203105156,-12.17784265
2.878,-1.203110057,-12.17754272
2.879,-1.203114822,-12.17724323
2.88,-1.20311945,-12.17694419
2.881,-1.203123942,-12.17664561
2.882,-1.203128296,-12.1763475
2.883,-1.203132513,-12.17604986
2.884,-1.203136592,-12.1757527
2.885,-1.203140534,-12.17545604
2.886,-1.203144337,-12.17515987
2.887,-1.203148003,-12.17486421
2.888,-1.203151531,-12.17456906
2.889,-1.20315492,-12.17427444
2.89,-1.20315817,-12.17398034
2.891,-1.203161282,-12.17368678
2.892,-1.203164255,-12.17339377
2.893,-1.203167089,-12.17310132
2.894,-1.203169783,-12.17280942
2.895,-1.203172338,-12.1725181
2.896,-1.203174754,-12.17222735
2.897,-1.20317703,-12.17193719
2.898,-1.203179166,-12.17164763
2.899,-1.203181163,-12.17135866
2.9,-1.203183019,-12.17107031
2.901,-1.203184735,-12.17078258
2.902,-1.203186311,-12.17049547
2.903,-1.203187746,-12.17020899
2.904,-1.20318904,-12.16992316
2.905,-1.203190194,-12.16963798
2.906,-1.203191207,-12.16935346
2.907,-1.203192079,-12.1690696
2.908,-1.20319281,-12.16878642
2.909,-1.2031934,-12.16850392
2.91,-1.203193849,-12.16822211
2.911,-1.203194156,-12.16794101
2.912,-1.203194322,-12.16766061
2.913,-1.203194346,-12.16738092
2.914,-1.203194229,-12.16710196
2.915,-1.20319397,-12.16682373
2.916,-1.203193569,-12.16654624
2.917,-1.203193026,-12.1662695
2.918,-1.203192341,-12.16599351
2.919,-1.203191514,-12.16571829
2.92,-1.203190546,-12.16544384
2.921,-1.203189435,-12.16517017
2.922,-1.203188181,-12.16489729
2.923,-1.203186786,-12.16462521
2.924,-1.203185248,-12.16435393
2.925,-1.203183568,-12.16408347
2.926,-1.203181746,-12.16381383
2.927,-1.203179781,-12.16354502
2.928,-1.203177673,-12.16327704
2.929,-1.203175423,-12.16300992
2.93,-1.20317303,-12.16274365
2.931,-1.203170495,-12.16247824
2.932,-1.203167817,-12.1622137
2.933,-1.203164997,-12.16195005
2.934,-1.203162034,-12.16168728
2.935,-1.203158928,-12.16142541
2.936,-1.20315568,-12.16116444
2.937,-1.203152289,-12.16090439
2.938,-1.203148755,-12.16064526
2.939,-1.203145078,-12.16038706
2.94,-1.203141259,-12.16012979
2.941,-1.203137298,-12.15987348
2.942,-1.203133193,-12.15961811
2.943,-1.203128946,-12.15936372
2.944,-1.203124556,-12.15911029
2.945,-1.203120024,-12.15885785
2.946,-1.203115349,-12.15860639
2.947,-1.203110532,-12.15835593
2.948,-1.203105572,-12.15810648
2.949,-1.20310047,-12.15785804
2.95,-1.203095225,-12.15761063
2.951,-1.203089838,-12.15736424
2.952,-1.203084309,-12.1571189
2.953,-1.203078637,-12.1568746
2.954,-1.203072824,-12.15663136
2.955,-1.203066868,-12.15638919
2.956,-1.20306077,-12.15614809
2.957,-1.20305453,-12.15590807
2.958,-1.203048148,-12.15566914
2.959,-1.203041624,-12.15543132
2.96,-1.203034959,-12.1551946
2.961,-1.203028152,-12.154959
2.962,-1.203021203,-12.15472453
2.963,-1.203014113,-12.15449118
2.964,-1.203006881,-12.15425899
2.965,-1.202999508,-12.15402794
2.966,-1.202991994,-12.15379805
2.967,-1.202984339,-12.15356934
2.968,-1.202976543,-12.1533418
2.969,-1.202968606,-12.15311545
2.97,-1.202960528,-12.15289029
2.971,-1.202952309,-12.15266633
2.972,-1.202943951,-12.15244359
2.973,-1.202935451,-12.15222207
2.974,-1.202926812,-12.15200179
2.975,-1.202918033,-12.15178274
2.976,-1.202909113,-12.15156493
2.977,-1.202900054,-12.15134839
2.978,-1.202890855,-12.15113311
2.979,-1.202881517,-12.1509191
2.98,-1.20287204,-12.15070638
2.981,-1.202862423,-12.15049495
2.982,-1.202852668,-12.15028482
2.983,-1.202842773,-12.150076
2.984,-1.20283274,-12.1498685
2.985,-1.202822569,-12.14966233
2.986,-1.202812259,-12.14945749
2.987,-1.202801811,-12.149254
2.988,-1.202791226,-12.14905187
2.989,-1.202780502,-12.14885109
2.99,-1.202769642,-12.14865169
2.991,-1.202758644,-12.14845368
2.992,-1.202747509,-12.14825705
2.993,-1.202736237,-12.14806182
2.994,-1.202724828,-12.14786801
2.995,-1.202713283,-12.14767561
2.996,-1.202701602,-12.14748463
2.997,-1.202689785,-12.1472951
2.998,-1.202677833,-12.147107
2.999,-1.202665744,-12.14692037
3,-1.202653521,-12.14673519
