"Freq [GHz]","im(Z(1,1)) []"
1,-3151.8156084777
1.001,-3143.70447128749
1.002,-3135.63981222608
1.003,-3127.62125165729
1.004,-3119.64841373694
1.005,-3111.72092636775
1.006,-3103.83842116031
1.007,-3096.00053339304
1.008,-3088.20690196977
1.009,-3080.45716938345
1.01,-3072.75098167239
1.011,-3065.08798838618
1.012,-3057.46784254337
1.013,-3049.89020059645
1.014,-3042.35472239067
1.015,-3034.86107112953
1.016,-3027.40891333705
1.017,-3019.9979188206
1.018,-3012.62776063619
1.019,-3005.2981150503
1.02,-2998.00866150694
1.021,-2990.75908259158
1.022,-2983.54906399678
1.023,-2976.37829448671
1.024,-2969.24646586574
1.025,-2962.1532729427
1.026,-2955.09841349936
1.027,-2948.08158825635
1.028,-2941.10250084102
1.029,-2934.16085775641
1.03,-2927.25636834887
1.031,-2920.38874477622
1.032,-2913.55770197772
1.033,-2906.76295764337
1.034,-2900.00423218171
1.035,-2893.2812486939
1.036,-2886.5937329394
1.037,-2879.94141331022
1.038,-2873.32402080047
1.039,-2866.74128897837
1.04,-2860.19295395716
1.041,-2853.67875436784
1.042,-2847.19843133118
1.043,-2840.75172843098
1.044,-2834.33839168642
1.045,-2827.9581695255
1.046,-2821.61081275955
1.047,-2815.29607455526
1.048,-2809.01371041081
1.049,-2802.76347812981
1.05,-2796.54513779499
1.051,-2790.35845174508
1.052,-2784.20318454984
1.053,-2778.07910298409
1.054,-2771.985976006
1.055,-2765.92357473193
1.056,-2759.8916724133
1.057,-2753.89004441311
1.058,-2747.91846818407
1.059,-2741.97672324459
1.06,-2736.06459115723
1.061,-2730.18185550642
1.062,-2724.32830187645
1.063,-2718.50371782986
1.064,-2712.70789288605
1.065,-2706.94061850087
1.066,-2701.20168804481
1.067,-2695.49089678276
1.068,-2689.80804185321
1.069,-2684.15292224936
1.07,-2678.52533879821
1.071,-2672.9250941406
1.072,-2667.35199271298
1.073,-2661.80584072692
1.074,-2656.28644615108
1.075,-2650.7936186919
1.076,-2645.32716977566
1.077,-2639.88691252935
1.078,-2634.4726617635
1.079,-2629.08423395293
1.08,-2623.72144722092
1.081,-2618.38412132026
1.082,-2613.0720776162
1.083,-2607.78513907071
1.084,-2602.52313022337
1.085,-2597.28587717668
1.086,-2592.07320757885
1.087,-2586.88495060677
1.088,-2581.72093695162
1.089,-2576.58099880144
1.09,-2571.46496982644
1.091,-2566.37268516237
1.092,-2561.30398139652
1.093,-2556.25869655148
1.094,-2551.23667007078
1.095,-2546.23774280376
1.096,-2541.26175699091
1.097,-2536.30855624966
1.098,-2531.3779855603
1.099,-2526.46989125063
1.1,-2521.5841209836
1.101,-2516.72052374213
1.102,-2511.87894981676
1.103,-2507.05925079126
1.104,-2502.26127952922
1.105,-2497.48489016134
1.106,-2492.72993807248
1.107,-2487.99627988845
1.108,-2483.28377346348
1.109,-2478.59227786733
1.11,-2473.9216533733
1.111,-2469.27176144562
1.112,-2464.64246472757
1.113,-2460.03362702936
1.114,-2455.44511331601
1.115,-2450.87678969651
1.116,-2446.32852341022
1.117,-2441.80018281855
1.118,-2437.29163739037
1.119,-2432.80275769325
1.12,-2428.33341538079
1.121,-2423.8834831827
1.122,-2419.45283489351
1.123,-2415.04134536203
1.124,-2410.64889048045
1.125,-2406.27534717442
1.126,-2401.92059339261
1.127,-2397.58450809603
1.128,-2393.26697124833
1.129,-2388.96786380577
1.13,-2384.68706770741
1.131,-2380.42446586483
1.132,-2376.17994215371
1.133,-2371.9533814029
1.134,-2367.74466938567
1.135,-2363.55369281047
1.136,-2359.38033931154
1.137,-2355.22449743944
1.138,-2351.08605665282
1.139,-2346.96490730921
1.14,-2342.86094065567
1.141,-2338.77404882065
1.142,-2334.70412480555
1.143,-2330.65106247538
1.144,-2326.61475655146
1.145,-2322.59510260209
1.146,-2318.59199703443
1.147,-2314.60533708748
1.148,-2310.63502082233
1.149,-2306.68094711573
1.15,-2302.74301565114
1.151,-2298.82112691174
1.152,-2294.91518217161
1.153,-2291.02508349026
1.154,-2287.15073370183
1.155,-2283.29203641103
1.156,-2279.44889598365
1.157,-2275.62121754021
1.158,-2271.8089069477
1.159,-2268.01187081407
1.16,-2264.23001647987
1.161,-2260.46325201198
1.162,-2256.71148619609
1.163,-2252.97462853051
1.164,-2249.2525892191
1.165,-2245.54527916509
1.166,-2241.85260996326
1.167,-2238.17449389489
1.168,-2234.51084392085
1.169,-2230.86157367433
1.17,-2227.22659745563
1.171,-2223.60583022562
1.172,-2219.9991875991
1.173,-2216.40658583944
1.174,-2212.82794185214
1.175,-2209.26317317831
1.176,-2205.71219799007
1.177,-2202.17493508351
1.178,-2198.65130387352
1.179,-2195.14122438773
1.18,-2191.64461726099
1.181,-2188.1614037301
1.182,-2184.69150562747
1.183,-2181.23484537691
1.184,-2177.79134598619
1.185,-2174.36093104415
1.186,-2170.9435247133
1.187,-2167.53905172591
1.188,-2164.14743737796
1.189,-2160.76860752458
1.19,-2157.40248857462
1.191,-2154.04900748588
1.192,-2150.70809175978
1.193,-2147.37966943683
1.194,-2144.0636690912
1.195,-2140.760019827
1.196,-2137.46865127187
1.197,-2134.18949357364
1.198,-2130.92247739523
1.199,-2127.66753390962
1.2,-2124.42459479601
1.201,-2121.19359223463
1.202,-2117.97445890269
1.203,-2114.76712796952
1.204,-2111.57153309249
1.205,-2108.38760841301
1.206,-2105.21528855154
1.207,-2102.05450860359
1.208,-2098.90520413546
1.209,-2095.76731118074
1.21,-2092.64076623479
1.211,-2089.52550625235
1.212,-2086.42146864182
1.213,-2083.32859126273
1.214,-2080.24681242077
1.215,-2077.17607086436
1.216,-2074.11630578069
1.217,-2071.0674567919
1.218,-2068.0294639511
1.219,-2065.00226773867
1.22,-2061.98580905903
1.221,-2058.98002923595
1.222,-2055.98487001017
1.223,-2053.00027353465
1.224,-2050.02618237144
1.225,-2047.06253948866
1.226,-2044.10928825608
1.227,-2041.16637244222
1.228,-2038.23373621093
1.229,-2035.3113241176
1.23,-2032.39908110652
1.231,-2029.49695250654
1.232,-2026.60488402876
1.233,-2023.72282176281
1.234,-2020.85071217339
1.235,-2017.98850209772
1.236,-2015.13613874166
1.237,-2012.29356967716
1.238,-2009.46074283884
1.239,-2006.63760652107
1.24,-2003.82410937459
1.241,-2001.02020040446
1.242,-1998.22582896552
1.243,-1995.44094476082
1.244,-1992.66549783824
1.245,-1989.8994385875
1.246,-1987.14271773703
1.247,-1984.39528635191
1.248,-1981.65709583041
1.249,-1978.92809790125
1.25,-1976.20824462141
1.251,-1973.49748837279
1.252,-1970.79578185954
1.253,-1968.10307810557
1.254,-1965.41933045248
1.255,-1962.74449255571
1.256,-1960.07851838292
1.257,-1957.42136221098
1.258,-1954.7729786236
1.259,-1952.13332250871
1.26,-1949.50234905604
1.261,-1946.88001375453
1.262,-1944.26627239016
1.263,-1941.66108104309
1.264,-1939.06439608561
1.265,-1936.47617417962
1.266,-1933.89637227445
1.267,-1931.32494760405
1.268,-1928.76185768554
1.269,-1926.20706031569
1.27,-1923.66051356987
1.271,-1921.12217579903
1.272,-1918.59200562805
1.273,-1916.06996195284
1.274,-1913.55600393869
1.275,-1911.05009101797
1.276,-1908.55218288807
1.277,-1906.06223950889
1.278,-1903.58022110137
1.279,-1901.10608814498
1.28,-1898.63980137538
1.281,-1896.1813217833
1.282,-1893.73061061164
1.283,-1891.28762935387
1.284,-1888.85233975187
1.285,-1886.42470379424
1.286,-1884.00468371414
1.287,-1881.59224198706
1.288,-1879.1873413297
1.289,-1876.78994469741
1.29,-1874.40001528237
1.291,-1872.01751651209
1.292,-1869.6424120473
1.293,-1867.27466578006
1.294,-1864.91424183226
1.295,-1862.56110455343
1.296,-1860.21521851941
1.297,-1857.87654853002
1.298,-1855.54505960806
1.299,-1853.22071699684
1.3,-1850.903486159
1.301,-1848.59333277444
1.302,-1846.29022273891
1.303,-1843.99412216239
1.304,-1841.70499736687
1.305,-1839.42281488583
1.306,-1837.14754146139
1.307,-1834.87914404331
1.308,-1832.61758978763
1.309,-1830.36284605448
1.31,-1828.11488040709
1.311,-1825.8736606098
1.312,-1823.63915462708
1.313,-1821.4113306211
1.314,-1819.19015695115
1.315,-1816.97560217184
1.316,-1814.76763503131
1.317,-1812.56622447022
1.318,-1810.37133961989
1.319,-1808.18294980114
1.32,-1806.00102452291
1.321,-1803.82553348065
1.322,-1801.65644655479
1.323,-1799.49373380983
1.324,-1797.33736549258
1.325,-1795.18731203073
1.326,-1793.04354403179
1.327,-1790.90603228182
1.328,-1788.77474774348
1.329,-1786.64966155564
1.33,-1784.53074503111
1.331,-1782.41796965597
1.332,-1780.31130708826
1.333,-1778.21072915649
1.334,-1776.11620785819
1.335,-1774.02771535952
1.336,-1771.94522399282
1.337,-1769.86870625639
1.338,-1767.79813481278
1.339,-1765.73348248778
1.34,-1763.67472226886
1.341,-1761.62182730462
1.342,-1759.57477090307
1.343,-1757.5335265306
1.344,-1755.49806781108
1.345,-1753.46836852438
1.346,-1751.44440260525
1.347,-1749.4261441425
1.348,-1747.41356737763
1.349,-1745.40664670381
1.35,-1743.40535666487
1.351,-1741.40967195376
1.352,-1739.41956741219
1.353,-1737.43501802901
1.354,-1735.45599893943
1.355,-1733.4824854237
1.356,-1731.51445290654
1.357,-1729.55187695538
1.358,-1727.59473328027
1.359,-1725.64299773191
1.36,-1723.69664630137
1.361,-1721.75565511863
1.362,-1719.82000045194
1.363,-1717.88965870661
1.364,-1715.96460642408
1.365,-1714.04482028091
1.366,-1712.13027708801
1.367,-1710.22095378971
1.368,-1708.31682746219
1.369,-1706.41787531353
1.37,-1704.52407468212
1.371,-1702.63540303575
1.372,-1700.7518379712
1.373,-1698.87335721276
1.374,-1696.99993861159
1.375,-1695.13156014491
1.376,-1693.268199915
1.377,-1691.40983614837
1.378,-1689.55644719485
1.379,-1687.70801152674
1.38,-1685.86450773811
1.381,-1684.02591454382
1.382,-1682.19221077852
1.383,-1680.36337539605
1.384,-1678.53938746876
1.385,-1676.72022618628
1.386,-1674.90587085507
1.387,-1673.09630089735
1.388,-1671.29149585052
1.389,-1669.49143536615
1.39,-1667.69609920945
1.391,-1665.90546725832
1.392,-1664.11951950273
1.393,-1662.3382360436
1.394,-1660.56159709254
1.395,-1658.78958297071
1.396,-1657.02217410816
1.397,-1655.25935104343
1.398,-1653.50109442223
1.399,-1651.74738499708
1.4,-1649.99820362656
1.401,-1648.25353127454
1.402,-1646.51334900957
1.403,-1644.77763800392
1.404,-1643.04637953317
1.405,-1641.31955497528
1.406,-1639.59714581006
1.407,-1637.8791336186
1.408,-1636.16550008214
1.409,-1634.45622698195
1.41,-1632.75129619824
1.411,-1631.0506897098
1.412,-1629.35438959305
1.413,-1627.66237802167
1.414,-1625.97463726579
1.415,-1624.29114969139
1.416,-1622.61189775963
1.417,-1620.9368640264
1.418,-1619.26603114132
1.419,-1617.59938184747
1.42,-1615.93689898078
1.421,-1614.27856546907
1.422,-1612.62436433174
1.423,-1610.97427867913
1.424,-1609.32829171183
1.425,-1607.68638672031
1.426,-1606.04854708402
1.427,-1604.41475627085
1.428,-1602.78499783689
1.429,-1601.1592554255
1.43,-1599.5375127669
1.431,-1597.91975367755
1.432,-1596.30596205956
1.433,-1594.69612190029
1.434,-1593.09021727163
1.435,-1591.4882323295
1.436,-1589.89015131339
1.437,-1588.29595854563
1.438,-1586.70563843112
1.439,-1585.11917545645
1.44,-1583.53655418982
1.441,-1581.95775928015
1.442,-1580.38277545667
1.443,-1578.81158752844
1.444,-1577.24418038382
1.445,-1575.68053899001
1.446,-1574.12064839247
1.447,-1572.56449371436
1.448,-1571.01206015628
1.449,-1569.46333299556
1.45,-1567.91829758586
1.451,-1566.3769393566
1.452,-1564.83924381272
1.453,-1563.30519653389
1.454,-1561.77478317416
1.455,-1560.24798946158
1.456,-1558.7248011977
1.457,-1557.20520425699
1.458,-1555.6891845865
1.459,-1554.17672820537
1.46,-1552.66782120428
1.461,-1551.16244974526
1.462,-1549.66060006093
1.463,-1548.16225845429
1.464,-1546.66741129821
1.465,-1545.17604503486
1.466,-1543.68814617552
1.467,-1542.20370129992
1.468,-1540.72269705612
1.469,-1539.24512015961
1.47,-1537.77095739341
1.471,-1536.30019560728
1.472,-1534.8328217175
1.473,-1533.36882270631
1.474,-1531.90818562171
1.475,-1530.4508975768
1.476,-1528.99694574971
1.477,-1527.54631738278
1.478,-1526.09899978255
1.479,-1524.65498031907
1.48,-1523.21424642583
1.481,-1521.77678559903
1.482,-1520.34258539735
1.483,-1518.91163344169
1.484,-1517.48391741469
1.485,-1516.05942506012
1.486,-1514.63814418293
1.487,-1513.22006264857
1.488,-1511.80516838285
1.489,-1510.39344937127
1.49,-1508.98489365903
1.491,-1507.57948935028
1.492,-1506.1772246081
1.493,-1504.77808765399
1.494,-1503.38206676754
1.495,-1501.98915028592
1.496,-1500.599326604
1.497,-1499.21258417333
1.498,-1497.82891150244
1.499,-1496.44829715609
1.5,-1495.07072975507
1.501,-1493.69619797588
1.502,-1492.32469055036
1.503,-1490.95619626543
1.504,-1489.59070396262
1.505,-1488.22820253789
1.506,-1486.86868094121
1.507,-1485.51212817636
1.508,-1484.15853330037
1.509,-1482.80788542358
1.51,-1481.46017370891
1.511,-1480.11538737184
1.512,-1478.77351567999
1.513,-1477.43454795284
1.514,-1476.0984735614
1.515,-1474.76528192791
1.516,-1473.43496252559
1.517,-1472.10750487827
1.518,-1470.7828985601
1.519,-1469.46113319535
1.52,-1468.14219845802
1.521,-1466.82608407145
1.522,-1465.51277980836
1.523,-1464.20227549027
1.524,-1462.8945609872
1.525,-1461.58962621772
1.526,-1460.28746114822
1.527,-1458.98805579303
1.528,-1457.69140021378
1.529,-1456.39748451946
1.53,-1455.10629886597
1.531,-1453.81783345583
1.532,-1452.53207853798
1.533,-1451.24902440753
1.534,-1449.9686614054
1.535,-1448.69097991807
1.536,-1447.41597037753
1.537,-1446.14362326069
1.538,-1444.87392908928
1.539,-1443.60687842967
1.54,-1442.34246189254
1.541,-1441.08067013252
1.542,-1439.82149384821
1.543,-1438.56492378162
1.544,-1437.31095071811
1.545,-1436.05956548616
1.546,-1434.81075895693
1.547,-1433.5645220443
1.548,-1432.32084570438
1.549,-1431.07972093541
1.55,-1429.84113877753
1.551,-1428.6050903124
1.552,-1427.37156666314
1.553,-1426.14055899397
1.554,-1424.91205851005
1.555,-1423.68605645716
1.556,-1422.4625441217
1.557,-1421.24151283014
1.558,-1420.02295394907
1.559,-1418.80685888474
1.56,-1417.5932190831
1.561,-1416.38202602924
1.562,-1415.17327124759
1.563,-1413.96694630138
1.564,-1412.76304279248
1.565,-1411.56155236132
1.566,-1410.36246668649
1.567,-1409.16577748469
1.568,-1407.97147651044
1.569,-1406.77955555584
1.57,-1405.59000645045
1.571,-1404.402821061
1.572,-1403.21799129125
1.573,-1402.03550908176
1.574,-1400.85536640964
1.575,-1399.67755528844
1.576,-1398.50206776784
1.577,-1397.32889593362
1.578,-1396.15803190725
1.579,-1394.98946784586
1.58,-1393.82319594193
1.581,-1392.65920842317
1.582,-1391.49749755242
1.583,-1390.33805562718
1.584,-1389.18087497962
1.585,-1388.02594797645
1.586,-1386.87326701862
1.587,-1385.72282454106
1.588,-1384.57461301267
1.589,-1383.42862493603
1.59,-1382.28485284729
1.591,-1381.14328931584
1.592,-1380.00392694436
1.593,-1378.86675836839
1.594,-1377.73177625637
1.595,-1376.59897330928
1.596,-1375.46834226072
1.597,-1374.33987587631
1.598,-1373.21356695402
1.599,-1372.08940832355
1.6,-1370.96739284651
1.601,-1369.84751341604
1.602,-1368.72976295672
1.603,-1367.61413442436
1.604,-1366.50062080584
1.605,-1365.38921511902
1.606,-1364.27991041244
1.607,-1363.17269976539
1.608,-1362.06757628732
1.609,-1360.9645331182
1.61,-1359.86356342797
1.611,-1358.76466041658
1.612,-1357.6678173137
1.613,-1356.57302737877
1.614,-1355.48028390052
1.615,-1354.3895801971
1.616,-1353.30090961583
1.617,-1352.21426553307
1.618,-1351.12964135395
1.619,-1350.04703051233
1.62,-1348.96642647065
1.621,-1347.88782271977
1.622,-1346.81121277876
1.623,-1345.73659019484
1.624,-1344.6639485432
1.625,-1343.59328142675
1.626,-1342.52458247617
1.627,-1341.45784534969
1.628,-1340.39306373278
1.629,-1339.33023133828
1.63,-1338.26934190608
1.631,-1337.21038920302
1.632,-1336.15336702277
1.633,-1335.0982691857
1.634,-1334.04508953864
1.635,-1332.99382195496
1.636,-1331.94446033407
1.637,-1330.89699860183
1.638,-1329.8514307098
1.639,-1328.80775063557
1.64,-1327.76595238234
1.641,-1326.72602997904
1.642,-1325.68797747999
1.643,-1324.65178896485
1.644,-1323.61745853845
1.645,-1322.58498033072
1.646,-1321.5543484966
1.647,-1320.52555721575
1.648,-1319.49860069258
1.649,-1318.47347315599
1.65,-1317.45016885949
1.651,-1316.42868208069
1.652,-1315.40900712154
1.653,-1314.39113830797
1.654,-1313.37506998994
1.655,-1312.36079654124
1.656,-1311.34831235919
1.657,-1310.33761186495
1.658,-1309.32868950292
1.659,-1308.32153974097
1.66,-1307.3161570702
1.661,-1306.31253600476
1.662,-1305.31067108183
1.663,-1304.31055686144
1.664,-1303.31218792647
1.665,-1302.31555888228
1.666,-1301.32066435695
1.667,-1300.32749900089
1.668,-1299.33605748677
1.669,-1298.34633450961
1.67,-1297.35832478633
1.671,-1296.37202305594
1.672,-1295.38742407935
1.673,-1294.40452263915
1.674,-1293.42331353959
1.675,-1292.44379160645
1.676,-1291.46595168696
1.677,-1290.48978864974
1.678,-1289.51529738454
1.679,-1288.54247280223
1.68,-1287.57130983478
1.681,-1286.60180343495
1.682,-1285.63394857641
1.683,-1284.66774025345
1.684,-1283.70317348099
1.685,-1282.7402432945
1.686,-1281.7789447497
1.687,-1280.81927292276
1.688,-1279.86122290998
1.689,-1278.90478982773
1.69,-1277.94996881243
1.691,-1276.99675502038
1.692,-1276.04514362767
1.693,-1275.0951298301
1.694,-1274.1467088431
1.695,-1273.19987590158
1.696,-1272.25462625985
1.697,-1271.31095519159
1.698,-1270.36885798974
1.699,-1269.42832996626
1.7,-1268.48936645222
1.701,-1267.55196279765
1.702,-1266.61611437143
1.703,-1265.68181656119
1.704,-1264.74906477325
1.705,-1263.81785443244
1.706,-1262.88818098221
1.707,-1261.96003988434
1.708,-1261.03342661892
1.709,-1260.10833668428
1.71,-1259.18476559686
1.711,-1258.26270889125
1.712,-1257.34216211988
1.713,-1256.4231208531
1.714,-1255.50558067912
1.715,-1254.58953720374
1.716,-1253.67498605051
1.717,-1252.76192286038
1.718,-1251.85034329184
1.719,-1250.94024302074
1.72,-1250.03161774018
1.721,-1249.12446316053
1.722,-1248.21877500917
1.723,-1247.31454903068
1.724,-1246.41178098643
1.725,-1245.51046665478
1.726,-1244.61060183086
1.727,-1243.7121823265
1.728,-1242.81520397019
1.729,-1241.91966260691
1.73,-1241.02555409824
1.731,-1240.13287432207
1.732,-1239.24161917264
1.733,-1238.35178456046
1.734,-1237.4633664122
1.735,-1236.57636067059
1.736,-1235.69076329442
1.737,-1234.80657025842
1.738,-1233.92377755315
1.739,-1233.04238118501
1.74,-1232.16237717608
1.741,-1231.28376156413
1.742,-1230.40653040246
1.743,-1229.53067975987
1.744,-1228.65620572061
1.745,-1227.78310438432
1.746,-1226.91137186577
1.747,-1226.04100429515
1.748,-1225.17199781764
1.749,-1224.30434859353
1.75,-1223.43805279812
1.751,-1222.57310662166
1.752,-1221.70950626918
1.753,-1220.84724796056
1.754,-1219.98632793043
1.755,-1219.12674242799
1.756,-1218.26848771709
1.757,-1217.4115600761
1.758,-1216.55595579776
1.759,-1215.70167118928
1.76,-1214.84870257218
1.761,-1213.99704628217
1.762,-1213.1466986692
1.763,-1212.29765609734
1.764,-1211.44991494463
1.765,-1210.60347160325
1.766,-1209.75832247915
1.767,-1208.91446399225
1.768,-1208.07189257621
1.769,-1207.23060467841
1.77,-1206.39059676004
1.771,-1205.55186529565
1.772,-1204.71440677359
1.773,-1203.8782176955
1.774,-1203.04329457657
1.775,-1202.2096339453
1.776,-1201.37723234348
1.777,-1200.54608632616
1.778,-1199.71619246153
1.779,-1198.88754733098
1.78,-1198.06014752888
1.781,-1197.23398966265
1.782,-1196.40907035257
1.783,-1195.58538623195
1.784,-1194.76293394676
1.785,-1193.94171015584
1.786,-1193.12171153073
1.787,-1192.30293475555
1.788,-1191.48537652708
1.789,-1190.66903355462
1.79,-1189.85390255995
1.791,-1189.03998027726
1.792,-1188.22726345312
1.793,-1187.41574884637
1.794,-1186.60543322816
1.795,-1185.79631338188
1.796,-1184.98838610292
1.797,-1184.18164819889
1.798,-1183.37609648938
1.799,-1182.57172780598
1.8,-1181.76853899219
1.801,-1180.96652690347
1.802,-1180.16568840696
1.803,-1179.36602038167
1.804,-1178.5675197183
1.805,-1177.77018331921
1.806,-1176.97400809839
1.807,-1176.17899098138
1.808,-1175.3851289052
1.809,-1174.59241881839
1.81,-1173.80085768085
1.811,-1173.01044246384
1.812,-1172.22117014994
1.813,-1171.43303773299
1.814,-1170.64604221802
1.815,-1169.86018062122
1.816,-1169.07544996991
1.817,-1168.29184730239
1.818,-1167.50936966813
1.819,-1166.72801412735
1.82,-1165.94777775137
1.821,-1165.16865762222
1.822,-1164.39065083285
1.823,-1163.61375448696
1.824,-1162.83796569893
1.825,-1162.06328159384
1.826,-1161.28969930741
1.827,-1160.51721598592
1.828,-1159.74582878618
1.829,-1158.97553487547
1.83,-1158.20633143158
1.831,-1157.43821564264
1.832,-1156.67118470713
1.833,-1155.90523583384
1.834,-1155.14036624183
1.835,-1154.37657316038
1.836,-1153.61385382891
1.837,-1152.85220549698
1.838,-1152.09162542426
1.839,-1151.3321108804
1.84,-1150.57365914513
1.841,-1149.81626750801
1.842,-1149.05993326861
1.843,-1148.30465373633
1.844,-1147.55042623037
1.845,-1146.79724807976
1.846,-1146.0451166232
1.847,-1145.29402920912
1.848,-1144.54398319564
1.849,-1143.79497595041
1.85,-1143.04700485068
1.851,-1142.30006728327
1.852,-1141.55416064442
1.853,-1140.80928233988
1.854,-1140.06542978474
1.855,-1139.32260040352
1.856,-1138.58079162999
1.857,-1137.84000090728
1.858,-1137.10022568769
1.859,-1136.36146343276
1.86,-1135.62371161325
1.861,-1134.88696770894
1.862,-1134.15122920873
1.863,-1133.41649361063
1.864,-1132.6827584216
1.865,-1131.95002115753
1.866,-1131.21827934335
1.867,-1130.48753051281
1.868,-1129.75777220853
1.869,-1129.02900198193
1.87,-1128.30121739324
1.871,-1127.5744160114
1.872,-1126.8485954141
1.873,-1126.12375318766
1.874,-1125.39988692702
1.875,-1124.67699423578
1.876,-1123.95507272601
1.877,-1123.23412001839
1.878,-1122.514133742
1.879,-1121.79511153445
1.88,-1121.07705104168
1.881,-1120.35994991807
1.882,-1119.64380582633
1.883,-1118.92861643747
1.884,-1118.21437943075
1.885,-1117.50109249374
1.886,-1116.78875332211
1.887,-1116.07735961976
1.888,-1115.36690909874
1.889,-1114.65739947915
1.89,-1113.94882848917
1.891,-1113.24119386503
1.892,-1112.53449335095
1.893,-1111.82872469908
1.894,-1111.12388566955
1.895,-1110.41997403035
1.896,-1109.71698755736
1.897,-1109.01492403426
1.898,-1108.31378125259
1.899,-1107.61355701154
1.9,-1106.91424911817
1.901,-1106.21585538713
1.902,-1105.51837364078
1.903,-1104.82180170915
1.904,-1104.12613742982
1.905,-1103.43137864795
1.906,-1102.73752321629
1.907,-1102.04456899505
1.908,-1101.35251385192
1.909,-1100.66135566202
1.91,-1099.97109230799
1.911,-1099.28172167971
1.912,-1098.59324167451
1.913,-1097.90565019704
1.914,-1097.2189451592
1.915,-1096.53312448016
1.916,-1095.84818608636
1.917,-1095.16412791141
1.918,-1094.48094789612
1.919,-1093.7986439884
1.92,-1093.11721414332
1.921,-1092.43665632302
1.922,-1091.75696849667
1.923,-1091.07814864051
1.924,-1090.40019473775
1.925,-1089.72310477857
1.926,-1089.04687676009
1.927,-1088.37150868635
1.928,-1087.69699856827
1.929,-1087.02334442363
1.93,-1086.35054427699
1.931,-1085.67859615981
1.932,-1085.0074981102
1.933,-1084.33724817311
1.934,-1083.66784440011
1.935,-1082.99928484955
1.936,-1082.3315675864
1.937,-1081.66469068226
1.938,-1080.99865221534
1.939,-1080.33345027043
1.94,-1079.66908293884
1.941,-1079.00554831848
1.942,-1078.34284451367
1.943,-1077.68096963526
1.944,-1077.01992180053
1.945,-1076.35969913319
1.946,-1075.70029976331
1.947,-1075.04172182734
1.948,-1074.38396346812
1.949,-1073.72702283471
1.95,-1073.07089808254
1.951,-1072.41558737327
1.952,-1071.76108887482
1.953,-1071.10740076127
1.954,-1070.45452121298
1.955,-1069.80244841637
1.956,-1069.15118056406
1.957,-1068.50071585476
1.958,-1067.85105249331
1.959,-1067.20218869056
1.96,-1066.55412266341
1.961,-1065.90685263479
1.962,-1065.26037683362
1.963,-1064.61469349477
1.964,-1063.96980085908
1.965,-1063.32569717328
1.966,-1062.68238069001
1.967,-1062.03984966778
1.968,-1061.39810237092
1.969,-1060.75713706962
1.97,-1060.11695203988
1.971,-1059.47754556341
1.972,-1058.83891592775
1.973,-1058.20106142612
1.974,-1057.56398035749
1.975,-1056.92767102642
1.976,-1056.29213174331
1.977,-1055.65736082398
1.978,-1055.02335659003
1.979,-1054.39011736862
1.98,-1053.75764149241
1.981,-1053.12592729968
1.982,-1052.49497313423
1.983,-1051.86477734535
1.984,-1051.2353382878
1.985,-1050.60665432187
1.986,-1049.97872381314
1.987,-1049.35154513278
1.988,-1048.72511665727
1.989,-1048.09943676845
1.99,-1047.47450385355
1.991,-1046.85031630515
1.992,-1046.22687252105
1.993,-1045.60417090445
1.994,-1044.98220986376
1.995,-1044.36098781264
1.996,-1043.74050316998
1.997,-1043.12075435989
1.998,-1042.50173981163
1.999,-1041.8834579597
2,-1041.26590724365
2.001,-1040.64908610821
2.002,-1040.03299300324
2.003,-1039.4176263836
2.004,-1038.80298470928
2.005,-1038.1890664453
2.006,-1037.57587006168
2.007,-1036.96339403349
2.008,-1036.35163684072
2.009,-1035.7405969684
2.01,-1035.13027290643
2.011,-1034.52066314972
2.012,-1033.91176619798
2.013,-1033.30358055591
2.014,-1032.69610473299
2.015,-1032.08933724363
2.016,-1031.48327660702
2.017,-1030.87792134715
2.018,-1030.27326999283
2.019,-1029.66932107766
2.02,-1029.06607313994
2.021,-1028.46352472273
2.022,-1027.86167437385
2.023,-1027.26052064574
2.024,-1026.66006209557
2.025,-1026.06029728517
2.026,-1025.461224781
2.027,-1024.86284315413
2.028,-1024.26515098029
2.029,-1023.66814683976
2.03,-1023.07182931738
2.031,-1022.47619700257
2.032,-1021.88124848926
2.033,-1021.28698237595
2.034,-1020.6933972656
2.035,-1020.10049176562
2.036,-1019.50826448796
2.037,-1018.91671404897
2.038,-1018.32583906945
2.039,-1017.73563817461
2.04,-1017.14610999402
2.041,-1016.55725316171
2.042,-1015.969066316
2.043,-1015.38154809956
2.044,-1014.79469715946
2.045,-1014.20851214696
2.046,-1013.62299171777
2.047,-1013.03813453173
2.048,-1012.45393925303
2.049,-1011.87040455009
2.05,-1011.28752909553
2.051,-1010.70531156622
2.052,-1010.12375064319
2.053,-1009.5428450117
2.054,-1008.96259336114
2.055,-1008.38299438501
2.056,-1007.80404678103
2.057,-1007.22574925098
2.058,-1006.64810050076
2.059,-1006.0710992403
2.06,-1005.49474418369
2.061,-1004.91903404903
2.062,-1004.34396755841
2.063,-1003.76954343804
2.064,-1003.19576041803
2.065,-1002.62261723258
2.066,-1002.05011261977
2.067,-1001.47824532174
2.068,-1000.9070140845
2.069,-1000.33641765802
2.07,-999.766454796187
2.071,-999.197124256756
2.072,-998.62842480143
2.073,-998.060355195719
2.074,-997.492914209031
2.075,-996.926100614581
2.076,-996.359913189444
2.077,-995.794350714474
2.078,-995.229411974353
2.079,-994.665095757532
2.08,-994.101400856212
2.081,-993.538326066371
2.082,-992.975870187723
2.083,-992.414032023705
2.084,-991.852810381453
2.085,-991.292204071822
2.086,-990.732211909317
2.087,-990.172832712161
2.088,-989.614065302174
2.089,-989.05590850486
2.09,-988.498361149329
2.091,-987.941422068327
2.092,-987.385090098156
2.093,-986.829364078758
2.094,-986.274242853587
2.095,-985.719725269715
2.096,-985.165810177729
2.097,-984.612496431759
2.098,-984.059782889401
2.099,-983.507668411856
2.1,-982.956151863717
2.101,-982.405232113145
2.102,-981.854908031665
2.103,-981.305178494352
2.104,-980.756042379656
2.105,-980.20749856949
2.106,-979.659545949182
2.107,-979.112183407406
2.108,-978.565409836273
2.109,-978.019224131262
2.11,-977.47362519121
2.111,-976.928611918314
2.112,-976.384183218078
2.113,-975.840337999355
2.114,-975.29707517431
2.115,-974.754393658395
2.116,-974.212292370346
2.117,-973.67077023221
2.118,-973.129826169247
2.119,-972.589459109978
2.12,-972.049667986191
2.121,-971.510451732892
2.122,-970.971809288267
2.123,-970.433739593716
2.124,-969.896241593872
2.125,-969.359314236484
2.126,-968.822956472515
2.127,-968.287167256037
2.128,-967.751945544311
2.129,-967.2172902977
2.13,-966.683200479663
2.131,-966.149675056834
2.132,-965.616712998884
2.133,-965.084313278577
2.134,-964.552474871777
2.135,-964.02119675737
2.136,-963.490477917337
2.137,-962.960317336626
2.138,-962.430714003296
2.139,-961.901666908373
2.14,-961.373175045877
2.141,-960.845237412862
2.142,-960.317853009327
2.143,-959.791020838258
2.144,-959.264739905606
2.145,-958.739009220261
2.146,-958.213827794029
2.147,-957.689194641707
2.148,-957.165108780939
2.149,-956.64156923231
2.15,-956.118575019293
2.151,-955.596125168238
2.152,-955.074218708383
2.153,-954.552854671805
2.154,-954.032032093453
2.155,-953.511750011107
2.156,-952.992007465374
2.157,-952.472803499712
2.158,-951.954137160334
2.159,-951.436007496303
2.16,-950.918413559437
2.161,-950.401354404355
2.162,-949.884829088424
2.163,-949.36883667179
2.164,-948.853376217337
2.165,-948.338446790681
2.166,-947.824047460187
2.167,-947.310177296898
2.168,-946.796835374591
2.169,-946.284020769773
2.17,-945.771732561562
2.171,-945.2599698318
2.172,-944.748731665027
2.173,-944.23801714839
2.174,-943.727825371684
2.175,-943.218155427377
2.176,-942.709006410538
2.177,-942.200377418884
2.178,-941.692267552713
2.179,-941.18467591493
2.18,-940.677601611049
2.181,-940.171043749148
2.182,-939.665001439855
2.183,-939.159473796412
2.184,-938.654459934586
2.185,-938.149958972671
2.186,-937.645970031524
2.187,-937.142492234524
2.188,-936.639524707542
2.189,-936.137066578967
2.19,-935.635116979703
2.191,-935.133675043118
2.192,-934.63273990507
2.193,-934.132310703882
2.194,-933.632386580359
2.195,-933.132966677715
2.196,-932.634050141664
2.197,-932.135636120302
2.198,-931.637723764164
2.199,-931.140312226241
2.2,-930.643400661877
2.201,-930.146988228842
2.202,-929.651074087278
2.203,-929.155657399752
2.204,-928.660737331148
2.205,-928.166313048756
2.206,-927.6723837222
2.207,-927.178948523468
2.208,-926.686006626863
2.209,-926.193557209025
2.21,-925.701599448947
2.211,-925.210132527888
2.212,-924.719155629453
2.213,-924.228667939502
2.214,-923.738668646217
2.215,-923.249156940063
2.216,-922.760132013734
2.217,-922.271593062225
2.218,-921.783539282787
2.219,-921.29596987491
2.22,-920.808884040301
2.221,-920.322280982933
2.222,-919.836159908987
2.223,-919.350520026841
2.224,-918.865360547126
2.225,-918.380680682614
2.226,-917.896479648323
2.227,-917.412756661404
2.228,-916.929510941227
2.229,-916.446741709286
2.23,-915.96444818928
2.231,-915.482629607029
2.232,-915.001285190498
2.233,-914.520414169822
2.234,-914.040015777204
2.235,-913.560089247015
2.236,-913.080633815749
2.237,-912.60164872194
2.238,-912.123133206307
2.239,-911.645086511598
2.24,-911.167507882649
2.241,-910.690396566408
2.242,-910.213751811842
2.243,-909.737572870032
2.244,-909.261858994079
2.245,-908.786609439125
2.246,-908.311823462359
2.247,-907.83750032303
2.248,-907.363639282373
2.249,-906.89023960364
2.25,-906.41730055211
2.251,-905.944821395082
2.252,-905.472801401802
2.253,-905.001239843542
2.254,-904.530135993554
2.255,-904.059489127033
2.256,-903.589298521188
2.257,-903.119563455134
2.258,-902.650283209985
2.259,-902.181457068772
2.26,-901.713084316494
2.261,-901.245164240063
2.262,-900.7776961283
2.263,-900.310679271975
2.264,-899.844112963753
2.265,-899.377996498222
2.266,-898.912329171836
2.267,-898.447110282979
2.268,-897.982339131875
2.269,-897.518015020673
2.27,-897.054137253361
2.271,-896.590705135809
2.272,-896.127717975734
2.273,-895.6651750827
2.274,-895.203075768144
2.275,-894.741419345302
2.276,-894.28020512927
2.277,-893.819432436958
2.278,-893.359100587108
2.279,-892.899208900268
2.28,-892.439756698765
2.281,-891.980743306772
2.282,-891.52216805023
2.283,-891.064030256848
2.284,-890.606329256178
2.285,-890.149064379467
2.286,-889.692234959787
2.287,-889.235840331966
2.288,-888.779879832557
2.289,-888.324352799888
2.29,-887.869258574016
2.291,-887.414596496773
2.292,-886.960365911659
2.293,-886.50656616394
2.294,-886.053196600603
2.295,-885.600256570352
2.296,-885.147745423549
2.297,-884.695662512307
2.298,-884.244007190431
2.299,-883.792778813398
2.3,-883.341976738362
2.301,-882.891600324173
2.302,-882.441648931352
2.303,-881.992121922069
2.304,-881.543018660163
2.305,-881.094338511132
2.306,-880.646080842121
2.307,-880.198245021888
2.308,-879.750830420884
2.309,-879.303836411147
2.31,-878.857262366341
2.311,-878.411107661765
2.312,-877.965371674343
2.313,-877.520053782581
2.314,-877.075153366587
2.315,-876.630669808089
2.316,-876.186602490386
2.317,-875.742950798385
2.318,-875.299714118546
2.319,-874.856891838918
2.32,-874.414483349113
2.321,-873.972488040323
2.322,-873.530905305274
2.323,-873.089734538281
2.324,-872.648975135143
2.325,-872.208626493278
2.326,-871.7686880116
2.327,-871.329159090529
2.328,-870.89003913207
2.329,-870.451327539708
2.33,-870.013023718463
2.331,-869.575127074842
2.332,-869.137637016892
2.333,-868.700552954107
2.334,-868.26387429755
2.335,-867.827600459707
2.336,-867.391730854567
2.337,-866.95626489762
2.338,-866.521202005817
2.339,-866.08654159756
2.34,-865.652283092738
2.341,-865.218425912689
2.342,-864.784969480205
2.343,-864.351913219535
2.344,-863.919256556369
2.345,-863.48699891781
2.346,-863.055139732436
2.347,-862.623678430228
2.348,-862.192614442598
2.349,-861.761947202373
2.35,-861.331676143805
2.351,-860.901800702535
2.352,-860.472320315626
2.353,-860.043234421551
2.354,-859.614542460152
2.355,-859.186243872664
2.356,-858.758338101718
2.357,-858.330824591324
2.358,-857.903702786861
2.359,-857.476972135094
2.36,-857.050632084138
2.361,-856.624682083474
2.362,-856.199121583946
2.363,-855.773950037723
2.364,-855.349166898377
2.365,-854.924771620783
2.366,-854.500763661155
2.367,-854.077142477041
2.368,-853.653907527336
2.369,-853.231058272229
2.37,-852.808594173283
2.371,-852.386514693321
2.372,-851.964819296485
2.373,-851.543507448271
2.374,-851.122578615421
2.375,-850.702032266
2.376,-850.281867869369
2.377,-849.862084896162
2.378,-849.442682818335
2.379,-849.02366110906
2.38,-848.605019242848
2.381,-848.186756695458
2.382,-847.768872943905
2.383,-847.351367466483
2.384,-846.934239742722
2.385,-846.517489253446
2.386,-846.101115480672
2.387,-845.685117907735
2.388,-845.269496019157
2.389,-844.854249300709
2.39,-844.439377239406
2.391,-844.024879323466
2.392,-843.610755042377
2.393,-843.197003886805
2.394,-842.783625348664
2.395,-842.370618921066
2.396,-841.957984098313
2.397,-841.545720375949
2.398,-841.133827250689
2.399,-840.722304220452
2.4,-840.311150784363
2.401,-839.900366442707
2.402,-839.489950696989
2.403,-839.079903049869
2.404,-838.670223005171
2.405,-838.260910067946
2.406,-837.851963744329
2.407,-837.443383541689
2.408,-837.035168968555
2.409,-836.627319534557
2.41,-836.219834750528
2.411,-835.812714128428
2.412,-835.405957181374
2.413,-834.999563423597
2.414,-834.593532370511
2.415,-834.187863538617
2.416,-833.782556445569
2.417,-833.377610610158
2.418,-832.973025552268
2.419,-832.568800792916
2.42,-832.164935854239
2.421,-831.761430259464
2.422,-831.358283532966
2.423,-830.955495200183
2.424,-830.55306478767
2.425,-830.150991823068
2.426,-829.74927583513
2.427,-829.347916353668
2.428,-828.946912909612
2.429,-828.546265034951
2.43,-828.145972262765
2.431,-827.746034127196
2.432,-827.346450163451
2.433,-826.947219907829
2.434,-826.548342897683
2.435,-826.14981867141
2.436,-825.751646768485
2.437,-825.35382672943
2.438,-824.956358095798
2.439,-824.559240410219
2.44,-824.162473216341
2.441,-823.766056058856
2.442,-823.369988483501
2.443,-822.974270037029
2.444,-822.578900267267
2.445,-822.183878722994
2.446,-821.789204954057
2.447,-821.394878511329
2.448,-821.00089894666
2.449,-820.607265812964
2.45,-820.213978664117
2.451,-819.821037055027
2.452,-819.428440541587
2.453,-819.036188680699
2.454,-818.644281030254
2.455,-818.252717149141
2.456,-817.861496597246
2.457,-817.470618935417
2.458,-817.080083725499
2.459,-816.689890530323
2.46,-816.300038913681
2.461,-815.910528440329
2.462,-815.521358676028
2.463,-815.132529187479
2.464,-814.744039542339
2.465,-814.355889309267
2.466,-813.96807805781
2.467,-813.580605358536
2.468,-813.193470782902
2.469,-812.806673903388
2.47,-812.420214293346
2.471,-812.034091527115
2.472,-811.64830517994
2.473,-811.262854828024
2.474,-810.877740048488
2.475,-810.492960419405
2.476,-810.108515519727
2.477,-809.7244049294
2.478,-809.340628229207
2.479,-808.957185000925
2.48,-808.574074827177
2.481,-808.191297291551
2.482,-807.808851978515
2.483,-807.426738473446
2.484,-807.044956362627
2.485,-806.663505233237
2.486,-806.282384673361
2.487,-805.901594271958
2.488,-805.521133618889
2.489,-805.1410023049
2.49,-804.761199921613
2.491,-804.381726061584
2.492,-804.002580318149
2.493,-803.623762285619
2.494,-803.245271559117
2.495,-802.867107734649
2.496,-802.489270409103
2.497,-802.111759180224
2.498,-801.734573646619
2.499,-801.35771340775
2.5,-800.981178063939
2.501,-800.604967216356
2.502,-800.229080467026
2.503,-799.853517418848
2.504,-799.478277675512
2.505,-799.103360841586
2.506,-798.728766522475
2.507,-798.354494324425
2.508,-797.980543854501
2.509,-797.606914720613
2.51,-797.233606531485
2.511,-796.860618896695
2.512,-796.487951426618
2.513,-796.115603732467
2.514,-795.743575426246
2.515,-795.371866120832
2.516,-795.00047542986
2.517,-794.629402967775
2.518,-794.258648349887
2.519,-793.888211192258
2.52,-793.518091111757
2.521,-793.148287726081
2.522,-792.778800653718
2.523,-792.409629513925
2.524,-792.040773926778
2.525,-791.672233513144
2.526,-791.304007894651
2.527,-790.936096693745
2.528,-790.568499533637
2.529,-790.201216038315
2.53,-789.834245832558
2.531,-789.467588541909
2.532,-789.101243792701
2.533,-788.73521121202
2.534,-788.369490427696
2.535,-788.004081068402
2.536,-787.638982763481
2.537,-787.274195143109
2.538,-786.909717838181
2.539,-786.545550480365
2.54,-786.181692702069
2.541,-785.818144136466
2.542,-785.454904417471
2.543,-785.091973179744
2.544,-784.729350058686
2.545,-784.367034690442
2.546,-784.005026711911
2.547,-783.643325760712
2.548,-783.281931475198
2.549,-782.920843494465
2.55,-782.560061458331
2.551,-782.199585007345
2.552,-781.839413782775
2.553,-781.47954742662
2.554,-781.119985581604
2.555,-780.760727891173
2.556,-780.401773999445
2.557,-780.043123551323
2.558,-779.684776192368
2.559,-779.326731568859
2.56,-778.968989327809
2.561,-778.611549116923
2.562,-778.254410584591
2.563,-777.897573379919
2.564,-777.541037152715
2.565,-777.184801553477
2.566,-776.828866233406
2.567,-776.473230844379
2.568,-776.117895038972
2.569,-775.762858470459
2.57,-775.408120792777
2.571,-775.053681660566
2.572,-774.699540729149
2.573,-774.345697654507
2.574,-773.992152093314
2.575,-773.638903702916
2.576,-773.285952141336
2.577,-772.933297067263
2.578,-772.580938140049
2.579,-772.228875019733
2.58,-771.877107366994
2.581,-771.525634843194
2.582,-771.174457110332
2.583,-770.823573831095
2.584,-770.472984668795
2.585,-770.122689287445
2.586,-769.772687351651
2.587,-769.422978526705
2.588,-769.073562478557
2.589,-768.724438873764
2.59,-768.375607379576
2.591,-768.027067663842
2.592,-767.678819395073
2.593,-767.330862242421
2.594,-766.983195875668
2.595,-766.635819965233
2.596,-766.288734182161
2.597,-765.941938198145
2.598,-765.59543168548
2.599,-765.249214317107
2.6,-764.903285766597
2.601,-764.557645708125
2.602,-764.212293816506
2.603,-763.86722976715
2.604,-763.522453236113
2.605,-763.177963900053
2.606,-762.833761436236
2.607,-762.489845522545
2.608,-762.146215837473
2.609,-761.802872060124
2.61,-761.45981387021
2.611,-761.117040948033
2.612,-760.774552974515
2.613,-760.432349631153
2.614,-760.090430600092
2.615,-759.748795564008
2.616,-759.407444206228
2.617,-759.066376210645
2.618,-758.725591261752
2.619,-758.385089044617
2.62,-758.044869244928
2.621,-757.704931548928
2.622,-757.365275643459
2.623,-757.025901215934
2.624,-756.686807954369
2.625,-756.347995547344
2.626,-756.009463684
2.627,-755.671212054088
2.628,-755.333240347922
2.629,-754.995548256369
2.63,-754.658135470888
2.631,-754.321001683493
2.632,-753.984146586785
2.633,-753.647569873893
2.634,-753.311271238552
2.635,-752.975250375046
2.636,-752.639506978199
2.637,-752.304040743411
2.638,-751.968851366636
2.639,-751.633938544383
2.64,-751.299301973732
2.641,-750.964941352276
2.642,-750.63085637819
2.643,-750.297046750183
2.644,-749.963512167524
2.645,-749.630252330015
2.646,-749.297266938008
2.647,-748.964555692397
2.648,-748.632118294611
2.649,-748.299954446624
2.65,-747.968063850955
2.651,-747.636446210625
2.652,-747.305101229236
2.653,-746.974028610902
2.654,-746.643228060251
2.655,-746.312699282463
2.656,-745.982441983232
2.657,-745.652455868804
2.658,-745.322740645909
2.659,-744.99329602183
2.66,-744.664121704365
2.661,-744.335217401831
2.662,-744.006582823059
2.663,-743.678217677401
2.664,-743.350121674726
2.665,-743.022294525431
2.666,-742.694735940386
2.667,-742.367445631006
2.668,-742.040423309214
2.669,-741.713668687427
2.67,-741.38718147857
2.671,-741.060961396083
2.672,-740.735008153894
2.673,-740.409321466461
2.674,-740.083901048716
2.675,-739.758746616092
2.676,-739.43385788454
2.677,-739.109234570488
2.678,-738.784876390858
2.679,-738.460783063083
2.68,-738.136954305077
2.681,-737.813389835231
2.682,-737.490089372453
2.683,-737.167052636111
2.684,-736.844279346089
2.685,-736.521769222727
2.686,-736.199521986863
2.687,-735.877537359818
2.688,-735.555815063387
2.689,-735.23435481985
2.69,-734.913156351968
2.691,-734.592219382961
2.692,-734.271543636539
2.693,-733.951128836881
2.694,-733.630974708658
2.695,-733.311080976966
2.696,-732.991447367422
2.697,-732.672073606072
2.698,-732.352959419451
2.699,-732.034104534557
2.7,-731.715508678843
2.701,-731.397171580233
2.702,-731.079092967108
2.703,-730.761272568313
2.704,-730.443710113151
2.705,-730.126405331378
2.706,-729.809357953217
2.707,-729.492567709334
2.708,-729.176034330849
2.709,-728.85975754935
2.71,-728.543737096858
2.711,-728.227972705851
2.712,-727.912464109261
2.713,-727.597211040462
2.714,-727.282213233265
2.715,-726.967470421945
2.716,-726.652982341204
2.717,-726.338748726194
2.718,-726.024769312505
2.719,-725.711043836169
2.72,-725.397572033653
2.721,-725.084353641874
2.722,-724.771388398158
2.723,-724.458676040294
2.724,-724.146216306492
2.725,-723.834008935388
2.726,-723.522053666062
2.727,-723.210350238022
2.728,-722.898898391188
2.729,-722.587697865926
2.73,-722.276748403028
2.731,-721.966049743698
2.732,-721.655601629577
2.733,-721.345403802715
2.734,-721.035456005593
2.735,-720.72575798112
2.736,-720.416309472607
2.737,-720.107110223786
2.738,-719.798159978809
2.739,-719.489458482259
2.74,-719.181005479111
2.741,-718.872800714759
2.742,-718.564843935011
2.743,-718.257134886092
2.744,-717.949673314625
2.745,-717.642458967655
2.746,-717.335491592617
2.747,-717.028770937369
2.748,-716.722296750176
2.749,-716.416068779683
2.75,-716.110086774963
2.751,-715.804350485484
2.752,-715.498859661108
2.753,-715.193614052105
2.754,-714.888613409141
2.755,-714.58385748328
2.756,-714.279346025971
2.757,-713.975078789076
2.758,-713.671055524846
2.759,-713.367275985918
2.76,-713.063739925322
2.761,-712.760447096488
2.762,-712.457397253234
2.763,-712.154590149758
2.764,-711.852025540648
2.765,-711.54970318089
2.766,-711.247622825839
2.767,-710.945784231244
2.768,-710.644187153244
2.769,-710.342831348345
2.77,-710.041716573439
2.771,-709.740842585808
2.772,-709.440209143105
2.773,-709.139816003361
2.774,-708.839662924996
2.775,-708.539749666781
2.776,-708.240075987884
2.777,-707.940641647843
2.778,-707.641446406564
2.779,-707.342490024326
2.78,-707.043772261794
2.781,-706.745292879978
2.782,-706.447051640268
2.783,-706.149048304434
2.784,-705.851282634595
2.785,-705.553754393238
2.786,-705.256463343233
2.787,-704.959409247798
2.788,-704.662591870521
2.789,-704.366010975338
2.79,-704.069666326568
2.791,-703.773557688884
2.792,-703.477684827304
2.793,-703.18204750722
2.794,-702.886645494369
2.795,-702.591478554858
2.796,-702.296546455145
2.797,-702.00184896204
2.798,-701.707385842692
2.799,-701.413156864642
2.8,-701.119161795733
2.801,-700.825400404199
2.802,-700.531872458605
2.803,-700.238577727873
2.804,-699.945515981253
2.805,-699.652686988371
2.806,-699.360090519187
2.807,-699.067726343995
2.808,-698.775594233445
2.809,-698.483693958532
2.81,-698.192025290582
2.811,-697.90058800128
2.812,-697.609381862634
2.813,-697.318406647002
2.814,-697.027662127079
2.815,-696.737148075895
2.816,-696.446864266809
2.817,-696.156810473546
2.818,-695.866986470131
2.819,-695.577392030944
2.82,-695.288026930689
2.821,-694.998890944404
2.822,-694.709983847474
2.823,-694.421305415592
2.824,-694.132855424798
2.825,-693.844633651442
2.826,-693.556639872224
2.827,-693.268873864158
2.828,-692.981335404589
2.829,-692.694024271198
2.83,-692.406940241964
2.831,-692.12008309521
2.832,-691.833452609578
2.833,-691.547048564034
2.834,-691.260870737864
2.835,-690.974918910674
2.836,-690.689192862385
2.837,-690.403692373252
2.838,-690.118417223826
2.839,-689.833367195001
2.84,-689.548542067969
2.841,-689.263941624229
2.842,-688.979565645627
2.843,-688.695413914299
2.844,-688.411486212691
2.845,-688.127782323584
2.846,-687.844302030049
2.847,-687.561045115478
2.848,-687.278011363557
2.849,-686.995200558313
2.85,-686.712612484063
2.851,-686.430246925422
2.852,-686.148103667324
2.853,-685.866182495001
2.854,-685.584483194013
2.855,-685.303005550195
2.856,-685.021749349701
2.857,-684.740714378982
2.858,-684.459900424798
2.859,-684.179307274202
2.86,-683.898934714559
2.861,-683.618782533523
2.862,-683.33885051905
2.863,-683.059138459394
2.864,-682.779646143116
2.865,-682.500373359063
2.866,-682.221319896369
2.867,-681.942485544495
2.868,-681.66387009317
2.869,-681.385473332412
2.87,-681.107295052558
2.871,-680.829335044212
2.872,-680.551593098291
2.873,-680.274069005983
2.874,-679.996762558779
2.875,-679.719673548463
2.876,-679.442801767101
2.877,-679.166147007031
2.878,-678.88970906091
2.879,-678.613487721651
2.88,-678.337482782476
2.881,-678.061694036894
2.882,-677.786121278674
2.883,-677.51076430188
2.884,-677.235622900866
2.885,-676.960696870271
2.886,-676.685986004996
2.887,-676.411490100239
2.888,-676.137208951478
2.889,-675.863142354461
2.89,-675.589290105217
2.891,-675.315652000079
2.892,-675.042227835602
2.893,-674.76901740867
2.894,-674.496020516423
2.895,-674.223236956268
2.896,-673.950666525899
2.897,-673.678309023285
2.898,-673.406164246657
2.899,-673.13423199453
2.9,-672.862512065686
2.901,-672.59100425917
2.902,-672.319708374312
2.903,-672.048624210704
2.904,-671.777751568222
2.905,-671.507090246976
2.906,-671.236640047377
2.907,-670.966400770092
2.908,-670.696372216049
2.909,-670.426554186458
2.91,-670.156946482773
2.911,-669.887548906727
2.912,-669.618361260316
2.913,-669.349383345792
2.914,-669.080614965681
2.915,-668.81205592276
2.916,-668.543706020074
2.917,-668.275565060929
2.918,-668.007632848886
2.919,-667.739909187767
2.92,-667.472393881663
2.921,-667.205086734913
2.922,-666.9379875521
2.923,-666.6710961381
2.924,-666.404412298025
2.925,-666.137935837226
2.926,-665.871666561345
2.927,-665.605604276251
2.928,-665.339748788076
2.929,-665.074099903206
2.93,-664.808657428286
2.931,-664.543421170193
2.932,-664.278390936079
2.933,-664.013566533339
2.934,-663.748947769606
2.935,-663.484534452782
2.936,-663.22032639101
2.937,-662.956323392671
2.938,-662.692525266418
2.939,-662.428931821125
2.94,-662.165542865931
2.941,-661.902358210211
2.942,-661.639377663596
2.943,-661.376601035958
2.944,-661.114028137397
2.945,-660.851658778287
2.946,-660.589492769225
2.947,-660.32752992105
2.948,-660.065770044855
2.949,-659.804212951961
2.95,-659.542858453948
2.951,-659.281706362617
2.952,-659.020756490021
2.953,-658.760008648453
2.954,-658.499462650431
2.955,-658.239118308729
2.956,-657.978975436341
2.957,-657.719033846523
2.958,-657.459293352741
2.959,-657.199753768714
2.96,-656.940414908378
2.961,-656.68127658593
2.962,-656.422338615789
2.963,-656.163600812598
2.964,-655.90506299125
2.965,-655.646724966852
2.966,-655.388586554759
2.967,-655.130647570555
2.968,-654.87290783005
2.969,-654.615367149283
2.97,-654.358025344542
2.971,-654.100882232312
2.972,-653.843937629337
2.973,-653.587191352569
2.974,-653.330643219196
2.975,-653.074293046642
2.976,-652.818140652539
2.977,-652.562185854761
2.978,-652.306428471398
2.979,-652.050868320772
2.98,-651.795505221431
2.981,-651.540338992139
2.982,-651.285369451886
2.983,-651.030596419889
2.984,-650.776019715596
2.985,-650.521639158652
2.986,-650.267454568951
2.987,-650.013465766592
2.988,-649.759672571897
2.989,-649.506074805415
2.99,-649.252672287907
2.991,-648.999464840359
2.992,-648.746452283973
2.993,-648.493634440161
2.994,-648.241011130566
2.995,-647.988582177046
2.996,-647.736347401671
2.997,-647.484306626726
2.998,-647.232459674724
2.999,-646.980806368373
3,-646.729346530615
3.001,-646.478079984589
3.002,-646.22700655367
3.003,-645.976126061423
3.004,-645.725438331635
3.005,-645.474943188317
3.006,-645.224640455677
3.007,-644.974529958131
3.008,-644.724611520326
3.009,-644.474884967097
3.01,-644.225350123504
3.011,-643.97600681482
3.012,-643.726854866504
3.013,-643.477894104246
3.014,-643.22912435394
3.015,-642.980545441678
3.016,-642.732157193772
3.017,-642.48395943673
3.018,-642.235951997274
3.019,-641.988134702326
3.02,-641.740507379017
3.021,-641.49306985469
3.022,-641.24582195687
3.023,-640.99876351331
3.024,-640.751894351955
3.025,-640.50521430096
3.026,-640.258723188672
3.027,-640.012420843649
3.028,-639.766307094649
3.029,-639.520381770629
3.03,-639.274644700755
3.031,-639.029095714369
3.032,-638.783734641058
3.033,-638.538561310563
3.034,-638.293575552841
3.035,-638.048777198063
3.036,-637.804166076579
3.037,-637.559742018947
3.038,-637.315504855908
3.039,-637.071454418417
3.04,-636.827590537619
3.041,-636.583913044864
3.042,-636.340421771675
3.043,-636.097116549792
3.044,-635.853997211141
3.045,-635.61106358784
3.046,-635.36831551221
3.047,-635.125752816767
3.048,-634.883375334204
3.049,-634.641182897416
3.05,-634.399175339495
3.051,-634.157352493723
3.052,-633.91571419357
3.053,-633.674260272703
3.054,-633.432990564965
3.055,-633.191904904407
3.056,-632.951003125271
3.057,-632.710285061966
3.058,-632.469750549114
3.059,-632.229399421514
3.06,-631.989231514158
3.061,-631.749246662222
3.062,-631.509444701071
3.063,-631.269825466265
3.064,-631.030388793527
3.065,-630.791134518804
3.066,-630.552062478193
3.067,-630.313172507992
3.068,-630.074464444696
3.069,-629.835938124955
3.07,-629.597593385635
3.071,-629.359430063768
3.072,-629.121447996574
3.073,-628.883647021448
3.074,-628.646026975986
3.075,-628.408587697951
3.076,-628.171329025299
3.077,-627.934250796154
3.078,-627.697352848835
3.079,-627.460635021832
3.08,-627.224097153828
3.081,-626.987739083668
3.082,-626.751560650396
3.083,-626.515561693221
3.084,-626.279742051541
3.085,-626.044101564928
3.086,-625.808640073126
3.087,-625.573357416078
3.088,-625.338253433872
3.089,-625.103327966804
3.09,-624.86858085534
3.091,-624.634011940103
3.092,-624.399621061909
3.093,-624.165408061759
3.094,-623.931372780804
3.095,-623.697515060399
3.096,-623.463834742041
3.097,-623.23033166743
3.098,-622.997005678424
3.099,-622.763856617066
3.1,-622.530884325558
3.101,-622.298088646291
3.102,-622.065469421818
3.103,-621.833026494858
3.104,-621.600759708328
3.105,-621.368668905282
3.106,-621.136753928976
3.107,-620.905014622813
3.108,-620.673450830384
3.109,-620.442062395436
3.11,-620.210849161905
3.111,-619.979810973872
3.112,-619.748947675604
3.113,-619.518259111536
3.114,-619.287745126266
3.115,-619.057405564561
3.116,-618.827240271356
3.117,-618.597249091757
3.118,-618.367431871031
3.119,-618.137788454621
3.12,-617.908318688124
3.121,-617.679022417315
3.122,-617.44989948813
3.123,-617.220949746669
3.124,-616.992173039197
3.125,-616.763569212141
3.126,-616.535138112106
3.127,-616.306879585852
3.128,-616.078793480293
3.129,-615.850879642524
3.13,-615.623137919793
3.131,-615.395568159514
3.132,-615.168170209264
3.133,-614.940943916784
3.134,-614.713889129956
3.135,-614.487005696871
3.136,-614.260293465728
3.137,-614.033752284923
3.138,-613.807382002998
3.139,-613.581182468656
3.14,-613.35515353076
3.141,-613.129295038345
3.142,-612.903606840585
3.143,-612.67808878683
3.144,-612.452740726576
3.145,-612.227562509487
3.146,-612.002553985376
3.147,-611.777715004231
3.148,-611.553045416178
3.149,-611.328545071512
3.15,-611.104213820683
3.151,-610.880051514286
3.152,-610.656058003092
3.153,-610.432233138015
3.154,-610.208576770137
3.155,-609.985088750671
3.156,-609.761768931009
3.157,-609.538617162691
3.158,-609.315633297406
3.159,-609.092817187007
3.16,-608.870168683496
3.161,-608.647687639017
3.162,-608.425373905892
3.163,-608.203227336581
3.164,-607.98124778369
3.165,-607.759435099995
3.166,-607.537789138408
3.167,-607.316309752003
3.168,-607.094996794004
3.169,-606.873850117788
3.17,-606.652869576878
3.171,-606.432055024943
3.172,-606.211406315823
3.173,-605.990923303484
3.174,-605.770605842061
3.175,-605.550453785821
3.176,-605.330466989203
3.177,-605.11064530677
3.178,-604.890988593255
3.179,-604.67149670352
3.18,-604.452169492596
3.181,-604.233006815652
3.182,-604.014008527995
3.183,-603.795174485095
3.184,-603.576504542562
3.185,-603.35799855616
3.186,-603.139656381786
3.187,-602.921477875491
3.188,-602.703462893479
3.189,-602.485611292088
3.19,-602.267922927804
3.191,-602.050397657265
3.192,-601.833035337253
3.193,-601.615835824689
3.194,-601.398798976635
3.195,-601.181924650315
3.196,-600.965212703074
3.197,-600.74866299242
3.198,-600.532275375993
3.199,-600.31604971158
3.2,-600.099985857112
3.201,-599.884083670662
3.202,-599.668343010441
3.203,-599.452763734813
3.204,-599.237345702271
3.205,-599.022088771454
3.206,-598.806992801149
3.207,-598.592057650273
3.208,-598.377283177897
3.209,-598.162669243224
3.21,-597.948215705594
3.211,-597.733922424494
3.212,-597.519789259551
3.213,-597.305816070526
3.214,-597.092002717329
3.215,-596.878349059993
3.216,-596.664854958708
3.217,-596.451520273794
3.218,-596.238344865709
3.219,-596.025328595047
3.22,-595.812471322543
3.221,-595.599772909068
3.222,-595.38723321564
3.223,-595.174852103403
3.224,-594.962629433633
3.225,-594.750565067759
3.226,-594.538658867334
3.227,-594.32691069405
3.228,-594.115320409746
3.229,-593.90388787637
3.23,-593.69261295604
3.231,-593.481495510978
3.232,-593.270535403566
3.233,-593.059732496301
3.234,-592.849086651824
3.235,-592.638597732912
3.236,-592.428265602474
3.237,-592.218090123545
3.238,-592.008071159309
3.239,-591.798208573073
3.24,-591.588502228278
3.241,-591.3789519885
3.242,-591.169557717446
3.243,-590.960319278953
3.244,-590.751236537002
3.245,-590.542309355691
3.246,-590.333537599256
3.247,-590.124921132074
3.248,-589.916459818627
3.249,-589.708153523561
3.25,-589.500002111632
3.251,-589.292005447731
3.252,-589.084163396879
3.253,-588.876475824235
3.254,-588.668942595072
3.255,-588.461563574808
3.256,-588.254338628985
3.257,-588.047267623271
3.258,-587.840350423469
3.259,-587.633586895507
3.26,-587.426976905445
3.261,-587.220520319466
3.262,-587.014217003889
3.263,-586.808066825146
3.264,-586.602069649823
3.265,-586.396225344604
3.266,-586.190533776324
3.267,-585.984994811929
3.268,-585.779608318505
3.269,-585.574374163255
3.27,-585.36929221351
3.271,-585.164362336729
3.272,-584.959584400499
3.273,-584.754958272539
3.274,-584.550483820672
3.275,-584.346160912868
3.276,-584.141989417215
3.277,-583.937969201925
3.278,-583.734100135337
3.279,-583.530382085907
3.28,-583.326814922232
3.281,-583.123398513015
3.282,-582.920132727095
3.283,-582.71701743343
3.284,-582.51405250111
3.285,-582.311237799331
3.286,-582.108573197426
3.287,-581.90605856485
3.288,-581.703693771171
3.289,-581.5014786861
3.29,-581.299413179449
3.291,-581.097497121166
3.292,-580.89573038131
3.293,-580.694112830074
3.294,-580.492644337758
3.295,-580.2913247748
3.296,-580.090154011756
3.297,-579.889131919288
3.298,-579.688258368194
3.299,-579.487533229384
3.3,-579.286956373902
3.301,-579.0865276729
3.302,-578.886246997648
3.303,-578.686114219543
3.304,-578.486129210104
3.305,-578.286291840959
3.306,-578.086601983873
3.307,-577.887059510714
3.308,-577.687664293468
3.309,-577.488416204252
3.31,-577.289315115296
3.311,-577.090360898945
3.312,-576.89155342767
3.313,-576.692892574053
3.314,-576.494378210798
3.315,-576.296010210724
3.316,-576.097788446767
3.317,-575.899712791985
3.318,-575.70178311955
3.319,-575.50399930275
3.32,-575.306361214993
3.321,-575.1088687298
3.322,-574.911521720816
3.323,-574.714320061788
3.324,-574.517263626592
3.325,-574.320352289216
3.326,-574.123585923764
3.327,-573.926964404456
3.328,-573.730487605619
3.329,-573.534155401712
3.33,-573.337967667294
3.331,-573.141924277047
3.332,-572.946025105764
3.333,-572.750270028356
3.334,-572.554658919844
3.335,-572.359191655366
3.336,-572.163868110176
3.337,-571.968688159635
3.338,-571.773651679219
3.339,-571.578758544533
3.34,-571.384008631273
3.341,-571.189401815257
3.342,-570.994937972419
3.343,-570.800616978809
3.344,-570.606438710581
3.345,-570.412403044
3.346,-570.218509855454
3.347,-570.024759021436
3.348,-569.831150418552
3.349,-569.637683923521
3.35,-569.444359413176
3.351,-569.25117676445
3.352,-569.058135854404
3.353,-568.865236560196
3.354,-568.672478759107
3.355,-568.47986232852
3.356,-568.287387145935
3.357,-568.095053088947
3.358,-567.902860035292
3.359,-567.710807862783
3.36,-567.518896449366
3.361,-567.327125673084
3.362,-567.135495412099
3.363,-566.944005544675
3.364,-566.752655949186
3.365,-566.561446504119
3.366,-566.370377088075
3.367,-566.179447579755
3.368,-565.988657857966
3.369,-565.798007801638
3.37,-565.607497289799
3.371,-565.417126201577
3.372,-565.226894416233
3.373,-565.036801813111
3.374,-564.846848271679
3.375,-564.657033671502
3.376,-564.467357892266
3.377,-564.277820813748
3.378,-564.088422315842
3.379,-563.899162278551
3.38,-563.710040581982
3.381,-563.521057106342
3.382,-563.332211731954
3.383,-563.14350433925
3.384,-562.954934808753
3.385,-562.766503021115
3.386,-562.57820885707
3.387,-562.390052197475
3.388,-562.202032923285
3.389,-562.014150915566
3.39,-561.826406055479
3.391,-561.638798224307
3.392,-561.451327303424
3.393,-561.263993174313
3.394,-561.076795718566
3.395,-560.889734817876
3.396,-560.702810354039
3.397,-560.516022208963
3.398,-560.329370264651
3.399,-560.142854403219
3.4,-559.956474506878
3.401,-559.770230457948
3.402,-559.584122138853
3.403,-559.398149432126
3.404,-559.21231222039
3.405,-559.026610386385
3.406,-558.841043812945
3.407,-558.655612383012
3.408,-558.470315979629
3.409,-558.285154485945
3.41,-558.100127785204
3.411,-557.91523576076
3.412,-557.73047829607
3.413,-557.545855274695
3.414,-557.361366580281
3.415,-557.177012096595
3.416,-556.992791707505
3.417,-556.808705296966
3.418,-556.624752749054
3.419,-556.44093394793
3.42,-556.257248777868
3.421,-556.073697123233
3.422,-555.890278868504
3.423,-555.706993898245
3.424,-555.52384209714
3.425,-555.340823349951
3.426,-555.157937541562
3.427,-554.975184556947
3.428,-554.792564281178
3.429,-554.610076599436
3.43,-554.427721396995
3.431,-554.245498559231
3.432,-554.063407971619
3.433,-553.88144951974
3.434,-553.69962308926
3.435,-553.517928565964
3.436,-553.336365835721
3.437,-553.154934784502
3.438,-552.973635298387
3.439,-552.792467263538
3.44,-552.611430566235
3.441,-552.430525092846
3.442,-552.249750729833
3.443,-552.069107363766
3.444,-551.888594881311
3.445,-551.708213169226
3.446,-551.527962114377
3.447,-551.347841603728
3.448,-551.167851524321
3.449,-550.987991763329
3.45,-550.808262207989
3.451,-550.628662745665
3.452,-550.44919326379
3.453,-550.269853649923
3.454,-550.090643791697
3.455,-549.911563576857
3.456,-549.732612893236
3.457,-549.553791628766
3.458,-549.375099671478
3.459,-549.196536909502
3.46,-549.018103231055
3.461,-548.83979852446
3.462,-548.661622678133
3.463,-548.483575580583
3.464,-548.305657120422
3.465,-548.127867186352
3.466,-547.950205667169
3.467,-547.772672451772
3.468,-547.595267429152
3.469,-547.417990488396
3.47,-547.240841518687
3.471,-547.063820409296
3.472,-546.886927049601
3.473,-546.710161329068
3.474,-546.533523137258
3.475,-546.357012363829
3.476,-546.180628898536
3.477,-546.004372631223
3.478,-545.828243451828
3.479,-545.652241250392
3.48,-545.476365917041
3.481,-545.300617342
3.482,-545.124995415588
3.483,-544.949500028216
3.484,-544.774131070389
3.485,-544.598888432712
3.486,-544.423772005871
3.487,-544.248781680658
3.488,-544.073917347954
3.489,-543.899178898727
3.49,-543.724566224047
3.491,-543.55007921508
3.492,-543.375717763068
3.493,-543.201481759367
3.494,-543.027371095412
3.495,-542.853385662737
3.496,-542.679525352959
3.497,-542.505790057808
3.498,-542.332179669085
3.499,-542.158694078686
3.5,-541.985333178614
3.501,-541.812096860958
3.502,-541.63898501789
3.503,-541.465997541682
3.504,-541.293134324694
3.505,-541.120395259381
3.506,-540.947780238289
3.507,-540.775289154051
3.508,-540.602921899407
3.509,-540.430678367163
3.51,-540.258558450243
3.511,-540.086562041637
3.512,-539.914689034447
3.513,-539.74293932185
3.514,-539.571312797134
3.515,-539.399809353652
3.516,-539.228428884862
3.517,-539.05717128432
3.518,-538.886036445652
3.519,-538.715024262601
3.52,-538.544134628976
3.521,-538.373367438684
3.522,-538.20272258573
3.523,-538.032199964201
3.524,-537.861799468271
3.525,-537.691520992219
3.526,-537.521364430396
3.527,-537.351329677253
3.528,-537.181416627329
3.529,-537.011625175248
3.53,-536.841955215734
3.531,-536.672406643585
3.532,-536.5029793537
3.533,-536.333673241064
3.534,-536.16448820075
3.535,-535.995424127923
3.536,-535.826480917831
3.537,-535.657658465817
3.538,-535.488956667312
3.539,-535.320375417831
3.54,-535.151914612977
3.541,-534.983574148453
3.542,-534.815353920035
3.543,-534.6472538236
3.544,-534.479273755106
3.545,-534.311413610599
3.546,-534.143673286214
3.547,-533.976052678176
3.548,-533.808551682801
3.549,-533.641170196485
3.55,-533.473908115717
3.551,-533.306765337068
3.552,-533.139741757207
3.553,-532.972837272873
3.554,-532.806051780916
3.555,-532.639385178253
3.556,-532.4728373619
3.557,-532.30640822895
3.558,-532.140097676596
3.559,-531.973905602104
3.56,-531.807831902841
3.561,-531.641876476248
3.562,-531.476039219863
3.563,-531.310320031303
3.564,-531.14471880828
3.565,-530.97923544858
3.566,-530.813869850083
3.567,-530.648621910763
3.568,-530.483491528662
3.569,-530.318478601932
3.57,-530.153583028784
3.571,-529.988804707538
3.572,-529.824143536586
3.573,-529.659599414412
3.574,-529.495172239582
3.575,-529.330861910758
3.576,-529.166668326669
3.577,-529.002591386145
3.578,-528.838630988106
3.579,-528.674787031531
3.58,-528.511059415519
3.581,-528.347448039228
3.582,-528.18395280191
3.583,-528.020573602906
3.584,-527.857310341637
3.585,-527.694162917611
3.586,-527.531131230418
3.587,-527.36821517974
3.588,-527.20541466534
3.589,-527.042729587059
3.59,-526.880159844831
3.591,-526.717705338678
3.592,-526.555365968695
3.593,-526.393141635064
3.594,-526.231032238063
3.595,-526.069037678044
3.596,-525.907157855439
3.597,-525.74539267078
3.598,-525.583742024664
3.599,-525.422205817786
3.6,-525.260783950923
3.601,-525.099476324932
3.602,-524.938282840752
3.603,-524.777203399412
3.604,-524.61623790202
3.605,-524.455386249771
3.606,-524.294648343949
3.607,-524.134024085901
3.608,-523.973513377076
3.609,-523.813116119004
3.61,-523.652832213295
3.611,-523.492661561642
3.612,-523.332604065823
3.613,-523.172659627699
3.614,-523.012828149208
3.615,-522.853109532383
3.616,-522.693503679331
3.617,-522.534010492243
3.618,-522.374629873393
3.619,-522.215361725145
3.62,-522.056205949934
3.621,-521.897162450277
3.622,-521.738231128796
3.623,-521.579411888162
3.624,-521.420704631157
3.625,-521.262109260628
3.626,-521.10362567951
3.627,-520.945253790827
3.628,-520.786993497676
3.629,-520.628844703232
3.63,-520.470807310765
3.631,-520.312881223618
3.632,-520.155066345227
3.633,-519.997362579089
3.634,-519.839769828807
3.635,-519.682287998047
3.636,-519.524916990567
3.637,-519.367656710207
3.638,-519.210507060877
3.639,-519.053467946584
3.64,-518.896539271408
3.641,-518.739720939513
3.642,-518.583012855142
3.643,-518.426414922619
3.644,-518.269927046356
3.645,-518.113549130835
3.646,-517.957281080628
3.647,-517.801122800387
3.648,-517.645074194842
3.649,-517.489135168809
3.65,-517.333305627177
3.651,-517.177585474921
3.652,-517.021974617096
3.653,-516.866472958842
3.654,-516.711080405375
3.655,-516.555796861985
3.656,-516.400622234059
3.657,-516.245556427054
3.658,-516.090599346504
3.659,-515.935750898039
3.66,-515.781010987345
3.661,-515.626379520215
3.662,-515.471856402504
3.663,-515.317441540155
3.664,-515.163134839189
3.665,-515.008936205702
3.666,-514.854845545884
3.667,-514.700862765991
3.668,-514.546987772375
3.669,-514.393220471441
3.67,-514.239560769701
3.671,-514.086008573739
3.672,-513.932563790208
3.673,-513.779226325853
3.674,-513.625996087499
3.675,-513.472872982045
3.676,-513.319856916464
3.677,-513.166947797821
3.678,-513.014145533256
3.679,-512.861450029989
3.68,-512.708861195316
3.681,-512.556378936612
3.682,-512.404003161339
3.683,-512.251733777029
3.684,-512.099570691302
3.685,-511.94751381185
3.686,-511.795563046447
3.687,-511.643718302947
3.688,-511.49197948928
3.689,-511.340346513464
3.69,-511.188819283576
3.691,-511.037397707799
3.692,-510.886081694375
3.693,-510.734871151631
3.694,-510.583765987973
3.695,-510.432766111883
3.696,-510.281871431931
3.697,-510.131081856752
3.698,-509.980397295071
3.699,-509.829817655685
3.7,-509.679342847471
3.701,-509.528972779388
3.702,-509.37870736047
3.703,-509.228546499829
3.704,-509.078490106658
3.705,-508.928538090227
3.706,-508.778690359883
3.707,-508.628946825053
3.708,-508.479307395239
3.709,-508.329771980032
3.71,-508.180340489082
3.711,-508.03101283214
3.712,-507.881788919013
3.713,-507.732668659608
3.714,-507.583651963883
3.715,-507.4347387419
3.716,-507.28592890379
3.717,-507.137222359754
3.718,-506.988619020075
3.719,-506.840118795123
3.72,-506.691721595336
3.721,-506.54342733123
3.722,-506.395235913406
3.723,-506.247147252529
3.724,-506.099161259358
3.725,-505.95127784472
3.726,-505.803496919523
3.727,-505.655818394744
3.728,-505.508242181454
3.729,-505.360768190782
3.73,-505.21339633395
3.731,-505.066126522251
3.732,-504.918958667059
3.733,-504.771892679815
3.734,-504.624928472046
3.735,-504.478065955363
3.736,-504.331305041437
3.737,-504.184645642026
3.738,-504.038087668971
3.739,-503.891631034173
3.74,-503.745275649629
3.741,-503.599021427399
3.742,-503.45286827963
3.743,-503.306816118537
3.744,-503.16086485642
3.745,-503.015014405651
3.746,-502.869264678676
3.747,-502.723615588028
3.748,-502.578067046305
3.749,-502.43261896619
3.75,-502.287271260443
3.751,-502.142023841896
3.752,-501.996876623456
3.753,-501.851829518116
3.754,-501.706882438933
3.755,-501.562035299055
3.756,-501.417288011692
3.757,-501.272640490143
3.758,-501.128092647776
3.759,-500.983644398032
3.76,-500.83929565444
3.761,-500.695046330603
3.762,-500.550896340186
3.763,-500.406845596949
3.764,-500.262894014716
3.765,-500.119041507397
3.766,-499.975287988968
3.767,-499.831633373484
3.768,-499.688077575084
3.769,-499.544620507975
3.77,-499.401262086443
3.771,-499.258002224848
3.772,-499.114840837627
3.773,-498.971777839298
3.774,-498.828813144448
3.775,-498.685946667747
3.776,-498.543178323929
3.777,-498.400508027822
3.778,-498.25793569431
3.779,-498.115461238366
3.78,-497.973084575041
3.781,-497.830805619451
3.782,-497.68862428679
3.783,-497.546540492336
3.784,-497.404554151443
3.785,-497.262665179525
3.786,-497.120873492092
3.787,-496.979179004708
3.788,-496.837581633037
3.789,-496.696081292799
3.79,-496.554677899804
3.791,-496.413371369923
3.792,-496.272161619111
3.793,-496.131048563401
3.794,-495.990032118899
3.795,-495.849112201785
3.796,-495.708288728314
3.797,-495.567561614819
3.798,-495.426930777704
3.799,-495.286396133457
3.8,-495.145957598633
3.801,-495.005615089866
3.802,-494.865368523865
3.803,-494.725217817413
3.804,-494.585162887374
3.805,-494.445203650674
3.806,-494.305340024334
3.807,-494.165571925432
3.808,-494.025899271132
3.809,-493.886321978666
3.81,-493.746839965347
3.811,-493.60745314856
3.812,-493.468161445768
3.813,-493.328964774512
3.814,-493.189863052393
3.815,-493.050856197109
3.816,-492.911944126411
3.817,-492.773126758143
3.818,-492.634404010213
3.819,-492.495775800611
3.82,-492.357242047393
3.821,-492.218802668707
3.822,-492.080457582751
3.823,-491.942206707821
3.824,-491.804049962275
3.825,-491.665987264552
3.826,-491.528018533164
3.827,-491.390143686692
3.828,-491.252362643803
3.829,-491.114675323229
3.83,-490.977081643779
3.831,-490.839581524345
3.832,-490.702174883886
3.833,-490.564861641431
3.834,-490.427641716095
3.835,-490.290515027062
3.836,-490.153481493594
3.837,-490.016541035019
3.838,-489.879693570749
3.839,-489.742939020267
3.84,-489.60627730313
3.841,-489.469708338974
3.842,-489.333232047505
3.843,-489.196848348503
3.844,-489.060557161823
3.845,-488.924358407398
3.846,-488.788252005238
3.847,-488.652237875419
3.848,-488.516315938092
3.849,-488.380486113494
3.85,-488.244748321925
3.851,-488.109102483762
3.852,-487.97354851946
3.853,-487.838086349546
3.854,-487.702715894621
3.855,-487.567437075359
3.856,-487.432249812512
3.857,-487.297154026904
3.858,-487.16214963944
3.859,-487.027236571086
3.86,-486.892414742892
3.861,-486.757684075985
3.862,-486.623044491555
3.863,-486.488495910878
3.864,-486.354038255298
3.865,-486.219671446232
3.866,-486.085395405181
3.867,-485.951210053707
3.868,-485.817115313453
3.869,-485.683111106138
3.87,-485.549197353548
3.871,-485.415373977561
3.872,-485.281640900101
3.873,-485.147998043192
3.874,-485.01444532892
3.875,-484.880982679443
3.876,-484.747610017002
3.877,-484.614327263906
3.878,-484.481134342536
3.879,-484.348031175357
3.88,-484.215017684899
3.881,-484.08209379377
3.882,-483.949259424649
3.883,-483.816514500295
3.884,-483.683858943532
3.885,-483.551292677271
3.886,-483.418815624485
3.887,-483.286427708226
3.888,-483.154128851619
3.889,-483.021918977861
3.89,-482.889798010238
3.891,-482.757765872085
3.892,-482.625822486832
3.893,-482.493967777969
3.894,-482.362201669069
3.895,-482.230524083779
3.896,-482.09893494581
3.897,-481.967434178957
3.898,-481.836021707094
3.899,-481.704697454149
3.9,-481.573461344141
3.901,-481.44231330116
3.902,-481.311253249364
3.903,-481.180281112991
3.904,-481.049396816349
3.905,-480.918600283827
3.906,-480.787891439877
3.907,-480.657270209033
3.908,-480.526736515898
3.909,-480.396290285155
3.91,-480.265931441556
3.911,-480.135659909928
3.912,-480.005475615172
3.913,-479.875378482259
3.914,-479.745368436247
3.915,-479.615445402251
3.916,-479.485609305471
3.917,-479.355860071176
3.918,-479.22619762471
3.919,-479.096621891497
3.92,-478.967132797017
3.921,-478.837730266848
3.922,-478.708414226624
3.923,-478.579184602058
3.924,-478.450041318939
3.925,-478.320984303129
3.926,-478.192013480561
3.927,-478.063128777245
3.928,-477.934330119262
3.929,-477.805617432772
3.93,-477.676990644003
3.931,-477.548449679258
3.932,-477.419994464914
3.933,-477.291624927426
3.934,-477.163340993319
3.935,-477.035142589192
3.936,-476.907029641714
3.937,-476.779002077637
3.938,-476.651059823781
3.939,-476.523202807037
3.94,-476.395430954373
3.941,-476.26774419284
3.942,-476.140142449541
3.943,-476.012625651668
3.944,-475.885193726492
3.945,-475.757846601344
3.946,-475.630584203633
3.947,-475.503406460849
3.948,-475.376313300545
3.949,-475.249304650356
3.95,-475.122380437984
3.951,-474.995540591213
3.952,-474.868785037894
3.953,-474.742113705954
3.954,-474.615526523394
3.955,-474.489023418285
3.956,-474.362604318782
3.957,-474.236269153101
3.958,-474.110017849538
3.959,-473.983850336464
3.96,-473.857766542322
3.961,-473.73176639563
3.962,-473.605849824971
3.963,-473.480016759018
3.964,-473.354267126508
3.965,-473.22860085625
3.966,-473.103017877128
3.967,-472.977518118106
3.968,-472.852101508212
3.969,-472.726767976556
3.97,-472.601517452314
3.971,-472.476349864742
3.972,-472.35126514317
3.973,-472.226263216998
3.974,-472.101344015699
3.975,-471.976507468826
3.976,-471.851753506
3.977,-471.727082056915
3.978,-471.602493051346
3.979,-471.47798641913
3.98,-471.353562090194
3.981,-471.229219994522
3.982,-471.104960062176
3.983,-470.980782223303
3.984,-470.856686408114
3.985,-470.732672546891
3.986,-470.608740569999
3.987,-470.484890407863
3.988,-470.361121991004
3.989,-470.23743524999
3.99,-470.113830115486
3.991,-469.990306518215
3.992,-469.866864388977
3.993,-469.743503658653
3.994,-469.620224258197
3.995,-469.497026118625
3.996,-469.373909171037
3.997,-469.250873346604
3.998,-469.12791857657
3.999,-469.005044792258
4,-468.882251925053
4.001,-468.759539906426
4.002,-468.636908667918
4.003,-468.514358141144
4.004,-468.391888257787
4.005,-468.269498949608
4.006,-468.147190148449
4.007,-468.024961786213
4.008,-467.902813794883
4.009,-467.780746106513
4.01,-467.658758653243
4.011,-467.53685136727
4.012,-467.415024180872
4.013,-467.293277026399
4.014,-467.171609836281
4.015,-467.050022543013
4.016,-466.928515079176
4.017,-466.807087377406
4.018,-466.68573937043
4.019,-466.564470991043
4.02,-466.44328217211
4.021,-466.322172846575
4.022,-466.201142947459
4.023,-466.080192407841
4.024,-465.959321160894
4.025,-465.83852913985
4.026,-465.717816278023
4.027,-465.597182508799
4.028,-465.476627765638
4.029,-465.356151982071
4.03,-465.235755091703
4.031,-465.115437028219
4.032,-464.99519772537
4.033,-464.875037116985
4.034,-464.75495513697
4.035,-464.634951719298
4.036,-464.515026798015
4.037,-464.395180307256
4.038,-464.275412181211
4.039,-464.155722354155
4.04,-464.036110760435
4.041,-463.916577334463
4.042,-463.79712201074
4.043,-463.677744723834
4.044,-463.558445408381
4.045,-463.4392239991
4.046,-463.32008043078
4.047,-463.201014638287
4.048,-463.082026556554
4.049,-462.963116120599
4.05,-462.844283265496
4.051,-462.725527926412
4.052,-462.60685003858
4.053,-462.488249537306
4.054,-462.369726357972
4.055,-462.25128043603
4.056,-462.132911707015
4.057,-462.014620106526
4.058,-461.896405570239
4.059,-461.778268033909
4.06,-461.660207433358
4.061,-461.542223704491
4.062,-461.424316783272
4.063,-461.306486605758
4.064,-461.188733108066
4.065,-461.071056226389
4.066,-460.953455897004
4.067,-460.835932056244
4.068,-460.718484640533
4.069,-460.601113586368
4.07,-460.483818830306
4.071,-460.366600308988
4.072,-460.249457959133
4.073,-460.132391717525
4.074,-460.01540152103
4.075,-459.898487306579
4.076,-459.781649011189
4.077,-459.664886571941
4.078,-459.548199925992
4.079,-459.43158901058
4.08,-459.315053763012
4.081,-459.198594120662
4.082,-459.082210020994
4.083,-458.96590140153
4.084,-458.849668199879
4.085,-458.733510353717
4.086,-458.617427800801
4.087,-458.501420478952
4.088,-458.38548832607
4.089,-458.269631280135
4.09,-458.153849279193
4.091,-458.038142261364
4.092,-457.922510164854
4.093,-457.806952927929
4.094,-457.691470488933
4.095,-457.576062786293
4.096,-457.460729758498
4.097,-457.345471344119
4.098,-457.2302874818
4.099,-457.115178110255
4.1,-457.000143168281
4.101,-456.885182594741
4.102,-456.770296328576
4.103,-456.655484308801
4.104,-456.540746474504
4.105,-456.426082764848
4.106,-456.311493119074
4.107,-456.19697747649
4.108,-456.082535776487
4.109,-455.96816795852
4.11,-455.85387396213
4.111,-455.739653726924
4.112,-455.625507192585
4.113,-455.511434298872
4.114,-455.39743498562
4.115,-455.283509192732
4.116,-455.169656860195
4.117,-455.055877928058
4.118,-454.942172336461
4.119,-454.8285400256
4.12,-454.714980935761
4.121,-454.601495007291
4.122,-454.488082180627
4.123,-454.374742396262
4.124,-454.261475594783
4.125,-454.148281716835
4.126,-454.035160703149
4.127,-453.922112494521
4.128,-453.809137031831
4.129,-453.696234256027
4.13,-453.583404108132
4.131,-453.470646529249
4.132,-453.357961460543
4.133,-453.245348843272
4.134,-453.132808618758
4.135,-453.020340728389
4.136,-452.907945113647
4.137,-452.795621716069
4.138,-452.683370477285
4.139,-452.571191338986
4.14,-452.459084242943
4.141,-452.347049131004
4.142,-452.235085945082
4.143,-452.123194627175
4.144,-452.011375119353
4.145,-451.899627363758
4.146,-451.787951302608
4.147,-451.676346878197
4.148,-451.564814032891
4.149,-451.453352709132
4.15,-451.341962849438
4.151,-451.230644396403
4.152,-451.119397292688
4.153,-451.008221481039
4.154,-450.897116904268
4.155,-450.786083505268
4.156,-450.675121227006
4.157,-450.564230012518
4.158,-450.453409804922
4.159,-450.342660547404
4.16,-450.231982183233
4.161,-450.121374655745
4.162,-450.010837908353
4.163,-449.900371884552
4.164,-449.789976527901
4.165,-449.679651782039
4.166,-449.569397590677
4.167,-449.459213897611
4.168,-449.349100646696
4.169,-449.239057781871
4.17,-449.129085247152
4.171,-449.019182986624
4.172,-448.909350944452
4.173,-448.799589064876
4.174,-448.689897292196
4.175,-448.580275570816
4.176,-448.470723845184
4.177,-448.361242059848
4.178,-448.251830159412
4.179,-448.142488088568
4.18,-448.033215792078
4.181,-447.924013214772
4.182,-447.814880301572
4.183,-447.705816997461
4.184,-447.596823247498
4.185,-447.487898996822
4.186,-447.379044190642
4.187,-447.270258774249
4.188,-447.161542693005
4.189,-447.052895892347
4.19,-446.944318317786
4.191,-446.835809914906
4.192,-446.727370629369
4.193,-446.619000406921
4.194,-446.510699193367
4.195,-446.402466934591
4.196,-446.294303576565
4.197,-446.186209065323
4.198,-446.078183346973
4.199,-445.970226367706
4.2,-445.862338073788
4.201,-445.754518411549
4.202,-445.646767327409
4.203,-445.539084767855
4.204,-445.431470679452
4.205,-445.323925008834
4.206,-445.216447702715
4.207,-445.109038707889
4.208,-445.001697971215
4.209,-444.894425439637
4.21,-444.787221060168
4.211,-444.680084779893
4.212,-444.573016545987
4.213,-444.46601630568
4.214,-444.359084006291
4.215,-444.252219595213
4.216,-444.145423019911
4.217,-444.038694227924
4.218,-443.93203316687
4.219,-443.825439784442
4.22,-443.718914028404
4.221,-443.612455846602
4.222,-443.50606518695
4.223,-443.399741997446
4.224,-443.293486226155
4.225,-443.187297821217
4.226,-443.081176730857
4.227,-442.975122903364
4.228,-442.869136287112
4.229,-442.763216830546
4.23,-442.657364482182
4.231,-442.55157919062
4.232,-442.445860904528
4.233,-442.340209572654
4.234,-442.234625143822
4.235,-442.129107566923
4.236,-442.023656790937
4.237,-441.918272764907
4.238,-441.812955437956
4.239,-441.707704759286
4.24,-441.602520678173
4.241,-441.497403143961
4.242,-441.392352106079
4.243,-441.287367514026
4.244,-441.18244931738
4.245,-441.07759746579
4.246,-440.972811908986
4.247,-440.868092596769
4.248,-440.763439479018
4.249,-440.658852505688
4.25,-440.554331626805
4.251,-440.449876792473
4.252,-440.345487952874
4.253,-440.241165058263
4.254,-440.136908058976
4.255,-440.032716905413
4.256,-439.928591548057
4.257,-439.824531937467
4.258,-439.720538024278
4.259,-439.616609759198
4.26,-439.512747093014
4.261,-439.408949976578
4.262,-439.305218360836
4.263,-439.201552196794
4.264,-439.097951435536
4.265,-438.994416028231
4.266,-438.890945926112
4.267,-438.787541080499
4.268,-438.684201442775
4.269,-438.580926964406
4.27,-438.477717596937
4.271,-438.374573291977
4.272,-438.271494001227
4.273,-438.16847967645
4.274,-438.065530269488
4.275,-437.962645732259
4.276,-437.859826016761
4.277,-437.757071075065
4.278,-437.654380859315
4.279,-437.551755321727
4.28,-437.44919441461
4.281,-437.346698090328
4.282,-437.244266301335
4.283,-437.141899000155
4.284,-437.039596139384
4.285,-436.937357671703
4.286,-436.835183549867
4.287,-436.733073726689
4.288,-436.631028155086
4.289,-436.529046788033
4.29,-436.427129578582
4.291,-436.325276479868
4.292,-436.223487445093
4.293,-436.121762427544
4.294,-436.020101380575
4.295,-435.918504257621
4.296,-435.816971012188
4.297,-435.715501597866
4.298,-435.614095968312
4.299,-435.512754077268
4.3,-435.411475878541
4.301,-435.310261326025
4.302,-435.209110373678
4.303,-435.108022975547
4.304,-435.006999085742
4.305,-434.906038658456
4.306,-434.805141647958
4.307,-434.704308008591
4.308,-434.603537694776
4.309,-434.502830661004
4.31,-434.402186861849
4.311,-434.301606251956
4.312,-434.201088786053
4.313,-434.100634418932
4.314,-434.000243105468
4.315,-433.899914800615
4.316,-433.799649459397
4.317,-433.699447036916
4.318,-433.599307488353
4.319,-433.499230768954
4.32,-433.399216834062
4.321,-433.299265639069
4.322,-433.199377139462
4.323,-433.099551290803
4.324,-432.999788048717
4.325,-432.900087368919
4.326,-432.800449207195
4.327,-432.700873519402
4.328,-432.601360261479
4.329,-432.501909389438
4.33,-432.402520859371
4.331,-432.303194627443
4.332,-432.203930649889
4.333,-432.104728883033
4.334,-432.005589283262
4.335,-431.90651180705
4.336,-431.807496410936
4.337,-431.708543051543
4.338,-431.60965168557
4.339,-431.510822269786
4.34,-431.412054761041
4.341,-431.313349116262
4.342,-431.214705292442
4.343,-431.116123246664
4.344,-431.017602936081
4.345,-430.919144317913
4.346,-430.820747349475
4.347,-430.722411988143
4.348,-430.624138191372
4.349,-430.525925916694
4.35,-430.427775121719
4.351,-430.32968576413
4.352,-430.231657801688
4.353,-430.133691192229
4.354,-430.035785893664
4.355,-429.937941863983
4.356,-429.84015906125
4.357,-429.742437443605
4.358,-429.644776969266
4.359,-429.547177596521
4.36,-429.449639283743
4.361,-429.352161989373
4.362,-429.254745671929
4.363,-429.157390290015
4.364,-429.060095802299
4.365,-428.962862167527
4.366,-428.865689344527
4.367,-428.768577292195
4.368,-428.671525969511
4.369,-428.574535335529
4.37,-428.477605349369
4.371,-428.380735970249
4.372,-428.283927157438
4.373,-428.187178870293
4.374,-428.090491068253
4.375,-427.993863710823
4.376,-427.897296757585
4.377,-427.800790168207
4.378,-427.704343902416
4.379,-427.607957920029
4.38,-427.511632180938
4.381,-427.415366645103
4.382,-427.319161272563
4.383,-427.223016023441
4.384,-427.126930857923
4.385,-427.030905736283
4.386,-426.934940618863
4.387,-426.839035466087
4.388,-426.743190238446
4.389,-426.647404896515
4.39,-426.551679400944
4.391,-426.456013712458
4.392,-426.360407791858
4.393,-426.264861600019
4.394,-426.169375097892
4.395,-426.073948246513
4.396,-425.97858100698
4.397,-425.883273340477
4.398,-425.78802520826
4.399,-425.692836571665
4.4,-425.597707392094
4.401,-425.502637631035
4.402,-425.407627250054
4.403,-425.312676210781
4.404,-425.217784474934
4.405,-425.122952004297
4.406,-425.028178760738
4.407,-424.933464706199
4.408,-424.838809802693
4.409,-424.744214012317
4.41,-424.649677297238
4.411,-424.555199619701
4.412,-424.460780942025
4.413,-424.366421226607
4.414,-424.272120435925
4.415,-424.177878532523
4.416,-424.083695479027
4.417,-423.989571238138
4.418,-423.89550577263
4.419,-423.801499045361
4.42,-423.707551019257
4.421,-423.61366165732
4.422,-423.519830922633
4.423,-423.426058778354
4.424,-423.332345187712
4.425,-423.238690114015
4.426,-423.145093520657
4.427,-423.051555371086
4.428,-422.958075628841
4.429,-422.864654257542
4.43,-422.771291220866
4.431,-422.677986482583
4.432,-422.584740006533
4.433,-422.491551756631
4.434,-422.398421696869
4.435,-422.305349791316
4.436,-422.21233600411
4.437,-422.119380299479
4.438,-422.026482641711
4.439,-421.933642995181
4.44,-421.840861324336
4.441,-421.748137593698
4.442,-421.655471767866
4.443,-421.562863811517
4.444,-421.470313689397
4.445,-421.377821366334
4.446,-421.285386807235
4.447,-421.193009977075
4.448,-421.100690840907
4.449,-421.008429363863
4.45,-420.916225511143
4.451,-420.824079248037
4.452,-420.731990539897
4.453,-420.639959352161
4.454,-420.547985650331
4.455,-420.456069399999
4.456,-420.364210566821
4.457,-420.272409116532
4.458,-420.180665014949
4.459,-420.088978227962
4.46,-419.997348721531
4.461,-419.905776461691
4.462,-419.814261414564
4.463,-419.722803546338
4.464,-419.631402823282
4.465,-419.540059211734
4.466,-419.44877267812
4.467,-419.35754318893
4.468,-419.266370710734
4.469,-419.175255210176
4.47,-419.084196653978
4.471,-418.993195008938
4.472,-418.902250241929
4.473,-418.811362319898
4.474,-418.720531209868
4.475,-418.629756878942
4.476,-418.539039294292
4.477,-418.448378423173
4.478,-418.357774232907
4.479,-418.267226690898
4.48,-418.176735764625
4.481,-418.08630142164
4.482,-417.995923629576
4.483,-417.905602356135
4.484,-417.815337569095
4.485,-417.725129236316
4.486,-417.634977325726
4.487,-417.544881805333
4.488,-417.454842643224
4.489,-417.364859807554
4.49,-417.274933266555
4.491,-417.185062988536
4.492,-417.095248941889
4.493,-417.005491095068
4.494,-416.91578941661
4.495,-416.826143875129
4.496,-416.736554439306
4.497,-416.647021077908
4.498,-416.557543759779
4.499,-416.468122453818
4.5,-416.378757129025
4.501,-416.289447754461
4.502,-416.200194299265
4.503,-416.110996732652
4.504,-416.021855023914
4.505,-415.932769142416
4.506,-415.843739057601
4.507,-415.754764738982
4.508,-415.665846156154
4.509,-415.576983278784
4.51,-415.488176076613
4.511,-415.399424519465
4.512,-415.310728577229
4.513,-415.222088219873
4.514,-415.133503417442
4.515,-415.044974140057
4.516,-414.956500357911
4.517,-414.868082041274
4.518,-414.779719160495
4.519,-414.691411685989
4.52,-414.603159588256
4.521,-414.514962837867
4.522,-414.426821405463
4.523,-414.338735261771
4.524,-414.250704377585
4.525,-414.162728723779
4.526,-414.074808271296
4.527,-413.986942991165
4.528,-413.899132854476
4.529,-413.811377832406
4.53,-413.723677896199
4.531,-413.636033017184
4.532,-413.548443166752
4.533,-413.460908316379
4.534,-413.373428437611
4.535,-413.286003502073
4.536,-413.198633481466
4.537,-413.111318347555
4.538,-413.024058072194
4.539,-412.936852627308
4.54,-412.849701984888
4.541,-412.76260611701
4.542,-412.675564995822
4.543,-412.588578593553
4.544,-412.501646882494
4.545,-412.414769835022
4.546,-412.327947423575
4.547,-412.24117962069
4.548,-412.154466398956
4.549,-412.067807731049
4.55,-411.981203589713
4.551,-411.89465394777
4.552,-411.808158778118
4.553,-411.72171805373
4.554,-411.635331747655
4.555,-411.548999833006
4.556,-411.462722282988
4.557,-411.376499070868
4.558,-411.290330169991
4.559,-411.20421555378
4.56,-411.118155195726
4.561,-411.032149069402
4.562,-410.946197148448
4.563,-410.860299406588
4.564,-410.774455817616
4.565,-410.688666355392
4.566,-410.602930993874
4.567,-410.517249707065
4.568,-410.431622469062
4.569,-410.346049254038
4.57,-410.260530036223
4.571,-410.175064789942
4.572,-410.08965348958
4.573,-410.004296109607
4.574,-409.918992624553
4.575,-409.833743009043
4.576,-409.74854723776
4.577,-409.663405285463
4.578,-409.578317126993
4.579,-409.493282737266
4.58,-409.408302091256
4.581,-409.323375164036
4.582,-409.23850193073
4.583,-409.153682366551
4.584,-409.068916446786
4.585,-408.984204146788
4.586,-408.899545441992
4.587,-408.814940307899
4.588,-408.730388720095
4.589,-408.645890654232
4.59,-408.561446086037
4.591,-408.477054991315
4.592,-408.39271734594
4.593,-408.308433125869
4.594,-408.224202307124
4.595,-408.140024865807
4.596,-408.055900778085
4.597,-407.971830020215
4.598,-407.887812568514
4.599,-407.803848399373
4.6,-407.719937489271
4.601,-407.636079814745
4.602,-407.552275352417
4.603,-407.468524078976
4.604,-407.384825971189
4.605,-407.301181005898
4.606,-407.217589160012
4.607,-407.134050410519
4.608,-407.050564734483
4.609,-406.967132109039
4.61,-406.883752511398
4.611,-406.800425918839
4.612,-406.717152308718
4.613,-406.633931658465
4.614,-406.550763945594
4.615,-406.467649147668
4.616,-406.384587242352
4.617,-406.301578207361
4.618,-406.218622020501
4.619,-406.135718659641
4.62,-406.052868102729
4.621,-405.970070327788
4.622,-405.8873253129
4.623,-405.804633036246
4.624,-405.721993476059
4.625,-405.639406610653
4.626,-405.556872418423
4.627,-405.47439087782
4.628,-405.391961967384
4.629,-405.30958566572
4.63,-405.227261951516
4.631,-405.144990803519
4.632,-405.062772200564
4.633,-404.98060612155
4.634,-404.898492545448
4.635,-404.816431451314
4.636,-404.734422818264
4.637,-404.652466625494
4.638,-404.570562852272
4.639,-404.488711477939
4.64,-404.406912481913
4.641,-404.325165843676
4.642,-404.243471542794
4.643,-404.161829558895
4.644,-404.080239871697
4.645,-403.998702460969
4.646,-403.917217306569
4.647,-403.835784388424
4.648,-403.75440368653
4.649,-403.673075180961
4.65,-403.591798851866
4.651,-403.510574679461
4.652,-403.429402644036
4.653,-403.348282725953
4.654,-403.267214905655
4.655,-403.186199163646
4.656,-403.105235480513
4.657,-403.024323836908
4.658,-402.943464213563
4.659,-402.862656591279
4.66,-402.781900950928
4.661,-402.701197273455
4.662,-402.620545539881
4.663,-402.539945731298
4.664,-402.459397828869
4.665,-402.378901813839
4.666,-402.298457667509
4.667,-402.218065371264
4.668,-402.137724906559
4.669,-402.057436254919
4.67,-401.977199397949
4.671,-401.897014317321
4.672,-401.816880994774
4.673,-401.736799412133
4.674,-401.65676955128
4.675,-401.576791394184
4.676,-401.496864922876
4.677,-401.416990119463
4.678,-401.337166966125
4.679,-401.257395445112
4.68,-401.177675538749
4.681,-401.09800722943
4.682,-401.018390499624
4.683,-400.938825331874
4.684,-400.859311708791
4.685,-400.779849613054
4.686,-400.700439027426
4.687,-400.621079934734
4.688,-400.541772317878
4.689,-400.462516159832
4.69,-400.383311443639
4.691,-400.304158152416
4.692,-400.225056269351
4.693,-400.14600577771
4.694,-400.067006660817
4.695,-399.988058902083
4.696,-399.90916248498
4.697,-399.830317393058
4.698,-399.751523609935
4.699,-399.672781119304
4.7,-399.594089904931
4.701,-399.515449950643
4.702,-399.436861240353
4.703,-399.358323758038
4.704,-399.279837487745
4.705,-399.201402413602
4.706,-399.123018519794
4.707,-399.044685790591
4.708,-398.966404210325
4.709,-398.888173763409
4.71,-398.809994434315
4.711,-398.731866207602
4.712,-398.653789067883
4.713,-398.575762999855
4.714,-398.497787988282
4.715,-398.419864018002
4.716,-398.341991073918
4.717,-398.264169141013
4.718,-398.186398204336
4.719,-398.108678249006
4.72,-398.031009260215
4.721,-397.953391223222
4.722,-397.875824123368
4.723,-397.798307946059
4.724,-397.720842676767
4.725,-397.643428301039
4.726,-397.566064804498
4.727,-397.488752172827
4.728,-397.41149039179
4.729,-397.334279447221
4.73,-397.257119325021
4.731,-397.180010011157
4.732,-397.10295149168
4.733,-397.025943752698
4.734,-396.948986780404
4.735,-396.87208056105
4.736,-396.795225080961
4.737,-396.718420326538
4.738,-396.641666284251
4.739,-396.56496294063
4.74,-396.488310282295
4.741,-396.411708295919
4.742,-396.335156968256
4.743,-396.258656286126
4.744,-396.18220623642
4.745,-396.105806806102
4.746,-396.029457982198
4.747,-395.95315975182
4.748,-395.876912102135
4.749,-395.800715020388
4.75,-395.724568493894
4.751,-395.648472510032
4.752,-395.572427056264
4.753,-395.496432120109
4.754,-395.420487689164
4.755,-395.344593751093
4.756,-395.26875029363
4.757,-395.19295730458
4.758,-395.117214771818
4.759,-395.041522683293
4.76,-394.965881027016
4.761,-394.890289791072
4.762,-394.814748963616
4.763,-394.739258532874
4.764,-394.663818487142
4.765,-394.588428814781
4.766,-394.513089504227
4.767,-394.437800543983
4.768,-394.362561922629
4.769,-394.287373628801
4.77,-394.212235651211
4.771,-394.137147978651
4.772,-394.062110599965
4.773,-393.987123504082
4.774,-393.912186679987
4.775,-393.837300116747
4.776,-393.762463803487
4.777,-393.687677729414
4.778,-393.612941883791
4.779,-393.538256255957
4.78,-393.463620835325
4.781,-393.389035611369
4.782,-393.314500573641
4.783,-393.240015711752
4.784,-393.165581015388
4.785,-393.091196474308
4.786,-393.01686207833
4.787,-392.942577817351
4.788,-392.86834368133
4.789,-392.794159660304
4.79,-392.720025744366
4.791,-392.645941923691
4.792,-392.571908188512
4.793,-392.497924529139
4.794,-392.423990935947
4.795,-392.350107399383
4.796,-392.276273909963
4.797,-392.202490458263
4.798,-392.128757034937
4.799,-392.055073630705
4.8,-391.98144023636
4.801,-391.907856842755
4.802,-391.83432344082
4.803,-391.760840021546
4.804,-391.687406575995
4.805,-391.614023095303
4.806,-391.540689570673
4.807,-391.467405993368
4.808,-391.394172354728
4.809,-391.320988646157
4.81,-391.247854859134
4.811,-391.174770985197
4.812,-391.10173701596
4.813,-391.028752943101
4.814,-390.955818758366
4.815,-390.882934453574
4.816,-390.810100020608
4.817,-390.737315451417
4.818,-390.664580738022
4.819,-390.591895872516
4.82,-390.519260847051
4.821,-390.446675653853
4.822,-390.374140285212
4.823,-390.301654733494
4.824,-390.229218991121
4.825,-390.156833050594
4.826,-390.08449690447
4.827,-390.01221054539
4.828,-389.939973966048
4.829,-389.867787159213
4.83,-389.79565011772
4.831,-389.723562834473
4.832,-389.651525302438
4.833,-389.579537514658
4.834,-389.507599464238
4.835,-389.435711144345
4.836,-389.363872548228
4.837,-389.292083669192
4.838,-389.220344500611
4.839,-389.148655035934
4.84,-389.077015268662
4.841,-389.005425192383
4.842,-388.933884800732
4.843,-388.86239408743
4.844,-388.790953046252
4.845,-388.719561671049
4.846,-388.648219955728
4.847,-388.576927894275
4.848,-388.505685480741
4.849,-388.434492709236
4.85,-388.363349573944
4.851,-388.292256069113
4.852,-388.221212189063
4.853,-388.150217928176
4.854,-388.079273280905
4.855,-388.008378241759
4.856,-387.937532805331
4.857,-387.866736966267
4.858,-387.795990719281
4.859,-387.725294059168
4.86,-387.654646980768
4.861,-387.584049479004
4.862,-387.513501548862
4.863,-387.44300318539
4.864,-387.372554383703
4.865,-387.302155138988
4.866,-387.231805446498
4.867,-387.161505301541
4.868,-387.09125469951
4.869,-387.021053635852
4.87,-386.950902106082
4.871,-386.880800105781
4.872,-386.810747630597
4.873,-386.74074467625
4.874,-386.670791238514
4.875,-386.600887313244
4.876,-386.531032896349
4.877,-386.461227983805
4.878,-386.391472571667
4.879,-386.321766656037
4.88,-386.252110233099
4.881,-386.182503299098
4.882,-386.112945850337
4.883,-386.043437883195
4.884,-385.973979394115
4.885,-385.904570379597
4.886,-385.835210836221
4.887,-385.765900760626
4.888,-385.696640149514
4.889,-385.627428999654
4.89,-385.558267307883
4.891,-385.489155071105
4.892,-385.420092286284
4.893,-385.351078950452
4.894,-385.282115060709
4.895,-385.213200614218
4.896,-385.144335608207
4.897,-385.075520039972
4.898,-385.006753906873
4.899,-384.938037206333
4.9,-384.869369935843
4.901,-384.800752092962
4.902,-384.732183675307
4.903,-384.663664680565
4.904,-384.595195106491
4.905,-384.526774950897
4.906,-384.458404211665
4.907,-384.390082886746
4.908,-384.321810974143
4.909,-384.25358847194
4.91,-384.185415378281
4.911,-384.117291691361
4.912,-384.049217409465
4.913,-383.981192530922
4.914,-383.913217054133
4.915,-383.845290977567
4.916,-383.777414299753
4.917,-383.709587019284
4.918,-383.641809134826
4.919,-383.574080645097
4.92,-383.506401548891
4.921,-383.43877184506
4.922,-383.371191532525
4.923,-383.303660610268
4.924,-383.236179077333
4.925,-383.168746932836
4.926,-383.101364175949
4.927,-383.034030805918
4.928,-382.966746822045
4.929,-382.899512223701
4.93,-382.832327010316
4.931,-382.765191181394
4.932,-382.698104736493
4.933,-382.631067675236
4.934,-382.56407999732
4.935,-382.497141702496
4.936,-382.430252790583
4.937,-382.363413261463
4.938,-382.296623115081
4.939,-382.229882351454
4.94,-382.163190970649
4.941,-382.096548972809
4.942,-382.029956358132
4.943,-381.963413126886
4.944,-381.896919279402
4.945,-381.830474816075
4.946,-381.76407973736
4.947,-381.697734043772
4.948,-381.631437735906
4.949,-381.565190814405
4.95,-381.498993279982
4.951,-381.43284513341
4.952,-381.366746375529
4.953,-381.300697007243
4.954,-381.234697029516
4.955,-381.16874644338
4.956,-381.102845249922
4.957,-381.036993450303
4.958,-380.971191045739
4.959,-380.905438037515
4.96,-380.839734426973
4.961,-380.774080215527
4.962,-380.708475404647
4.963,-380.642919995865
4.964,-380.577413990783
4.965,-380.511957391062
4.966,-380.446550198427
4.967,-380.381192414663
4.968,-380.315884041623
4.969,-380.250625081222
4.97,-380.185415535428
4.971,-380.120255406287
4.972,-380.0551446959
4.973,-379.990083406433
4.974,-379.925071540111
4.975,-379.860109099226
4.976,-379.795196086129
4.977,-379.730332503239
4.978,-379.66551835303
4.979,-379.600753638046
4.98,-379.536038360893
4.981,-379.471372524229
4.982,-379.406756130791
4.983,-379.342189183365
4.984,-379.277671684805
4.985,-379.213203638027
4.986,-379.148785046011
4.987,-379.084415911798
4.988,-379.020096238489
4.989,-378.955826029253
4.99,-378.891605287308
4.991,-378.82743401595
4.992,-378.763312218535
4.993,-378.699239898467
4.994,-378.635217059232
4.995,-378.57124370436
4.996,-378.507319837456
4.997,-378.443445462181
4.998,-378.37962058226
4.999,-378.315845201481
5,-378.252119323682
