Freq [GHz],"deg(S(2,1))"
1,179.9362042697
1.001,179.9357401276
1.002,179.9352753909
1.003,179.9348100611
1.004,179.9343441398
1.005,179.9338776284
1.006,179.9334105285
1.007,179.9329428415
1.008,179.932474569
1.009,179.9320057126
1.01,179.9315362736
1.011,179.9310662537
1.012,179.9305956544
1.013,179.9301244772
1.014,179.9296527236
1.015,179.9291803952
1.016,179.9287074936
1.017,179.9282340201
1.018,179.9277599765
1.019,179.9272853642
1.02,179.9268101848
1.021,179.9263344398
1.022,179.9258581308
1.023,179.9253812593
1.024,179.9249038269
1.025,179.9244258352
1.026,179.9239472857
1.027,179.9234681799
1.028,179.9229885195
1.029,179.922508306
1.03,179.922027541
1.031,179.9215462261
1.032,179.9210643627
1.033,179.9205819526
1.034,179.9200989973
1.035,179.9196154983
1.036,179.9191314572
1.037,179.9186468757
1.038,179.9181617553
1.039,179.9176760977
1.04,179.9171899043
1.041,179.9167031768
1.042,179.9162159168
1.043,179.9157281259
1.044,179.9152398057
1.045,179.9147509578
1.046,179.9142615838
1.047,179.9137716853
1.048,179.9132812639
1.049,179.9127903212
1.05,179.9122988589
1.051,179.9118068785
1.052,179.9113143817
1.053,179.9108213701
1.054,179.9103278453
1.055,179.909833809
1.056,179.9093392627
1.057,179.9088442081
1.058,179.9083486468
1.059,179.9078525805
1.06,179.9073560107
1.061,179.9068589392
1.062,179.9063613675
1.063,179.9058632973
1.064,179.9053647302
1.065,179.9048656679
1.066,179.9043661121
1.067,179.9038660642
1.068,179.9033655261
1.069,179.9028644994
1.07,179.9023629857
1.071,179.9018609866
1.072,179.9013585039
1.073,179.9008555392
1.074,179.900352094
1.075,179.8998481702
1.076,179.8993437694
1.077,179.8988388931
1.078,179.8983335432
1.079,179.8978277212
1.08,179.8973214288
1.081,179.8968146677
1.082,179.8963074396
1.083,179.8957997462
1.084,179.895291589
1.085,179.8947829699
1.086,179.8942738904
1.087,179.8937643522
1.088,179.8932543571
1.089,179.8927439067
1.09,179.8922330028
1.091,179.8917216469
1.092,179.8912098408
1.093,179.8906975861
1.094,179.8901848846
1.095,179.889671738
1.096,179.8891581479
1.097,179.888644116
1.098,179.8881296441
1.099,179.8876147338
1.1,179.8870993868
1.101,179.8865836049
1.102,179.8860673897
1.103,179.885550743
1.104,179.8850336664
1.105,179.8845161616
1.106,179.8839982304
1.107,179.8834798745
1.108,179.8829610956
1.109,179.8824418954
1.11,179.8819222755
1.111,179.8814022378
1.112,179.880881784
1.113,179.8803609157
1.114,179.8798396346
1.115,179.8793179426
1.116,179.8787958413
1.117,179.8782733324
1.118,179.8777504176
1.119,179.8772270988
1.12,179.8767033776
1.121,179.8761792557
1.122,179.8756547349
1.123,179.8751298169
1.124,179.8746045034
1.125,179.8740787961
1.126,179.8735526969
1.127,179.8730262074
1.128,179.8724993293
1.129,179.8719720645
1.13,179.8714444146
1.131,179.8709163813
1.132,179.8703879665
1.133,179.8698591718
1.134,179.869329999
1.135,179.8688004499
1.136,179.8682705261
1.137,179.8677402295
1.138,179.8672095617
1.139,179.8666785245
1.14,179.8661471197
1.141,179.8656153491
1.142,179.8650832143
1.143,179.864550717
1.144,179.8640178592
1.145,179.8634846425
1.146,179.8629510686
1.147,179.8624171394
1.148,179.8618828565
1.149,179.8613482218
1.15,179.8608132369
1.151,179.8602779037
1.152,179.8597422239
1.153,179.8592061992
1.154,179.8586698315
1.155,179.8581331225
1.156,179.8575960739
1.157,179.8570586874
1.158,179.856520965
1.159,179.8559829083
1.16,179.8554445191
1.161,179.8549057991
1.162,179.8543667502
1.163,179.853827374
1.164,179.8532876724
1.165,179.8527476471
1.166,179.8522072999
1.167,179.8516666326
1.168,179.8511256469
1.169,179.8505843446
1.17,179.8500427274
1.171,179.8495007972
1.172,179.8489585557
1.173,179.8484160047
1.174,179.8478731459
1.175,179.8473299812
1.176,179.8467865123
1.177,179.8462427409
1.178,179.8456986689
1.179,179.845154298
1.18,179.84460963
1.181,179.8440646667
1.182,179.8435194099
1.183,179.8429738612
1.184,179.8424280226
1.185,179.8418818958
1.186,179.8413354825
1.187,179.8407887846
1.188,179.8402418038
1.189,179.8396945419
1.19,179.8391470007
1.191,179.8385991819
1.192,179.8380510874
1.193,179.8375027189
1.194,179.8369540782
1.195,179.8364051671
1.196,179.8358559874
1.197,179.8353065408
1.198,179.8347568291
1.199,179.8342068542
1.2,179.8336566178
1.201,179.8331061216
1.202,179.8325553675
1.203,179.8320043572
1.204,179.8314530926
1.205,179.8309015754
1.206,179.8303498074
1.207,179.8297977904
1.208,179.8292455261
1.209,179.8286930164
1.21,179.828140263
1.211,179.8275872677
1.212,179.8270340324
1.213,179.8264805587
1.214,179.8259268485
1.215,179.8253729036
1.216,179.8248187257
1.217,179.8242643167
1.218,179.8237096783
1.219,179.8231548122
1.22,179.8225997204
1.221,179.8220444045
1.222,179.8214888664
1.223,179.8209331079
1.224,179.8203771306
1.225,179.8198209365
1.226,179.8192645273
1.227,179.8187079047
1.228,179.8181510707
1.229,179.8175940268
1.23,179.8170367751
1.231,179.8164793171
1.232,179.8159216548
1.233,179.8153637898
1.234,179.814805724
1.235,179.8142474592
1.236,179.8136889972
1.237,179.8131303396
1.238,179.8125714884
1.239,179.8120124453
1.24,179.811453212
1.241,179.8108937905
1.242,179.8103341823
1.243,179.8097743894
1.244,179.8092144135
1.245,179.8086542564
1.246,179.8080939199
1.247,179.8075334057
1.248,179.8069727157
1.249,179.8064118516
1.25,179.8058508152
1.251,179.8052896083
1.252,179.8047282326
1.253,179.80416669
1.254,179.8036049822
1.255,179.803043111
1.256,179.8024810782
1.257,179.8019188855
1.258,179.8013565348
1.259,179.8007940277
1.26,179.8002313662
1.261,179.7996685519
1.262,179.7991055867
1.263,179.7985424723
1.264,179.7979792104
1.265,179.797415803
1.266,179.7968522516
1.267,179.7962885582
1.268,179.7957247245
1.269,179.7951607522
1.27,179.7945966432
1.271,179.7940323992
1.272,179.7934680219
1.273,179.7929035132
1.274,179.7923388748
1.275,179.7917741085
1.276,179.791209216
1.277,179.7906441992
1.278,179.7900790598
1.279,179.7895137995
1.28,179.7889484201
1.281,179.7883829234
1.282,179.7878173111
1.283,179.7872515851
1.284,179.7866857471
1.285,179.7861197988
1.286,179.7855537419
1.287,179.7849875784
1.288,179.7844213099
1.289,179.7838549382
1.29,179.783288465
1.291,179.7827218921
1.292,179.7821552213
1.293,179.7815884543
1.294,179.7810215929
1.295,179.7804546388
1.296,179.7798875938
1.297,179.7793204596
1.298,179.778753238
1.299,179.7781859308
1.3,179.7776185396
1.301,179.7770510663
1.302,179.7764835126
1.303,179.7759158802
1.304,179.775348171
1.305,179.7747803865
1.306,179.7742125287
1.307,179.7736445991
1.308,179.7730765997
1.309,179.772508532
1.31,179.7719403979
1.311,179.7713721991
1.312,179.7708039374
1.313,179.7702356144
1.314,179.769667232
1.315,179.7690987918
1.316,179.7685302956
1.317,179.7679617451
1.318,179.767393142
1.319,179.7668244882
1.32,179.7662557853
1.321,179.7656870351
1.322,179.7651182392
1.323,179.7645493994
1.324,179.7639805175
1.325,179.7634115952
1.326,179.7628426341
1.327,179.7622736361
1.328,179.7617046028
1.329,179.761135536
1.33,179.7605664374
1.331,179.7599973086
1.332,179.7594281515
1.333,179.7588589678
1.334,179.7582897591
1.335,179.7577205272
1.336,179.7571512737
1.337,179.7565820005
1.338,179.7560127092
1.339,179.7554434015
1.34,179.7548740791
1.341,179.7543047438
1.342,179.7537353972
1.343,179.7531660411
1.344,179.7525966771
1.345,179.752027307
1.346,179.7514579324
1.347,179.7508885551
1.348,179.7503191768
1.349,179.7497497991
1.35,179.7491804238
1.351,179.7486110525
1.352,179.748041687
1.353,179.7474723289
1.354,179.7469029799
1.355,179.7463336418
1.356,179.7457643161
1.357,179.7451950046
1.358,179.744625709
1.359,179.744056431
1.36,179.7434871722
1.361,179.7429179343
1.362,179.742348719
1.363,179.741779528
1.364,179.741210363
1.365,179.7406412255
1.366,179.7400721174
1.367,179.7395030403
1.368,179.7389339958
1.369,179.7383649856
1.37,179.7377960114
1.371,179.7372270748
1.372,179.7366581776
1.373,179.7360893213
1.374,179.7355205077
1.375,179.7349517383
1.376,179.7343830149
1.377,179.7338143391
1.378,179.7332457126
1.379,179.732677137
1.38,179.732108614
1.381,179.7315401452
1.382,179.7309717323
1.383,179.7304033768
1.384,179.7298350806
1.385,179.7292668451
1.386,179.7286986721
1.387,179.7281305632
1.388,179.72756252
1.389,179.7269945441
1.39,179.7264266373
1.391,179.7258588011
1.392,179.7252910371
1.393,179.7247233471
1.394,179.7241557325
1.395,179.7235881951
1.396,179.7230207365
1.397,179.7224533583
1.398,179.7218860621
1.399,179.7213188495
1.4,179.7207517222
1.401,179.7201846818
1.402,179.7196177298
1.403,179.7190508679
1.404,179.7184840977
1.405,179.7179174209
1.406,179.717350839
1.407,179.7167843536
1.408,179.7162179663
1.409,179.7156516787
1.41,179.7150854925
1.411,179.7145194092
1.412,179.7139534305
1.413,179.7133875578
1.414,179.7128217929
1.415,179.7122561372
1.416,179.7116905925
1.417,179.7111251602
1.418,179.710559842
1.419,179.7099946394
1.42,179.709429554
1.421,179.7088645875
1.422,179.7082997413
1.423,179.707735017
1.424,179.7071704163
1.425,179.7066059407
1.426,179.7060415917
1.427,179.705477371
1.428,179.70491328
1.429,179.7043493204
1.43,179.7037854937
1.431,179.7032218015
1.432,179.7026582453
1.433,179.7020948267
1.434,179.7015315472
1.435,179.7009684084
1.436,179.7004054118
1.437,179.6998425591
1.438,179.6992798516
1.439,179.698717291
1.44,179.6981548788
1.441,179.6975926166
1.442,179.6970305058
1.443,179.696468548
1.444,179.6959067448
1.445,179.6953450976
1.446,179.6947836081
1.447,179.6942222776
1.448,179.6936611078
1.449,179.6931001002
1.45,179.6925392563
1.451,179.6919785775
1.452,179.6914180655
1.453,179.6908577216
1.454,179.6902975476
1.455,179.6897375447
1.456,179.6891777146
1.457,179.6886180588
1.458,179.6880585787
1.459,179.6874992758
1.46,179.6869401517
1.461,179.6863812078
1.462,179.6858224457
1.463,179.6852638668
1.464,179.6847054725
1.465,179.6841472645
1.466,179.6835892441
1.467,179.6830314129
1.468,179.6824737723
1.469,179.6819163238
1.47,179.6813590689
1.471,179.6808020091
1.472,179.6802451457
1.473,179.6796884804
1.474,179.6791320145
1.475,179.6785757495
1.476,179.6780196868
1.477,179.677463828
1.478,179.6769081745
1.479,179.6763527276
1.48,179.675797489
1.481,179.67524246
1.482,179.6746876421
1.483,179.6741330366
1.484,179.6735786452
1.485,179.6730244691
1.486,179.6724705098
1.487,179.6719167688
1.488,179.6713632475
1.489,179.6708099473
1.49,179.6702568697
1.491,179.669704016
1.492,179.6691513877
1.493,179.6685989862
1.494,179.6680468129
1.495,179.6674948692
1.496,179.6669431566
1.497,179.6663916764
1.498,179.6658404301
1.499,179.665289419
1.5,179.6647386446
1.501,179.6641881082
1.502,179.6636378113
1.503,179.6630877553
1.504,179.6625379414
1.505,179.6619883712
1.506,179.661439046
1.507,179.6608899672
1.508,179.6603411361
1.509,179.6597925542
1.51,179.6592442228
1.511,179.6586961433
1.512,179.658148317
1.513,179.6576007454
1.514,179.6570534298
1.515,179.6565063715
1.516,179.6559595719
1.517,179.6554130325
1.518,179.6548667544
1.519,179.6543207391
1.52,179.6537749879
1.521,179.6532295022
1.522,179.6526842833
1.523,179.6521393326
1.524,179.6515946513
1.525,179.6510502409
1.526,179.6505061026
1.527,179.6499622379
1.528,179.6494186479
1.529,179.6488753341
1.53,179.6483322977
1.531,179.6477895401
1.532,179.6472470627
1.533,179.6467048666
1.534,179.6461629532
1.535,179.6456213239
1.536,179.6450799799
1.537,179.6445389226
1.538,179.6439981532
1.539,179.643457673
1.54,179.6429174834
1.541,179.6423775856
1.542,179.6418379809
1.543,179.6412986706
1.544,179.640759656
1.545,179.6402209383
1.546,179.6396825189
1.547,179.639144399
1.548,179.6386065799
1.549,179.6380690628
1.55,179.6375318491
1.551,179.63699494
1.552,179.6364583367
1.553,179.6359220405
1.554,179.6353860527
1.555,179.6348503745
1.556,179.6343150071
1.557,179.6337799519
1.558,179.63324521
1.559,179.6327107828
1.56,179.6321766713
1.561,179.631642877
1.562,179.6311094009
1.563,179.6305762444
1.564,179.6300434086
1.565,179.6295108949
1.566,179.6289787043
1.567,179.6284468382
1.568,179.6279152977
1.569,179.627384084
1.57,179.6268531985
1.571,179.6263226422
1.572,179.6257924163
1.573,179.6252625222
1.574,179.6247329609
1.575,179.6242037337
1.576,179.6236748417
1.577,179.6231462862
1.578,179.6226180683
1.579,179.6220901893
1.58,179.6215626502
1.581,179.6210354523
1.582,179.6205085968
1.583,179.6199820848
1.584,179.6194559175
1.585,179.618930096
1.586,179.6184046216
1.587,179.6178794954
1.588,179.6173547184
1.589,179.616830292
1.59,179.6163062172
1.591,179.6157824952
1.592,179.6152591272
1.593,179.6147361142
1.594,179.6142134574
1.595,179.613691158
1.596,179.613169217
1.597,179.6126476357
1.598,179.6121264151
1.599,179.6116055563
1.6,179.6110850606
1.601,179.6105649289
1.602,179.6100451625
1.603,179.6095257624
1.604,179.6090067297
1.605,179.6084880655
1.606,179.607969771
1.607,179.6074518473
1.608,179.6069342953
1.609,179.6064171163
1.61,179.6059003114
1.611,179.6053838815
1.612,179.6048678278
1.613,179.6043521514
1.614,179.6038368534
1.615,179.6033219347
1.616,179.6028073966
1.617,179.60229324
1.618,179.6017794661
1.619,179.6012660758
1.62,179.6007530704
1.621,179.6002404507
1.622,179.5997282178
1.623,179.5992163729
1.624,179.598704917
1.625,179.598193851
1.626,179.5976831761
1.627,179.5971728932
1.628,179.5966630035
1.629,179.5961535079
1.63,179.5956444075
1.631,179.5951357033
1.632,179.5946273963
1.633,179.5941194875
1.634,179.593611978
1.635,179.5931048688
1.636,179.5925981608
1.637,179.5920918551
1.638,179.5915859527
1.639,179.5910804546
1.64,179.5905753618
1.641,179.5900706752
1.642,179.5895663959
1.643,179.5890625248
1.644,179.588559063
1.645,179.5880560114
1.646,179.5875533709
1.647,179.5870511427
1.648,179.5865493276
1.649,179.5860479265
1.65,179.5855469406
1.651,179.5850463706
1.652,179.5845462177
1.653,179.5840464827
1.654,179.5835471666
1.655,179.5830482704
1.656,179.5825497949
1.657,179.5820517412
1.658,179.5815541101
1.659,179.5810569026
1.66,179.5805601197
1.661,179.5800637622
1.662,179.5795678312
1.663,179.5790723274
1.664,179.5785772519
1.665,179.5780826055
1.666,179.5775883892
1.667,179.5770946039
1.668,179.5766012505
1.669,179.5761083298
1.67,179.5756158429
1.671,179.5751237905
1.672,179.5746321736
1.673,179.574140993
1.674,179.5736502497
1.675,179.5731599446
1.676,179.5726700784
1.677,179.5721806522
1.678,179.5716916667
1.679,179.5712031229
1.68,179.5707150215
1.681,179.5702273636
1.682,179.5697401499
1.683,179.5692533812
1.684,179.5687670585
1.685,179.5682811827
1.686,179.5677957544
1.687,179.5673107747
1.688,179.5668262442
1.689,179.566342164
1.69,179.5658585347
1.691,179.5653753573
1.692,179.5648926325
1.693,179.5644103613
1.694,179.5639285443
1.695,179.5634471825
1.696,179.5629662766
1.697,179.5624858275
1.698,179.5620058359
1.699,179.5615263027
1.7,179.5610472287
1.701,179.5605686146
1.702,179.5600904613
1.703,179.5596127696
1.704,179.5591355402
1.705,179.5586587739
1.706,179.5581824715
1.707,179.5577066339
1.708,179.5572312617
1.709,179.5567563557
1.71,179.5562819167
1.711,179.5558079455
1.712,179.5553344429
1.713,179.5548614095
1.714,179.5543888462
1.715,179.5539167537
1.716,179.5534451327
1.717,179.5529739841
1.718,179.5525033084
1.719,179.5520331066
1.72,179.5515633792
1.721,179.5510941271
1.722,179.550625351
1.723,179.5501570515
1.724,179.5496892295
1.725,179.5492218856
1.726,179.5487550206
1.727,179.5482886352
1.728,179.54782273
1.729,179.5473573058
1.73,179.5468923632
1.731,179.5464279031
1.732,179.545963926
1.733,179.5455004327
1.734,179.5450374239
1.735,179.5445749002
1.736,179.5441128623
1.737,179.5436513109
1.738,179.5431902467
1.739,179.5427296704
1.74,179.5422695826
1.741,179.5418099839
1.742,179.5413508751
1.743,179.5408922568
1.744,179.5404341297
1.745,179.5399764944
1.746,179.5395193515
1.747,179.5390627018
1.748,179.5386065458
1.749,179.5381508841
1.75,179.5376957175
1.751,179.5372410466
1.752,179.5367868719
1.753,179.5363331942
1.754,179.5358800139
1.755,179.5354273319
1.756,179.5349751485
1.757,179.5345234646
1.758,179.5340722806
1.759,179.5336215972
1.76,179.533171415
1.761,179.5327217346
1.762,179.5322725566
1.763,179.5318238816
1.764,179.5313757101
1.765,179.5309280427
1.766,179.5304808801
1.767,179.5300342228
1.768,179.5295880713
1.769,179.5291424263
1.77,179.5286972884
1.771,179.528252658
1.772,179.5278085357
1.773,179.5273649222
1.774,179.5269218179
1.775,179.5264792234
1.776,179.5260371393
1.777,179.5255955661
1.778,179.5251545043
1.779,179.5247139545
1.78,179.5242739173
1.781,179.523834393
1.782,179.5233953824
1.783,179.5229568858
1.784,179.5225189038
1.785,179.522081437
1.786,179.5216444859
1.787,179.5212080508
1.788,179.5207721325
1.789,179.5203367313
1.79,179.5199018479
1.791,179.5194674825
1.792,179.5190336359
1.793,179.5186003084
1.794,179.5181675005
1.795,179.5177352128
1.796,179.5173034457
1.797,179.5168721996
1.798,179.5164414751
1.799,179.5160112727
1.8,179.5155815927
1.801,179.5151524357
1.802,179.5147238022
1.803,179.5142956925
1.804,179.5138681071
1.805,179.5134410465
1.806,179.5130145112
1.807,179.5125885015
1.808,179.5121630179
1.809,179.5117380609
1.81,179.5113136309
1.811,179.5108897283
1.812,179.5104663536
1.813,179.5100435071
1.814,179.5096211893
1.815,179.5091994006
1.816,179.5087781414
1.817,179.5083574121
1.818,179.5079372132
1.819,179.507517545
1.82,179.507098408
1.821,179.5066798025
1.822,179.5062617289
1.823,179.5058441877
1.824,179.5054271791
1.825,179.5050107037
1.826,179.5045947617
1.827,179.5041793536
1.828,179.5037644797
1.829,179.5033501404
1.83,179.502936336
1.831,179.502523067
1.832,179.5021103337
1.833,179.5016981364
1.834,179.5012864755
1.835,179.5008753514
1.836,179.5004647643
1.837,179.5000547147
1.838,179.4996452029
1.839,179.4992362292
1.84,179.4988277939
1.841,179.4984198975
1.842,179.4980125401
1.843,179.4976057222
1.844,179.497199444
1.845,179.4967937059
1.846,179.4963885082
1.847,179.4959838511
1.848,179.4955797351
1.849,179.4951761604
1.85,179.4947731273
1.851,179.4943706361
1.852,179.4939686871
1.853,179.4935672806
1.854,179.4931664169
1.855,179.4927660962
1.856,179.4923663189
1.857,179.4919670853
1.858,179.4915683955
1.859,179.4911702499
1.86,179.4907726487
1.861,179.4903755922
1.862,179.4899790807
1.863,179.4895831144
1.864,179.4891876937
1.865,179.4887928186
1.866,179.4883984895
1.867,179.4880047066
1.868,179.4876114702
1.869,179.4872187805
1.87,179.4868266378
1.871,179.4864350422
1.872,179.486043994
1.873,179.4856534935
1.874,179.4852635408
1.875,179.4848741362
1.876,179.4844852798
1.877,179.484096972
1.878,179.4837092128
1.879,179.4833220026
1.88,179.4829353415
1.881,179.4825492297
1.882,179.4821636675
1.883,179.4817786549
1.884,179.4813941922
1.885,179.4810102796
1.886,179.4806269173
1.887,179.4802441054
1.888,179.4798618442
1.889,179.4794801337
1.89,179.4790989743
1.891,179.4787183659
1.892,179.4783383089
1.893,179.4779588033
1.894,179.4775798494
1.895,179.4772014472
1.896,179.4768235969
1.897,179.4764462988
1.898,179.4760695528
1.899,179.4756933592
1.9,179.4753177181
1.901,179.4749426297
1.902,179.474568094
1.903,179.4741941112
1.904,179.4738206815
1.905,179.4734478049
1.906,179.4730754815
1.907,179.4727037116
1.908,179.4723324951
1.909,179.4719618323
1.91,179.4715917231
1.911,179.4712221678
1.912,179.4708531664
1.913,179.470484719
1.914,179.4701168258
1.915,179.4697494867
1.916,179.4693827019
1.917,179.4690164715
1.918,179.4686507956
1.919,179.4682856741
1.92,179.4679211074
1.921,179.4675570952
1.922,179.4671936379
1.923,179.4668307353
1.924,179.4664683877
1.925,179.466106595
1.926,179.4657453572
1.927,179.4653846746
1.928,179.465024547
1.929,179.4646649746
1.93,179.4643059574
1.931,179.4639474954
1.932,179.4635895887
1.933,179.4632322373
1.934,179.4628754413
1.935,179.4625192006
1.936,179.4621635153
1.937,179.4618083855
1.938,179.461453811
1.939,179.4610997921
1.94,179.4607463286
1.941,179.4603934205
1.942,179.460041068
1.943,179.459689271
1.944,179.4593380294
1.945,179.4589873434
1.946,179.4586372128
1.947,179.4582876377
1.948,179.4579386181
1.949,179.4575901539
1.95,179.4572422451
1.951,179.4568948918
1.952,179.4565480939
1.953,179.4562018513
1.954,179.4558561641
1.955,179.4555110321
1.956,179.4551664555
1.957,179.4548224341
1.958,179.4544789678
1.959,179.4541360567
1.96,179.4537937007
1.961,179.4534518998
1.962,179.4531106538
1.963,179.4527699628
1.964,179.4524298267
1.965,179.4520902454
1.966,179.4517512188
1.967,179.4514127469
1.968,179.4510748297
1.969,179.4507374669
1.97,179.4504006587
1.971,179.4500644048
1.972,179.4497287052
1.973,179.4493935598
1.974,179.4490589686
1.975,179.4487249313
1.976,179.4483914481
1.977,179.4480585186
1.978,179.4477261429
1.979,179.4473943208
1.98,179.4470630523
1.981,179.4467323371
1.982,179.4464021753
1.983,179.4460725667
1.984,179.4457435111
1.985,179.4454150085
1.986,179.4450870587
1.987,179.4447596616
1.988,179.4444328171
1.989,179.444106525
1.99,179.4437807852
1.991,179.4434555976
1.992,179.443130962
1.993,179.4428068782
1.994,179.4424833462
1.995,179.4421603658
1.996,179.4418379368
1.997,179.4415160591
1.998,179.4411947325
1.999,179.4408739568
2,179.4405537319
2.001,179.4402340576
2.002,179.4399149338
2.003,179.4395963603
2.004,179.4392783368
2.005,179.4389608633
2.006,179.4386439395
2.007,179.4383275653
2.008,179.4380117405
2.009,179.4376964648
2.01,179.4373817381
2.011,179.4370675602
2.012,179.4367539308
2.013,179.4364408499
2.014,179.4361283172
2.015,179.4358163324
2.016,179.4355048954
2.017,179.435194006
2.018,179.4348836639
2.019,179.4345738689
2.02,179.4342646209
2.021,179.4339559195
2.022,179.4336477645
2.023,179.4333401558
2.024,179.4330330931
2.025,179.4327265762
2.026,179.4324206048
2.027,179.4321151786
2.028,179.4318102975
2.029,179.4315059612
2.03,179.4312021695
2.031,179.430898922
2.032,179.4305962186
2.033,179.430294059
2.034,179.4299924429
2.035,179.42969137
2.036,179.4293908402
2.037,179.4290908531
2.038,179.4287914085
2.039,179.4284925061
2.04,179.4281941456
2.041,179.4278963267
2.042,179.4275990492
2.043,179.4273023128
2.044,179.4270061171
2.045,179.426710462
2.046,179.4264153471
2.047,179.4261207721
2.048,179.4258267367
2.049,179.4255332407
2.05,179.4252402836
2.051,179.4249478653
2.052,179.4246559855
2.053,179.4243646437
2.054,179.4240738397
2.055,179.4237835732
2.056,179.4234938438
2.057,179.4232046513
2.058,179.4229159953
2.059,179.4226278756
2.06,179.4223402916
2.061,179.4220532432
2.062,179.4217667301
2.063,179.4214807517
2.064,179.421195308
2.065,179.4209103984
2.066,179.4206260226
2.067,179.4203421804
2.068,179.4200588713
2.069,179.4197760951
2.07,179.4194938512
2.071,179.4192121395
2.072,179.4189309595
2.073,179.4186503109
2.074,179.4183701933
2.075,179.4180906064
2.076,179.4178115498
2.077,179.417533023
2.078,179.4172550258
2.079,179.4169775578
2.08,179.4167006185
2.081,179.4164242077
2.082,179.4161483249
2.083,179.4158729697
2.084,179.4155981418
2.085,179.4153238407
2.086,179.4150500661
2.087,179.4147768175
2.088,179.4145040947
2.089,179.4142318971
2.09,179.4139602244
2.091,179.4136890762
2.092,179.413418452
2.093,179.4131483514
2.094,179.4128787742
2.095,179.4126097197
2.096,179.4123411876
2.097,179.4120731776
2.098,179.4118056891
2.099,179.4115387217
2.1,179.4112722751
2.101,179.4110063487
2.102,179.4107409422
2.103,179.4104760552
2.104,179.4102116871
2.105,179.4099478376
2.106,179.4096845061
2.107,179.4094216924
2.108,179.4091593959
2.109,179.4088976161
2.11,179.4086363527
2.111,179.4083756051
2.112,179.408115373
2.113,179.4078556558
2.114,179.4075964532
2.115,179.4073377645
2.116,179.4070795895
2.117,179.4068219276
2.118,179.4065647783
2.119,179.4063081412
2.12,179.4060520157
2.121,179.4057964016
2.122,179.4055412981
2.123,179.405286705
2.124,179.4050326216
2.125,179.4047790475
2.126,179.4045259823
2.127,179.4042734254
2.128,179.4040213763
2.129,179.4037698346
2.13,179.4035187997
2.131,179.4032682712
2.132,179.4030182486
2.133,179.4027687313
2.134,179.4025197188
2.135,179.4022712107
2.136,179.4020232065
2.137,179.4017757056
2.138,179.4015287074
2.139,179.4012822116
2.14,179.4010362176
2.141,179.4007907249
2.142,179.4005457329
2.143,179.4003012411
2.144,179.400057249
2.145,179.3998137561
2.146,179.3995707618
2.147,179.3993282657
2.148,179.3990862671
2.149,179.3988447655
2.15,179.3986037605
2.151,179.3983632514
2.152,179.3981232378
2.153,179.397883719
2.154,179.3976446946
2.155,179.3974061639
2.156,179.3971681265
2.157,179.3969305818
2.158,179.3966935292
2.159,179.3964569681
2.16,179.3962208981
2.161,179.3959853185
2.162,179.3957502288
2.163,179.3955156285
2.164,179.3952815169
2.165,179.3950478935
2.166,179.3948147577
2.167,179.394582109
2.168,179.3943499467
2.169,179.3941182704
2.17,179.3938870794
2.171,179.3936563731
2.172,179.3934261509
2.173,179.3931964124
2.174,179.3929671568
2.175,179.3927383836
2.176,179.3925100923
2.177,179.3922822821
2.178,179.3920549526
2.179,179.3918281032
2.18,179.3916017331
2.181,179.3913758419
2.182,179.3911504289
2.183,179.3909254935
2.184,179.3907010352
2.185,179.3904770533
2.186,179.3902535472
2.187,179.3900305163
2.188,179.3898079599
2.189,179.3895858776
2.19,179.3893642685
2.191,179.3891431323
2.192,179.3889224681
2.193,179.3887022754
2.194,179.3884825536
2.195,179.3882633021
2.196,179.3880445201
2.197,179.3878262072
2.198,179.3876083626
2.199,179.3873909857
2.2,179.387174076
2.201,179.3869576326
2.202,179.3867416551
2.203,179.3865261428
2.204,179.386311095
2.205,179.3860965111
2.206,179.3858823904
2.207,179.3856687324
2.208,179.3854555363
2.209,179.3852428014
2.21,179.3850305273
2.211,179.3848187131
2.212,179.3846073583
2.213,179.3843964621
2.214,179.384186024
2.215,179.3839760433
2.216,179.3837665192
2.217,179.3835574512
2.218,179.3833488386
2.219,179.3831406806
2.22,179.3829329767
2.221,179.3827257262
2.222,179.3825189283
2.223,179.3823125825
2.224,179.382106688
2.225,179.3819012442
2.226,179.3816962504
2.227,179.3814917059
2.228,179.38128761
2.229,179.3810839621
2.23,179.3808807614
2.231,179.3806780073
2.232,179.380475699
2.233,179.380273836
2.234,179.3800724175
2.235,179.3798714428
2.236,179.3796709112
2.237,179.379470822
2.238,179.3792711745
2.239,179.3790719681
2.24,179.3788732019
2.241,179.3786748754
2.242,179.3784769879
2.243,179.3782795385
2.244,179.3780825266
2.245,179.3778859515
2.246,179.3776898126
2.247,179.3774941089
2.248,179.37729884
2.249,179.377104005
2.25,179.3769096032
2.251,179.376715634
2.252,179.3765220965
2.253,179.3763289901
2.254,179.3761363141
2.255,179.3759440677
2.256,179.3757522503
2.257,179.375560861
2.258,179.3753698991
2.259,179.375179364
2.26,179.3749892549
2.261,179.3747995711
2.262,179.3746103118
2.263,179.3744214763
2.264,179.3742330638
2.265,179.3740450737
2.266,179.3738575052
2.267,179.3736703575
2.268,179.3734836299
2.269,179.3732973217
2.27,179.3731114321
2.271,179.3729259605
2.272,179.3727409059
2.273,179.3725562677
2.274,179.3723720452
2.275,179.3721882375
2.276,179.372004844
2.277,179.3718218639
2.278,179.3716392964
2.279,179.3714571407
2.28,179.3712753962
2.281,179.3710940621
2.282,179.3709131375
2.283,179.3707326218
2.284,179.3705525141
2.285,179.3703728138
2.286,179.3701935201
2.287,179.3700146321
2.288,179.3698361491
2.289,179.3696580704
2.29,179.3694803952
2.291,179.3693031227
2.292,179.3691262521
2.293,179.3689497827
2.294,179.3687737137
2.295,179.3685980443
2.296,179.3684227738
2.297,179.3682479013
2.298,179.3680734261
2.299,179.3678993475
2.3,179.3677256646
2.301,179.3675523766
2.302,179.3673794828
2.303,179.3672069823
2.304,179.3670348745
2.305,179.3668631585
2.306,179.3666918335
2.307,179.3665208987
2.308,179.3663503534
2.309,179.3661801968
2.31,179.366010428
2.311,179.3658410463
2.312,179.3656720509
2.313,179.3655034409
2.314,179.3653352157
2.315,179.3651673743
2.316,179.364999916
2.317,179.3648328401
2.318,179.3646661456
2.319,179.3644998318
2.32,179.3643338979
2.321,179.3641683432
2.322,179.3640031667
2.323,179.3638383676
2.324,179.3636739453
2.325,179.3635098988
2.326,179.3633462274
2.327,179.3631829303
2.328,179.3630200066
2.329,179.3628574555
2.33,179.3626952763
2.331,179.362533468
2.332,179.36237203
2.333,179.3622109613
2.334,179.3620502613
2.335,179.3618899289
2.336,179.3617299635
2.337,179.3615703643
2.338,179.3614111303
2.339,179.3612522608
2.34,179.361093755
2.341,179.360935612
2.342,179.360777831
2.343,179.3606204112
2.344,179.3604633518
2.345,179.3603066519
2.346,179.3601503108
2.347,179.3599943275
2.348,179.3598387014
2.349,179.3596834314
2.35,179.3595285169
2.351,179.3593739569
2.352,179.3592197507
2.353,179.3590658975
2.354,179.3589123963
2.355,179.3587592463
2.356,179.3586064468
2.357,179.3584539969
2.358,179.3583018957
2.359,179.3581501425
2.36,179.3579987363
2.361,179.3578476764
2.362,179.3576969619
2.363,179.3575465919
2.364,179.3573965657
2.365,179.3572468824
2.366,179.3570975411
2.367,179.356948541
2.368,179.3567998813
2.369,179.3566515611
2.37,179.3565035796
2.371,179.356355936
2.372,179.3562086293
2.373,179.3560616588
2.374,179.3559150236
2.375,179.3557687228
2.376,179.3556227557
2.377,179.3554771213
2.378,179.3553318188
2.379,179.3551868474
2.38,179.3550422062
2.381,179.3548978944
2.382,179.354753911
2.383,179.3546102554
2.384,179.3544669265
2.385,179.3543239237
2.386,179.3541812459
2.387,179.3540388924
2.388,179.3538968622
2.389,179.3537551546
2.39,179.3536137687
2.391,179.3534727037
2.392,179.3533319586
2.393,179.3531915326
2.394,179.3530514249
2.395,179.3529116346
2.396,179.3527721609
2.397,179.3526330029
2.398,179.3524941596
2.399,179.3523556304
2.4,179.3522174142
2.401,179.3520795104
2.402,179.3519419179
2.403,179.3518046359
2.404,179.3516676636
2.405,179.3515310001
2.406,179.3513946445
2.407,179.3512585961
2.408,179.3511228538
2.409,179.3509874169
2.41,179.3508522845
2.411,179.3507174557
2.412,179.3505829297
2.413,179.3504487055
2.414,179.3503147824
2.415,179.3501811595
2.416,179.3500478358
2.417,179.3499148106
2.418,179.349782083
2.419,179.349649652
2.42,179.3495175169
2.421,179.3493856767
2.422,179.3492541306
2.423,179.3491228777
2.424,179.3489919172
2.425,179.3488612482
2.426,179.3487308698
2.427,179.3486007811
2.428,179.3484709813
2.429,179.3483414695
2.43,179.3482122449
2.431,179.3480833065
2.432,179.3479546535
2.433,179.347826285
2.434,179.3476982002
2.435,179.3475703981
2.436,179.347442878
2.437,179.3473156388
2.438,179.3471886799
2.439,179.3470620002
2.44,179.3469355989
2.441,179.3468094752
2.442,179.3466836282
2.443,179.3465580569
2.444,179.3464327606
2.445,179.3463077383
2.446,179.3461829892
2.447,179.3460585124
2.448,179.345934307
2.449,179.3458103722
2.45,179.345686707
2.451,179.3455633107
2.452,179.3454401823
2.453,179.3453173209
2.454,179.3451947257
2.455,179.3450723958
2.456,179.3449503303
2.457,179.3448285284
2.458,179.3447069892
2.459,179.3445857118
2.46,179.3444646953
2.461,179.3443439388
2.462,179.3442234416
2.463,179.3441032026
2.464,179.3439832211
2.465,179.3438634961
2.466,179.3437440268
2.467,179.3436248123
2.468,179.3435058517
2.469,179.3433871441
2.47,179.3432686887
2.471,179.3431504847
2.472,179.343032531
2.473,179.3429148269
2.474,179.3427973715
2.475,179.3426801638
2.476,179.3425632031
2.477,179.3424464885
2.478,179.3423300189
2.479,179.3422137937
2.48,179.3420978119
2.481,179.3419820727
2.482,179.3418665751
2.483,179.3417513183
2.484,179.3416363015
2.485,179.3415215236
2.486,179.341406984
2.487,179.3412926816
2.488,179.3411786157
2.489,179.3410647853
2.49,179.3409511896
2.491,179.3408378277
2.492,179.3407246987
2.493,179.3406118018
2.494,179.340499136
2.495,179.3403867005
2.496,179.3402744945
2.497,179.3401625171
2.498,179.3400507673
2.499,179.3399392443
2.5,179.3398279473
2.501,179.3397168753
2.502,179.3396060276
2.503,179.3394954031
2.504,179.3393850012
2.505,179.3392748208
2.506,179.3391648611
2.507,179.3390551212
2.508,179.3389456003
2.509,179.3388362976
2.51,179.338727212
2.511,179.3386183428
2.512,179.3385096891
2.513,179.33840125
2.514,179.3382930247
2.515,179.3381850123
2.516,179.3380772118
2.517,179.3379696226
2.518,179.3378622436
2.519,179.337755074
2.52,179.3376481129
2.521,179.3375413596
2.522,179.337434813
2.523,179.3373284724
2.524,179.3372223369
2.525,179.3371164055
2.526,179.3370106776
2.527,179.3369051521
2.528,179.3367998282
2.529,179.3366947051
2.53,179.3365897819
2.531,179.3364850577
2.532,179.3363805317
2.533,179.336276203
2.534,179.3361720707
2.535,179.3360681341
2.536,179.3359643921
2.537,179.335860844
2.538,179.3357574889
2.539,179.3356543259
2.54,179.3355513542
2.541,179.335448573
2.542,179.3353459813
2.543,179.3352435783
2.544,179.3351413632
2.545,179.335039335
2.546,179.334937493
2.547,179.3348358363
2.548,179.3347343639
2.549,179.3346330752
2.55,179.3345319692
2.551,179.334431045
2.552,179.3343303019
2.553,179.3342297388
2.554,179.3341293551
2.555,179.3340291499
2.556,179.3339291222
2.557,179.3338292713
2.558,179.3337295963
2.559,179.3336300964
2.56,179.3335307706
2.561,179.3334316182
2.562,179.3333326383
2.563,179.3332338301
2.564,179.3331351926
2.565,179.3330367251
2.566,179.3329384268
2.567,179.3328402967
2.568,179.3327423341
2.569,179.332644538
2.57,179.3325469077
2.571,179.3324494422
2.572,179.3323521409
2.573,179.3322550027
2.574,179.3321580269
2.575,179.3320612127
2.576,179.3319645592
2.577,179.3318680655
2.578,179.3317717308
2.579,179.3316755544
2.58,179.3315795353
2.581,179.3314836727
2.582,179.3313879657
2.583,179.3312924136
2.584,179.3311970156
2.585,179.3311017707
2.586,179.3310066781
2.587,179.3309117371
2.588,179.3308169467
2.589,179.3307223062
2.59,179.3306278148
2.591,179.3305334715
2.592,179.3304392756
2.593,179.3303452262
2.594,179.3302513226
2.595,179.3301575638
2.596,179.3300639491
2.597,179.3299704777
2.598,179.3298771487
2.599,179.3297839612
2.6,179.3296909146
2.601,179.3295980079
2.602,179.3295052403
2.603,179.3294126111
2.604,179.3293201194
2.605,179.3292277643
2.606,179.3291355451
2.607,179.3290434609
2.608,179.328951511
2.609,179.3288596946
2.61,179.3287680107
2.611,179.3286764586
2.612,179.3285850375
2.613,179.3284937466
2.614,179.328402585
2.615,179.328311552
2.616,179.3282206468
2.617,179.3281298685
2.618,179.3280392163
2.619,179.3279486894
2.62,179.3278582871
2.621,179.3277680085
2.622,179.3276778529
2.623,179.3275878193
2.624,179.3274979071
2.625,179.3274081154
2.626,179.3273184434
2.627,179.3272288904
2.628,179.3271394555
2.629,179.3270501379
2.63,179.3269609368
2.631,179.3268718515
2.632,179.3267828812
2.633,179.326694025
2.634,179.3266052822
2.635,179.3265166519
2.636,179.3264281335
2.637,179.326339726
2.638,179.3262514288
2.639,179.326163241
2.64,179.3260751619
2.641,179.3259871906
2.642,179.3258993264
2.643,179.3258115685
2.644,179.3257239161
2.645,179.3256363685
2.646,179.3255489248
2.647,179.3254615843
2.648,179.3253743462
2.649,179.3252872098
2.65,179.3252001742
2.651,179.3251132387
2.652,179.3250264025
2.653,179.3249396648
2.654,179.3248530249
2.655,179.3247664821
2.656,179.3246800355
2.657,179.3245936843
2.658,179.3245074278
2.659,179.3244212653
2.66,179.324335196
2.661,179.3242492191
2.662,179.3241633338
2.663,179.3240775395
2.664,179.3239918352
2.665,179.3239062204
2.666,179.3238206942
2.667,179.3237352558
2.668,179.3236499046
2.669,179.3235646397
2.67,179.3234794605
2.671,179.3233943661
2.672,179.3233093558
2.673,179.3232244289
2.674,179.3231395846
2.675,179.3230548222
2.676,179.3229701409
2.677,179.32288554
2.678,179.3228010187
2.679,179.3227165763
2.68,179.3226322121
2.681,179.3225479254
2.682,179.3224637153
2.683,179.3223795812
2.684,179.3222955222
2.685,179.3222115378
2.686,179.3221276271
2.687,179.3220437895
2.688,179.3219600241
2.689,179.3218763303
2.69,179.3217927073
2.691,179.3217091545
2.692,179.321625671
2.693,179.3215422562
2.694,179.3214589094
2.695,179.3213756297
2.696,179.3212924166
2.697,179.3212092693
2.698,179.321126187
2.699,179.3210431691
2.7,179.3209602148
2.701,179.3208773234
2.702,179.3207944943
2.703,179.3207117267
2.704,179.3206290198
2.705,179.3205463731
2.706,179.3204637857
2.707,179.3203812571
2.708,179.3202987864
2.709,179.3202163729
2.71,179.3201340161
2.711,179.3200517151
2.712,179.3199694693
2.713,179.319887278
2.714,179.3198051405
2.715,179.319723056
2.716,179.319641024
2.717,179.3195590437
2.718,179.3194771144
2.719,179.3193952354
2.72,179.3193134061
2.721,179.3192316257
2.722,179.3191498936
2.723,179.3190682091
2.724,179.3189865716
2.725,179.3189049802
2.726,179.3188234344
2.727,179.3187419335
2.728,179.3186604768
2.729,179.3185790637
2.73,179.3184976934
2.731,179.3184163653
2.732,179.3183350787
2.733,179.3182538329
2.734,179.3181726274
2.735,179.3180914613
2.736,179.3180103341
2.737,179.3179292452
2.738,179.3178481937
2.739,179.3177671791
2.74,179.3176862008
2.741,179.317605258
2.742,179.3175243501
2.743,179.3174434765
2.744,179.3173626364
2.745,179.3172818294
2.746,179.3172010546
2.747,179.3171203115
2.748,179.3170395994
2.749,179.3169589177
2.75,179.3168782657
2.751,179.3167976428
2.752,179.3167170483
2.753,179.3166364817
2.754,179.3165559422
2.755,179.3164754293
2.756,179.3163949422
2.757,179.3163144805
2.758,179.3162340434
2.759,179.3161536303
2.76,179.3160732406
2.761,179.3159928736
2.762,179.3159125288
2.763,179.3158322056
2.764,179.3157519032
2.765,179.3156716211
2.766,179.3155913586
2.767,179.3155111153
2.768,179.3154308903
2.769,179.3153506832
2.77,179.3152704933
2.771,179.3151903199
2.772,179.3151101626
2.773,179.3150300207
2.774,179.3149498935
2.775,179.3148697805
2.776,179.3147896811
2.777,179.3147095947
2.778,179.3146295207
2.779,179.3145494585
2.78,179.3144694074
2.781,179.314389367
2.782,179.3143093365
2.783,179.3142293155
2.784,179.3141493033
2.785,179.3140692993
2.786,179.313989303
2.787,179.3139093138
2.788,179.3138293311
2.789,179.3137493543
2.79,179.3136693829
2.791,179.3135894162
2.792,179.3135094537
2.793,179.3134294948
2.794,179.3133495389
2.795,179.3132695855
2.796,179.3131896341
2.797,179.3131096839
2.798,179.3130297346
2.799,179.3129497855
2.8,179.312869836
2.801,179.3127898856
2.802,179.3127099338
2.803,179.3126299799
2.804,179.3125500235
2.805,179.3124700639
2.806,179.3123901007
2.807,179.3123101332
2.808,179.312230161
2.809,179.3121501834
2.81,179.3120702
2.811,179.3119902102
2.812,179.3119102135
2.813,179.3118302093
2.814,179.311750197
2.815,179.3116701762
2.816,179.3115901464
2.817,179.3115101069
2.818,179.3114300572
2.819,179.3113499969
2.82,179.3112699254
2.821,179.3111898422
2.822,179.3111097467
2.823,179.3110296385
2.824,179.310949517
2.825,179.3108693817
2.826,179.310789232
2.827,179.3107090676
2.828,179.3106288878
2.829,179.3105486921
2.83,179.3104684801
2.831,179.3103882512
2.832,179.310308005
2.833,179.3102277409
2.834,179.3101474584
2.835,179.310067157
2.836,179.3099868363
2.837,179.3099064957
2.838,179.3098261348
2.839,179.309745753
2.84,179.3096653498
2.841,179.3095849249
2.842,179.3095044776
2.843,179.3094240075
2.844,179.3093435142
2.845,179.3092629971
2.846,179.3091824557
2.847,179.3091018896
2.848,179.3090212984
2.849,179.3089406815
2.85,179.3088600384
2.851,179.3087793687
2.852,179.308698672
2.853,179.3086179477
2.854,179.3085371955
2.855,179.3084564147
2.856,179.3083756051
2.857,179.308294766
2.858,179.3082138971
2.859,179.3081329979
2.86,179.308052068
2.861,179.3079711069
2.862,179.3078901141
2.863,179.3078090892
2.864,179.3077280318
2.865,179.3076469414
2.866,179.3075658176
2.867,179.30748466
2.868,179.307403468
2.869,179.3073222413
2.87,179.3072409794
2.871,179.3071596819
2.872,179.3070783484
2.873,179.3069969784
2.874,179.3069155715
2.875,179.3068341274
2.876,179.3067526455
2.877,179.3066711254
2.878,179.3065895668
2.879,179.3065079691
2.88,179.3064263321
2.881,179.3063446553
2.882,179.3062629382
2.883,179.3061811805
2.884,179.3060993817
2.885,179.3060175415
2.886,179.3059356595
2.887,179.3058537352
2.888,179.3057717682
2.889,179.3056897582
2.89,179.3056077048
2.891,179.3055256075
2.892,179.305443466
2.893,179.3053612798
2.894,179.3052790487
2.895,179.3051967722
2.896,179.3051144499
2.897,179.3050320814
2.898,179.3049496664
2.899,179.3048672045
2.9,179.3047846952
2.901,179.3047021384
2.902,179.3046195334
2.903,179.3045368801
2.904,179.304454178
2.905,179.3043714268
2.906,179.304288626
2.907,179.3042057754
2.908,179.3041228745
2.909,179.3040399231
2.91,179.3039569207
2.911,179.303873867
2.912,179.3037907617
2.913,179.3037076044
2.914,179.3036243947
2.915,179.3035411323
2.916,179.3034578169
2.917,179.3033744481
2.918,179.3032910255
2.919,179.3032075489
2.92,179.303124018
2.921,179.3030404322
2.922,179.3029567915
2.923,179.3028730953
2.924,179.3027893434
2.925,179.3027055354
2.926,179.3026216711
2.927,179.30253775
2.928,179.302453772
2.929,179.3023697366
2.93,179.3022856435
2.931,179.3022014925
2.932,179.3021172832
2.933,179.3020330153
2.934,179.3019486885
2.935,179.3018643025
2.936,179.301779857
2.937,179.3016953517
2.938,179.3016107862
2.939,179.3015261603
2.94,179.3014414738
2.941,179.3013567262
2.942,179.3012719173
2.943,179.3011870468
2.944,179.3011021144
2.945,179.3010171199
2.946,179.3009320629
2.947,179.3008469432
2.948,179.3007617605
2.949,179.3006765145
2.95,179.3005912049
2.951,179.3005058315
2.952,179.3004203939
2.953,179.300334892
2.954,179.3002493254
2.955,179.3001636939
2.956,179.3000779972
2.957,179.299992235
2.958,179.2999064072
2.959,179.2998205133
2.96,179.2997345533
2.961,179.2996485268
2.962,179.2995624335
2.963,179.2994762732
2.964,179.2993900458
2.965,179.2993037508
2.966,179.2992173881
2.967,179.2991309575
2.968,179.2990444586
2.969,179.2989578913
2.97,179.2988712553
2.971,179.2987845504
2.972,179.2986977764
2.973,179.298610933
2.974,179.29852402
2.975,179.2984370371
2.976,179.2983499842
2.977,179.298262861
2.978,179.2981756673
2.979,179.2980884029
2.98,179.2980010676
2.981,179.2979136611
2.982,179.2978261833
2.983,179.2977386339
2.984,179.2976510127
2.985,179.2975633195
2.986,179.2974755541
2.987,179.2973877164
2.988,179.2972998061
2.989,179.2972118229
2.99,179.2971237668
2.991,179.2970356375
2.992,179.2969474349
2.993,179.2968591587
2.994,179.2967708087
2.995,179.2966823848
2.996,179.2965938868
2.997,179.2965053145
2.998,179.2964166677
2.999,179.2963279463
3,179.29623915
3.001,179.2961502787
3.002,179.2960613323
3.003,179.2959723105
3.004,179.2958832131
3.005,179.2957940401
3.006,179.2957047913
3.007,179.2956154664
3.008,179.2955260654
3.009,179.2954365881
3.01,179.2953470343
3.011,179.2952574038
3.012,179.2951676966
3.013,179.2950779124
3.014,179.2949880512
3.015,179.2948981127
3.016,179.2948080969
3.017,179.2947180035
3.018,179.2946278325
3.019,179.2945375837
3.02,179.294447257
3.021,179.2943568522
3.022,179.2942663692
3.023,179.2941758079
3.024,179.2940851682
3.025,179.2939944499
3.026,179.2939036529
3.027,179.2938127771
3.028,179.2937218224
3.029,179.2936307886
3.03,179.2935396756
3.031,179.2934484833
3.032,179.2933572117
3.033,179.2932658606
3.034,179.2931744298
3.035,179.2930829193
3.036,179.292991329
3.037,179.2928996588
3.038,179.2928079086
3.039,179.2927160782
3.04,179.2926241677
3.041,179.2925321768
3.042,179.2924401055
3.043,179.2923479538
3.044,179.2922557215
3.045,179.2921634085
3.046,179.2920710147
3.047,179.2919785402
3.048,179.2918859847
3.049,179.2917933483
3.05,179.2917006308
3.051,179.2916078321
3.052,179.2915149523
3.053,179.2914219912
3.054,179.2913289488
3.055,179.2912358249
3.056,179.2911426196
3.057,179.2910493327
3.058,179.2909559643
3.059,179.2908625142
3.06,179.2907689824
3.061,179.2906753688
3.062,179.2905816734
3.063,179.2904878962
3.064,179.290394037
3.065,179.2903000959
3.066,179.2902060728
3.067,179.2901119677
3.068,179.2900177805
3.069,179.2899235111
3.07,179.2898291596
3.071,179.2897347259
3.072,179.28964021
3.073,179.2895456119
3.074,179.2894509314
3.075,179.2893561687
3.076,179.2892613236
3.077,179.2891663961
3.078,179.2890713863
3.079,179.2889762941
3.08,179.2888811195
3.081,179.2887858624
3.082,179.2886905229
3.083,179.288595101
3.084,179.2884995966
3.085,179.2884040097
3.086,179.2883083404
3.087,179.2882125886
3.088,179.2881167543
3.089,179.2880208375
3.09,179.2879248382
3.091,179.2878287565
3.092,179.2877325924
3.093,179.2876363457
3.094,179.2875400166
3.095,179.2874436051
3.096,179.2873471112
3.097,179.2872505349
3.098,179.2871538762
3.099,179.2870571351
3.1,179.2869603116
3.101,179.2868634059
3.102,179.2867664178
3.103,179.2866693475
3.104,179.286572195
3.105,179.2864749602
3.106,179.2863776433
3.107,179.2862802442
3.108,179.286182763
3.109,179.2860851997
3.11,179.2859875544
3.111,179.2858898272
3.112,179.285792018
3.113,179.2856941269
3.114,179.2855961539
3.115,179.2854980992
3.116,179.2853999627
3.117,179.2853017445
3.118,179.2852034447
3.119,179.2851050633
3.12,179.2850066004
3.121,179.284908056
3.122,179.2848094302
3.123,179.2847107231
3.124,179.2846119347
3.125,179.2845130651
3.126,179.2844141144
3.127,179.2843150827
3.128,179.2842159699
3.129,179.2841167762
3.13,179.2840175018
3.131,179.2839181465
3.132,179.2838187106
3.133,179.2837191941
3.134,179.2836195971
3.135,179.2835199197
3.136,179.2834201619
3.137,179.2833203239
3.138,179.2832204058
3.139,179.2831204076
3.14,179.2830203294
3.141,179.2829201714
3.142,179.2828199336
3.143,179.2827196162
3.144,179.2826192192
3.145,179.2825187427
3.146,179.2824181869
3.147,179.2823175518
3.148,179.2822168376
3.149,179.2821160444
3.15,179.2820151723
3.151,179.2819142214
3.152,179.2818131918
3.153,179.2817120836
3.154,179.2816108971
3.155,179.2815096321
3.156,179.281408289
3.157,179.2813068679
3.158,179.2812053687
3.159,179.2811037918
3.16,179.2810021372
3.161,179.280900405
3.162,179.2807985955
3.163,179.2806967086
3.164,179.2805947446
3.165,179.2804927036
3.166,179.2803905857
3.167,179.2802883911
3.168,179.28018612
3.169,179.2800837724
3.17,179.2799813485
3.171,179.2798788485
3.172,179.2797762725
3.173,179.2796736206
3.174,179.2795708931
3.175,179.2794680901
3.176,179.2793652117
3.177,179.2792622581
3.178,179.2791592294
3.179,179.2790561259
3.18,179.2789529477
3.181,179.2788496949
3.182,179.2787463677
3.183,179.2786429664
3.184,179.2785394909
3.185,179.2784359416
3.186,179.2783323187
3.187,179.2782286222
3.188,179.2781248523
3.189,179.2780210093
3.19,179.2779170933
3.191,179.2778131045
3.192,179.2777090431
3.193,179.2776049093
3.194,179.2775007032
3.195,179.2773964251
3.196,179.2772920751
3.197,179.2771876534
3.198,179.2770831603
3.199,179.2769785958
3.2,179.2768739603
3.201,179.2767692539
3.202,179.2766644768
3.203,179.2765596292
3.204,179.2764547114
3.205,179.2763497234
3.206,179.2762446656
3.207,179.2761395381
3.208,179.2760343412
3.209,179.275929075
3.21,179.2758237398
3.211,179.2757183358
3.212,179.2756128631
3.213,179.2755073221
3.214,179.2754017129
3.215,179.2752960358
3.216,179.2751902909
3.217,179.2750844785
3.218,179.2749785989
3.219,179.2748726521
3.22,179.2747666386
3.221,179.2746605585
3.222,179.274554412
3.223,179.2744481993
3.224,179.2743419208
3.225,179.2742355766
3.226,179.274129167
3.227,179.2740226921
3.228,179.2739161524
3.229,179.2738095479
3.23,179.2737028789
3.231,179.2735961457
3.232,179.2734893486
3.233,179.2733824876
3.234,179.2732755633
3.235,179.2731685756
3.236,179.273061525
3.237,179.2729544117
3.238,179.2728472358
3.239,179.2727399978
3.24,179.2726326977
3.241,179.272525336
3.242,179.2724179128
3.243,179.2723104284
3.244,179.2722028831
3.245,179.2720952771
3.246,179.2719876108
3.247,179.2718798843
3.248,179.2717720979
3.249,179.2716642519
3.25,179.2715563466
3.251,179.2714483822
3.252,179.2713403591
3.253,179.2712322774
3.254,179.2711241375
3.255,179.2710159397
3.256,179.2709076841
3.257,179.2707993712
3.258,179.2706910012
3.259,179.2705825743
3.26,179.2704740909
3.261,179.2703655512
3.262,179.2702569555
3.263,179.2701483041
3.264,179.2700395973
3.265,179.2699308354
3.266,179.2698220187
3.267,179.2697131475
3.268,179.269604222
3.269,179.2694952426
3.27,179.2693862095
3.271,179.2692771231
3.272,179.2691679836
3.273,179.2690587914
3.274,179.2689495467
3.275,179.2688402499
3.276,179.2687309013
3.277,179.2686215011
3.278,179.2685120497
3.279,179.2684025473
3.28,179.2682929944
3.281,179.2681833911
3.282,179.2680737379
3.283,179.2679640349
3.284,179.2678542826
3.285,179.2677444813
3.286,179.2676346312
3.287,179.2675247327
3.288,179.2674147861
3.289,179.2673047917
3.29,179.2671947498
3.291,179.2670846609
3.292,179.266974525
3.293,179.2668643427
3.294,179.2667541143
3.295,179.2666438399
3.296,179.2665335201
3.297,179.2664231551
3.298,179.2663127452
3.299,179.2662022908
3.3,179.2660917922
3.301,179.2659812497
3.302,179.2658706637
3.303,179.2657600345
3.304,179.2656493624
3.305,179.2655386479
3.306,179.2654278911
3.307,179.2653170925
3.308,179.2652062524
3.309,179.2650953711
3.31,179.264984449
3.311,179.2648734864
3.312,179.2647624837
3.313,179.2646514412
3.314,179.2645403592
3.315,179.2644292382
3.316,179.2643180784
3.317,179.2642068802
3.318,179.264095644
3.319,179.26398437
3.32,179.2638730588
3.321,179.2637617105
3.322,179.2636503256
3.323,179.2635389044
3.324,179.2634274473
3.325,179.2633159546
3.326,179.2632044267
3.327,179.2630928639
3.328,179.2629812667
3.329,179.2628696353
3.33,179.2627579702
3.331,179.2626462716
3.332,179.26253454
3.333,179.2624227758
3.334,179.2623109792
3.335,179.2621991506
3.336,179.2620872905
3.337,179.2619753992
3.338,179.261863477
3.339,179.2617515243
3.34,179.2616395416
3.341,179.2615275291
3.342,179.2614154872
3.343,179.2613034164
3.344,179.2611913169
3.345,179.2610791892
3.346,179.2609670337
3.347,179.2608548506
3.348,179.2607426405
3.349,179.2606304036
3.35,179.2605181403
3.351,179.2604058511
3.352,179.2602935363
3.353,179.2601811962
3.354,179.2600688314
3.355,179.2599564421
3.356,179.2598440287
3.357,179.2597315916
3.358,179.2596191312
3.359,179.259506648
3.36,179.2593941422
3.361,179.2592816142
3.362,179.2591690645
3.363,179.2590564935
3.364,179.2589439015
3.365,179.2588312889
3.366,179.2587186561
3.367,179.2586060034
3.368,179.2584933314
3.369,179.2583806404
3.37,179.2582679307
3.371,179.2581552028
3.372,179.2580424571
3.373,179.2579296939
3.374,179.2578169137
3.375,179.2577041169
3.376,179.2575913037
3.377,179.2574784748
3.378,179.2573656303
3.379,179.2572527708
3.38,179.2571398967
3.381,179.2570270083
3.382,179.256914106
3.383,179.2568011903
3.384,179.2566882615
3.385,179.2565753201
3.386,179.2564623664
3.387,179.2563494009
3.388,179.2562364239
3.389,179.2561234359
3.39,179.2560104373
3.391,179.2558974284
3.392,179.2557844097
3.393,179.2556713816
3.394,179.2555583445
3.395,179.2554452988
3.396,179.2553322449
3.397,179.2552191832
3.398,179.2551061141
3.399,179.2549930381
3.4,179.2548799555
3.401,179.2547668667
3.402,179.2546537723
3.403,179.2545406725
3.404,179.2544275678
3.405,179.2543144586
3.406,179.2542013453
3.407,179.2540882283
3.408,179.2539751081
3.409,179.253861985
3.41,179.2537488595
3.411,179.253635732
3.412,179.2535226028
3.413,179.2534094725
3.414,179.2532963414
3.415,179.2531832099
3.416,179.2530700786
3.417,179.2529569476
3.418,179.2528438176
3.419,179.2527306889
3.42,179.2526175619
3.421,179.2525044371
3.422,179.2523913148
3.423,179.2522781955
3.424,179.2521650796
3.425,179.2520519675
3.426,179.2519388597
3.427,179.2518257565
3.428,179.2517126584
3.429,179.2515995658
3.43,179.2514864791
3.431,179.2513733988
3.432,179.2512603252
3.433,179.2511472588
3.434,179.2510342
3.435,179.2509211493
3.436,179.2508081069
3.437,179.2506950735
3.438,179.2505820493
3.439,179.2504690349
3.44,179.2503560306
3.441,179.2502430368
3.442,179.2501300541
3.443,179.2500170827
3.444,179.2499041232
3.445,179.2497911759
3.446,179.2496782413
3.447,179.2495653198
3.448,179.2494524118
3.449,179.2493395178
3.45,179.2492266381
3.451,179.2491137732
3.452,179.2490009236
3.453,179.2488880896
3.454,179.2487752716
3.455,179.2486624701
3.456,179.2485496856
3.457,179.2484369184
3.458,179.248324169
3.459,179.2482114377
3.46,179.2480987251
3.461,179.2479860315
3.462,179.2478733573
3.463,179.2477607031
3.464,179.2476480691
3.465,179.2475354559
3.466,179.2474228639
3.467,179.2473102934
3.468,179.247197745
3.469,179.2470852189
3.47,179.2469727158
3.471,179.2468602359
3.472,179.2467477797
3.473,179.2466353477
3.474,179.2465229402
3.475,179.2464105577
3.476,179.2462982006
3.477,179.2461858694
3.478,179.2460735643
3.479,179.245961286
3.48,179.2458490348
3.481,179.245736811
3.482,179.2456246153
3.483,179.2455124478
3.484,179.2454003092
3.485,179.2452881998
3.486,179.2451761201
3.487,179.2450640704
3.488,179.2449520512
3.489,179.2448400629
3.49,179.2447281059
3.491,179.2446161806
3.492,179.2445042876
3.493,179.2443924271
3.494,179.2442805996
3.495,179.2441688056
3.496,179.2440570454
3.497,179.2439453196
3.498,179.2438336284
3.499,179.2437219723
3.5,179.2436103517
3.501,179.2434987671
3.502,179.2433872189
3.503,179.2432757075
3.504,179.2431642333
3.505,179.2430527967
3.506,179.2429413982
3.507,179.2428300381
3.508,179.2427187169
3.509,179.2426074351
3.51,179.2424961929
3.511,179.2423849909
3.512,179.2422738294
3.513,179.2421627089
3.514,179.2420516297
3.515,179.2419405924
3.516,179.2418295972
3.517,179.2417186447
3.518,179.2416077353
3.519,179.2414968692
3.52,179.2413860471
3.521,179.2412752692
3.522,179.241164536
3.523,179.2410538479
3.524,179.2409432053
3.525,179.2408326086
3.526,179.2407220583
3.527,179.2406115547
3.528,179.2405010982
3.529,179.2403906894
3.53,179.2402803284
3.531,179.2401700159
3.532,179.2400597521
3.533,179.2399495376
3.534,179.2398393726
3.535,179.2397292576
3.536,179.239619193
3.537,179.2395091793
3.538,179.2393992167
3.539,179.2392893058
3.54,179.2391794469
3.541,179.2390696404
3.542,179.2389598867
3.543,179.2388501863
3.544,179.2387405395
3.545,179.2386309467
3.546,179.2385214084
3.547,179.2384119248
3.548,179.2383024965
3.549,179.2381931238
3.55,179.2380838072
3.551,179.2379745469
3.552,179.2378653435
3.553,179.2377561973
3.554,179.2376471086
3.555,179.237538078
3.556,179.2374291057
3.557,179.2373201922
3.558,179.2372113379
3.559,179.2371025432
3.56,179.2369938084
3.561,179.2368851339
3.562,179.2367765202
3.563,179.2366679675
3.564,179.2365594764
3.565,179.2364510472
3.566,179.2363426802
3.567,179.2362343759
3.568,179.2361261347
3.569,179.2360179569
3.57,179.2359098428
3.571,179.235801793
3.572,179.2356938078
3.573,179.2355858875
3.574,179.2354780325
3.575,179.2353702432
3.576,179.2352625201
3.577,179.2351548633
3.578,179.2350472735
3.579,179.2349397508
3.58,179.2348322957
3.581,179.2347249086
3.582,179.2346175899
3.583,179.2345103398
3.584,179.2344031588
3.585,179.2342960473
3.586,179.2341890056
3.587,179.234082034
3.588,179.233975133
3.589,179.233868303
3.59,179.2337615442
3.591,179.233654857
3.592,179.2335482419
3.593,179.2334416991
3.594,179.2333352291
3.595,179.2332288321
3.596,179.2331225086
3.597,179.233016259
3.598,179.2329100834
3.599,179.2328039825
3.6,179.2326979564
3.601,179.2325920055
3.602,179.2324861302
3.603,179.2323803308
3.604,179.2322746078
3.605,179.2321689614
3.606,179.2320633919
3.607,179.2319578999
3.608,179.2318524855
3.609,179.2317471491
3.61,179.2316418911
3.611,179.2315367118
3.612,179.2314316116
3.613,179.2313265908
3.614,179.2312216497
3.615,179.2311167887
3.616,179.2310120082
3.617,179.2309073084
3.618,179.2308026896
3.619,179.2306981524
3.62,179.2305936969
3.621,179.2304893234
3.622,179.2303850324
3.623,179.2302808242
3.624,179.230176699
3.625,179.2300726573
3.626,179.2299686993
3.627,179.2298648254
3.628,179.2297610358
3.629,179.229657331
3.63,179.2295537112
3.631,179.2294501767
3.632,179.229346728
3.633,179.2292433652
3.634,179.2291400887
3.635,179.2290368988
3.636,179.2289337959
3.637,179.2288307803
3.638,179.2287278522
3.639,179.2286250119
3.64,179.2285222599
3.641,179.2284195963
3.642,179.2283170216
3.643,179.2282145359
3.644,179.2281121396
3.645,179.2280098331
3.646,179.2279076165
3.647,179.2278054903
3.648,179.2277034547
3.649,179.2276015099
3.65,179.2274996564
3.651,179.2273978944
3.652,179.2272962241
3.653,179.2271946459
3.654,179.2270931601
3.655,179.226991767
3.656,179.2268904668
3.657,179.2267892598
3.658,179.2266881464
3.659,179.2265871267
3.66,179.2264862011
3.661,179.2263853699
3.662,179.2262846333
3.663,179.2261839916
3.664,179.2260834452
3.665,179.2259829941
3.666,179.2258826389
3.667,179.2257823796
3.668,179.2256822166
3.669,179.2255821502
3.67,179.2254821806
3.671,179.225382308
3.672,179.2252825328
3.673,179.2251828552
3.674,179.2250832755
3.675,179.2249837939
3.676,179.2248844107
3.677,179.2247851262
3.678,179.2246859405
3.679,179.224586854
3.68,179.2244878669
3.681,179.2243889795
3.682,179.2242901919
3.683,179.2241915045
3.684,179.2240929175
3.685,179.2239944311
3.686,179.2238960456
3.687,179.2237977612
3.688,179.2236995782
3.689,179.2236014968
3.69,179.2235035172
3.691,179.2234056397
3.692,179.2233078644
3.693,179.2232101918
3.694,179.2231126218
3.695,179.2230151549
3.696,179.2229177911
3.697,179.2228205308
3.698,179.2227233742
3.699,179.2226263214
3.7,179.2225293727
3.701,179.2224325284
3.702,179.2223357886
3.703,179.2222391535
3.704,179.2221426234
3.705,179.2220461984
3.706,179.2219498789
3.707,179.2218536649
3.708,179.2217575567
3.709,179.2216615545
3.71,179.2215656585
3.711,179.2214698689
3.712,179.2213741859
3.713,179.2212786097
3.714,179.2211831404
3.715,179.2210877784
3.716,179.2209925237
3.717,179.2208973766
3.718,179.2208023372
3.719,179.2207074058
3.72,179.2206125824
3.721,179.2205178674
3.722,179.2204232609
3.723,179.220328763
3.724,179.220234374
3.725,179.2201400939
3.726,179.2200459231
3.727,179.2199518616
3.728,179.2198579097
3.729,179.2197640674
3.73,179.219670335
3.731,179.2195767126
3.732,179.2194832004
3.733,179.2193897986
3.734,179.2192965073
3.735,179.2192033266
3.736,179.2191102567
3.737,179.2190172978
3.738,179.2189244501
3.739,179.2188317136
3.74,179.2187390885
3.741,179.218646575
3.742,179.2185541731
3.743,179.2184618832
3.744,179.2183697052
3.745,179.2182776393
3.746,179.2181856857
3.747,179.2180938445
3.748,179.2180021158
3.749,179.2179104998
3.75,179.2178189965
3.751,179.2177276061
3.752,179.2176363288
3.753,179.2175451646
3.754,179.2174541137
3.755,179.2173631762
3.756,179.2172723522
3.757,179.2171816418
3.758,179.2170910452
3.759,179.2170005623
3.76,179.2169101935
3.761,179.2168199386
3.762,179.216729798
3.763,179.2166397716
3.764,179.2165498595
3.765,179.2164600619
3.766,179.2163703789
3.767,179.2162808105
3.768,179.2161913568
3.769,179.216102018
3.77,179.2160127941
3.771,179.2159236852
3.772,179.2158346913
3.773,179.2157458126
3.774,179.2156570492
3.775,179.2155684011
3.776,179.2154798684
3.777,179.2153914511
3.778,179.2153031494
3.779,179.2152149633
3.78,179.2151268929
3.781,179.2150389382
3.782,179.2149510993
3.783,179.2148633762
3.784,179.2147757691
3.785,179.214688278
3.786,179.2146009028
3.787,179.2145136438
3.788,179.2144265009
3.789,179.2143394742
3.79,179.2142525637
3.791,179.2141657694
3.792,179.2140790915
3.793,179.2139925299
3.794,179.2139060847
3.795,179.2138197559
3.796,179.2137335436
3.797,179.2136474477
3.798,179.2135614683
3.799,179.2134756055
3.8,179.2133898593
3.801,179.2133042296
3.802,179.2132187165
3.803,179.21313332
3.804,179.2130480402
3.805,179.212962877
3.806,179.2128778305
3.807,179.2127929006
3.808,179.2127080874
3.809,179.2126233908
3.81,179.212538811
3.811,179.2124543478
3.812,179.2123700013
3.813,179.2122857714
3.814,179.2122016582
3.815,179.2121176617
3.816,179.2120337818
3.817,179.2119500185
3.818,179.2118663718
3.819,179.2117828418
3.82,179.2116994282
3.821,179.2116161313
3.822,179.2115329508
3.823,179.2114498869
3.824,179.2113669394
3.825,179.2112841084
3.826,179.2112013937
3.827,179.2111187954
3.828,179.2110363135
3.829,179.2109539478
3.83,179.2108716984
3.831,179.2107895651
3.832,179.210707548
3.833,179.210625647
3.834,179.2105438621
3.835,179.2104621931
3.836,179.2103806401
3.837,179.2102992029
3.838,179.2102178816
3.839,179.210136676
3.84,179.2100555861
3.841,179.2099746118
3.842,179.209893753
3.843,179.2098130098
3.844,179.2097323819
3.845,179.2096518693
3.846,179.209571472
3.847,179.2094911898
3.848,179.2094110227
3.849,179.2093309706
3.85,179.2092510334
3.851,179.209171211
3.852,179.2090915033
3.853,179.2090119102
3.854,179.2089324316
3.855,179.2088530675
3.856,179.2087738176
3.857,179.208694682
3.858,179.2086156605
3.859,179.2085367529
3.86,179.2084579593
3.861,179.2083792793
3.862,179.2083007131
3.863,179.2082222604
3.864,179.208143921
3.865,179.208065695
3.866,179.2079875821
3.867,179.2079095822
3.868,179.2078316952
3.869,179.207753921
3.87,179.2076762594
3.871,179.2075987103
3.872,179.2075212736
3.873,179.207443949
3.874,179.2073667365
3.875,179.2072896359
3.876,179.2072126471
3.877,179.2071357699
3.878,179.2070590041
3.879,179.2069823496
3.88,179.2069058063
3.881,179.2068293739
3.882,179.2067530524
3.883,179.2066768415
3.884,179.206600741
3.885,179.2065247509
3.886,179.2064488709
3.887,179.2063731008
3.888,179.2062974406
3.889,179.2062218899
3.89,179.2061464486
3.891,179.2060711166
3.892,179.2059958936
3.893,179.2059207794
3.894,179.2058457739
3.895,179.2057708769
3.896,179.2056960881
3.897,179.2056214074
3.898,179.2055468346
3.899,179.2054723694
3.9,179.2053980117
3.901,179.2053237612
3.902,179.2052496177
3.903,179.205175581
3.904,179.205101651
3.905,179.2050278273
3.906,179.2049541098
3.907,179.2048804983
3.908,179.2048069924
3.909,179.204733592
3.91,179.2046602969
3.911,179.2045871068
3.912,179.2045140215
3.913,179.2044410408
3.914,179.2043681643
3.915,179.2042953919
3.916,179.2042227233
3.917,179.2041501583
3.918,179.2040776967
3.919,179.2040053381
3.92,179.2039330823
3.921,179.2038609291
3.922,179.2037888782
3.923,179.2037169293
3.924,179.2036450822
3.925,179.2035733366
3.926,179.2035016923
3.927,179.2034301489
3.928,179.2033587063
3.929,179.2032873641
3.93,179.203216122
3.931,179.2031449798
3.932,179.2030739371
3.933,179.2030029938
3.934,179.2029321495
3.935,179.2028614039
3.936,179.2027907568
3.937,179.2027202078
3.938,179.2026497566
3.939,179.202579403
3.94,179.2025091466
3.941,179.2024389872
3.942,179.2023689244
3.943,179.2022989579
3.944,179.2022290875
3.945,179.2021593127
3.946,179.2020896333
3.947,179.2020200491
3.948,179.2019505595
3.949,179.2018811644
3.95,179.2018118634
3.951,179.2017426562
3.952,179.2016735424
3.953,179.2016045218
3.954,179.2015355939
3.955,179.2014667585
3.956,179.2013980152
3.957,179.2013293637
3.958,179.2012608036
3.959,179.2011923346
3.96,179.2011239563
3.961,179.2010556684
3.962,179.2009874706
3.963,179.2009193624
3.964,179.2008513436
3.965,179.2007834137
3.966,179.2007155725
3.967,179.2006478195
3.968,179.2005801543
3.969,179.2005125767
3.97,179.2004450862
3.971,179.2003776825
3.972,179.2003103652
3.973,179.2002431339
3.974,179.2001759882
3.975,179.2001089278
3.976,179.2000419523
3.977,179.1999750612
3.978,179.1999082543
3.979,179.1998415311
3.98,179.1997748912
3.981,179.1997083342
3.982,179.1996418597
3.983,179.1995754674
3.984,179.1995091568
3.985,179.1994429276
3.986,179.1993767792
3.987,179.1993107114
3.988,179.1992447237
3.989,179.1991788156
3.99,179.1991129869
3.991,179.199047237
3.992,179.1989815655
3.993,179.1989159721
3.994,179.1988504562
3.995,179.1987850176
3.996,179.1987196557
3.997,179.1986543701
3.998,179.1985891603
3.999,179.1985240261
4,179.1984589668
4.001,179.1983939822
4.002,179.1983290717
4.003,179.1982642348
4.004,179.1981994713
4.005,179.1981347805
4.006,179.1980701621
4.007,179.1980056156
4.008,179.1979411405
4.009,179.1978767365
4.01,179.197812403
4.011,179.1977481396
4.012,179.1976839458
4.013,179.1976198212
4.014,179.1975557652
4.015,179.1974917775
4.016,179.1974278576
4.017,179.197364005
4.018,179.1973002191
4.019,179.1972364996
4.02,179.197172846
4.021,179.1971092578
4.022,179.1970457344
4.023,179.1969822755
4.024,179.1969188806
4.025,179.196855549
4.026,179.1967922805
4.027,179.1967290744
4.028,179.1966659303
4.029,179.1966028476
4.03,179.196539826
4.031,179.1964768648
4.032,179.1964139636
4.033,179.1963511219
4.034,179.1962883392
4.035,179.196225615
4.036,179.1961629487
4.037,179.1961003398
4.038,179.1960377879
4.039,179.1959752924
4.04,179.1959128529
4.041,179.1958504687
4.042,179.1957881394
4.043,179.1957258645
4.044,179.1956636433
4.045,179.1956014755
4.046,179.1955393604
4.047,179.1954772976
4.048,179.1954152865
4.049,179.1953533266
4.05,179.1952914173
4.051,179.1952295582
4.052,179.1951677486
4.053,179.195105988
4.054,179.195044276
4.055,179.1949826118
4.056,179.1949209951
4.057,179.1948594253
4.058,179.1947979017
4.059,179.1947364239
4.06,179.1946749913
4.061,179.1946136033
4.062,179.1945522595
4.063,179.1944909591
4.064,179.1944297018
4.065,179.1943684868
4.066,179.1943073138
4.067,179.194246182
4.068,179.1941850909
4.069,179.19412404
4.07,179.1940630287
4.071,179.1940020564
4.072,179.1939411225
4.073,179.1938802265
4.074,179.1938193678
4.075,179.1937585458
4.076,179.19369776
4.077,179.1936370097
4.078,179.1935762944
4.079,179.1935156135
4.08,179.1934549664
4.081,179.1933943526
4.082,179.1933337713
4.083,179.1932732221
4.084,179.1932127044
4.085,179.1931522175
4.086,179.1930917609
4.087,179.193031334
4.088,179.1929709361
4.089,179.1929105668
4.09,179.1928502253
4.091,179.1927899111
4.092,179.1927296235
4.093,179.192669362
4.094,179.192609126
4.095,179.1925489149
4.096,179.192488728
4.097,179.1924285647
4.098,179.1923684245
4.099,179.1923083067
4.1,179.1922482107
4.101,179.1921881358
4.102,179.1921280816
4.103,179.1920680473
4.104,179.1920080323
4.105,179.1919480361
4.106,179.1918880579
4.107,179.1918280973
4.108,179.1917681534
4.109,179.1917082258
4.11,179.1916483138
4.111,179.1915884168
4.112,179.1915285341
4.113,179.1914686651
4.114,179.1914088092
4.115,179.1913489658
4.116,179.1912891341
4.117,179.1912293136
4.118,179.1911695037
4.119,179.1911097037
4.12,179.191049913
4.121,179.1909901308
4.122,179.1909303567
4.123,179.1908705899
4.124,179.1908108299
4.125,179.1907510759
4.126,179.1906913273
4.127,179.1906315834
4.128,179.1905718438
4.129,179.1905121075
4.13,179.1904523742
4.131,179.190392643
4.132,179.1903329133
4.133,179.1902731845
4.134,179.190213456
4.135,179.190153727
4.136,179.190093997
4.137,179.1900342652
4.138,179.189974531
4.139,179.1899147938
4.14,179.1898550529
4.141,179.1897953076
4.142,179.1897355573
4.143,179.1896758013
4.144,179.189616039
4.145,179.1895562697
4.146,179.1894964928
4.147,179.1894367075
4.148,179.1893769132
4.149,179.1893171093
4.15,179.189257295
4.151,179.1891974698
4.152,179.1891376329
4.153,179.1890777837
4.154,179.1890179216
4.155,179.1889580457
4.156,179.1888981556
4.157,179.1888382505
4.158,179.1887783297
4.159,179.1887183926
4.16,179.1886584385
4.161,179.1885984667
4.162,179.1885384765
4.163,179.1884784674
4.164,179.1884184386
4.165,179.1883583894
4.166,179.1882983191
4.167,179.1882382272
4.168,179.1881781129
4.169,179.1881179755
4.17,179.1880578143
4.171,179.1879976288
4.172,179.1879374182
4.173,179.1878771818
4.174,179.1878169189
4.175,179.187756629
4.176,179.1876963112
4.177,179.187635965
4.178,179.1875755896
4.179,179.1875151844
4.18,179.1874547487
4.181,179.1873942817
4.182,179.187333783
4.183,179.1872732516
4.184,179.1872126871
4.185,179.1871520886
4.186,179.1870914555
4.187,179.1870307872
4.188,179.1869700829
4.189,179.186909342
4.19,179.1868485638
4.191,179.1867877476
4.192,179.1867268928
4.193,179.1866659986
4.194,179.1866050643
4.195,179.1865440894
4.196,179.1864830731
4.197,179.1864220147
4.198,179.1863609135
4.199,179.1862997689
4.2,179.1862385803
4.201,179.1861773468
4.202,179.1861160678
4.203,179.1860547428
4.204,179.1859933709
4.205,179.1859319515
4.206,179.1858704839
4.207,179.1858089674
4.208,179.1857474014
4.209,179.1856857852
4.21,179.1856241181
4.211,179.1855623994
4.212,179.1855006285
4.213,179.1854388047
4.214,179.1853769272
4.215,179.1853149955
4.216,179.1852530088
4.217,179.1851909665
4.218,179.1851288679
4.219,179.1850667124
4.22,179.1850044991
4.221,179.1849422276
4.222,179.184879897
4.223,179.1848175068
4.224,179.1847550563
4.225,179.1846925447
4.226,179.1846299715
4.227,179.1845673359
4.228,179.1845046373
4.229,179.1844418751
4.23,179.1843790484
4.231,179.1843161568
4.232,179.1842531994
4.233,179.1841901758
4.234,179.1841270851
4.235,179.1840639267
4.236,179.1840007
4.237,179.1839374043
4.238,179.1838740389
4.239,179.1838106032
4.24,179.1837470965
4.241,179.1836835181
4.242,179.1836198675
4.243,179.1835561439
4.244,179.1834923467
4.245,179.1834284752
4.246,179.1833645289
4.247,179.1833005069
4.248,179.1832364087
4.249,179.1831722336
4.25,179.1831079811
4.251,179.1830436503
4.252,179.1829792407
4.253,179.1829147517
4.254,179.1828501825
4.255,179.1827855326
4.256,179.1827208014
4.257,179.182655988
4.258,179.182591092
4.259,179.1825261127
4.26,179.1824610494
4.261,179.1823959016
4.262,179.1823306685
4.263,179.1822653496
4.264,179.1821999442
4.265,179.1821344517
4.266,179.1820688714
4.267,179.1820032028
4.268,179.1819374452
4.269,179.1818715979
4.27,179.1818056604
4.271,179.1817396321
4.272,179.1816735123
4.273,179.1816073004
4.274,179.1815409957
4.275,179.1814745978
4.276,179.1814081059
4.277,179.1813415194
4.278,179.1812748378
4.279,179.1812080605
4.28,179.1811411867
4.281,179.181074216
4.282,179.1810071477
4.283,179.1809399812
4.284,179.180872716
4.285,179.1808053514
4.286,179.1807378868
4.287,179.1806703217
4.288,179.1806026554
4.289,179.1805348874
4.29,179.1804670171
4.291,179.1803990439
4.292,179.1803309671
4.293,179.1802627864
4.294,179.1801945009
4.295,179.1801261103
4.296,179.1800576139
4.297,179.1799890111
4.298,179.1799203013
4.299,179.1798514841
4.3,179.1797825588
4.301,179.1797135249
4.302,179.1796443819
4.303,179.179575129
4.304,179.1795057659
4.305,179.1794362919
4.306,179.1793667066
4.307,179.1792970093
4.308,179.1792271995
4.309,179.1791572767
4.31,179.1790872403
4.311,179.1790170898
4.312,179.1789468247
4.313,179.1788764444
4.314,179.1788059484
4.315,179.1787353361
4.316,179.1786646071
4.317,179.1785937609
4.318,179.1785227968
4.319,179.1784517145
4.32,179.1783805133
4.321,179.1783091928
4.322,179.1782377524
4.323,179.1781661917
4.324,179.1780945102
4.325,179.1780227074
4.326,179.1779507827
4.327,179.1778787356
4.328,179.1778065658
4.329,179.1777342727
4.33,179.1776618557
4.331,179.1775893145
4.332,179.1775166486
4.333,179.1774438575
4.334,179.1773709407
4.335,179.1772978977
4.336,179.1772247281
4.337,179.1771514314
4.338,179.1770780072
4.339,179.177004455
4.34,179.1769307744
4.341,179.1768569649
4.342,179.1767830261
4.343,179.1767089575
4.344,179.1766347587
4.345,179.1765604293
4.346,179.1764859688
4.347,179.1764113768
4.348,179.1763366529
4.349,179.1762617967
4.35,179.1761868077
4.351,179.1761116856
4.352,179.1760364299
4.353,179.1759610402
4.354,179.1758855162
4.355,179.1758098574
4.356,179.1757340634
4.357,179.1756581339
4.358,179.1755820685
4.359,179.1755058668
4.36,179.1754295284
4.361,179.1753530529
4.362,179.17527644
4.363,179.1751996893
4.364,179.1751228004
4.365,179.175045773
4.366,179.1749686068
4.367,179.1748913014
4.368,179.1748138564
4.369,179.1747362715
4.37,179.1746585464
4.371,179.1745806808
4.372,179.1745026742
4.373,179.1744245265
4.374,179.1743462372
4.375,179.1742678061
4.376,179.1741892328
4.377,179.1741105171
4.378,179.1740316586
4.379,179.1739526571
4.38,179.1738735123
4.381,179.1737942238
4.382,179.1737147914
4.383,179.1736352149
4.384,179.1735554939
4.385,179.1734756281
4.386,179.1733956174
4.387,179.1733154615
4.388,179.17323516
4.389,179.1731547128
4.39,179.1730741196
4.391,179.1729933802
4.392,179.1729124944
4.393,179.1728314618
4.394,179.1727502824
4.395,179.1726689558
4.396,179.1725874819
4.397,179.1725058604
4.398,179.1724240912
4.399,179.172342174
4.4,179.1722601087
4.401,179.1721778951
4.402,179.1720955329
4.403,179.1720130221
4.404,179.1719303624
4.405,179.1718475537
4.406,179.1717645958
4.407,179.1716814886
4.408,179.1715982319
4.409,179.1715148255
4.41,179.1714312694
4.411,179.1713475634
4.412,179.1712637073
4.413,179.1711797011
4.414,179.1710955446
4.415,179.1710112378
4.416,179.1709267804
4.417,179.1708421725
4.418,179.170757414
4.419,179.1706725046
4.42,179.1705874444
4.421,179.1705022333
4.422,179.1704168713
4.423,179.1703313581
4.424,179.1702456939
4.425,179.1701598785
4.426,179.1700739119
4.427,179.1699877941
4.428,179.169901525
4.429,179.1698151046
4.43,179.1697285329
4.431,179.1696418099
4.432,179.1695549355
4.433,179.1694679098
4.434,179.1693807327
4.435,179.1692934044
4.436,179.1692059247
4.437,179.1691182938
4.438,179.1690305116
4.439,179.1689425781
4.44,179.1688544936
4.441,179.1687662579
4.442,179.1686778711
4.443,179.1685893334
4.444,179.1685006447
4.445,179.1684118052
4.446,179.168322815
4.447,179.168233674
4.448,179.1681443825
4.449,179.1680549406
4.45,179.1679653482
4.451,179.1678756057
4.452,179.167785713
4.453,179.1676956704
4.454,179.1676054779
4.455,179.1675151358
4.456,179.1674246441
4.457,179.167334003
4.458,179.1672432128
4.459,179.1671522735
4.46,179.1670611854
4.461,179.1669699486
4.462,179.1668785634
4.463,179.16678703
4.464,179.1666953485
4.465,179.1666035192
4.466,179.1665115423
4.467,179.1664194181
4.468,179.1663271468
4.469,179.1662347286
4.47,179.1661421638
4.471,179.1660494527
4.472,179.1659565956
4.473,179.1658635927
4.474,179.1657704443
4.475,179.1656771507
4.476,179.1655837123
4.477,179.1654901293
4.478,179.165396402
4.479,179.1653025309
4.48,179.1652085161
4.481,179.1651143582
4.482,179.1650200574
4.483,179.164925614
4.484,179.1648310286
4.485,179.1647363013
4.486,179.1646414327
4.487,179.1645464231
4.488,179.164451273
4.489,179.1643559827
4.49,179.1642605526
4.491,179.1641649832
4.492,179.164069275
4.493,179.1639734283
4.494,179.1638774436
4.495,179.1637813215
4.496,179.1636850623
4.497,179.1635886665
4.498,179.1634921347
4.499,179.1633954673
4.5,179.1632986648
4.501,179.1632017278
4.502,179.1631046567
4.503,179.1630074522
4.504,179.1629101147
4.505,179.1628126449
4.506,179.1627150432
4.507,179.1626173102
4.508,179.1625194465
4.509,179.1624214528
4.51,179.1623233295
4.511,179.1622250774
4.512,179.162126697
4.513,179.1620281889
4.514,179.1619295538
4.515,179.1618307923
4.516,179.1617319052
4.517,179.1616328929
4.518,179.1615337563
4.519,179.161434496
4.52,179.1613351127
4.521,179.161235607
4.522,179.1611359798
4.523,179.1610362317
4.524,179.1609363635
4.525,179.1608363758
4.526,179.1607362695
4.527,179.1606360453
4.528,179.160535704
4.529,179.1604352463
4.53,179.1603346731
4.531,179.1602339851
4.532,179.1601331832
4.533,179.1600322682
4.534,179.1599312409
4.535,179.1598301021
4.536,179.1597288527
4.537,179.1596274936
4.538,179.1595260256
4.539,179.1594244497
4.54,179.1593227666
4.541,179.1592209774
4.542,179.1591190829
4.543,179.159017084
4.544,179.1589149817
4.545,179.158812777
4.546,179.1587104707
4.547,179.1586080639
4.548,179.1585055576
4.549,179.1584029526
4.55,179.1583002501
4.551,179.1581974509
4.552,179.1580945563
4.553,179.1579915671
4.554,179.1578884844
4.555,179.1577853093
4.556,179.1576820429
4.557,179.1575786862
4.558,179.1574752402
4.559,179.1573717062
4.56,179.1572680852
4.561,179.1571643783
4.562,179.1570605867
4.563,179.1569567115
4.564,179.1568527539
4.565,179.156748715
4.566,179.156644596
4.567,179.1565403981
4.568,179.1564361225
4.569,179.1563317705
4.57,179.1562273431
4.571,179.1561228418
4.572,179.1560182676
4.573,179.1559136219
4.574,179.155808906
4.575,179.1557041211
4.576,179.1555992686
4.577,179.1554943497
4.578,179.1553893657
4.579,179.155284318
4.58,179.155179208
4.581,179.155074037
4.582,179.1549688063
4.583,179.1548635173
4.584,179.1547581715
4.585,179.1546527702
4.586,179.1545473148
4.587,179.1544418068
4.588,179.1543362476
4.589,179.1542306388
4.59,179.1541249816
4.591,179.1540192777
4.592,179.1539135284
4.593,179.1538077354
4.594,179.1537019001
4.595,179.1535960241
4.596,179.1534901088
4.597,179.153384156
4.598,179.153278167
4.599,179.1531721436
4.6,179.1530660872
4.601,179.1529599996
4.602,179.1528538823
4.603,179.1527477369
4.604,179.1526415651
4.605,179.1525353686
4.606,179.1524291491
4.607,179.1523229082
4.608,179.1522166475
4.609,179.1521103689
4.61,179.1520040741
4.611,179.1518977648
4.612,179.1517914427
4.613,179.1516851096
4.614,179.1515787673
4.615,179.1514724176
4.616,179.1513660623
4.617,179.1512597032
4.618,179.1511533422
4.619,179.151046981
4.62,179.1509406216
4.621,179.1508342658
4.622,179.1507279156
4.623,179.1506215727
4.624,179.1505152392
4.625,179.150408917
4.626,179.150302608
4.627,179.1501963141
4.628,179.1500900374
4.629,179.1499837798
4.63,179.1498775434
4.631,179.1497713301
4.632,179.149665142
4.633,179.1495589811
4.634,179.1494528495
4.635,179.1493467493
4.636,179.1492406825
4.637,179.1491346512
4.638,179.1490286576
4.639,179.1489227038
4.64,179.1488167919
4.641,179.1487109242
4.642,179.1486051027
4.643,179.1484993297
4.644,179.1483936073
4.645,179.1482879378
4.646,179.1481823235
4.647,179.1480767665
4.648,179.1479712692
4.649,179.1478658338
4.65,179.1477604626
4.651,179.1476551579
4.652,179.1475499221
4.653,179.1474447574
4.654,179.1473396663
4.655,179.1472346511
4.656,179.1471297142
4.657,179.147024858
4.658,179.146920085
4.659,179.1468153974
4.66,179.1467107979
4.661,179.1466062889
4.662,179.1465018727
4.663,179.146397552
4.664,179.1462933293
4.665,179.146189207
4.666,179.1460851877
4.667,179.145981274
4.668,179.1458774685
4.669,179.1457737737
4.67,179.1456701922
4.671,179.1455667267
4.672,179.1454633797
4.673,179.145360154
4.674,179.1452570523
4.675,179.1451540771
4.676,179.1450512313
4.677,179.1449485174
4.678,179.1448459383
4.679,179.1447434968
4.68,179.1446411955
4.681,179.1445390372
4.682,179.1444370248
4.683,179.1443351611
4.684,179.1442334489
4.685,179.1441318911
4.686,179.1440304904
4.687,179.1439292499
4.688,179.1438281724
4.689,179.1437272608
4.69,179.143626518
4.691,179.1435259471
4.692,179.1434255509
4.693,179.1433253325
4.694,179.1432252948
4.695,179.1431254409
4.696,179.1430257737
4.697,179.1429262965
4.698,179.1428270122
4.699,179.1427279238
4.7,179.1426290346
4.701,179.1425303476
4.702,179.142431866
4.703,179.1423335929
4.704,179.1422355315
4.705,179.142137685
4.706,179.1420400566
4.707,179.1419426495
4.708,179.141845467
4.709,179.1417485123
4.71,179.1416517887
4.711,179.1415552994
4.712,179.1414590479
4.713,179.1413630374
4.714,179.1412672713
4.715,179.141171753
4.716,179.1410764858
4.717,179.1409814731
4.718,179.1408867184
4.719,179.1407922251
4.72,179.1406979966
4.721,179.1406040365
4.722,179.1405103482
4.723,179.1404169352
4.724,179.1403238011
4.725,179.1402309493
4.726,179.1401383836
4.727,179.1400461074
4.728,179.1399541243
4.729,179.1398624381
4.73,179.1397710522
4.731,179.1396799704
4.732,179.1395891964
4.733,179.1394987338
4.734,179.1394085864
4.735,179.1393187579
4.736,179.139229252
4.737,179.1391400725
4.738,179.1390512232
4.739,179.138962708
4.74,179.1388745305
4.741,179.1387866947
4.742,179.1386992045
4.743,179.1386120637
4.744,179.1385252762
4.745,179.138438846
4.746,179.138352777
4.747,179.1382670731
4.748,179.1381817383
4.749,179.1380967767
4.75,179.1380121922
4.751,179.1379279888
4.752,179.1378441707
4.753,179.137760742
4.754,179.1376777066
4.755,179.1375950687
4.756,179.1375128325
4.757,179.1374310021
4.758,179.1373495817
4.759,179.1372685754
4.76,179.1371879875
4.761,179.1371078223
4.762,179.1370280839
4.763,179.1369487766
4.764,179.1368699048
4.765,179.1367914727
4.766,179.1367134847
4.767,179.1366359451
4.768,179.1365588584
4.769,179.1364822288
4.77,179.1364060608
4.771,179.1363303588
4.772,179.1362551273
4.773,179.1361803708
4.774,179.1361060937
4.775,179.1360323006
4.776,179.1359589959
4.777,179.1358861844
4.778,179.1358138704
4.779,179.1357420587
4.78,179.1356707537
4.781,179.1355999603
4.782,179.135529683
4.783,179.1354599264
4.784,179.1353906954
4.785,179.1353219946
4.786,179.1352538287
4.787,179.1351862025
4.788,179.1351191208
4.789,179.1350525884
4.79,179.1349866102
4.791,179.1349211908
4.792,179.1348563353
4.793,179.1347920485
4.794,179.1347283353
4.795,179.1346652007
4.796,179.1346026495
4.797,179.1345406868
4.798,179.1344793175
4.799,179.1344185467
4.8,179.1343583793
4.801,179.1342988205
4.802,179.1342398754
4.803,179.1341815489
4.804,179.1341238462
4.805,179.1340667726
4.806,179.134010333
4.807,179.1339545328
4.808,179.133899377
4.809,179.1338448711
4.81,179.1337910201
4.811,179.1337378293
4.812,179.1336853042
4.813,179.1336334498
4.814,179.1335822717
4.815,179.1335317751
4.816,179.1334819655
4.817,179.1334328481
4.818,179.1333844285
4.819,179.1333367121
4.82,179.1332897044
4.821,179.1332434108
4.822,179.1331978369
4.823,179.1331529881
4.824,179.1331088701
4.825,179.1330654884
4.826,179.1330228486
4.827,179.1329809563
4.828,179.1329398172
4.829,179.132899437
4.83,179.1328598213
4.831,179.1328209758
4.832,179.1327829063
4.833,179.1327456185
4.834,179.1327091182
4.835,179.1326734112
4.836,179.1326385033
4.837,179.1326044003
4.838,179.1325711082
4.839,179.1325386329
4.84,179.1325069801
4.841,179.132476156
4.842,179.1324461663
4.843,179.1324170172
4.844,179.1323887145
4.845,179.1323612644
4.846,179.1323346729
4.847,179.132308946
4.848,179.1322840899
4.849,179.1322601106
4.85,179.1322370144
4.851,179.1322148073
4.852,179.1321934956
4.853,179.1321730855
4.854,179.1321535831
4.855,179.1321349949
4.856,179.1321173269
4.857,179.1321005856
4.858,179.1320847773
4.859,179.1320699082
4.86,179.1320559849
4.861,179.1320430137
4.862,179.1320310009
4.863,179.1320199531
4.864,179.1320098767
4.865,179.1320007782
4.866,179.1319926642
4.867,179.131985541
4.868,179.1319794154
4.869,179.1319742939
4.87,179.1319701831
4.871,179.1319670896
4.872,179.1319650201
4.873,179.1319639813
4.874,179.1319639799
4.875,179.1319650225
4.876,179.131967116
4.877,179.1319702672
4.878,179.1319744827
4.879,179.1319797695
4.88,179.1319861343
4.881,179.1319935842
4.882,179.1320021258
4.883,179.1320117662
4.884,179.1320225124
4.885,179.1320343712
4.886,179.1320473497
4.887,179.1320614548
4.888,179.1320766937
4.889,179.1320930733
4.89,179.1321106008
4.891,179.1321292833
4.892,179.1321491278
4.893,179.1321701417
4.894,179.132192332
4.895,179.1322157059
4.896,179.1322402708
4.897,179.1322660338
4.898,179.1322930022
4.899,179.1323211833
4.9,179.1323505846
4.901,179.1323812132
4.902,179.1324130766
4.903,179.1324461822
4.904,179.1324805375
4.905,179.1325161498
4.906,179.1325530267
4.907,179.1325911757
4.908,179.1326306042
4.909,179.1326713199
4.91,179.1327133303
4.911,179.132756643
4.912,179.1328012656
4.913,179.1328472058
4.914,179.1328944713
4.915,179.1329430698
4.916,179.132993009
4.917,179.1330442966
4.918,179.1330969404
4.919,179.1331509482
4.92,179.1332063279
4.921,179.1332630873
4.922,179.1333212342
4.923,179.1333807766
4.924,179.1334417224
4.925,179.1335040795
4.926,179.1335678559
4.927,179.1336330597
4.928,179.1336996988
4.929,179.1337677813
4.93,179.1338373152
4.931,179.1339083088
4.932,179.13398077
4.933,179.1340547071
4.934,179.1341301281
4.935,179.1342070415
4.936,179.1342854552
4.937,179.1343653777
4.938,179.1344468172
4.939,179.1345297819
4.94,179.1346142803
4.941,179.1347003206
4.942,179.1347879113
4.943,179.1348770607
4.944,179.1349677773
4.945,179.1350600696
4.946,179.135153946
4.947,179.135249415
4.948,179.1353464852
4.949,179.1354451651
4.95,179.1355454633
4.951,179.1356473885
4.952,179.1357509492
4.953,179.1358561541
4.954,179.1359630119
4.955,179.1360715313
4.956,179.136181721
4.957,179.1362935899
4.958,179.1364071467
4.959,179.1365224002
4.96,179.1366393593
4.961,179.1367580328
4.962,179.1368784296
4.963,179.1370005586
4.964,179.1371244289
4.965,179.1372500493
4.966,179.1373774288
4.967,179.1375065765
4.968,179.1376375014
4.969,179.1377702127
4.97,179.1379047193
4.971,179.1380410304
4.972,179.1381791552
4.973,179.1383191029
4.974,179.1384608826
4.975,179.1386045036
4.976,179.1387499751
4.977,179.1388973064
4.978,179.1390465069
4.979,179.1391975858
4.98,179.1393505526
4.981,179.1395054165
4.982,179.1396621871
4.983,179.1398208737
4.984,179.1399814859
4.985,179.140144033
4.986,179.1403085247
4.987,179.1404749705
4.988,179.1406433799
4.989,179.1408137625
4.99,179.140986128
4.991,179.141160486
4.992,179.1413368461
4.993,179.1415152182
4.994,179.1416956118
4.995,179.1418780368
4.996,179.1420625029
4.997,179.14224902
4.998,179.1424375978
4.999,179.1426282463
5,179.1428209753
