"Freq [GHz]","VSWR(1) []"
1,319.31317209459
1.001,320.108143209175
1.002,320.903168881418
1.003,321.698234892288
1.004,322.493326955311
1.005,323.288430717026
1.006,324.083531757498
1.007,324.878615590766
1.008,325.673667665319
1.009,326.46867336472
1.01,327.26361800784
1.011,328.058486849687
1.012,328.853265081734
1.013,329.647937832462
1.014,330.442490168065
1.015,331.236907092767
1.016,332.031173549596
1.017,332.825274420858
1.018,333.619194528684
1.019,334.412918635711
1.02,335.206431445606
1.021,335.999717603732
1.022,336.792761697691
1.023,337.5855482581
1.024,338.378061759001
1.025,339.170286618731
1.026,339.962207200464
1.027,340.753807812842
1.028,341.54507271074
1.029,342.335986095911
1.03,343.126532117631
1.031,343.916694873526
1.032,344.70645841005
1.033,345.495806723536
1.034,346.284723760568
1.035,347.07319341902
1.036,347.861199548643
1.037,348.648725951765
1.038,349.435756384163
1.039,350.222274555931
1.04,351.008264131921
1.041,351.793708732944
1.042,352.578591936299
1.043,353.362897276637
1.044,354.146608246749
1.045,354.929708298583
1.046,355.712180843771
1.047,356.494009254767
1.048,357.275176865411
1.049,358.055666971988
1.05,358.835462834098
1.051,359.614547675404
1.052,360.392904684581
1.053,361.170517016229
1.054,361.947367791719
1.055,362.723440100173
1.056,363.498716999249
1.057,364.273181516208
1.058,365.046816648799
1.059,365.819605366111
1.06,366.591530609639
1.061,367.362575294142
1.062,368.132722308653
1.063,368.901954517476
1.064,369.670254761019
1.065,370.43760585702
1.066,371.203990601206
1.067,371.969391768642
1.068,372.733792114509
1.069,373.497174375135
1.07,374.259521269023
1.071,375.020815497966
1.072,375.781039747967
1.073,376.540176690264
1.074,377.298208982527
1.075,378.055119269688
1.076,378.81089018515
1.077,379.565504351794
1.078,380.318944383022
1.079,381.071192883907
1.08,381.822232452155
1.081,382.572045679288
1.082,383.32061515166
1.083,384.067923451694
1.084,384.813953158653
1.085,385.558686850177
1.086,386.302107103023
1.087,387.044196494381
1.088,387.784937602946
1.089,388.524313010059
1.09,389.262305300726
1.091,389.998897064831
1.092,390.73407089833
1.093,391.467809404313
1.094,392.200095194111
1.095,392.930910888535
1.096,393.660239118943
1.097,394.388062528468
1.098,395.114363773073
1.099,395.839125522894
1.1,396.562330463127
1.101,397.283961295462
1.102,398.004000739102
1.103,398.722431531919
1.104,399.439236431842
1.105,400.154398217611
1.106,400.867899690478
1.107,401.57972367489
1.108,402.289853020048
1.109,402.998270600888
1.11,403.704959319264
1.111,404.409902105329
1.112,405.113081918427
1.113,405.81448174849
1.114,406.514084617215
1.115,407.211873579182
1.116,407.907831722966
1.117,408.601942172626
1.118,409.294188088512
1.119,409.98455266881
1.12,410.673019150423
1.121,411.359570810382
1.122,412.044190966882
1.123,412.726862980684
1.124,413.407570256038
1.125,414.086296242017
1.126,414.763024433737
1.127,415.437738373457
1.128,416.110421651806
1.129,416.781057908872
1.13,417.449630835574
1.131,418.116124174677
1.132,418.780521722017
1.133,419.442807327713
1.134,420.102964897229
1.135,420.760978392645
1.136,421.416831833831
1.137,422.070509299467
1.138,422.721994928457
1.139,423.371272920844
1.14,424.018327539072
1.141,424.663143109023
1.142,425.305704021397
1.143,425.945994732646
1.144,426.583999766155
1.145,427.219703713445
1.146,427.853091235204
1.147,428.484147062486
1.148,429.112855997796
1.149,429.739202916159
1.15,430.363172766352
1.151,430.984750571988
1.152,431.603921432263
1.153,432.220670523756
1.154,432.834983100805
1.155,433.446844496978
1.156,434.05624012603
1.157,434.663155483055
1.158,435.26757614544
1.159,435.869487773946
1.16,436.46887611382
1.161,437.065726995768
1.162,437.660026336975
1.163,438.25176014222
1.164,438.84091450486
1.165,439.427475607679
1.166,440.011429724239
1.167,440.592763219503
1.168,441.171462551091
1.169,441.747514270123
1.17,442.320905022289
1.171,442.891621548573
1.172,443.459650686505
1.173,444.024979371055
1.174,444.587594635369
1.175,445.147483611868
1.176,445.704633533115
1.177,446.259031732795
1.178,446.81066564646
1.179,447.359522812522
1.18,447.905590873157
1.181,448.44885757512
1.182,448.98931077061
1.183,449.526938418161
1.184,450.061728583382
1.185,450.593669440001
1.186,451.122749270388
1.187,451.648956466508
1.188,452.172279530853
1.189,452.692707076991
1.19,453.210227830546
1.191,453.724830629693
1.192,454.236504426258
1.193,454.745238286259
1.194,455.251021390494
1.195,455.753843035647
1.196,456.253692634755
1.197,456.750559717733
1.198,457.244433932369
1.199,457.73530504492
1.2,458.223162940711
1.201,458.707997624677
1.202,459.189799222347
1.203,459.668557979991
1.204,460.144264265666
1.205,460.616908569559
1.206,461.086481504614
1.207,461.552973807216
1.208,462.016376337607
1.209,462.47668008049
1.21,462.933876145583
1.211,463.387955768239
1.212,463.838910309596
1.213,464.286731257687
1.214,464.731410227155
1.215,465.17293896039
1.216,465.61130932768
1.217,466.046513327657
1.218,466.478543087799
1.219,466.907390864782
1.22,467.333049045016
1.221,467.755510144739
1.222,468.174766810876
1.223,468.590811820897
1.224,469.003638083405
1.225,469.413238638609
1.226,469.819606658361
1.227,470.222735446601
1.228,470.622618439749
1.229,471.019249206862
1.23,471.412621449843
1.231,471.802729003839
1.232,472.189565837435
1.233,472.573126052851
1.234,472.953403886266
1.235,473.330393707759
1.236,473.704090021825
1.237,474.074487467288
1.238,474.441580817604
1.239,474.805364980986
1.24,475.165835000373
1.241,475.522986053889
1.242,475.876813454611
1.243,476.227312650742
1.244,476.574479225866
1.245,476.918308898909
1.246,477.258797523968
1.247,477.595941090683
1.248,477.929735724106
1.249,478.260177684658
1.25,478.587263368252
1.251,478.910989306146
1.252,479.231352164977
1.253,479.548348746836
1.254,479.861975988905
1.255,480.172230963685
1.256,480.479110878722
1.257,480.782613076611
1.258,481.082735034913
1.259,481.379474365773
1.26,481.672828816279
1.261,481.962796267693
1.262,482.249374735761
1.263,482.532562370466
1.264,482.812357455609
1.265,483.088758408725
1.266,483.361763781094
1.267,483.631372257045
1.268,483.897582654303
1.269,484.160393923001
1.27,484.419805146295
1.271,484.675815539314
1.272,484.928424449191
1.273,485.177631355009
1.274,485.423435866842
1.275,485.665837726228
1.276,485.904836805033
1.277,486.140433105836
1.278,486.372626760965
1.279,486.601418032496
1.28,486.826807311872
1.281,487.048795119013
1.282,487.267382102782
1.283,487.482569039691
1.284,487.694356834033
1.285,487.902746517212
1.286,488.107739247301
1.287,488.309336308815
1.288,488.50753911172
1.289,488.70234919157
1.29,488.893768208613
1.291,489.081797947375
1.292,489.266440316108
1.293,489.447697346449
1.294,489.625571192714
1.295,489.800064131408
1.296,489.971178560504
1.297,490.138916999364
1.298,490.303282087479
1.299,490.464276584507
1.3,490.621903369407
1.301,490.776165439567
1.302,490.92706591075
1.303,491.074608016292
1.304,491.218795106015
1.305,491.359630646383
1.306,491.497118219038
1.307,491.631261520829
1.308,491.762064362777
1.309,491.889530669486
1.31,492.013664478389
1.311,492.134469939345
1.312,492.251951313537
1.313,492.366112973068
1.314,492.476959400205
1.315,492.584495186574
1.316,492.688725032465
1.317,492.789653746178
1.318,492.887286243186
1.319,492.981627545362
1.32,493.072682780547
1.321,493.1604571812
1.322,493.244956084288
1.323,493.326184929969
1.324,493.40414926127
1.325,493.478854722847
1.326,493.550307060701
1.327,493.618512120927
1.328,493.683475849154
1.329,493.745204289742
1.33,493.803703584941
1.331,493.858979973949
1.332,493.911039792298
1.333,493.959889470949
1.334,494.00553553532
1.335,494.047984604732
1.336,494.087243391339
1.337,494.123318699394
1.338,494.156217424395
1.339,494.185946551991
1.34,494.212513157701
1.341,494.235924405414
1.342,494.256187546974
1.343,494.27330992108
1.344,494.287298952424
1.345,494.29816215103
1.346,494.305907111182
1.347,494.310541510435
1.348,494.312073109109
1.349,494.310509749089
1.35,494.305859352992
1.351,494.298129923342
1.352,494.287329541766
1.353,494.273466367776
1.354,494.256548638296
1.355,494.23658466648
1.356,494.213582840797
1.357,494.187551624306
1.358,494.158499553648
1.359,494.126435238187
1.36,494.091367359026
1.361,494.053304668232
1.362,494.012255987727
1.363,493.968230208634
1.364,493.921236290058
1.365,493.871283258542
1.366,493.818380206825
1.367,493.762536293181
1.368,493.703760740345
1.369,493.642062834515
1.37,493.577451924835
1.371,493.509937422083
1.372,493.439528797886
1.373,493.366235583955
1.374,493.290067370862
1.375,493.21103380746
1.376,493.129144599819
1.377,493.044409510124
1.378,492.956838356374
1.379,492.866441010614
1.38,492.773227398746
1.381,492.677207499421
1.382,492.578391342862
1.383,492.47678901028
1.384,492.372410632996
1.385,492.265266391211
1.386,492.155366513396
1.387,492.042721275257
1.388,491.927340999125
1.389,491.809236052565
1.39,491.68841684787
1.391,491.564893841122
1.392,491.438677531173
1.393,491.309778458788
1.394,491.178207205975
1.395,491.043974394773
1.396,490.907090686698
1.397,490.767566781629
1.398,490.625413416989
1.399,490.480641367076
1.4,490.333261441802
1.401,490.183284486458
1.402,490.030721379998
1.403,489.8755830351
1.404,489.717880396463
1.405,489.557624440737
1.406,489.39482617503
1.407,489.229496636634
1.408,489.061646891487
1.409,488.891288034116
1.41,488.718431186378
1.411,488.543087496561
1.412,488.365268138819
1.413,488.18498431217
1.414,488.002247239801
1.415,487.81706816809
1.416,487.629458366098
1.417,487.439429124365
1.418,487.246991754551
1.419,487.052157588176
1.42,486.854937976357
1.421,486.655344288457
1.422,486.453387911753
1.423,486.249080250464
1.424,486.042432724962
1.425,485.833456771146
1.426,485.622163839469
1.427,485.408565394363
1.428,485.192672913469
1.429,484.974497886732
1.43,484.754051815901
1.431,484.531346213451
1.432,484.306392602238
1.433,484.079202514538
1.434,483.849787491399
1.435,483.618159081834
1.436,483.384328842196
1.437,483.148308335476
1.438,482.910109130571
1.439,482.669742801594
1.44,482.427220927033
1.441,482.182555089361
1.442,481.935756874222
1.443,481.686837869659
1.444,481.435809665417
1.445,481.182683852531
1.446,480.92747202254
1.447,480.670185766557
1.448,480.410836675135
1.449,480.149436337186
1.45,479.885996339603
1.451,479.620528266519
1.452,479.35304369856
1.453,479.083554212515
1.454,478.812071380583
1.455,478.538606769536
1.456,478.263171940587
1.457,477.985778448261
1.458,477.706437840226
1.459,477.425161656555
1.46,477.141961429022
1.461,476.856848680746
1.462,476.569834925311
1.463,476.280931666636
1.464,475.990150398066
1.465,475.697502601891
1.466,475.402999748791
1.467,475.106653297592
1.468,474.808474694221
1.469,474.508475371511
1.47,474.206666748545
1.471,473.903060230172
1.472,473.597667206668
1.473,473.290499052834
1.474,472.981567127943
1.475,472.670882774718
1.476,472.358457319502
1.477,472.044302071158
1.478,471.728428320906
1.479,471.410847341856
1.48,471.091570388506
1.481,470.770608695995
1.482,470.447973480119
1.483,470.123675936584
1.484,469.797727240711
1.485,469.470138546811
1.486,469.14092098786
1.487,468.810085675151
1.488,468.477643697585
1.489,468.143606121786
1.49,467.807983991054
1.491,467.470788325368
1.492,467.132030120906
1.493,466.791720349548
1.494,466.449869958669
1.495,466.106489870441
1.496,465.761590981869
1.497,465.415184164169
1.498,465.067280262317
1.499,464.71789009485
1.5,464.367024453488
1.501,464.014694102776
1.502,463.660909779657
1.503,463.305682193237
1.504,462.949022024334
1.505,462.590939925434
1.506,462.231446519684
1.507,461.870552401591
1.508,461.50826813585
1.509,461.144604257262
1.51,460.779571270679
1.511,460.413179650446
1.512,460.045439840263
1.513,459.676362252717
1.514,459.305957269159
1.515,458.934235239354
1.516,458.561206481267
1.517,458.186881280664
1.518,457.811269890973
1.519,457.434382533058
1.52,457.05622939478
1.521,456.676820630917
1.522,456.296166362821
1.523,455.914276678254
1.524,455.531161631135
1.525,455.14683124126
1.526,454.761295494143
1.527,454.374564340705
1.528,453.986647697189
1.529,453.597555444778
1.53,453.207297429619
1.531,452.815883462375
1.532,452.423323318267
1.533,452.029626736572
1.534,451.634803420749
1.535,451.238863038191
1.536,450.84181521971
1.537,450.44366955992
1.538,450.044435616727
1.539,449.644122911002
1.54,449.242740926866
1.541,448.840299111231
1.542,448.436806873636
1.543,448.032273586292
1.544,447.626708583677
1.545,447.220121162721
1.546,446.812520582287
1.547,446.403916063416
1.548,445.994316788921
1.549,445.583731903322
1.55,445.172170512794
1.551,444.759641685172
1.552,444.346154449468
1.553,443.931717796154
1.554,443.516340676723
1.555,443.100032003743
1.556,442.682800651049
1.557,442.264655453072
1.558,441.845605205088
1.559,441.425658663174
1.56,441.004824543985
1.561,440.583111524741
1.562,440.160528243149
1.563,439.737083297253
1.564,439.312785245491
1.565,438.887642606559
1.566,438.461663859406
1.567,438.034857443007
1.568,437.607231756575
1.569,437.178795159212
1.57,436.749555970168
1.571,436.31952246852
1.572,435.888702893368
1.573,435.457105443528
1.574,435.024738277844
1.575,434.591609514759
1.576,434.157727232623
1.577,433.723099469484
1.578,433.287734223105
1.579,432.851639450998
1.58,432.414823070282
1.581,431.977292957836
1.582,431.539056950121
1.583,431.100122843249
1.584,430.660498393112
1.585,430.220191315046
1.586,429.779209284093
1.587,429.337559935074
1.588,428.89525086229
1.589,428.452289619727
1.59,428.008683721155
1.591,427.564440639857
1.592,427.119567808975
1.593,426.674072621195
1.594,426.227962429168
1.595,425.781244545026
1.596,425.333926240957
1.597,424.886014748674
1.598,424.43751725999
1.599,423.988440926522
1.6,423.538792859731
1.601,423.088580130997
1.602,422.637809771855
1.603,422.186488773744
1.604,421.734624088117
1.605,421.282222626784
1.606,420.829291261383
1.607,420.375836824091
1.608,419.921866107199
1.609,419.467385863261
1.61,419.012402805426
1.611,418.556923607031
1.612,418.100954902074
1.613,417.644503285065
1.614,417.187575311225
1.615,416.730177496302
1.616,416.272316316971
1.617,415.813998210654
1.618,415.355229575599
1.619,414.896016771254
1.62,414.43636611788
1.621,413.976283897011
1.622,413.515776351368
1.623,413.054849684878
1.624,412.59351006297
1.625,412.131763612396
1.626,411.669616421493
1.627,411.207074540252
1.628,410.744143980353
1.629,410.280830715269
1.63,409.817140680324
1.631,409.35307977291
1.632,408.888653852443
1.633,408.423868740587
1.634,407.958730221107
1.635,407.493244040304
1.636,407.027415906882
1.637,406.561251492059
1.638,406.094756429833
1.639,405.627936316892
1.64,405.160796712802
1.641,404.693343140122
1.642,404.225581084593
1.643,403.757515994912
1.644,403.289153283406
1.645,402.82049832548
1.646,402.351556460277
1.647,401.882332990591
1.648,401.412833182851
1.649,400.9430622674
1.65,400.473025438515
1.651,400.002727854723
1.652,399.532174638578
1.653,399.061370876988
1.654,398.590321621444
1.655,398.119031887959
1.656,397.647506657104
1.657,397.175750874436
1.658,396.703769450359
1.659,396.231567260273
1.66,395.759149144959
1.661,395.286519910278
1.662,394.813684327628
1.663,394.340647133976
1.664,393.867413032022
1.665,393.393986690059
1.666,392.92037274265
1.667,392.446575790119
1.668,391.97260039917
1.669,391.498451102807
1.67,391.024132400404
1.671,390.549648758075
1.672,390.075004608547
1.673,389.600204351448
1.674,389.125252353375
1.675,388.650152948046
1.676,388.17491043644
1.677,387.699529086958
1.678,387.224013135471
1.679,386.748366785618
1.68,386.272594208656
1.681,385.796699543958
1.682,385.320686898892
1.683,384.844560349018
1.684,384.368323938202
1.685,383.891981678976
1.686,383.415537552293
1.687,382.938995507984
1.688,382.462359464649
1.689,381.985633310143
1.69,381.508820901339
1.691,381.031926064427
1.692,380.554952595111
1.693,380.077904258717
1.694,379.600784790245
1.695,379.123597894553
1.696,378.646347246663
1.697,378.169036491662
1.698,377.691669244831
1.699,377.214249092121
1.7,376.736779589971
1.701,376.259264265462
1.702,375.781706616718
1.703,375.304110112698
1.704,374.826478193654
1.705,374.348814271091
1.706,373.871121727947
1.707,373.393403918702
1.708,372.915664169601
1.709,372.437905778886
1.71,371.960132016584
1.711,371.482346125016
1.712,371.004551318698
1.713,370.52675078474
1.714,370.048947682694
1.715,369.57114514495
1.716,369.093346276624
1.717,368.615554156026
1.718,368.137771834384
1.719,367.660002336509
1.72,367.182248660463
1.721,366.704513777828
1.722,366.226800634156
1.723,365.749112148598
1.724,365.271451214521
1.725,364.793820699362
1.726,364.316223444806
1.727,363.838662267011
1.728,363.361139956798
1.729,362.883659279545
1.73,362.406222975631
1.731,361.92883376038
1.732,361.451494324255
1.733,360.974207332975
1.734,360.496975427776
1.735,360.019801225425
1.736,359.54268731837
1.737,359.06563627492
1.738,358.588650639329
1.739,358.111732932059
1.74,357.634885649865
1.741,357.158111265753
1.742,356.681412229451
1.743,356.204790967303
1.744,355.728249882468
1.745,355.251791355066
1.746,354.77541774234
1.747,354.299131378824
1.748,353.822934576323
1.749,353.34682962426
1.75,352.87081878967
1.751,352.394904317328
1.752,351.919088430124
1.753,351.443373328755
1.754,350.967761192351
1.755,350.492254178265
1.756,350.016854422308
1.757,349.54156403896
1.758,349.066385121448
1.759,348.591319741855
1.76,348.116369951263
1.761,347.641537779967
1.762,347.16682523747
1.763,346.692234312741
1.764,346.217766974262
1.765,345.743425170259
1.766,345.269210828751
1.767,344.795125857621
1.768,344.321172144966
1.769,343.847351559025
1.77,343.373665948379
1.771,342.90011714207
1.772,342.426706949816
1.773,341.953437161977
1.774,341.480309549867
1.775,341.007325865713
1.776,340.534487842937
1.777,340.061797196113
1.778,339.589255621293
1.779,339.116864796016
1.78,338.644626379421
1.781,338.172542012431
1.782,337.700613317854
1.783,337.228841900516
1.784,336.757229347376
1.785,336.28577722766
1.786,335.814487093022
1.787,335.343360477564
1.788,334.87239889808
1.789,334.40160385409
1.79,333.930976828049
1.791,333.460519285387
1.792,332.990232674694
1.793,332.520118427756
1.794,332.050177959788
1.795,331.580412669529
1.796,331.110823939261
1.797,330.641413135053
1.798,330.172181606874
1.799,329.703130688532
1.8,329.234261698126
1.801,328.76557593776
1.802,328.297074694119
1.803,327.828759238095
1.804,327.360630825309
1.805,326.89269069602
1.806,326.424940075298
1.807,325.957380173144
1.808,325.490012184561
1.809,325.022837289756
1.81,324.555856654131
1.811,324.089071428525
1.812,323.622482749294
1.813,323.156091738306
1.814,322.689899503247
1.815,322.223907137594
1.816,321.758115720747
1.817,321.29252631825
1.818,320.827139981711
1.819,320.361957749054
1.82,319.896980644634
1.821,319.432209679288
1.822,318.967645850403
1.823,318.503290142168
1.824,318.039143525571
1.825,317.575206958484
1.826,317.111481385887
1.827,316.647967739868
1.828,316.184666939855
1.829,315.721579892491
1.83,315.258707492027
1.831,314.796050620192
1.832,314.333610146447
1.833,313.871386928058
1.834,313.409381810117
1.835,312.947595625732
1.836,312.486029196082
1.837,312.024683330628
1.838,311.563558827021
1.839,311.102656471371
1.84,310.641977038283
1.841,310.181521290969
1.842,309.721289981364
1.843,309.261283850134
1.844,308.801503626907
1.845,308.341950030329
1.846,307.882623768074
1.847,307.423525537115
1.848,306.964656023602
1.849,306.506015903159
1.85,306.047605840929
1.851,305.589426491526
1.852,305.131478499379
1.853,304.673762498591
1.854,304.216279113185
1.855,303.759028957147
1.856,303.302012634534
1.857,302.845230739571
1.858,302.388683856657
1.859,301.932372560605
1.86,301.476297416638
1.861,301.020458980514
1.862,300.564857798611
1.863,300.109494407986
1.864,299.654369336556
1.865,299.199483103009
1.866,298.744836217168
1.867,298.290429179787
1.868,297.836262482878
1.869,297.382336609621
1.87,296.92865203459
1.871,296.475209223731
1.872,296.022008634499
1.873,295.56905071605
1.874,295.116335909047
1.875,294.663864646051
1.876,294.211637351386
1.877,293.759654441428
1.878,293.307916324433
1.879,292.856423400879
1.88,292.405176063358
1.881,291.954174696796
1.882,291.50341967842
1.883,291.052911377905
1.884,290.602650157514
1.885,290.152636371985
1.886,289.702870368849
1.887,289.253352488335
1.888,288.804083063576
1.889,288.355062420557
1.89,287.906290878346
1.891,287.45776874897
1.892,287.009496337772
1.893,286.56147394321
1.894,286.113701857109
1.895,285.66618036473
1.896,285.218909744694
1.897,284.771890269272
1.898,284.325122204309
1.899,283.878605809385
1.9,283.432341337803
1.901,282.986329036778
1.902,282.540569147375
1.903,282.095061904732
1.904,281.649807538027
1.905,281.204806270584
1.906,280.760058319929
1.907,280.315563897931
1.908,279.87132321079
1.909,279.42733645911
1.91,278.983603838052
1.911,278.540125537357
1.912,278.096901741397
1.913,277.653932629251
1.914,277.211218374809
1.915,276.768759146798
1.916,276.326555108917
1.917,275.884606419793
1.918,275.442913233202
1.919,275.001475697958
1.92,274.560293958181
1.921,274.119368153177
1.922,273.678698417653
1.923,273.238284881605
1.924,272.798127670642
1.925,272.358226905801
1.926,271.918582703761
1.927,271.479195176897
1.928,271.040064433214
1.929,270.601190576594
1.93,270.162573706771
1.931,269.724213919375
1.932,269.286111305989
1.933,268.848265954322
1.934,268.410677948144
1.935,267.973347367383
1.936,267.53627428823
1.937,267.099458783164
1.938,266.662900920985
1.939,266.226600766957
1.94,265.790558382838
1.941,265.354773826834
1.942,264.919247153835
1.943,264.483978415346
1.944,264.048967659562
1.945,263.614214931528
1.946,263.179720273045
1.947,262.745483722832
1.948,262.311505316587
1.949,261.877785086942
1.95,261.444323063659
1.951,261.011119273592
1.952,260.578173740724
1.953,260.145486486358
1.954,259.713057529037
1.955,259.280886884581
1.956,258.848974566324
1.957,258.417320584985
1.958,257.985924948772
1.959,257.554787663518
1.96,257.123908732587
1.961,256.693288157066
1.962,256.262925935763
1.963,255.832822065207
1.964,255.402976539771
1.965,254.973389351741
1.966,254.544060491315
1.967,254.114989946597
1.968,253.686177703832
1.969,253.257623747284
1.97,252.829328059354
1.971,252.401290620616
1.972,251.973511409896
1.973,251.545990404293
1.974,251.118727579238
1.975,250.69172290851
1.976,250.264976364367
1.977,249.83848791748
1.978,249.412257537108
1.979,248.986285191058
1.98,248.560570845708
1.981,248.135114466164
1.982,247.70991601624
1.983,247.284975458451
1.984,246.860292754146
1.985,246.435867863584
1.986,246.011700745802
1.987,245.58779135889
1.988,245.164139659865
1.989,244.740745604769
1.99,244.317609148762
1.991,243.894730246082
1.992,243.472108850156
1.993,243.049744913594
1.994,242.627638388273
1.995,242.205789225368
1.996,241.78419737536
1.997,241.362862788155
1.998,240.941785413029
1.999,240.520965198735
2,240.100402093565
2.001,239.680096045279
2.002,239.260047001317
2.003,238.840254908688
2.004,238.420719714057
2.005,238.001441363817
2.006,237.582419804122
2.007,237.16365498088
2.008,236.745146839849
2.009,236.326895326626
2.01,235.908900386749
2.011,235.49116196567
2.012,235.073680008819
2.013,234.656454461653
2.014,234.239485269673
2.015,233.822772378519
2.016,233.406315733887
2.017,232.9901152817
2.018,232.574170968057
2.019,232.158482739288
2.02,231.74305054204
2.021,231.327874323219
2.022,230.912954030141
2.023,230.498289610421
2.024,230.083881012201
2.025,229.669728183969
2.026,229.255831074759
2.027,228.842189634131
2.028,228.428803812167
2.029,228.015673559555
2.03,227.60279882763
2.031,227.190179568342
2.032,226.777815734364
2.033,226.365707279064
2.034,225.953854156573
2.035,225.542256321832
2.036,225.13091373058
2.037,224.719826339405
2.038,224.308994105795
2.039,223.898416988124
2.04,223.488094945741
2.041,223.078027938958
2.042,222.668215929059
2.043,222.258658878446
2.044,221.849356750519
2.045,221.440309509796
2.046,221.031517121936
2.047,220.622979553714
2.048,220.21469677312
2.049,219.806668749387
2.05,219.3988954529
2.051,218.991376855412
2.052,218.584112929913
2.053,218.17710365077
2.054,217.770348993648
2.055,217.363848935622
2.056,216.957603455201
2.057,216.551612532274
2.058,216.145876148252
2.059,215.740394285994
2.06,215.335166929887
2.061,214.930194065883
2.062,214.525475681465
2.063,214.12101176573
2.064,213.716802309378
2.065,213.312847304802
2.066,212.909146746007
2.067,212.505700628715
2.068,212.10250895037
2.069,211.699571710143
2.07,211.296888909004
2.071,210.894460549679
2.072,210.492286636727
2.073,210.090367176529
2.074,209.688702177351
2.075,209.287291649332
2.076,208.886135604515
2.077,208.485234056862
2.078,208.084587022316
2.079,207.684194518762
2.08,207.284056566092
2.081,206.884173186211
2.082,206.484544403092
2.083,206.085170242722
2.084,205.686050733196
2.085,205.287185904697
2.086,204.888575789547
2.087,204.490220422198
2.088,204.092119839271
2.089,203.694274079559
2.09,203.296683184071
2.091,202.899347196018
2.092,202.502266160861
2.093,202.105440126343
2.094,201.708869142447
2.095,201.312553261483
2.096,200.916492538063
2.097,200.520687029141
2.098,200.125136794015
2.099,199.729841894343
2.1,199.334802394207
2.101,198.94001836007
2.102,198.545489860796
2.103,198.151216967716
2.104,197.757199754624
2.105,197.363438297768
2.106,196.969932675885
2.107,196.576682970211
2.108,196.183689264547
2.109,195.790951645154
2.11,195.398470200925
2.111,195.00624502326
2.112,194.614276206184
2.113,194.222563846293
2.114,193.831108042803
2.115,193.439908897554
2.116,193.04896651504
2.117,192.65828100241
2.118,192.267852469452
2.119,191.877681028662
2.12,191.487766795245
2.121,191.098109887091
2.122,190.708710424834
2.123,190.319568531807
2.124,189.930684334136
2.125,189.542057960692
2.126,189.153689543118
2.127,188.765579215848
2.128,188.377727116096
2.129,187.990133383905
2.13,187.60279816214
2.131,187.21572159648
2.132,186.828903835473
2.133,186.442345030497
2.134,186.056045335814
2.135,185.67000490856
2.136,185.284223908748
2.137,184.898702499287
2.138,184.513440846014
2.139,184.128439117666
2.14,183.7436974859
2.141,183.359216125332
2.142,182.974995213494
2.143,182.591034930899
2.144,182.207335461014
2.145,181.823896990269
2.146,181.440719708078
2.147,181.057803806862
2.148,180.675149482028
2.149,180.292756931961
2.15,179.910626358087
2.151,179.528757964866
2.152,179.147151959759
2.153,178.765808553265
2.154,178.384727958919
2.155,178.003910393349
2.156,177.623356076183
2.157,177.243065230132
2.158,176.863038080977
2.159,176.483274857584
2.16,176.103775791875
2.161,175.724541118881
2.162,175.345571076711
2.163,174.966865906559
2.164,174.588425852755
2.165,174.210251162721
2.166,173.832342086967
2.167,173.45469887915
2.168,173.077321796043
2.169,172.700211097529
2.17,172.323367046635
2.171,171.946789909515
2.172,171.57047995547
2.173,171.194437456914
2.174,170.818662689447
2.175,170.443155931775
2.176,170.067917465772
2.177,169.692947576475
2.178,169.318246552068
2.179,168.943814683895
2.18,168.569652266437
2.181,168.195759597378
2.182,167.82213697755
2.183,167.448784710935
2.184,167.075703104704
2.185,166.702892469185
2.186,166.330353117898
2.187,165.958085367496
2.188,165.586089537848
2.189,165.214365951954
2.19,164.842914936041
2.191,164.47173681945
2.192,164.100831934745
2.193,163.730200617641
2.194,163.359843207031
2.195,162.989760044986
2.196,162.619951476757
2.197,162.250417850755
2.198,161.881159518568
2.199,161.512176834957
2.2,161.143470157859
2.201,160.77503984837
2.202,160.40688627076
2.203,160.039009792464
2.204,159.671410784089
2.205,159.304089619381
2.206,158.937046675264
2.207,158.570282331828
2.208,158.203796972297
2.209,157.837590983063
2.21,157.47166475367
2.211,157.106018676788
2.212,156.74065314826
2.213,156.375568567036
2.214,156.010765335233
2.215,155.646243858094
2.216,155.282004543984
2.217,154.91804780439
2.218,154.554374053932
2.219,154.190983710356
2.22,153.827877194488
2.221,153.465054930302
2.222,153.102517344847
2.223,152.740264868272
2.224,152.378297933838
2.225,152.016616977891
2.226,151.655222439841
2.227,151.29411476218
2.228,150.933294390493
2.229,150.572761773425
2.23,150.212517362655
2.231,149.852561612941
2.232,149.492894982076
2.233,149.133517930901
2.234,148.774430923297
2.235,148.41563442615
2.236,148.057128909394
2.237,147.698914845964
2.238,147.340992711785
2.239,146.98336298581
2.24,146.62602614997
2.241,146.268982689173
2.242,145.912233091315
2.243,145.555777847235
2.244,145.19961745077
2.245,144.84375239868
2.246,144.48818319068
2.247,144.132910329411
2.248,143.777934320437
2.249,143.423255672251
2.25,143.068874896246
2.251,142.71479250671
2.252,142.361009020832
2.253,142.007524958664
2.254,141.654340843137
2.255,141.301457200042
2.256,140.948874558021
2.257,140.596593448547
2.258,140.244614405935
2.259,139.892937967311
2.26,139.541564672616
2.261,139.190495064583
2.262,138.839729688734
2.263,138.489269093377
2.264,138.139113829564
2.265,137.789264451128
2.266,137.439721514627
2.267,137.090485579355
2.268,136.741557207329
2.269,136.392936963267
2.27,136.044625414594
2.271,135.696623131415
2.272,135.348930686505
2.273,135.001548655291
2.274,134.654477615865
2.275,134.307718148951
2.276,133.96127083788
2.277,133.615136268604
2.278,133.269315029668
2.279,132.923807712211
2.28,132.578614909935
2.281,132.233737219092
2.282,131.889175238479
2.283,131.544929569437
2.284,131.201000815816
2.285,130.857389583961
2.286,130.514096482708
2.287,130.171122123372
2.288,129.828467119734
2.289,129.48613208801
2.29,129.144117646847
2.291,128.802424417322
2.292,128.461053022898
2.293,128.120004089435
2.294,127.779278245163
2.295,127.438876120671
2.296,127.09879834889
2.297,126.759045565073
2.298,126.419618406789
2.299,126.080517513907
2.3,125.741743528566
2.301,125.403297095182
2.302,125.065178860413
2.303,124.727389473137
2.304,124.389929584478
2.305,124.052799847735
2.306,123.716000918403
2.307,123.379533454142
2.308,123.043398114763
2.309,122.707595562213
2.31,122.372126460551
2.311,122.036991475948
2.312,121.70219127665
2.313,121.367726532969
2.314,121.033597917278
2.315,120.699806103965
2.316,120.366351769448
2.317,120.033235592133
2.318,119.700458252415
2.319,119.368020432645
2.32,119.035922817119
2.321,118.704166092057
2.322,118.372750945598
2.323,118.041678067759
2.324,117.710948150436
2.325,117.380561887375
2.326,117.050519974163
2.327,116.720823108203
2.328,116.391471988695
2.329,116.062467316616
2.33,115.733809794709
2.331,115.405500127459
2.332,115.07753902107
2.333,114.749927183458
2.334,114.422665324214
2.335,114.095754154603
2.336,113.769194387537
2.337,113.442986737546
2.338,113.117131920786
2.339,112.791630654982
2.34,112.466483659442
2.341,112.141691655013
2.342,111.817255364076
2.343,111.493175510524
2.344,111.169452819735
2.345,110.846088018558
2.346,110.523081835293
2.347,110.200434999668
2.348,109.878148242817
2.349,109.556222297269
2.35,109.234657896917
2.351,108.913455777001
2.352,108.592616674092
2.353,108.272141326066
2.354,107.952030472076
2.355,107.632284852557
2.356,107.312905209177
2.357,106.993892284832
2.358,106.675246823613
2.359,106.3569695708
2.36,106.039061272837
2.361,105.721522677294
2.362,105.404354532868
2.363,105.087557589351
2.364,104.771132597612
2.365,104.45508030957
2.366,104.139401478182
2.367,103.824096857405
2.368,103.509167202201
2.369,103.194613268488
2.37,102.880435813133
2.371,102.566635593928
2.372,102.253213369567
2.373,101.940169899627
2.374,101.627505944545
2.375,101.315222265579
2.376,101.003319624827
2.377,100.691798785158
2.378,100.380660510229
2.379,100.06990556443
2.38,99.7595347128876
2.381,99.449548721435
2.382,99.1399483565664
2.383,98.8307343854677
2.384,98.5219075759355
2.385,98.213468696394
2.386,97.9054185158553
2.387,97.5977578038992
2.388,97.2904873306653
2.389,96.9836078668
2.39,96.6771201834648
2.391,96.371025052295
2.392,96.0653232453885
2.393,95.7600155352705
2.394,95.4551026948812
2.395,95.150585497549
2.396,94.8464647169719
2.397,94.5427411271846
2.398,94.2394155025447
2.399,93.9364886177131
2.4,93.6339612476238
2.401,93.3318341674505
2.402,93.030108152608
2.403,92.728783978719
2.404,92.4278624215786
2.405,92.1273442571508
2.406,91.8272302615347
2.407,91.5275212109377
2.408,91.2282178816671
2.409,90.9293210500931
2.41,90.6308314926292
2.411,90.3327499857147
2.412,90.0350773057876
2.413,89.7378142292558
2.414,89.4409615324885
2.415,89.1445199917759
2.416,88.8484903833194
2.417,88.552873483205
2.418,88.2576700673715
2.419,87.9628809116021
2.42,87.6685067914889
2.421,87.3745484824205
2.422,87.0810067595403
2.423,86.787882397753
2.424,86.4951761716709
2.425,86.2028888556101
2.426,85.9110212235605
2.427,85.6195740491656
2.428,85.3285481056915
2.429,85.0379441660156
2.43,84.7477630025954
2.431,84.4580053874476
2.432,84.168672092125
2.433,83.8797638876926
2.434,83.5912815447061
2.435,83.3032258331848
2.436,83.0155975225969
2.437,82.7283973818273
2.438,82.4416261791631
2.439,82.155284682256
2.44,81.8693736581197
2.441,81.5838938730878
2.442,81.298846092809
2.443,81.0142310822061
2.444,80.7300496054673
2.445,80.4463024260102
2.446,80.1629903064738
2.447,79.8801140086862
2.448,79.5976742936383
2.449,79.3156719214732
2.45,79.0341076514525
2.451,78.7529822419379
2.452,78.4722964503698
2.453,78.1920510332385
2.454,77.9122467460728
2.455,77.6328843434046
2.456,77.353964578755
2.457,77.0754882046063
2.458,76.797455972383
2.459,76.5198686324315
2.46,76.2427269339888
2.461,75.9660316251689
2.462,75.6897834529382
2.463,75.4139831630872
2.464,75.1386315002191
2.465,74.8637292077191
2.466,74.5892770277317
2.467,74.3152757011434
2.468,74.0417259675595
2.469,73.7686285652812
2.47,73.4959842312807
2.471,73.223793701186
2.472,72.9520577092483
2.473,72.6807769883333
2.474,72.4099522698862
2.475,72.139584283922
2.476,71.8696737589939
2.477,71.6002214221784
2.478,71.3312279990467
2.479,71.0626942136524
2.48,70.794620788501
2.481,70.5270084445334
2.482,70.2598579011046
2.483,69.9931698759596
2.484,69.7269450852102
2.485,69.4611842433221
2.486,69.1958880630866
2.487,68.9310572556011
2.488,68.6666925302471
2.489,68.4027945946721
2.49,68.1393641547663
2.491,67.8764019146417
2.492,67.6139085766127
2.493,67.3518848411724
2.494,67.0903314069784
2.495,66.8292489708215
2.496,66.568638227617
2.497,66.3084998703726
2.498,66.0488345901812
2.499,65.7896430761874
2.5,65.5309260155725
2.501,65.272684093542
2.502,65.0149179932894
2.503,64.7576283959891
2.504,64.5008159807737
2.505,64.2444814247109
2.506,63.988625402782
2.507,63.7332485878714
2.508,63.4783516507386
2.509,63.2239352599998
2.51,62.9700000821099
2.511,62.7165467813443
2.512,62.463576019774
2.513,62.2110884572555
2.514,61.959084751402
2.515,61.7075655575711
2.516,61.4565315288387
2.517,61.2059833159899
2.518,60.9559215674924
2.519,60.7063469294799
2.52,60.4572600457309
2.521,60.2086615576571
2.522,59.9605521042746
2.523,59.7129323221996
2.524,59.4658028456119
2.525,59.2191643062522
2.526,58.973017333396
2.527,58.7273625538372
2.528,58.4822005918715
2.529,58.2375320692751
2.53,57.9933576052918
2.531,57.7496778166088
2.532,57.5064933173456
2.533,57.2638047190317
2.534,57.0216126305941
2.535,56.7799176583295
2.536,56.5387204059029
2.537,56.2980214743148
2.538,56.0578214618941
2.539,55.818120964279
2.54,55.5789205743951
2.541,55.3402208824466
2.542,55.102022475892
2.543,54.864325939435
2.544,54.6271318549995
2.545,54.3904408017202
2.546,54.154253355922
2.547,53.9185700911077
2.548,53.6833915779376
2.549,53.4487183842166
2.55,53.2145510748749
2.551,52.980890211957
2.552,52.7477363546014
2.553,52.5150900590285
2.554,52.2829518785221
2.555,52.0513223634143
2.556,51.8202020610739
2.557,51.5895915158861
2.558,51.3594912692404
2.559,51.1299018595154
2.56,50.9008238220606
2.561,50.6722576891893
2.562,50.4442039901534
2.563,50.2166632511375
2.564,49.9896359952402
2.565,49.7631227424608
2.566,49.5371240096843
2.567,49.3116403106674
2.568,49.0866721560253
2.569,48.8622200532179
2.57,48.6382845065333
2.571,48.4148660170756
2.572,48.1919650827542
2.573,47.9695821982639
2.574,47.7477178550786
2.575,47.5263725414307
2.576,47.3055467423036
2.577,47.0852409394158
2.578,46.8654556112083
2.579,46.6461912328325
2.58,46.4274482761353
2.581,46.2092272096482
2.582,45.9915284985763
2.583,45.77435260478
2.584,45.557699986769
2.585,45.3415710996857
2.586,45.1259663952955
2.587,44.9108863219739
2.588,44.6963313246928
2.589,44.4823018450118
2.59,44.2687983210643
2.591,44.0558211875446
2.592,43.8433708757022
2.593,43.6314478133219
2.594,43.4200524247187
2.595,43.2091851307247
2.596,42.9988463486758
2.597,42.7890364924056
2.598,42.5797559722301
2.599,42.3710051949372
2.6,42.1627845637791
2.601,41.955094478458
2.602,41.7479353351182
2.603,41.5413075263337
2.604,41.3352114411002
2.605,41.1296474648218
2.606,40.9246159793042
2.607,40.7201173627425
2.608,40.5161519897116
2.609,40.3127202311573
2.61,40.1098224543857
2.611,39.9074590230535
2.612,39.7056302971594
2.613,39.5043366330334
2.614,39.30357838333
2.615,39.1033558970156
2.616,38.9036695193609
2.617,38.7045195919341
2.618,38.5059064525879
2.619,38.3078304354535
2.62,38.1102918709308
2.621,37.9132910856809
2.622,37.7168284026167
2.623,37.5209041408925
2.624,37.3255186159007
2.625,37.1306721392593
2.626,36.9363650188039
2.627,36.7425975585829
2.628,36.5493700588459
2.629,36.356682816038
2.63,36.1645361227922
2.631,35.9729302679188
2.632,35.7818655364017
2.633,35.5913422093887
2.634,35.4013605641845
2.635,35.2119208742427
2.636,35.0230234091611
2.637,34.8346684346706
2.638,34.6468562126314
2.639,34.459587001024
2.64,34.2728610539449
2.641,34.0866786215955
2.642,33.9010399502806
2.643,33.7159452823962
2.644,33.5313948564286
2.645,33.3473889069431
2.646,33.1639276645804
2.647,32.9810113560489
2.648,32.7986402041198
2.649,32.6168144276193
2.65,32.4355342414239
2.651,32.2547998564531
2.652,32.0746114796645
2.653,31.8949693140476
2.654,31.7158735586176
2.655,31.5373244084092
2.656,31.3593220544734
2.657,31.181866683868
2.658,31.0049584796559
2.659,30.828597620897
2.66,30.6527842826436
2.661,30.4775186359346
2.662,30.3028008477925
2.663,30.1286310812135
2.664,29.955009495168
2.665,29.7819362445907
2.666,29.6094114803767
2.667,29.4374353493799
2.668,29.2660079944027
2.669,29.0951295541951
2.67,28.924800163448
2.671,28.7550199527883
2.672,28.5857890487747
2.673,28.4171075738937
2.674,28.2489756465531
2.675,28.0813933810787
2.676,27.9143608877087
2.677,27.7478782725906
2.678,27.5819456377746
2.679,27.4165630812115
2.68,27.2517306967455
2.681,27.0874485741122
2.682,26.923716798933
2.683,26.7605354527107
2.684,26.5979046128244
2.685,26.4358243525282
2.686,26.2742947409424
2.687,26.1133158430532
2.688,25.9528877197052
2.689,25.7930104276001
2.69,25.6336840192895
2.691,25.4749085431731
2.692,25.3166840434927
2.693,25.1590105603287
2.694,25.0018881295969
2.695,24.8453167830411
2.696,24.6892965482327
2.697,24.5338274485638
2.698,24.3789095032437
2.699,24.224542727295
2.7,24.0707271315489
2.701,23.9174627226406
2.702,23.7647495030055
2.703,23.6125874708752
2.704,23.4609766202716
2.705,23.3099169410047
2.706,23.1594084186658
2.707,23.009451034625
2.708,22.860044766026
2.709,22.7111895857808
2.71,22.5628854625662
2.711,22.4151323608191
2.712,22.2679302407306
2.713,22.1212790582431
2.714,21.9751787650441
2.715,21.8296293085623
2.716,21.6846306319612
2.717,21.5401826741364
2.718,21.3962853697085
2.719,21.2529386490194
2.72,21.110142438126
2.721,20.9678966587954
2.722,20.8262012285008
2.723,20.6850560604132
2.724,20.5444610633985
2.725,20.4044161420109
2.726,20.2649211964863
2.727,20.1259761227384
2.728,19.987580812351
2.729,19.8497351525729
2.73,19.7124390263112
2.731,19.5756923121252
2.732,19.43949488422
2.733,19.3038466124399
2.734,19.1687473622619
2.735,19.0341969947882
2.736,18.9001953667399
2.737,18.7667423304496
2.738,18.633837733854
2.739,18.5014814204866
2.74,18.36967322947
2.741,18.2384129955077
2.742,18.107700548877
2.743,17.9775357154199
2.744,17.8479183165352
2.745,17.7188481691698
2.746,17.5903250858103
2.747,17.462348874473
2.748,17.334919338696
2.749,17.208036277529
2.75,17.0816994855238
2.751,16.9559087527244
2.752,16.8306638646568
2.753,16.7059646023191
2.754,16.5818107421702
2.755,16.4582020561192
2.756,16.3351383115144
2.757,16.2126192711317
2.758,16.0906446931627
2.759,15.9692143312032
2.76,15.84832793424
2.761,15.7279852466393
2.762,15.6081860081333
2.763,15.4889299538066
2.764,15.370216814083
2.765,15.2520463147115
2.766,15.134418176752
2.767,15.0173321165604
2.768,14.9007878457741
2.769,14.7847850712961
2.77,14.6693234952795
2.771,14.5544028151113
2.772,14.4400227233957
2.773,14.3261829079368
2.774,14.2128830517221
2.775,14.1001228329038
2.776,13.9879019247809
2.777,13.8762199957799
2.778,13.7650767094365
2.779,13.6544717243752
2.78,13.5444046942891
2.781,13.4348752679198
2.782,13.3258830890355
2.783,13.2174277964096
2.784,13.1095090237984
2.785,13.0021263999185
2.786,12.8952795484233
2.787,12.7889680878785
2.788,12.6831916317388
2.789,12.5779497883216
2.79,12.473242160782
2.791,12.3690683470866
2.792,12.2654279399855
2.793,12.1623205269857
2.794,12.0597456903224
2.795,11.9577030069304
2.796,11.8561920484138
2.797,11.7552123810163
2.798,11.6547635655896
2.799,11.5548451575619
2.8,11.4554567069056
2.801,11.3565977581033
2.802,11.2582678501144
2.803,11.1604665163396
2.804,11.0631932845858
2.805,10.9664476770292
2.806,10.870229210178
2.807,10.7745373948343
2.808,10.6793717360548
2.809,10.5847317331111
2.81,10.4906168794487
2.811,10.3970266626451
2.812,10.3039605643671
2.813,10.211418060327
2.814,10.1193986202384
2.815,10.0279017077698
2.816,9.93692678049834
2.817,9.8464732898623
2.818,9.75654068111175
2.819,9.66712839325934
2.82,9.5782358590289
2.821,9.48986250480383
2.822,9.40200775057381
2.823,9.31467100988051
2.824,9.22785168976247
2.825,9.14154919069803
2.826,9.05576290654817
2.827,8.970492224497
2.828,8.88573652499207
2.829,8.80149518168258
2.83,8.71776756135663
2.831,8.63455302387771
2.832,8.55185092211896
2.833,8.46966060189687
2.834,8.38798140190318
2.835,8.3068126536359
2.836,8.22615368132816
2.837,8.14600380187679
2.838,8.06636232476872
2.839,7.98722855200583
2.84,7.90860177802926
2.841,7.83048128964126
2.842,7.75286636592628
2.843,7.67575627817034
2.844,7.59915028977867
2.845,7.52304765619243
2.846,7.44744762480351
2.847,7.37234943486759
2.848,7.29775231741638
2.849,7.22365549516766
2.85,7.15005818243394
2.851,7.07695958502988
2.852,7.00435890017763
2.853,6.93225531641096
2.854,6.86064801347765
2.855,6.78953616224048
2.856,6.71891892457637
2.857,6.64879545327398
2.858,6.57916489193025
2.859,6.51002637484432
2.86,6.44137902691097
2.861,6.37322196351166
2.862,6.30555429040471
2.863,6.23837510361311
2.864,6.17168348931172
2.865,6.10547852371212
2.866,6.03975927294643
2.867,5.97452479294958
2.868,5.90977412933995
2.869,5.8455063172987
2.87,5.78172038144774
2.871,5.71841533572611
2.872,5.65559018326525
2.873,5.59324391626284
2.874,5.53137551585543
2.875,5.46998395198967
2.876,5.40906818329287
2.877,5.34862715694167
2.878,5.2886598085304
2.879,5.22916506193811
2.88,5.1701418291947
2.881,5.11158901034606
2.882,5.05350549331886
2.883,4.99589015378437
2.884,4.93874185502155
2.885,4.88205944778013
2.886,4.8258417701428
2.887,4.77008764738737
2.888,4.71479589184901
2.889,4.65996530278192
2.89,4.60559466622147
2.891,4.55168275484683
2.892,4.49822832784332
2.893,4.44523013076607
2.894,4.39268689540397
2.895,4.34059733964466
2.896,4.28896016734072
2.897,4.23777406817716
2.898,4.18703771754047
2.899,4.13674977638933
2.9,4.08690889112764
2.901,4.03751369347938
2.902,3.98856280036657
2.903,3.94005481378975
2.904,3.89198832071157
2.905,3.84436189294415
2.906,3.79717408704014
2.907,3.75042344418781
2.908,3.70410849011099
2.909,3.65822773497406
2.91,3.61277967329202
2.911,3.56776278384673
2.912,3.52317552960975
2.913,3.47901635767155
2.914,3.43528369917874
2.915,3.39197596927915
2.916,3.34909156707553
2.917,3.30662887558887
2.918,3.26458626173168
2.919,3.22296207629218
2.92,3.18175465393019
2.921,3.14096231318565
2.922,3.10058335650076
2.923,3.06061607025648
2.924,3.02105872482503
2.925,2.98190957463888
2.926,2.94316685827834
2.927,2.90482879857838
2.928,2.86689360275665
2.929,2.82935946256423
2.93,2.792224554461
2.931,2.75548703981734
2.932,2.71914506514457
2.933,2.68319676235649
2.934,2.64764024906432
2.935,2.61247362890835
2.936,2.57769499192902
2.937,2.54330241498126
2.938,2.50929396219581
2.939,2.47566768549187
2.94,2.44242162514601
2.941,2.40955381042246
2.942,2.37706226027123
2.943,2.34494498410054
2.944,2.31319998263126
2.945,2.2818252488422
2.946,2.25081876901579
2.947,2.22017852389545
2.948,2.18990248996717
2.949,2.15998864087998
2.95,2.13043494902135
2.951,2.10123938726709
2.952,2.07239993092709
2.953,2.04391455991215
2.954,2.01578126115119
2.955,1.98799803129239
2.956,1.96056287972756
2.957,1.93347383198572
2.958,1.90672893354935
2.959,1.88032625415653
2.96,1.85426389266307
2.961,1.8285399825525
2.962,1.80315269819786
2.963,1.77810026199958
2.964,1.75338095254716
2.965,1.72899311398242
2.966,1.70493516677828
2.967,1.68120562019148
2.968,1.6578030867032
2.969,1.63472629883044
2.97,1.61197412877713
2.971,1.58954561150191
2.972,1.56743997191683
2.973,1.54565665710393
2.974,1.52419537465864
2.975,1.50305613855318
2.976,1.48223932427981
2.977,1.4617457355104
2.978,1.44157668513088
2.979,1.42173409432631
2.98,1.40222061447196
2.981,1.38303977802053
2.982,1.36419618649118
2.983,1.34569574623709
2.984,1.32754596613077
2.985,1.30975633598114
2.986,1.29233881080824
2.987,1.27530843459685
2.988,1.25868414848417
2.989,1.24248984319202
2.99,1.22675573433457
2.991,1.21152016154403
2.992,1.19683193519647
2.993,1.18275336903469
2.994,1.1693641215964
2.995,1.15676587729791
2.996,1.14508763851375
2.997,1.134490821911
2.998,1.12517227173566
2.999,1.11736168638547
3,1.11130842440825
3.001,1.10725319652588
3.002,1.1053857394918
3.003,1.10580044319286
3.004,1.10847032272664
3.005,1.11325408108776
3.006,1.1199321351313
3.007,1.12825247071969
3.008,1.1379681614088
3.009,1.14885928072765
3.01,1.16074112958284
3.011,1.17346395781376
3.012,1.18690872137087
3.013,1.20098169253371
3.014,1.21560930949721
3.015,1.23073378853749
3.016,1.24630959243689
3.017,1.26230067112165
3.018,1.27867833755842
3.019,1.29541964290541
3.02,1.3125061348654
3.021,1.3299229067678
3.022,1.34765786622185
3.023,1.36570116956233
3.024,1.38404478179398
3.025,1.40268213193179
3.026,1.42160784123754
3.027,1.44081750748778
3.028,1.46030753257952
3.029,1.48007498387048
3.03,1.50011748194799
3.031,1.52043310923465
3.032,1.54102033512547
3.033,1.5618779543206
3.034,1.58300503575374
3.035,1.60440088007728
3.036,1.62606498409627
3.037,1.64799701087542
3.038,1.67019676450167
3.039,1.69266416868636
3.04,1.71539924854922
3.041,1.73840211505115
3.042,1.76167295164221
3.043,1.78521200276957
3.044,1.80901956395439
3.045,1.83309597319657
3.046,1.85744160350846
3.047,1.88205685641135
3.048,1.90694215625651
3.049,1.93209794525436
3.05,1.95752467911426
3.051,1.98322282321223
3.052,2.00919284921683
3.053,2.03543523211346
3.054,2.06195044757682
3.055,2.08873896964759
3.056,2.11580126867653
3.057,2.14313780950364
3.058,2.1707490498449
3.059,2.19863543886249
3.06,2.2267974158978
3.061,2.25523540934895
3.062,2.28394983567717
3.063,2.31294109852815
3.064,2.34220958795623
3.065,2.37175567974056
3.066,2.40157973478429
3.067,2.43168209858794
3.068,2.46206310078981
3.069,2.49272305476702
3.07,2.52366225729113
3.071,2.55488098823308
3.072,2.58637951031332
3.073,2.61815806889222
3.074,2.65021689179759
3.075,2.68255618918574
3.076,2.71517615343307
3.077,2.74807695905534
3.078,2.78125876265251
3.079,2.81472170287641
3.08,2.84846590041952
3.081,2.88249145802299
3.082,2.9167984605021
3.083,2.95138697478762
3.084,2.98625704998181
3.085,3.02140871742764
3.086,3.05684199078992
3.087,3.09255686614766
3.088,3.12855332209622
3.089,3.16483131985847
3.09,3.20139080340444
3.091,3.23823169957804
3.092,3.27535391823075
3.093,3.31275735236113
3.094,3.35044187826001
3.095,3.38840735566021
3.096,3.42665362789085
3.097,3.46518052203537
3.098,3.50398784909285
3.099,3.54307540414241
3.1,3.58244296651013
3.101,3.62209029993799
3.102,3.66201715275501
3.103,3.7022232580496
3.104,3.74270833384328
3.105,3.78347208326543
3.106,3.8245141947287
3.107,3.86583434210478
3.108,3.90743218490081
3.109,3.94930736843546
3.11,3.99145952401512
3.111,4.03388826910969
3.112,4.07659320752808
3.113,4.11957392959282
3.114,4.16283001231429
3.115,4.2063610195638
3.116,4.25016650224585
3.117,4.29424599846925
3.118,4.33859903371704
3.119,4.38322512101503
3.12,4.42812376109936
3.121,4.47329444258207
3.122,4.51873664211565
3.123,4.56444982455572
3.124,4.61043344312223
3.125,4.65668693955882
3.126,4.70320974429072
3.127,4.75000127658065
3.128,4.79706094468299
3.129,4.84438814599616
3.13,4.89198226721308
3.131,4.93984268446978
3.132,4.98796876349196
3.133,5.03635985974001
3.134,5.08501531855156
3.135,5.1339344752825
3.136,5.18311665544585
3.137,5.23256117484875
3.138,5.2822673397273
3.139,5.3322344468797
3.14,5.38246178379726
3.141,5.43294862879348
3.142,5.48369425113112
3.143,5.53469791114741
3.144,5.5859588603772
3.145,5.63747634167428
3.146,5.68924958933089
3.147,5.74127782919484
3.148,5.79356027878537
3.149,5.84609614740666
3.15,5.8988846362596
3.151,5.95192493855189
3.152,6.00521623960603
3.153,6.05875771696561
3.154,6.11254854049999
3.155,6.16658787250684
3.156,6.22087486781313
3.157,6.27540867387452
3.158,6.33018843087279
3.159,6.38521327181162
3.16,6.44048232261091
3.161,6.49599470219919
3.162,6.55174952260446
3.163,6.60774588904368
3.164,6.66398290001033
3.165,6.72045964736062
3.166,6.77717521639809
3.167,6.83412868595681
3.168,6.89131912848288
3.169,6.94874561011476
3.17,7.00640719076188
3.171,7.06430292418213
3.172,7.12243185805751
3.173,7.18079303406906
3.174,7.23938548796968
3.175,7.29820824965648
3.176,7.35726034324094
3.177,7.41654078711859
3.178,7.47604859403692
3.179,7.53578277116231
3.18,7.59574232014549
3.181,7.65592623718631
3.182,7.71633351309688
3.183,7.77696313336366
3.184,7.83781407820869
3.185,7.89888532264943
3.186,7.96017583655756
3.187,8.02168458471712
3.188,8.08341052688096
3.189,8.14535261782671
3.19,8.20750980741161
3.191,8.26988104062623
3.192,8.33246525764736
3.193,8.39526139389007
3.194,8.45826838005872
3.195,8.52148514219695
3.196,8.58491060173723
3.197,8.64854367554904
3.198,8.71238327598662
3.199,8.77642831093562
3.2,8.84067768385924
3.201,8.90513029384325
3.202,8.96978503564061
3.203,9.03464079971498
3.204,9.09969647228375
3.205,9.16495093536026
3.206,9.23040306679549
3.207,9.29605174031874
3.208,9.36189582557796
3.209,9.4279341881792
3.21,9.4941656897256
3.211,9.56058918785581
3.212,9.62720353628144
3.213,9.6940075848244
3.214,9.76100017945332
3.215,9.82818016231961
3.216,9.89554637179276
3.217,9.96309764249548
3.218,10.0308328053378
3.219,10.0987506875512
3.22,10.1668501127219
3.221,10.2351299008237
3.222,10.3035888682504
3.223,10.372225827848
3.224,10.4410395889461
3.225,10.5100289573889
3.226,10.5791927355661
3.227,10.6485297224432
3.228,10.7180387135909
3.229,10.7877185012155
3.23,10.857567874187
3.231,10.9275856180688
3.232,10.9977705151453
3.233,11.0681213444507
3.234,11.1386368817961
3.235,11.2093158997973
3.236,11.2801571679019
3.237,11.3511594524156
3.238,11.4223215165296
3.239,11.4936421203459
3.24,11.5651200209037
3.241,11.636753972205
3.242,11.7085427252401
3.243,11.7804850280124
3.244,11.8525796255639
3.245,11.9248252599994
3.246,11.997220670511
3.247,12.0697645934025
3.248,12.1424557621135
3.249,12.2152929072431
3.25,12.2882747565734
3.251,12.3614000350932
3.252,12.4346674650211
3.253,12.5080757658286
3.254,12.5816236542631
3.255,12.6553098443707
3.256,12.7291330475186
3.257,12.8030919724178
3.258,12.8771853251453
3.259,12.9514118091664
3.26,13.0257701253566
3.261,13.1002589720235
3.262,13.1748770449291
3.263,13.249623037311
3.264,13.324495639904
3.265,13.3994935409622
3.266,13.4746154262797
3.267,13.5498599792124
3.268,13.6252258806992
3.269,13.700711809283
3.27,13.7763164411319
3.271,13.8520384500602
3.272,13.9278765075496
3.273,14.0038292827699
3.274,14.0798954425996
3.275,14.1560736516476
3.276,14.2323625722729
3.277,14.308760864606
3.278,14.3852671865696
3.279,14.4618801938989
3.28,14.5385985401626
3.281,14.6154208767832
3.282,14.6923458530583
3.283,14.7693721161802
3.284,14.8464983112569
3.285,14.9237230813334
3.286,15.0010450674108
3.287,15.0784629084685
3.288,15.1559752414835
3.289,15.2335807014514
3.29,15.3112779214076
3.291,15.3890655324468
3.292,15.4669421637446
3.293,15.5449064425777
3.294,15.6229569943446
3.295,15.7010924425864
3.296,15.7793114090074
3.297,15.8576125134962
3.298,15.9359943741462
3.299,16.0144556072764
3.3,16.0929948274527
3.301,16.1716106475081
3.302,16.2503016785646
3.303,16.3290665300535
3.304,16.4079038097369
3.305,16.4868121237286
3.306,16.5657900765153
3.307,16.6448362709782
3.308,16.7239493084138
3.309,16.8031277885557
3.31,16.8823703095958
3.311,16.9616754682061
3.312,17.0410418595599
3.313,17.1204680773536
3.314,17.1999527138288
3.315,17.2794943597936
3.316,17.3590916046447
3.317,17.4387430363894
3.318,17.5184472416679
3.319,17.5982028057747
3.32,17.6780083126816
3.321,17.7578623450597
3.322,17.8377634843018
3.323,17.9177103105449
3.324,17.9977014026928
3.325,18.0777353384387
3.326,18.1578106942881
3.327,18.237926045582
3.328,18.3180799665188
3.329,18.3982710301784
3.33,18.4784978085454
3.331,18.5587588725313
3.332,18.6390527919994
3.333,18.7193781357867
3.334,18.7997334717286
3.335,18.8801173666824
3.336,18.9605283865507
3.337,19.0409650963057
3.338,19.121426060013
3.339,19.2019098408558
3.34,19.2824150011591
3.341,19.3629401024144
3.342,19.4434837053036
3.343,19.5240443697236
3.344,19.6046206548119
3.345,19.6852111189701
3.346,19.7658143198899
3.347,19.8464288145777
3.348,19.9270531593795
3.349,20.0076859100068
3.35,20.0883256215615
3.351,20.1689708485615
3.352,20.2496201449668
3.353,20.3302720642043
3.354,20.4109251591948
3.355,20.491577982378
3.356,20.5722290857396
3.357,20.6528770208364
3.358,20.733520338824
3.359,20.8141575904819
3.36,20.8947873262411
3.361,20.9754080962105
3.362,21.0560184502039
3.363,21.1366169377664
3.364,21.2172021082025
3.365,21.2977725106025
3.366,21.3783266938699
3.367,21.4588632067493
3.368,21.5393805978539
3.369,21.6198774156928
3.37,21.7003522086995
3.371,21.780803525259
3.372,21.8612299137368
3.373,21.9416299225065
3.374,22.0220020999784
3.375,22.1023449946278
3.376,22.1826571550235
3.377,22.262937129857
3.378,22.3431834679707
3.379,22.4233947183869
3.38,22.5035694303374
3.381,22.5837061532923
3.382,22.6638034369893
3.383,22.7438598314629
3.384,22.8238738870745
3.385,22.9038441545416
3.386,22.9837691849678
3.387,23.0636475298724
3.388,23.1434777412211
3.389,23.223258371455
3.39,23.302987973522
3.391,23.3826651009067
3.392,23.4622883076601
3.393,23.5418561484321
3.394,23.6213671784996
3.395,23.7008199538
3.396,23.7802130309599
3.397,23.859544967328
3.398,23.9388143210041
3.399,24.0180196508729
3.4,24.0971595166329
3.401,24.1762324788297
3.402,24.2552370988866
3.403,24.3341719391368
3.404,24.4130355628545
3.405,24.4918265342873
3.406,24.5705434186889
3.407,24.6491847823493
3.408,24.7277491926287
3.409,24.8062352179892
3.41,24.8846414280268
3.411,24.9629663935047
3.412,25.0412086863854
3.413,25.119366879863
3.414,25.197439548397
3.415,25.2754252677442
3.416,25.3533226149919
3.417,25.4311301685915
3.418,25.5088465083908
3.419,25.5864702156677
3.42,25.6639998731633
3.421,25.7414340651161
3.422,25.8187713772936
3.423,25.8960103970282
3.424,25.9731497132488
3.425,26.0501879165158
3.426,26.1271235990545
3.427,26.203955354789
3.428,26.2806817793758
3.429,26.3573014702381
3.43,26.4338130266001
3.431,26.510215049521
3.432,26.5865061419292
3.433,26.662684908656
3.434,26.7387499564714
3.435,26.8146998941167
3.436,26.8905333323406
3.437,26.9662488839332
3.438,27.0418451637599
3.439,27.1173207887969
3.44,27.1926743781653
3.441,27.2679045531668
3.442,27.3430099373176
3.443,27.4179891563834
3.444,27.492840838415
3.445,27.5675636137824
3.446,27.6421561152099
3.447,27.7166169778122
3.448,27.7909448391281
3.449,27.8651383391562
3.45,27.9391961203907
3.451,28.0131168278553
3.452,28.0868991091395
3.453,28.1605416144332
3.454,28.2340429965627
3.455,28.3074019110256
3.456,28.3806170160258
3.457,28.4536869725094
3.458,28.5266104441995
3.459,28.5993860976327
3.46,28.6720126021938
3.461,28.7444886301506
3.462,28.816812856691
3.463,28.8889839599564
3.464,28.9610006210788
3.465,29.0328615242162
3.466,29.1045653565869
3.467,29.1761108085065
3.468,29.2474965734216
3.469,29.3187213479474
3.47,29.3897838319009
3.471,29.4606827283386
3.472,29.5314167435903
3.473,29.6019845872957
3.474,29.6723849724389
3.475,29.7426166153836
3.476,29.8126782359111
3.477,29.8825685572517
3.478,29.9522863061233
3.479,30.0218302127648
3.48,30.0911990109734
3.481,30.160391438137
3.482,30.2294062352726
3.483,30.2982421470591
3.484,30.3668979218741
3.485,30.4353723118281
3.486,30.5036640727991
3.487,30.5717719644703
3.488,30.6396947503619
3.489,30.707431197868
3.49,30.7749800782905
3.491,30.8423401668753
3.492,30.9095102428459
3.493,30.9764890894384
3.494,31.0432754939366
3.495,31.1098682477065
3.496,31.1762661462307
3.497,31.242467989143
3.498,31.3084725802631
3.499,31.3742787276304
3.5,31.4398852435392
3.501,31.5052909445714
3.502,31.5704946516331
3.503,31.6354951899856
3.504,31.7002913892822
3.505,31.7648820836006
3.506,31.8292661114771
3.507,31.8934423159397
3.508,31.9574095445423
3.509,32.021166649399
3.51,32.0847124872158
3.511,32.1480459193262
3.512,32.2111658117216
3.513,32.2740710350869
3.514,32.336760464832
3.515,32.3992329811255
3.516,32.4614874689278
3.517,32.5235228180232
3.518,32.5853379230512
3.519,32.6469316835418
3.52,32.7083030039463
3.521,32.7694507936689
3.522,32.8303739670998
3.523,32.8910714436467
3.524,32.9515421477667
3.525,33.0117850089977
3.526,33.071798961991
3.527,33.1315829465414
3.528,33.1911359076195
3.529,33.2504567954021
3.53,33.3095445653036
3.531,33.3683981780063
3.532,33.4270165994921
3.533,33.4853988010714
3.534,33.543543759417
3.535,33.6014504565883
3.536,33.6591178800679
3.537,33.716545022787
3.538,33.7737308831571
3.539,33.8306744650993
3.54,33.8873747780731
3.541,33.9438308371062
3.542,34.0000416628242
3.543,34.0560062814775
3.544,34.1117237249715
3.545,34.1671930308963
3.546,34.2224132425512
3.547,34.2773834089774
3.548,34.3321025849825
3.549,34.3865698311706
3.55,34.4407842139681
3.551,34.4947448056526
3.552,34.5484506843783
3.553,34.601900934206
3.554,34.6550946451264
3.555,34.7080309130892
3.556,34.7607088400284
3.557,34.8131275338892
3.558,34.8652861086526
3.559,34.9171836843635
3.56,34.9688193871528
3.561,35.0201923492675
3.562,35.0713017090911
3.563,35.1221466111725
3.564,35.1727262062468
3.565,35.2230396512623
3.566,35.2730861094057
3.567,35.3228647501231
3.568,35.3723747491461
3.569,35.4216152885139
3.57,35.4705855565987
3.571,35.519284748126
3.572,35.5677120642001
3.573,35.6158667123241
3.574,35.6637479064266
3.575,35.7113548668771
3.576,35.7586868205151
3.577,35.8057430006665
3.578,35.8525226471678
3.579,35.8990250063866
3.58,35.9452493312419
3.581,35.991194881225
3.582,36.0368609224205
3.583,36.0822467275264
3.584,36.1273515758732
3.585,36.1721747534441
3.586,36.2167155528943
3.587,36.2609732735698
3.588,36.3049472215269
3.589,36.3486367095509
3.59,36.3920410571732
3.591,36.4351595906903
3.592,36.4779916431813
3.593,36.5205365545257
3.594,36.5627936714207
3.595,36.6047623473974
3.596,36.6464419428387
3.597,36.6878318249947
3.598,36.728931367998
3.599,36.7697399528828
3.6,36.8102569675977
3.601,36.8504818070203
3.602,36.8904138729766
3.603,36.930052574249
3.604,36.9693973265973
3.605,37.0084475527689
3.606,37.0472026825152
3.607,37.0856621526011
3.608,37.1238254068249
3.609,37.1616918960235
3.61,37.1992610780916
3.611,37.2365324179898
3.612,37.2735053877605
3.613,37.310179466536
3.614,37.3465541405529
3.615,37.382628903161
3.616,37.4184032548359
3.617,37.4538767031903
3.618,37.4890487629812
3.619,37.5239189561237
3.62,37.5584868116981
3.621,37.5927518659603
3.622,37.6267136623509
3.623,37.6603717515041
3.624,37.6937256912556
3.625,37.7267750466527
3.626,37.7595193899597
3.627,37.7919583006667
3.628,37.8240913654977
3.629,37.855918178415
3.63,37.8874383406309
3.631,37.9186514606075
3.632,37.9495571540679
3.633,37.9801550440003
3.634,38.0104447606625
3.635,38.0404259415887
3.636,38.0700982315938
3.637,38.099461282776
3.638,38.1285147545249
3.639,38.1572583135216
3.64,38.1856916337452
3.641,38.2138143964737
3.642,38.2416262902892
3.643,38.2691270110783
3.644,38.2963162620359
3.645,38.3231937536672
3.646,38.3497592037896
3.647,38.3760123375328
3.648,38.4019528873416
3.649,38.4275805929745
3.65,38.4528952015074
3.651,38.4778964673304
3.652,38.5025841521497
3.653,38.5269580249876
3.654,38.5510178621787
3.655,38.5747634473721
3.656,38.5981945715289
3.657,38.6213110329199
3.658,38.6441126371243
3.659,38.6665991970278
3.66,38.6887705328162
3.661,38.7106264719802
3.662,38.7321668493042
3.663,38.7533915068665
3.664,38.774300294036
3.665,38.7948930674662
3.666,38.8151696910917
3.667,38.8351300361227
3.668,38.8547739810405
3.669,38.8741014115928
3.67,38.8931122207869
3.671,38.911806308882
3.672,38.9301835833881
3.673,38.9482439590522
3.674,38.9659873578596
3.675,38.9834137090187
3.676,39.000522948959
3.677,39.0173150213194
3.678,39.0337898769441
3.679,39.0499474738711
3.68,39.0657877773251
3.681,39.0813107597051
3.682,39.0965164005821
3.683,39.1114046866811
3.684,39.1259756118777
3.685,39.1402291771829
3.686,39.1541653907391
3.687,39.1677842678
3.688,39.1810858307292
3.689,39.1940701089814
3.69,39.2067371390955
3.691,39.2190869646801
3.692,39.2311196364031
3.693,39.2428352119752
3.694,39.2542337561419
3.695,39.2653153406689
3.696,39.2760800443271
3.697,39.2865279528811
3.698,39.2966591590736
3.699,39.3064737626104
3.7,39.3159718701495
3.701,39.3251535952844
3.702,39.3340190585258
3.703,39.3425683872919
3.704,39.3508017158901
3.705,39.3587191854992
3.706,39.3663209441573
3.707,39.3736071467411
3.708,39.3805779549552
3.709,39.387233537308
3.71,39.3935740690983
3.711,39.3995997323995
3.712,39.4053107160379
3.713,39.4107072155781
3.714,39.4157894333022
3.715,39.4205575781941
3.716,39.4250118659171
3.717,39.4291525187986
3.718,39.432979765808
3.719,39.4364938425408
3.72,39.4396949911923
3.721,39.4425834605471
3.722,39.445159505948
3.723,39.4474233892865
3.724,39.4493753789731
3.725,39.4510157499217
3.726,39.452344783527
3.727,39.4533627676394
3.728,39.454069996552
3.729,39.45446677097
3.73,39.4545533979927
3.731,39.4543301910924
3.732,39.4537974700873
3.733,39.452955561123
3.734,39.451804796649
3.735,39.4503455153907
3.736,39.4485780623343
3.737,39.4465027886959
3.738,39.4441200519011
3.739,39.4414302155587
3.74,39.4384336494407
3.741,39.4351307294522
3.742,39.4315218376113
3.743,39.4276073620211
3.744,39.4233876968473
3.745,39.4188632422907
3.746,39.414034404562
3.747,39.4089015958572
3.748,39.4034652343312
3.749,39.3977257440722
3.75,39.3916835550735
3.751,39.3853391032095
3.752,39.378692830208
3.753,39.3717451836238
3.754,39.3644966168097
3.755,39.3569475888933
3.756,39.3490985647459
3.757,39.3409500149566
3.758,39.332502415805
3.759,39.3237562492318
3.76,39.3147120028136
3.761,39.3053701697308
3.762,39.2957312487422
3.763,39.2857957441566
3.764,39.2755641658017
3.765,39.2650370289983
3.766,39.2542148545281
3.767,39.2430981686071
3.768,39.2316875028565
3.769,39.2199833942709
3.77,39.207986385191
3.771,39.1956970232717
3.772,39.1831158614548
3.773,39.1702434579392
3.774,39.1570803761459
3.775,39.1436271846946
3.776,39.1298844573669
3.777,39.1158527730824
3.778,39.1015327158616
3.779,39.0869248747997
3.78,39.0720298440339
3.781,39.0568482227116
3.782,39.0413806149612
3.783,39.025627629861
3.784,39.0095898814049
3.785,38.9932679884735
3.786,38.9766625748042
3.787,38.9597742689536
3.788,38.9426037042727
3.789,38.9251515188692
3.79,38.9074183555797
3.791,38.8894048619364
3.792,38.8711116901331
3.793,38.8525394969967
3.794,38.8336889439509
3.795,38.8145606969863
3.796,38.7951554266258
3.797,38.7754738078961
3.798,38.75551652029
3.799,38.7352842477372
3.8,38.7147776785711
3.801,38.6939975054916
3.802,38.6729444255403
3.803,38.6516191400595
3.804,38.6300223546646
3.805,38.6081547792067
3.806,38.5860171277434
3.807,38.563610118502
3.808,38.5409344738492
3.809,38.5179909202574
3.81,38.4947801882658
3.811,38.4713030124563
3.812,38.4475601314109
3.813,38.4235522876856
3.814,38.3992802277718
3.815,38.3747447020632
3.816,38.3499464648251
3.817,38.3248862741587
3.818,38.2995648919645
3.819,38.273983083914
3.82,38.2481416194135
3.821,38.2220412715675
3.822,38.1956828171495
3.823,38.1690670365639
3.824,38.1421947138161
3.825,38.1150666364743
3.826,38.0876835956394
3.827,38.0600463859081
3.828,38.0321558053416
3.829,38.0040126554273
3.83,37.9756177410509
3.831,37.9469718704561
3.832,37.9180758552161
3.833,37.8889305101954
3.834,37.8595366535175
3.835,37.8298951065311
3.836,37.800006693775
3.837,37.7698722429461
3.838,37.7394925848621
3.839,37.7088685534324
3.84,37.6780009856179
3.841,37.6468907214015
3.842,37.615538603755
3.843,37.5839454786002
3.844,37.5521121947791
3.845,37.5200396040187
3.846,37.4877285608971
3.847,37.4551799228102
3.848,37.4223945499358
3.849,37.389373305204
3.85,37.3561170542586
3.851,37.3226266654276
3.852,37.2889030096848
3.853,37.2549469606207
3.854,37.2207593944076
3.855,37.1863411897637
3.856,37.1516932279228
3.857,37.116816392598
3.858,37.08171156995
3.859,37.0463796485544
3.86,37.0108215193658
3.861,36.9750380756855
3.862,36.9390302131314
3.863,36.9027988295978
3.864,36.8663448252299
3.865,36.8296691023852
3.866,36.792772565605
3.867,36.7556561215757
3.868,36.7183206791024
3.869,36.6807671490703
3.87,36.6429964444164
3.871,36.6050094800937
3.872,36.5668071730396
3.873,36.5283904421458
3.874,36.4897602082196
3.875,36.4509173939586
3.876,36.4118629239134
3.877,36.3725977244588
3.878,36.333122723757
3.879,36.2934388517312
3.88,36.2535470400286
3.881,36.2134482219927
3.882,36.1731433326269
3.883,36.1326333085671
3.884,36.0919190880461
3.885,36.051001610866
3.886,36.0098818183643
3.887,35.9685606533797
3.888,35.9270390602287
3.889,35.8853179846655
3.89,35.8433983738575
3.891,35.8012811763496
3.892,35.7589673420364
3.893,35.7164578221307
3.894,35.6737535691308
3.895,35.6308555367925
3.896,35.5877646800968
3.897,35.5444819552191
3.898,35.5010083195023
3.899,35.4573447314216
3.9,35.413492150558
3.901,35.3694515375668
3.902,35.3252238541477
3.903,35.2808100630152
3.904,35.2362111278701
3.905,35.1914280133666
3.906,35.1464616850873
3.907,35.1013131095112
3.908,35.055983253982
3.909,35.0104730866858
3.91,34.9647835766164
3.911,34.9189156935473
3.912,34.8728704080044
3.913,34.8266486912379
3.914,34.7802515151908
3.915,34.7336798524728
3.916,34.6869346763319
3.917,34.6400169606256
3.918,34.5929276797942
3.919,34.5456678088294
3.92,34.4982383232518
3.921,34.4506401990773
3.922,34.4028744127956
3.923,34.3549419413385
3.924,34.3068437620532
3.925,34.2585808526779
3.926,34.2101541913116
3.927,34.1615647563892
3.928,34.1128135266529
3.929,34.0639014811282
3.93,34.0148295990955
3.931,33.9655988600627
3.932,33.9162102437436
3.933,33.8666647300262
3.934,33.8169632989501
3.935,33.7671069306815
3.936,33.7170966054823
3.937,33.6669333036934
3.938,33.616618005699
3.939,33.5661516919105
3.94,33.5155353427354
3.941,33.464769938555
3.942,33.4138564596997
3.943,33.3627958864212
3.944,33.3115891988741
3.945,33.2602373770842
3.946,33.2087414009305
3.947,33.1571022501169
3.948,33.1053209041503
3.949,33.0533983423157
3.95,33.001335543654
3.951,32.9491334869368
3.952,32.8967931506444
3.953,32.8443155129408
3.954,32.791701551653
3.955,32.7389522442457
3.956,32.6860685678005
3.957,32.633051498991
3.958,32.5799020140637
3.959,32.5266210888111
3.96,32.473209698553
3.961,32.4196688181144
3.962,32.3659994218
3.963,32.3122024833775
3.964,32.2582789760523
3.965,32.2042298724471
3.966,32.1500561445795
3.967,32.0957587638452
3.968,32.0413387009896
3.969,31.9867969260942
3.97,31.9321344085507
3.971,31.877352117044
3.972,31.8224510195284
3.973,31.7674320832106
3.974,31.7122962745279
3.975,31.6570445591273
3.976,31.6016779018468
3.977,31.5461972666969
3.978,31.490603616839
3.979,31.4348979145666
3.98,31.3790811212866
3.981,31.3231541974997
3.982,31.2671181027814
3.983,31.2109737957638
3.984,31.1547222341163
3.985,31.098364374528
3.986,31.0419011726882
3.987,30.9853335832682
3.988,30.9286625599053
3.989,30.871889055182
3.99,30.8150140206105
3.991,30.7580384066142
3.992,30.7009631625097
3.993,30.6437892364904
3.994,30.5865175756103
3.995,30.5291491257628
3.996,30.4716848316699
3.997,30.4141256368613
3.998,30.356472483657
3.999,30.2987263131565
4,30.240888065216
4.001,30.1829586784359
4.002,30.1249390901438
4.003,30.0668302363801
4.004,30.0086330518794
4.005,29.9503484700579
4.006,29.8919774229956
4.007,29.8335208414242
4.008,29.774979654708
4.009,29.7163547908326
4.01,29.6576471763877
4.011,29.5988577365529
4.012,29.5399873950839
4.013,29.4810370742978
4.014,29.422007695059
4.015,29.362900176764
4.016,29.3037154373296
4.017,29.2444543931761
4.018,29.1851179592171
4.019,29.1257070488433
4.02,29.0662225739109
4.021,29.006665444726
4.022,28.9470365700338
4.023,28.8873368570057
4.024,28.8275672112237
4.025,28.7677285366715
4.026,28.7078217357196
4.027,28.647847709112
4.028,28.5878073559566
4.029,28.5277015737119
4.03,28.4675312581746
4.031,28.4072973034678
4.032,28.3470006020282
4.033,28.2866420445991
4.034,28.2262225202122
4.035,28.1657429161816
4.036,28.1052041180905
4.037,28.0446070097803
4.038,27.9839524733388
4.039,27.9232413890915
4.04,27.8624746355896
4.041,27.8016530895996
4.042,27.7407776260922
4.043,27.6798491182343
4.044,27.6188684373761
4.045,27.5578364530428
4.046,27.4967540329249
4.047,27.4356220428669
4.048,27.3744413468594
4.049,27.3132128070278
4.05,27.2519372836252
4.051,27.1906156350216
4.052,27.1292487176944
4.053,27.0678373862209
4.054,27.0063824932687
4.055,26.9448848895859
4.056,26.883345423995
4.057,26.8217649433814
4.058,26.7601442926882
4.059,26.698484314904
4.06,26.6367858510595
4.061,26.5750497402156
4.062,26.5132768194565
4.063,26.4514679238839
4.064,26.3896238866063
4.065,26.3277455387341
4.066,26.26583370937
4.067,26.203889225604
4.068,26.1419129125029
4.069,26.0799055931083
4.07,26.0178680884234
4.071,25.9558012174111
4.072,25.8937057969852
4.073,25.8315826420047
4.074,25.7694325652649
4.075,25.7072563774945
4.076,25.6450548873475
4.077,25.582828901396
4.078,25.5205792241256
4.079,25.45830665793
4.08,25.3960120031033
4.081,25.3336960578351
4.082,25.2713596182058
4.083,25.2090034781794
4.084,25.1466284295991
4.085,25.0842352621818
4.086,25.0218247635131
4.087,24.9593977190417
4.088,24.8969549120744
4.089,24.8344971237711
4.09,24.7720251331413
4.091,24.7095397170378
4.092,24.6470416501522
4.093,24.5845317050117
4.094,24.5220106519732
4.095,24.45947925922
4.096,24.3969382927567
4.097,24.3343885164063
4.098,24.2718306918046
4.099,24.2092655783981
4.1,24.1466939334383
4.101,24.0841165119793
4.102,24.0215340668732
4.103,23.9589473487679
4.104,23.8963571061019
4.105,23.8337640851026
4.106,23.7711690297811
4.107,23.7085726819313
4.108,23.6459757811245
4.109,23.5833790647081
4.11,23.5207832678025
4.111,23.4581891232967
4.112,23.3955973618473
4.113,23.3330087118753
4.114,23.2704238995632
4.115,23.2078436488522
4.116,23.1452686814409
4.117,23.0826997167822
4.118,23.0201374720811
4.119,22.9575826622924
4.12,22.8950360001191
4.121,22.8324981960094
4.122,22.7699699581569
4.123,22.7074519924958
4.124,22.6449450027007
4.125,22.5824496901862
4.126,22.5199667541022
4.127,22.4574968913352
4.128,22.3950407965048
4.129,22.332599161964
4.13,22.2701726777962
4.131,22.2077620318154
4.132,22.1453679095642
4.133,22.0829909943127
4.134,22.0206319670572
4.135,21.958291506521
4.136,21.8959702891515
4.137,21.8336689891193
4.138,21.7713882783195
4.139,21.7091288263687
4.14,21.6468913006054
4.141,21.5846763660897
4.142,21.5224846856033
4.143,21.4603169196469
4.144,21.3981737264417
4.145,21.3360557619286
4.146,21.2739636797683
4.147,21.2118981313406
4.148,21.1498597657445
4.149,21.0878492297976
4.15,21.0258671680373
4.151,20.9639142227204
4.152,20.9019910338223
4.153,20.8400982390378
4.154,20.7782364737824
4.155,20.7164063711909
4.156,20.6546085621186
4.157,20.5928436751419
4.158,20.5311123365581
4.159,20.4694151703868
4.16,20.407752798369
4.161,20.3461258399699
4.162,20.2845349123777
4.163,20.2229806305053
4.164,20.1614636069899
4.165,20.0999844521963
4.166,20.0385437742147
4.167,19.9771421788643
4.168,19.9157802696923
4.169,19.854458647976
4.17,19.7931779127241
4.171,19.7319386606766
4.172,19.6707414863075
4.173,19.6095869818245
4.174,19.5484757371713
4.175,19.487408340029
4.176,19.4263853758166
4.177,19.365407427693
4.178,19.3044750765587
4.179,19.243588901056
4.18,19.1827494775721
4.181,19.1219573802399
4.182,19.0612131809394
4.183,19.0005174493
4.184,18.9398707527013
4.185,18.8792736562759
4.186,18.8187267229099
4.187,18.7582305132461
4.188,18.6977855856843
4.189,18.6373924963847
4.19,18.5770517992688
4.191,18.5167640460215
4.192,18.4565297860934
4.193,18.3963495667024
4.194,18.3362239328358
4.195,18.2761534272531
4.196,18.2161385904871
4.197,18.1561799608464
4.198,18.0962780744182
4.199,18.036433465069
4.2,17.9766466644484
4.201,17.916918201991
4.202,17.8572486049177
4.203,17.7976383982393
4.204,17.738088104758
4.205,17.67859824507
4.206,17.6191693375684
4.207,17.5598018984447
4.208,17.500496441692
4.209,17.4412534791074
4.21,17.3820735202938
4.211,17.3229570726633
4.212,17.2639046414399
4.213,17.2049167296606
4.214,17.1459938381797
4.215,17.0871364656702
4.216,17.0283451086277
4.217,16.9696202613717
4.218,16.910962416049
4.219,16.8523720626361
4.22,16.7938496889431
4.221,16.7353957806143
4.222,16.6770108211326
4.223,16.618695291822
4.224,16.5604496718503
4.225,16.5022744382312
4.226,16.4441700658284
4.227,16.3861370273577
4.228,16.3281757933898
4.229,16.2702868323534
4.23,16.2124706105382
4.231,16.1547275920976
4.232,16.0970582390518
4.233,16.0394630112905
4.234,15.9819423665759
4.235,15.9244967605463
4.236,15.8671266467176
4.237,15.8098324764882
4.238,15.7526146991404
4.239,15.6954737618444
4.24,15.6384101096605
4.241,15.581424185543
4.242,15.5245164303425
4.243,15.4676872828096
4.244,15.4109371795975
4.245,15.354266555265
4.246,15.2976758422801
4.247,15.2411654710226
4.248,15.1847358697872
4.249,15.1283874647868
4.25,15.0721206801558
4.251,15.0159359379527
4.252,14.9598336581634
4.253,14.9038142587043
4.254,14.8478781554259
4.255,14.7920257621152
4.256,14.736257490499
4.257,14.6805737502477
4.258,14.6249749489774
4.259,14.5694614922536
4.26,14.5140337835945
4.261,14.4586922244739
4.262,14.403437214324
4.263,14.3482691505395
4.264,14.2931884284797
4.265,14.2381954414722
4.266,14.1832905808158
4.267,14.1284742357842
4.268,14.0737467936281
4.269,14.0191086395796
4.27,13.9645601568541
4.271,13.9101017266543
4.272,13.8557337281731
4.273,13.8014565385965
4.274,13.747270533107
4.275,13.6931760848867
4.276,13.6391735651202
4.277,13.5852633429977
4.278,13.5314457857187
4.279,13.4777212584944
4.28,13.4240901245509
4.281,13.3705527451328
4.282,13.3171094795055
4.283,13.2637606849592
4.284,13.210506716811
4.285,13.1573479284089
4.286,13.1042846711338
4.287,13.0513172944039
4.288,12.9984461456762
4.289,12.9456715704509
4.29,12.8929939122736
4.291,12.8404135127385
4.292,12.7879307114914
4.293,12.735545846233
4.294,12.6832592527213
4.295,12.6310712647752
4.296,12.5789822142768
4.297,12.5269924311749
4.298,12.4751022434877
4.299,12.4233119773059
4.3,12.3716219567951
4.301,12.3200325041995
4.302,12.268543939844
4.303,12.2171565821374
4.304,12.1658707475757
4.305,12.1146867507441
4.306,12.0636049043206
4.307,12.0126255190783
4.308,11.9617489038883
4.309,11.9109753657226
4.31,11.8603052096571
4.311,11.8097387388737
4.312,11.7592762546638
4.313,11.7089180564304
4.314,11.6586644416912
4.315,11.6085157060813
4.316,11.5584721433552
4.317,11.5085340453907
4.318,11.4587017021904
4.319,11.4089754018847
4.32,11.3593554307349
4.321,11.3098420731347
4.322,11.260435611614
4.323,11.2111363268404
4.324,11.1619444976227
4.325,11.1128604009124
4.326,11.0638843118068
4.327,11.0150165035515
4.328,10.9662572475427
4.329,10.9176068133294
4.33,10.8690654686163
4.331,10.8206334792658
4.332,10.7723111093005
4.333,10.7240986209056
4.334,10.675996274431
4.335,10.6280043283941
4.336,10.5801230394813
4.337,10.532352662551
4.338,10.4846934506356
4.339,10.4371456549435
4.34,10.3897095248615
4.341,10.3423853079568
4.342,10.2951732499794
4.343,10.2480735948642
4.344,10.2010865847326
4.345,10.1542124598953
4.346,10.1074514588539
4.347,10.0608038183031
4.348,10.0142697731325
4.349,9.9678495564288
4.35,9.92154339947763
4.351,9.87535153176562
4.352,9.8292741809821
4.353,9.78331157302114
4.354,9.73746393198347
4.355,9.69173148017795
4.356,9.64611443812379
4.357,9.6006130245523
4.358,9.55522745640816
4.359,9.50995794885189
4.36,9.4648047152608
4.361,9.41976796723135
4.362,9.37484791458043
4.363,9.33004476534681
4.364,9.28535872579328
4.365,9.24079000040788
4.366,9.19633879190541
4.367,9.15200530122907
4.368,9.10778972755203
4.369,9.06369226827886
4.37,9.01971311904661
4.371,8.97585247372704
4.372,8.93211052442718
4.373,8.88848746149135
4.374,8.84498347350187
4.375,8.8015987472811
4.376,8.75833346789213
4.377,8.71518781864051
4.378,8.67216198107502
4.379,8.62925613498944
4.38,8.58647045842321
4.381,8.54380512766305
4.382,8.50126031724376
4.383,8.45883619994968
4.384,8.41653294681542
4.385,8.37435072712734
4.386,8.33228970842412
4.387,8.29035005649833
4.388,8.24853193539703
4.389,8.20683550742286
4.39,8.16526093313516
4.391,8.12380837135068
4.392,8.08247797914471
4.393,8.04126991185172
4.394,8.00018432306648
4.395,7.95922136464482
4.396,7.91838118670451
4.397,7.87766393762589
4.398,7.83706976405303
4.399,7.79659881089414
4.4,7.75625122132248
4.401,7.71602713677718
4.402,7.67592669696385
4.403,7.63595003985537
4.404,7.59609730169256
4.405,7.55636861698481
4.406,7.51676411851082
4.407,7.47728393731923
4.408,7.43792820272925
4.409,7.39869704233136
4.41,7.35959058198775
4.411,7.32060894583316
4.412,7.28175225627541
4.413,7.24302063399577
4.414,7.20441419794995
4.415,7.16593306536836
4.416,7.12757735175688
4.417,7.08934717089719
4.418,7.05124263484771
4.419,7.01326385394386
4.42,6.97541093679877
4.421,6.93768399030387
4.422,6.90008311962936
4.423,6.86260842822496
4.424,6.82526001782026
4.425,6.78803798842562
4.426,6.7509424383326
4.427,6.71397346411457
4.428,6.67713116062734
4.429,6.64041562100998
4.43,6.60382693668524
4.431,6.56736519736046
4.432,6.53103049102814
4.433,6.49482290396672
4.434,6.45874252074131
4.435,6.42278942420453
4.436,6.38696369549727
4.437,6.35126541404963
4.438,6.31569465758169
4.439,6.2802515021045
4.44,6.24493602192112
4.441,6.20974828962742
4.442,6.17468837611343
4.443,6.13975635056416
4.444,6.10495228046106
4.445,6.07027623158291
4.446,6.03572826800738
4.447,6.00130845211227
4.448,5.96701684457691
4.449,5.93285350438362
4.45,5.89881848881948
4.451,5.86491185347759
4.452,5.83113365225923
4.453,5.79748393737525
4.454,5.76396275934838
4.455,5.73057016701491
4.456,5.69730620752708
4.457,5.66417092635501
4.458,5.63116436728925
4.459,5.59828657244319
4.46,5.56553758225549
4.461,5.53291743549296
4.462,5.50042616925337
4.463,5.46806381896831
4.464,5.43583041840644
4.465,5.40372599967675
4.466,5.37175059323193
4.467,5.3399042278721
4.468,5.30818693074858
4.469,5.27659872736776
4.47,5.24513964159541
4.471,5.21380969566095
4.472,5.18260891016206
4.473,5.15153730406944
4.474,5.120594894732
4.475,5.08978169788182
4.476,5.05909772763985
4.477,5.02854299652168
4.478,4.99811751544346
4.479,4.96782129372816
4.48,4.93765433911239
4.481,4.90761665775297
4.482,4.87770825423433
4.483,4.84792913157593
4.484,4.81827929124013
4.485,4.78875873314036
4.486,4.75936745564975
4.487,4.73010545560993
4.488,4.70097272834043
4.489,4.67196926764838
4.49,4.64309506583863
4.491,4.61435011372434
4.492,4.58573440063803
4.493,4.55724791444301
4.494,4.52889064154535
4.495,4.50066256690643
4.496,4.47256367405592
4.497,4.44459394510523
4.498,4.41675336076182
4.499,4.38904190034365
4.5,4.3614595417946
4.501,4.33400626170041
4.502,4.30668203530519
4.503,4.27948683652867
4.504,4.25242063798415
4.505,4.22548341099721
4.506,4.19867512562501
4.507,4.17199575067655
4.508,4.14544525373372
4.509,4.11902360117301
4.51,4.09273075818828
4.511,4.06656668881437
4.512,4.04053135595154
4.513,4.01462472139104
4.514,3.98884674584153
4.515,3.96319738895663
4.516,3.93767660936348
4.517,3.9122843646925
4.518,3.88702061160813
4.519,3.86188530584095
4.52,3.83687840222093
4.521,3.81199985471199
4.522,3.78724961644782
4.523,3.76262763976926
4.524,3.73813387626283
4.525,3.71376827680098
4.526,3.68953079158369
4.527,3.66542137018182
4.528,3.64143996158191
4.529,3.61758651423286
4.53,3.59386097609427
4.531,3.57026329468663
4.532,3.54679341714331
4.533,3.52345129026478
4.534,3.5002368605745
4.535,3.47715007437724
4.536,3.45419087781933
4.537,3.43135921695134
4.538,3.40865503779299
4.539,3.3860782864006
4.54,3.36362890893695
4.541,3.34130685174385
4.542,3.3191120614173
4.543,3.29704448488553
4.544,3.27510406948996
4.545,3.25329076306912
4.546,3.23160451404573
4.547,3.21004527151698
4.548,3.18861298534822
4.549,3.16730760627003
4.55,3.14612908597906
4.551,3.12507737724244
4.552,3.10415243400617
4.553,3.08335421150749
4.554,3.06268266639143
4.555,3.04213775683168
4.556,3.02171944265592
4.557,3.00142768547582
4.558,2.98126244882184
4.559,2.96122369828309
4.56,2.94131140165221
4.561,2.92152552907575
4.562,2.90186605321011
4.563,2.88233294938317
4.564,2.86292619576196
4.565,2.84364577352656
4.566,2.8244916670503
4.567,2.80546386408676
4.568,2.7865623559636
4.569,2.76778713778356
4.57,2.74913820863287
4.571,2.73061557179742
4.572,2.71221923498672
4.573,2.69394921056625
4.574,2.67580551579836
4.575,2.65778817309191
4.576,2.63989721026118
4.577,2.62213266079419
4.578,2.60449456413087
4.579,2.58698296595142
4.58,2.56959791847511
4.581,2.55233948077
4.582,2.53520771907395
4.583,2.51820270712716
4.584,2.50132452651671
4.585,2.48457326703368
4.586,2.46794902704286
4.587,2.45145191386576
4.588,2.43508204417737
4.589,2.4188395444168
4.59,2.40272455121249
4.591,2.38673721182234
4.592,2.37087768458919
4.593,2.35514613941208
4.594,2.33954275823368
4.595,2.32406773554443
4.596,2.3087212789037
4.597,2.29350360947843
4.598,2.27841496259971
4.599,2.26345558833758
4.6,2.2486257520945
4.601,2.23392573521783
4.602,2.21935583563161
4.603,2.20491636848797
4.604,2.19060766683839
4.605,2.17643008232512
4.606,2.16238398589272
4.607,2.14846976852002
4.608,2.13468784197242
4.609,2.12103863957458
4.61,2.10752261700323
4.611,2.09414025309999
4.612,2.08089205070384
4.613,2.06777853750279
4.614,2.05480026690398
4.615,2.0419578189218
4.616,2.02925180108269
4.617,2.01668284934584
4.618,2.00425162903827
4.619,1.99195883580277
4.62,1.97980519655692
4.621,1.96779147046096
4.622,1.95591844989237
4.623,1.94418696142408
4.624,1.93259786680348
4.625,1.92115206392862
4.626,1.90985048781763
4.627,1.89869411156707
4.628,1.88768394729441
4.629,1.876821047059
4.63,1.86610650375581
4.631,1.85554145197528
4.632,1.84512706882221
4.633,1.83486457468569
4.634,1.82475523395174
4.635,1.81480035564938
4.636,1.80500129402005
4.637,1.79535944899987
4.638,1.78587626660312
4.639,1.77655323919483
4.64,1.7673919056393
4.641,1.75839385131103
4.642,1.74956070795355
4.643,1.74089415337102
4.644,1.73239591093693
4.645,1.7240677489037
4.646,1.71591147949667
4.647,1.70792895777533
4.648,1.70012208024515
4.649,1.69249278320255
4.65,1.68504304079686
4.651,1.6777748627925
4.652,1.67069029201634
4.653,1.66379140147558
4.654,1.6570802911333
4.655,1.65055908433034
4.656,1.64422992384423
4.657,1.63809496757879
4.658,1.63215638388037
4.659,1.62641634648051
4.66,1.62087702906831
4.661,1.61554059949995
4.662,1.61040921365752
4.663,1.60548500897385
4.664,1.60077009764558
4.665,1.59626655956193
4.666,1.59197643498193
4.667,1.58790171699911
4.668,1.58404434383752
4.669,1.58040619102873
4.67,1.57698906352467
4.671,1.57379468780533
4.672,1.57082470404518
4.673,1.56808065840484
4.674,1.56556399551765
4.675,1.56327605124213
4.676,1.56121804575193
4.677,1.55939107703421
4.678,1.55779611486577
4.679,1.55643399533284
4.68,1.55530541595647
4.681,1.55441093147981
4.682,1.55375095036682
4.683,1.55332573205461
4.684,1.55313538499254
4.685,1.55317986549251
4.686,1.5534589774046
4.687,1.55397237262238
4.688,1.55471955241178
4.689,1.5556998695476
4.69,1.55691253123163
4.691,1.55835660275752
4.692,1.56003101187886
4.693,1.56193455382947
4.694,1.56406589693852
4.695,1.56642358877759
4.696,1.56900606277273
4.697,1.57181164521185
4.698,1.57483856257587
4.699,1.57808494912186
4.7,1.58154885464712
4.701,1.58522825236469
4.702,1.58912104682386
4.703,1.59322508181256
4.704,1.59753814818269
4.705,1.60205799154456
4.706,1.60678231978143
4.707,1.61170881034078
4.708,1.61683511726463
4.709,1.62215887792667
4.71,1.62767771944971
4.711,1.63338926478225
4.712,1.63929113841823
4.713,1.6453809717487
4.714,1.65165640803879
4.715,1.65811510702761
4.716,1.66475474915181
4.717,1.67157303939786
4.718,1.67856771078975
4.719,1.68573652752226
4.72,1.69307728775149
4.721,1.70058782605615
4.722,1.70826601558451
4.723,1.71610976990275
4.724,1.72411704456134
4.725,1.73228583839642
4.726,1.74061419458344
4.727,1.74910020146017
4.728,1.75774199313632
4.729,1.76653774990633
4.73,1.77548569848173
4.731,1.78458411205879
4.732,1.79383131023662
4.733,1.80322565880016
4.734,1.81276556938181
4.735,1.82244949901462
4.736,1.83227594958929
4.737,1.84224346722646
4.738,1.85235064157477
4.739,1.86259610504484
4.74,1.87297853198805
4.741,1.88349663782883
4.742,1.89414917815804
4.743,1.90493494779444
4.744,1.91585277982109
4.745,1.92690154460208
4.746,1.93808014878517
4.747,1.9493875342952
4.748,1.96082267732226
4.749,1.97238458730873
4.75,1.9840723059385
4.751,1.99588490613138
4.752,2.00782149104544
4.753,2.01988119308945
4.754,2.03206317294764
4.755,2.0443666186185
4.756,2.05679074446887
4.757,2.06933479030497
4.758,2.0819980204611
4.759,2.09477972290702
4.76,2.1076792083749
4.761,2.12069580950585
4.762,2.13382888001708
4.763,2.14707779388949
4.764,2.16044194457619
4.765,2.17392074423174
4.766,2.18751362296256
4.767,2.20122002809774
4.768,2.21503942348094
4.769,2.22897128878244
4.77,2.2430151188316
4.771,2.25717042296916
4.772,2.27143672441927
4.773,2.28581355968066
4.774,2.30030047793671
4.775,2.31489704048413
4.776,2.32960282017952
4.777,2.3444174009037
4.778,2.35934037704325
4.779,2.37437135298872
4.78,2.38950994264913
4.781,2.40475576898261
4.782,2.42010846354191
4.783,2.43556766603543
4.784,2.4511330239024
4.785,2.46680419190228
4.786,2.48258083171771
4.787,2.4984626115707
4.788,2.51444920585167
4.789,2.53054029476067
4.79,2.54673556396073
4.791,2.56303470424269
4.792,2.57943741120124
4.793,2.59594338492163
4.794,2.61255232967699
4.795,2.6292639536355
4.796,2.64607796857756
4.797,2.66299408962192
4.798,2.68001203496126
4.799,2.69713152560622
4.8,2.714352285138
4.801,2.7316740394688
4.802,2.74909651661063
4.803,2.7666194464509
4.804,2.78424256053597
4.805,2.80196559186124
4.806,2.81978827466818
4.807,2.83771034424782
4.808,2.85573153675048
4.809,2.87385158900163
4.81,2.89207023832333
4.811,2.91038722236154
4.812,2.92880227891858
4.813,2.94731514579093
4.814,2.96592556061202
4.815,2.98463326069973
4.816,3.00343798290861
4.817,3.02233946348652
4.818,3.04133743793563
4.819,3.0604316408774
4.82,3.0796218059218
4.821,3.09890766554009
4.822,3.11828895094149
4.823,3.1377653919533
4.824,3.15733671690452
4.825,3.17700265251263
4.826,3.19676292377373
4.827,3.21661725385556
4.828,3.23656536399367
4.829,3.25660697339014
4.83,3.27674179911526
4.831,3.29696955601175
4.832,3.31728995660156
4.833,3.33770271099498
4.834,3.35820752680222
4.835,3.37880410904728
4.836,3.39949216008379
4.837,3.42027137951313
4.838,3.44114146410457
4.839,3.46210210771733
4.84,3.48315300122428
4.841,3.50429383243795
4.842,3.52552428603775
4.843,3.54684404349909
4.844,3.56825278302438
4.845,3.58975017947502
4.846,3.61133590430533
4.847,3.63300962549785
4.848,3.65477100749986
4.849,3.67661971116137
4.85,3.69855539367448
4.851,3.72057770851392
4.852,3.74268630537866
4.853,3.76488083013486
4.854,3.78716092475996
4.855,3.80952622728763
4.856,3.83197637175416
4.857,3.85451098814535
4.858,3.87712970234495
4.859,3.8998321360834
4.86,3.92261790688811
4.861,3.94548662803427
4.862,3.96843790849648
4.863,3.99147135290143
4.864,4.01458656148119
4.865,4.03778313002738
4.866,4.06106064984612
4.867,4.0844187077134
4.868,4.10785688583176
4.869,4.13137476178697
4.87,4.15497190850587
4.871,4.17864789421464
4.872,4.20240228239779
4.873,4.22623463175765
4.874,4.25014449617446
4.875,4.2741314246673
4.876,4.29819496135517
4.877,4.32233464541901
4.878,4.34655001106388
4.879,4.37084058748214
4.88,4.39520589881658
4.881,4.41964546412456
4.882,4.44415879734238
4.883,4.46874540725016
4.884,4.49340479743717
4.885,4.51813646626781
4.886,4.5429399068478
4.887,4.56781460699105
4.888,4.59276004918684
4.889,4.61777571056738
4.89,4.64286106287601
4.891,4.6680155724357
4.892,4.693238700118
4.893,4.71852990131231
4.894,4.74388862589596
4.895,4.76931431820403
4.896,4.7948064170003
4.897,4.8203643554481
4.898,4.84598756108202
4.899,4.87167545577937
4.9,4.89742745573291
4.901,4.92324297142319
4.902,4.94912140759191
4.903,4.97506216321537
4.904,5.00106463147832
4.905,5.02712819974841
4.906,5.05325224955098
4.907,5.07943615654415
4.908,5.10567929049458
4.909,5.13198101525346
4.91,5.15834068873289
4.911,5.18475766288305
4.912,5.21123128366935
4.913,5.23776089105003
4.914,5.26434581895501
4.915,5.29098539526411
4.916,5.31767894178615
4.917,5.34442577423896
4.918,5.37122520222916
4.919,5.39807652923287
4.92,5.42497905257671
4.921,5.45193206341939
4.922,5.47893484673347
4.923,5.50598668128844
4.924,5.53308683963338
4.925,5.56023458808048
4.926,5.58742918668946
4.927,5.61466988925184
4.928,5.64195594327649
4.929,5.66928658997503
4.93,5.69666106424827
4.931,5.72407859467313
4.932,5.75153840348997
4.933,5.77903970659065
4.934,5.80658171350725
4.935,5.83416362740118
4.936,5.86178464505305
4.937,5.88944395685331
4.938,5.91714074679326
4.939,5.94487419245676
4.94,5.97264346501284
4.941,6.00044772920886
4.942,6.02828614336391
4.943,6.05615785936368
4.944,6.08406202265579
4.945,6.11199777224519
4.946,6.13996424069116
4.947,6.1679605541048
4.948,6.19598583214685
4.949,6.22403918802685
4.95,6.25211972850264
4.951,6.2802265538812
4.952,6.3083587580194
4.953,6.33651542832649
4.954,6.36469564576693
4.955,6.39289848486417
4.956,6.42112301370512
4.957,6.44936829394597
4.958,6.47763338081819
4.959,6.50591732313603
4.96,6.53421916330452
4.961,6.5625379373287
4.962,6.59087267482377
4.963,6.61922239902559
4.964,6.64758612680295
4.965,6.67596286867067
4.966,6.70435162880279
4.967,6.73275140504833
4.968,6.76116118894647
4.969,6.78957996574365
4.97,6.81800671441192
4.971,6.84644040766747
4.972,6.87488001199089
4.973,6.90332448764847
4.974,6.93177278871408
4.975,6.96022386309313
4.976,6.98867665254635
4.977,7.01713009271598
4.978,7.04558311315219
4.979,7.07403463734124
4.98,7.10248358273424
4.981,7.13092886077798
4.982,7.15936937694568
4.983,7.18780403077043
4.984,7.21623171587855
4.985,7.24465132002505
4.986,7.27306172512998
4.987,7.30146180731593
4.988,7.32985043694716
4.989,7.35822647866992
4.99,7.38658879145364
4.991,7.41493622863412
4.992,7.44326763795736
4.993,7.47158186162559
4.994,7.49987773634353
4.995,7.52815409336677
4.996,7.55640975855163
4.997,7.58464355240586
4.998,7.61285429014096
4.999,7.641040781726
5,7.66920183194282
