x,y1
1500000000,-20.154594
1501000000,-20.210167
1502000000,-20.156546
1503000000,-20.220501
1504000000,-20.190472
1505000000,-20.283651
1506000000,-20.202948
1507000000,-20.24003
1508000000,-20.216572
1509000000,-20.273071
1510000000,-20.290535
1511000000,-20.266514
1512000000,-20.295479
1513000000,-20.313335
1514000000,-20.312263
1515000000,-20.304483
1516000000,-20.376156
1517000000,-20.356346
1518000000,-20.416512
1519000000,-20.399357
1520000000,-20.398703
1521000000,-20.398012
1522000000,-20.47595
1523000000,-20.460873
1524000000,-20.476772
1525000000,-20.463404
1526000000,-20.49979
1527000000,-20.524281
1528000000,-20.600586
1529000000,-20.492544
1530000000,-20.59374
1531000000,-20.587845
1532000000,-20.616854
1533000000,-20.579092
1534000000,-20.652056
1535000000,-20.613306
1536000000,-20.587702
1537000000,-20.603151
1538000000,-20.536877
1539000000,-20.705757
1540000000,-20.729181
1541000000,-20.680092
1542000000,-20.756107
1543000000,-20.768351
1544000000,-20.807943
1545000000,-20.686588
1546000000,-20.772396
1547000000,-20.80146
1548000000,-20.748486
1549000000,-20.790417
1550000000,-20.861706
1551000000,-20.901485
1552000000,-20.827854
1553000000,-20.913876
1554000000,-20.861698
1555000000,-20.907335
1556000000,-20.941284
1557000000,-20.921486
1558000000,-20.907703
1559000000,-20.900646
1560000000,-20.933752
1561000000,-20.935427
1562000000,-21.018064
1563000000,-21.028799
1564000000,-21.048656
1565000000,-21.046288
1566000000,-21.071432
1567000000,-21.045223
1568000000,-21.111176
1569000000,-21.128983
1570000000,-21.11014
1571000000,-21.180853
1572000000,-21.102686
1573000000,-21.134972
1574000000,-21.219521
1575000000,-21.247116
1576000000,-21.225609
1577000000,-21.203396
1578000000,-21.236885
1579000000,-21.174974
1580000000,-21.269629
1581000000,-21.253654
1582000000,-21.316944
1583000000,-21.286888
1584000000,-21.390604
1585000000,-21.397207
1586000000,-21.382238
1587000000,-21.369272
1588000000,-21.448183
1589000000,-21.386164
1590000000,-21.425613
1591000000,-21.4177
1592000000,-21.426483
1593000000,-21.458984
1594000000,-21.421738
1595000000,-21.464685
1596000000,-21.485188
1597000000,-21.486345
1598000000,-21.535589
1599000000,-21.557335
1600000000,-21.535982
1601000000,-21.551531
1602000000,-21.529051
1603000000,-21.527706
1604000000,-21.598585
1605000000,-21.571966
1606000000,-21.686581
1607000000,-21.684855
1608000000,-21.550718
1609000000,-21.674147
1610000000,-21.66297
1611000000,-21.720564
1612000000,-21.669874
1613000000,-21.67333
1614000000,-21.727116
1615000000,-21.757236
1616000000,-21.694033
1617000000,-21.765432
1618000000,-21.791399
1619000000,-21.777222
1620000000,-21.830244
1621000000,-21.822105
1622000000,-21.881081
1623000000,-21.837526
1624000000,-21.860329
1625000000,-21.891148
1626000000,-21.909184
1627000000,-21.902214
1628000000,-21.922647
1629000000,-21.940964
1630000000,-21.911823
1631000000,-21.895422
1632000000,-21.966034
1633000000,-21.991734
1634000000,-22.015633
1635000000,-22.012829
1636000000,-21.988144
1637000000,-22.013802
1638000000,-22.057503
1639000000,-22.100399
1640000000,-22.131332
1641000000,-22.079414
1642000000,-22.176996
1643000000,-22.115227
1644000000,-22.10187
1645000000,-22.062672
1646000000,-22.083481
1647000000,-22.133644
1648000000,-22.161028
1649000000,-22.122437
1650000000,-22.202141
1651000000,-22.272755
1652000000,-22.341118
1653000000,-22.19068
1654000000,-22.28821
1655000000,-22.279175
1656000000,-22.242115
1657000000,-22.333555
1658000000,-22.22934
1659000000,-22.331177
1660000000,-22.334673
1661000000,-22.354681
1662000000,-22.371237
1663000000,-22.397678
1664000000,-22.422848
1665000000,-22.318245
1666000000,-22.422916
1667000000,-22.341785
1668000000,-22.467493
1669000000,-22.481651
1670000000,-22.424519
1671000000,-22.480991
1672000000,-22.501387
1673000000,-22.496691
1674000000,-22.449808
1675000000,-22.437096
1676000000,-22.461651
1677000000,-22.468388
1678000000,-22.501045
1679000000,-22.493834
1680000000,-22.521614
1681000000,-22.53145
1682000000,-22.53163
1683000000,-22.531086
1684000000,-22.562426
1685000000,-22.478594
1686000000,-22.566036
1687000000,-22.600672
1688000000,-22.55966
1689000000,-22.544538
1690000000,-22.685144
1691000000,-22.64856
1692000000,-22.670263
1693000000,-22.638165
1694000000,-22.660652
1695000000,-22.763906
1696000000,-22.722202
1697000000,-22.752724
1698000000,-22.702322
1699000000,-22.76918
1700000000,-22.72278
1701000000,-22.776169
1702000000,-22.734331
1703000000,-22.777433
1704000000,-22.822369
1705000000,-22.958719
1706000000,-22.896198
1707000000,-22.882071
1708000000,-22.877993
1709000000,-22.91868
1710000000,-22.899132
1711000000,-22.896505
1712000000,-22.907593
1713000000,-22.92153
1714000000,-23.014126
1715000000,-22.969078
1716000000,-23.033651
1717000000,-23.010044
1718000000,-23.010036
1719000000,-23.084532
1720000000,-23.081018
1721000000,-23.04068
1722000000,-23.068228
1723000000,-23.187881
1724000000,-23.239521
1725000000,-23.15222
1726000000,-23.258339
1727000000,-23.132561
1728000000,-23.199839
1729000000,-23.168465
1730000000,-23.156601
1731000000,-23.280725
1732000000,-23.258848
1733000000,-23.300989
1734000000,-23.274084
1735000000,-23.331707
1736000000,-23.338886
1737000000,-23.273737
1738000000,-23.293682
1739000000,-23.333061
1740000000,-23.380409
1741000000,-23.405411
1742000000,-23.379837
1743000000,-23.468969
1744000000,-23.388155
1745000000,-23.409821
1746000000,-23.416538
1747000000,-23.465437
1748000000,-23.5651
1749000000,-23.533524
1750000000,-23.580759
1751000000,-23.53838
1752000000,-23.516439
1753000000,-23.532469
1754000000,-23.564314
1755000000,-23.506977
1756000000,-23.625282
1757000000,-23.598593
1758000000,-23.589306
1759000000,-23.649237
1760000000,-23.658449
1761000000,-23.751377
1762000000,-23.711031
1763000000,-23.674915
1764000000,-23.668055
1765000000,-23.754047
1766000000,-23.756071
1767000000,-23.723389
1768000000,-23.705334
1769000000,-23.792028
1770000000,-23.8486
1771000000,-23.780989
1772000000,-23.873615
1773000000,-23.959909
1774000000,-23.856661
1775000000,-23.8216
1776000000,-23.949772
1777000000,-23.931616
1778000000,-23.825222
1779000000,-23.914537
1780000000,-23.916683
1781000000,-23.94767
1782000000,-23.962751
1783000000,-23.912271
1784000000,-23.951441
1785000000,-24.007048
1786000000,-24.042145
1787000000,-24.016438
1788000000,-24.041483
1789000000,-24.011786
1790000000,-24.108852
1791000000,-24.042383
1792000000,-24.076336
1793000000,-24.046368
1794000000,-24.041733
1795000000,-24.177622
1796000000,-24.137592
1797000000,-24.104404
1798000000,-24.195642
1799000000,-24.129372
1800000000,-24.155857
1801000000,-24.195023
1802000000,-24.240227
1803000000,-24.256655
1804000000,-24.290575
1805000000,-24.259262
1806000000,-24.327274
1807000000,-24.323341
1808000000,-24.245008
1809000000,-24.346928
1810000000,-24.29871
1811000000,-24.356419
1812000000,-24.308235
1813000000,-24.442966
1814000000,-24.387014
1815000000,-24.35734
1816000000,-24.331955
1817000000,-24.494654
1818000000,-24.42738
1819000000,-24.374268
1820000000,-24.42786
1821000000,-24.408957
1822000000,-24.569757
1823000000,-24.533552
1824000000,-24.526989
1825000000,-24.533628
1826000000,-24.532391
1827000000,-24.48588
1828000000,-24.491314
1829000000,-24.649822
1830000000,-24.600023
1831000000,-24.602211
1832000000,-24.642456
1833000000,-24.718737
1834000000,-24.750017
1835000000,-24.635044
1836000000,-24.747952
1837000000,-24.705742
1838000000,-24.739691
1839000000,-24.729258
1840000000,-24.792162
1841000000,-24.828169
1842000000,-24.779652
1843000000,-24.872213
1844000000,-24.777653
1845000000,-24.783852
1846000000,-24.852745
1847000000,-24.757603
1848000000,-24.82407
1849000000,-24.856552
1850000000,-24.865181
1851000000,-24.848522
1852000000,-24.964211
1853000000,-24.873957
1854000000,-24.891571
1855000000,-24.894159
1856000000,-24.910831
1857000000,-25.00193
1858000000,-24.982916
1859000000,-25.009205
1860000000,-24.969316
1861000000,-25.073072
1862000000,-24.994249
1863000000,-25.093056
1864000000,-25.045668
1865000000,-24.99362
1866000000,-25.058563
1867000000,-25.075945
1868000000,-25.140873
1869000000,-25.181137
1870000000,-25.124975
1871000000,-25.167091
1872000000,-25.172304
1873000000,-25.144085
1874000000,-25.231441
1875000000,-25.211731
1876000000,-25.216702
1877000000,-25.208506
1878000000,-25.217007
1879000000,-25.230291
1880000000,-25.315523
1881000000,-25.215109
1882000000,-25.234589
1883000000,-25.261259
1884000000,-25.297255
1885000000,-25.257498
1886000000,-25.23662
1887000000,-25.300747
1888000000,-25.351503
1889000000,-25.28265
1890000000,-25.365587
1891000000,-25.355387
1892000000,-25.367241
1893000000,-25.453493
1894000000,-25.367273
1895000000,-25.374115
1896000000,-25.42168
1897000000,-25.382816
1898000000,-25.387424
1899000000,-25.531693
1900000000,-25.467896
1901000000,-25.403761
1902000000,-25.519758
1903000000,-25.46998
1904000000,-25.480801
1905000000,-25.490265
1906000000,-25.516962
1907000000,-25.545609
1908000000,-25.603043
1909000000,-25.5382
1910000000,-25.567797
1911000000,-25.549164
1912000000,-25.528397
1913000000,-25.62068
1914000000,-25.627098
1915000000,-25.61109
1916000000,-25.641132
1917000000,-25.690001
1918000000,-25.700977
1919000000,-25.725285
1920000000,-25.687428
1921000000,-25.725512
1922000000,-25.758936
1923000000,-25.726631
1924000000,-25.822542
1925000000,-25.788055
1926000000,-25.732578
1927000000,-25.81144
1928000000,-25.755789
1929000000,-25.840481
1930000000,-25.907444
1931000000,-25.931496
1932000000,-25.894363
1933000000,-25.886988
1934000000,-25.952295
1935000000,-25.93251
1936000000,-25.854425
1937000000,-25.886463
1938000000,-26.009624
1939000000,-25.927162
1940000000,-25.959402
1941000000,-25.990704
1942000000,-26.008039
1943000000,-25.997038
1944000000,-26.027931
1945000000,-26.064167
1946000000,-26.039255
1947000000,-26.042473
1948000000,-26.047499
1949000000,-26.090452
1950000000,-26.103682
1951000000,-26.122906
1952000000,-26.116459
1953000000,-26.157316
1954000000,-26.102819
1955000000,-26.111456
1956000000,-26.237356
1957000000,-26.157616
1958000000,-26.185881
1959000000,-26.146343
1960000000,-26.223303
1961000000,-26.276033
1962000000,-26.311495
1963000000,-26.281395
1964000000,-26.286798
1965000000,-26.247826
1966000000,-26.387955
1967000000,-26.386038
1968000000,-26.355959
1969000000,-26.443741
1970000000,-26.419504
1971000000,-26.345514
1972000000,-26.420441
1973000000,-26.486256
1974000000,-26.506252
1975000000,-26.513918
1976000000,-26.581959
1977000000,-26.548159
1978000000,-26.545542
1979000000,-26.570621
1980000000,-26.665337
1981000000,-26.679728
1982000000,-26.6045
1983000000,-26.637917
1984000000,-26.689945
1985000000,-26.705191
1986000000,-26.704472
1987000000,-26.753857
1988000000,-26.82658
1989000000,-26.814798
1990000000,-26.740807
1991000000,-26.774057
1992000000,-26.838854
1993000000,-26.852844
1994000000,-26.888195
1995000000,-26.88175
1996000000,-26.830805
1997000000,-26.870619
1998000000,-26.934448
1999000000,-26.945137
2000000000,-26.881838
2001000000,-26.98838
2002000000,-27.017818
2003000000,-26.986885
2004000000,-26.999218
2005000000,-27.068083
2006000000,-27.074232
2007000000,-27.007914
2008000000,-27.096548
2009000000,-27.084188
2010000000,-27.143105
2011000000,-27.043306
2012000000,-27.113914
2013000000,-27.093801
2014000000,-27.146048
2015000000,-27.121199
2016000000,-27.125729
2017000000,-27.13266
2018000000,-27.24551
2019000000,-27.150463
2020000000,-27.284962
2021000000,-27.281023
2022000000,-27.221842
2023000000,-27.262287
2024000000,-27.281548
2025000000,-27.330761
2026000000,-27.339828
2027000000,-27.34923
2028000000,-27.336044
2029000000,-27.370598
2030000000,-27.379036
2031000000,-27.389784
2032000000,-27.442801
2033000000,-27.402868
2034000000,-27.438646
2035000000,-27.509888
2036000000,-27.481356
2037000000,-27.450512
2038000000,-27.454056
2039000000,-27.541998
2040000000,-27.512682
2041000000,-27.590836
2042000000,-27.568666
2043000000,-27.540358
2044000000,-27.576916
2045000000,-27.648085
2046000000,-27.644688
2047000000,-27.673405
2048000000,-27.668825
2049000000,-27.711607
2050000000,-27.66374
2051000000,-27.766951
2052000000,-27.69997
2053000000,-27.724581
2054000000,-27.747778
2055000000,-27.726023
2056000000,-27.775637
2057000000,-27.791245
2058000000,-27.817404
2059000000,-27.887842
2060000000,-27.809612
2061000000,-27.973059
2062000000,-27.838282
2063000000,-27.877449
2064000000,-27.82473
2065000000,-27.895876
2066000000,-27.900801
2067000000,-27.888508
2068000000,-27.91057
2069000000,-27.959848
2070000000,-27.974207
2071000000,-27.974936
2072000000,-28.06192
2073000000,-28.050072
2074000000,-28.043135
2075000000,-28.125113
2076000000,-28.089426
2077000000,-28.065752
2078000000,-28.080185
2079000000,-28.078224
2080000000,-28.075338
2081000000,-28.102062
2082000000,-28.119253
2083000000,-28.197651
2084000000,-28.191845
2085000000,-28.178673
2086000000,-28.173344
2087000000,-28.223625
2088000000,-28.20249
2089000000,-28.298943
2090000000,-28.235167
2091000000,-28.245014
2092000000,-28.234182
2093000000,-28.282513
2094000000,-28.270439
2095000000,-28.277069
2096000000,-28.369696
2097000000,-28.351881
2098000000,-28.338045
2099000000,-28.318846
2100000000,-28.28208
2101000000,-28.391209
2102000000,-28.425289
2103000000,-28.36072
2104000000,-28.310343
2105000000,-28.369864
2106000000,-28.492579
2107000000,-28.400352
2108000000,-28.506996
2109000000,-28.499928
2110000000,-28.48484
2111000000,-28.410902
2112000000,-28.488596
2113000000,-28.496988
2114000000,-28.466
2115000000,-28.486504
2116000000,-28.529604
2117000000,-28.513704
2118000000,-28.501461
2119000000,-28.436029
2120000000,-28.520439
2121000000,-28.485682
2122000000,-28.574419
2123000000,-28.518871
2124000000,-28.536787
2125000000,-28.612583
2126000000,-28.577995
2127000000,-28.568636
2128000000,-28.606226
2129000000,-28.684599
2130000000,-28.623789
2131000000,-28.639711
2132000000,-28.685701
2133000000,-28.642998
2134000000,-28.711418
2135000000,-28.702986
2136000000,-28.676477
2137000000,-28.718845
2138000000,-28.76078
2139000000,-28.798635
2140000000,-28.849117
2141000000,-28.819687
2142000000,-28.797098
2143000000,-28.780508
2144000000,-28.850887
2145000000,-28.873501
2146000000,-28.877705
2147000000,-28.903366
2148000000,-28.892363
2149000000,-28.946995
2150000000,-28.977089
2151000000,-28.99333
2152000000,-29.049696
2153000000,-28.97407
2154000000,-29.056227
2155000000,-29.062107
2156000000,-29.018089
2157000000,-29.024927
2158000000,-29.066908
2159000000,-29.11027
2160000000,-29.195763
2161000000,-29.166765
2162000000,-29.119064
2163000000,-29.222742
2164000000,-29.197884
2165000000,-29.225086
2166000000,-29.284637
2167000000,-29.297956
2168000000,-29.272522
2169000000,-29.306051
2170000000,-29.359285
2171000000,-29.343866
2172000000,-29.321289
2173000000,-29.339144
2174000000,-29.395308
2175000000,-29.344416
2176000000,-29.420483
2177000000,-29.450083
2178000000,-29.460276
2179000000,-29.431644
2180000000,-29.499243
2181000000,-29.48255
2182000000,-29.463339
2183000000,-29.52939
2184000000,-29.599121
2185000000,-29.567463
2186000000,-29.594707
2187000000,-29.584702
2188000000,-29.587021
2189000000,-29.641399
2190000000,-29.61219
2191000000,-29.662989
2192000000,-29.730846
2193000000,-29.751488
2194000000,-29.697796
2195000000,-29.640539
2196000000,-29.689669
2197000000,-29.749054
2198000000,-29.648748
2199000000,-29.731155
2200000000,-29.704489
2201000000,-29.734915
2202000000,-29.851475
2203000000,-29.804548
2204000000,-29.774561
2205000000,-29.869183
2206000000,-29.788157
2207000000,-29.843958
2208000000,-29.804251
2209000000,-29.869497
2210000000,-29.903486
2211000000,-29.890217
2212000000,-29.953197
2213000000,-29.945024
2214000000,-29.921
2215000000,-29.965895
2216000000,-29.923786
2217000000,-30.004435
2218000000,-29.963316
2219000000,-29.940342
2220000000,-30.025505
2221000000,-30.016989
2222000000,-30.032301
2223000000,-30.121672
2224000000,-29.969601
2225000000,-30.013191
2226000000,-29.991323
2227000000,-30.017719
2228000000,-30.072916
2229000000,-30.111115
2230000000,-30.12389
2231000000,-30.117189
2232000000,-30.133505
2233000000,-30.093069
2234000000,-30.165943
2235000000,-30.200382
2236000000,-30.154921
2237000000,-30.181271
2238000000,-30.130638
2239000000,-30.221464
2240000000,-30.20158
2241000000,-30.23011
2242000000,-30.182442
2243000000,-30.313072
2244000000,-30.224445
2245000000,-30.232517
2246000000,-30.227345
2247000000,-30.266356
2248000000,-30.342678
2249000000,-30.31184
2250000000,-30.306257
2251000000,-30.347322
2252000000,-30.387699
2253000000,-30.423763
2254000000,-30.401325
2255000000,-30.37822
2256000000,-30.370184
2257000000,-30.391296
2258000000,-30.476448
2259000000,-30.392637
2260000000,-30.521124
2261000000,-30.397514
2262000000,-30.524199
2263000000,-30.423876
2264000000,-30.561241
2265000000,-30.477697
2266000000,-30.571714
2267000000,-30.601925
2268000000,-30.512804
2269000000,-30.632135
2270000000,-30.65568
2271000000,-30.562084
2272000000,-30.680811
2273000000,-30.672352
2274000000,-30.639803
2275000000,-30.652
2276000000,-30.709
2277000000,-30.741108
2278000000,-30.708115
2279000000,-30.824186
2280000000,-30.700296
2281000000,-30.723007
2282000000,-30.763199
2283000000,-30.827669
2284000000,-30.853662
2285000000,-30.810625
2286000000,-30.920485
2287000000,-30.880133
2288000000,-30.888126
2289000000,-30.963957
2290000000,-30.9233
2291000000,-30.896049
2292000000,-30.956169
2293000000,-30.965384
2294000000,-30.981092
2295000000,-31.006733
2296000000,-30.986294
2297000000,-31.066126
2298000000,-31.11825
2299000000,-31.121037
2300000000,-31.039167
2301000000,-31.138344
2302000000,-31.217468
2303000000,-31.188389
2304000000,-31.149788
2305000000,-31.25178
2306000000,-31.129694
2307000000,-31.161146
2308000000,-31.22308
2309000000,-31.283213
2310000000,-31.25304
2311000000,-31.260857
2312000000,-31.247566
2313000000,-31.219183
2314000000,-31.225727
2315000000,-31.254198
2316000000,-31.317791
2317000000,-31.347273
2318000000,-31.351593
2319000000,-31.405077
2320000000,-31.37475
2321000000,-31.397636
2322000000,-31.412024
2323000000,-31.430857
2324000000,-31.419769
2325000000,-31.492346
2326000000,-31.4116
2327000000,-31.545099
2328000000,-31.473358
2329000000,-31.468376
2330000000,-31.557861
2331000000,-31.546591
2332000000,-31.500313
2333000000,-31.602701
2334000000,-31.527258
2335000000,-31.56307
2336000000,-31.508223
2337000000,-31.573666
2338000000,-31.643583
2339000000,-31.660379
2340000000,-31.668453
2341000000,-31.75312
2342000000,-31.681942
2343000000,-31.766062
2344000000,-31.704748
2345000000,-31.700991
2346000000,-31.727674
2347000000,-31.695927
2348000000,-31.813099
2349000000,-31.762733
2350000000,-31.736528
2351000000,-31.869219
2352000000,-31.849459
2353000000,-31.848883
2354000000,-31.898691
2355000000,-31.912567
2356000000,-31.904825
2357000000,-31.922918
2358000000,-31.877363
2359000000,-31.959183
2360000000,-31.866722
2361000000,-31.908529
2362000000,-31.9212
2363000000,-31.93334
2364000000,-31.963589
2365000000,-32.013157
2366000000,-31.938654
2367000000,-31.956539
2368000000,-31.97887
2369000000,-31.975897
2370000000,-32.11895
2371000000,-31.963507
2372000000,-32.039463
2373000000,-32.103127
2374000000,-32.068516
2375000000,-32.123676
2376000000,-32.141834
2377000000,-32.094364
2378000000,-32.094948
2379000000,-32.081841
2380000000,-32.108742
2381000000,-32.122307
2382000000,-32.154083
2383000000,-32.139721
2384000000,-32.150715
2385000000,-32.146267
2386000000,-32.246708
2387000000,-32.21104
2388000000,-32.230148
2389000000,-32.224609
2390000000,-32.175919
2391000000,-32.195313
2392000000,-32.285671
2393000000,-32.266018
2394000000,-32.305492
2395000000,-32.319283
2396000000,-32.31073
2397000000,-32.310673
2398000000,-32.33812
2399000000,-32.338951
2400000000,-32.345161
2401000000,-32.377228
2402000000,-32.41589
2403000000,-32.362633
2404000000,-32.452526
2405000000,-32.444443
2406000000,-32.41301
2407000000,-32.440514
2408000000,-32.441853
2409000000,-32.488926
2410000000,-32.419971
2411000000,-32.522144
2412000000,-32.534351
2413000000,-32.477463
2414000000,-32.585976
2415000000,-32.574825
2416000000,-32.541595
2417000000,-32.592331
2418000000,-32.573139
2419000000,-32.552509
2420000000,-32.620735
2421000000,-32.589134
2422000000,-32.638142
2423000000,-32.641731
2424000000,-32.593971
2425000000,-32.706467
2426000000,-32.645237
2427000000,-32.614651
2428000000,-32.704884
2429000000,-32.780167
2430000000,-32.775642
2431000000,-32.675362
2432000000,-32.688759
2433000000,-32.736191
2434000000,-32.661461
2435000000,-32.711407
2436000000,-32.744125
2437000000,-32.784306
2438000000,-32.809906
2439000000,-32.774696
2440000000,-32.779793
2441000000,-32.783432
2442000000,-32.829636
2443000000,-32.777367
2444000000,-32.802986
2445000000,-32.833076
2446000000,-32.884842
2447000000,-32.919987
2448000000,-32.969604
2449000000,-32.977692
2450000000,-32.874699
2451000000,-32.890579
2452000000,-32.961872
2453000000,-32.99894
2454000000,-33.020889
2455000000,-33.013332
2456000000,-33.031944
2457000000,-33.102688
2458000000,-32.992336
2459000000,-33.048473
2460000000,-33.026268
2461000000,-33.066704
2462000000,-33.059513
2463000000,-33.137409
2464000000,-33.104851
2465000000,-33.210747
2466000000,-33.194862
2467000000,-33.139805
2468000000,-33.180248
2469000000,-33.187618
2470000000,-33.248829
2471000000,-33.294754
2472000000,-33.27512
2473000000,-33.298306
2474000000,-33.31765
2475000000,-33.311607
2476000000,-33.324623
2477000000,-33.308502
2478000000,-33.345268
2479000000,-33.453964
2480000000,-33.362003
2481000000,-33.490402
2482000000,-33.439804
2483000000,-33.433537
2484000000,-33.429131
2485000000,-33.429787
2486000000,-33.503521
2487000000,-33.5378
2488000000,-33.466759
2489000000,-33.550236
2490000000,-33.591129
2491000000,-33.622093
2492000000,-33.557903
2493000000,-33.659481
2494000000,-33.592884
2495000000,-33.702534
2496000000,-33.672401
2497000000,-33.660767
2498000000,-33.63327
2499000000,-33.710033
2500000000,-33.648029
2501000000,-33.703888
2502000000,-33.766651
2503000000,-33.831181
2504000000,-33.863827
2505000000,-33.765919
2506000000,-33.796799
2507000000,-33.830585
2508000000,-33.732609
2509000000,-33.823471
2510000000,-33.80011
2511000000,-33.91428
2512000000,-33.935314
2513000000,-33.927635
2514000000,-33.986271
2515000000,-33.918118
2516000000,-33.9548
2517000000,-34.0172
2518000000,-34.020493
2519000000,-34.037598
2520000000,-34.069153
2521000000,-34.072742
2522000000,-34.11121
2523000000,-34.133232
2524000000,-34.157703
2525000000,-34.05098
2526000000,-34.168919
2527000000,-34.148342
2528000000,-34.122589
2529000000,-34.20121
2530000000,-34.209122
2531000000,-34.166817
2532000000,-34.188858
2533000000,-34.265076
2534000000,-34.281742
2535000000,-34.245827
2536000000,-34.30949
2537000000,-34.286671
2538000000,-34.33326
2539000000,-34.37476
2540000000,-34.301044
2541000000,-34.271767
2542000000,-34.278534
2543000000,-34.338768
2544000000,-34.355541
2545000000,-34.384613
2546000000,-34.399437
2547000000,-34.448769
2548000000,-34.485283
2549000000,-34.460045
2550000000,-34.419708
2551000000,-34.453014
2552000000,-34.483322
2553000000,-34.407207
2554000000,-34.480999
2555000000,-34.489388
2556000000,-34.438084
2557000000,-34.570057
2558000000,-34.542919
2559000000,-34.478394
2560000000,-34.590252
2561000000,-34.457409
2562000000,-34.559444
2563000000,-34.590698
2564000000,-34.588505
2565000000,-34.559261
2566000000,-34.601181
2567000000,-34.600101
2568000000,-34.607517
2569000000,-34.692345
2570000000,-34.589901
2571000000,-34.600975
2572000000,-34.701847
2573000000,-34.620052
2574000000,-34.665691
2575000000,-34.687859
2576000000,-34.701904
2577000000,-34.732315
2578000000,-34.776493
2579000000,-34.71191
2580000000,-34.776516
2581000000,-34.804096
2582000000,-34.816071
2583000000,-34.833588
2584000000,-34.885525
2585000000,-34.831135
2586000000,-34.831154
2587000000,-34.843517
2588000000,-34.860451
2589000000,-34.887154
2590000000,-34.920765
2591000000,-34.924934
2592000000,-35.019691
2593000000,-34.974537
2594000000,-34.9128
2595000000,-35.053223
2596000000,-34.875477
2597000000,-34.990845
2598000000,-34.925587
2599000000,-35.044964
2600000000,-35.081684
2601000000,-35.102737
2602000000,-35.024616
2603000000,-35.053802
2604000000,-35.185619
2605000000,-35.128643
2606000000,-35.134094
2607000000,-35.197369
2608000000,-35.235058
2609000000,-35.201492
2610000000,-35.25108
2611000000,-35.297451
2612000000,-35.28941
2613000000,-35.196049
2614000000,-35.327732
2615000000,-35.21603
2616000000,-35.262863
2617000000,-35.229191
2618000000,-35.337864
2619000000,-35.305138
2620000000,-35.408421
2621000000,-35.34996
2622000000,-35.358624
2623000000,-35.303288
2624000000,-35.39534
2625000000,-35.413387
2626000000,-35.37883
2627000000,-35.38718
2628000000,-35.378986
2629000000,-35.4361
2630000000,-35.494171
2631000000,-35.483162
2632000000,-35.475502
2633000000,-35.578354
2634000000,-35.473267
2635000000,-35.485157
2636000000,-35.51862
2637000000,-35.563202
2638000000,-35.607182
2639000000,-35.620018
2640000000,-35.522655
2641000000,-35.613865
2642000000,-35.645042
2643000000,-35.601971
2644000000,-35.624805
2645000000,-35.68
2646000000,-35.66399
2647000000,-35.68644
2648000000,-35.725594
2649000000,-35.810745
2650000000,-35.722347
2651000000,-35.651611
2652000000,-35.706959
2653000000,-35.754932
2654000000,-35.817081
2655000000,-35.814831
2656000000,-35.830109
2657000000,-35.881424
2658000000,-35.913864
2659000000,-35.813847
2660000000,-35.895443
2661000000,-35.898464
2662000000,-35.944901
2663000000,-35.934559
2664000000,-35.989376
2665000000,-35.969032
2666000000,-36.00573
2667000000,-36.043358
2668000000,-36.006126
2669000000,-36.067032
2670000000,-36.143738
2671000000,-36.015953
2672000000,-36.023403
2673000000,-36.074295
2674000000,-36.126457
2675000000,-36.186245
2676000000,-36.107357
2677000000,-36.220745
2678000000,-36.186672
2679000000,-36.23531
2680000000,-36.181053
2681000000,-36.250355
2682000000,-36.24408
2683000000,-36.298214
2684000000,-36.325783
2685000000,-36.314491
2686000000,-36.294094
2687000000,-36.34388
2688000000,-36.34782
2689000000,-36.365555
2690000000,-36.368225
2691000000,-36.446915
2692000000,-36.429577
2693000000,-36.412174
2694000000,-36.460613
2695000000,-36.429134
2696000000,-36.432362
2697000000,-36.5229
2698000000,-36.457504
2699000000,-36.525146
2700000000,-36.548386
2701000000,-36.539505
2702000000,-36.574272
2703000000,-36.658218
2704000000,-36.611782
2705000000,-36.588047
2706000000,-36.576813
2707000000,-36.639626
2708000000,-36.714447
2709000000,-36.64864
2710000000,-36.747124
2711000000,-36.748894
2712000000,-36.644051
2713000000,-36.658184
2714000000,-36.711094
2715000000,-36.715042
2716000000,-36.717426
2717000000,-36.670898
2718000000,-36.784382
2719000000,-36.785885
2720000000,-36.795456
2721000000,-36.912987
2722000000,-36.792839
2723000000,-36.775238
2724000000,-36.873905
2725000000,-36.785698
2726000000,-36.886063
2727000000,-36.906662
2728000000,-36.907207
2729000000,-36.851452
2730000000,-36.799297
2731000000,-36.995602
2732000000,-36.961498
2733000000,-36.993862
2734000000,-36.954807
2735000000,-36.891102
2736000000,-36.895119
2737000000,-37.00264
2738000000,-37.036007
2739000000,-37.032333
2740000000,-37.033691
2741000000,-37.004852
2742000000,-36.994312
2743000000,-37.096619
2744000000,-37.123722
2745000000,-37.116856
2746000000,-37.12709
2747000000,-37.187599
2748000000,-37.169693
2749000000,-37.11655
2750000000,-37.115517
2751000000,-37.133823
2752000000,-37.265278
2753000000,-37.178017
2754000000,-37.309082
2755000000,-37.301105
2756000000,-37.267082
2757000000,-37.320251
2758000000,-37.299004
2759000000,-37.339081
2760000000,-37.330093
2761000000,-37.246803
2762000000,-37.393917
2763000000,-37.372631
2764000000,-37.428455
2765000000,-37.466282
2766000000,-37.449966
2767000000,-37.473812
2768000000,-37.455097
2769000000,-37.492893
2770000000,-37.409927
2771000000,-37.550343
2772000000,-37.469086
2773000000,-37.585052
2774000000,-37.557983
2775000000,-37.589096
2776000000,-37.545174
2777000000,-37.526478
2778000000,-37.62149
2779000000,-37.555859
2780000000,-37.577522
2781000000,-37.658951
2782000000,-37.657143
2783000000,-37.677914
2784000000,-37.798721
2785000000,-37.787052
2786000000,-37.702473
2787000000,-37.801445
2788000000,-37.734177
2789000000,-37.8148
2790000000,-37.772209
2791000000,-37.813522
2792000000,-37.728447
2793000000,-37.801205
2794000000,-37.762711
2795000000,-37.863266
2796000000,-37.883514
2797000000,-37.862019
2798000000,-37.900848
2799000000,-37.862709
2800000000,-38.001999
2801000000,-37.905842
2802000000,-38.068287
2803000000,-38.048077
2804000000,-37.960327
2805000000,-37.978371
2806000000,-38.006569
2807000000,-37.998329
2808000000,-38.080723
2809000000,-38.038723
2810000000,-37.997589
2811000000,-38.039394
2812000000,-38.11454
2813000000,-38.039883
2814000000,-37.968983
2815000000,-38.080753
2816000000,-38.155136
2817000000,-38.145256
2818000000,-38.092346
2819000000,-38.180061
2820000000,-38.238926
2821000000,-38.267258
2822000000,-38.144585
2823000000,-38.230484
2824000000,-38.188652
2825000000,-38.097485
2826000000,-38.133369
2827000000,-38.232697
2828000000,-38.248703
2829000000,-38.265427
2830000000,-38.303589
2831000000,-38.298954
2832000000,-38.300835
2833000000,-38.293755
2834000000,-38.357426
2835000000,-38.332714
2836000000,-38.281673
2837000000,-38.423843
2838000000,-38.387047
2839000000,-38.512737
2840000000,-38.497917
2841000000,-38.410305
2842000000,-38.434292
2843000000,-38.442627
2844000000,-38.412956
2845000000,-38.504673
2846000000,-38.523987
2847000000,-38.480858
2848000000,-38.498299
2849000000,-38.515968
2850000000,-38.547157
2851000000,-38.500286
2852000000,-38.630722
2853000000,-38.517384
2854000000,-38.6026
2855000000,-38.556419
2856000000,-38.587521
2857000000,-38.587589
2858000000,-38.603271
2859000000,-38.662235
2860000000,-38.62674
2861000000,-38.724148
2862000000,-38.670078
2863000000,-38.691444
2864000000,-38.666267
2865000000,-38.739555
2866000000,-38.725693
2867000000,-38.816292
2868000000,-38.770813
2869000000,-38.714733
2870000000,-38.66806
2871000000,-38.736763
2872000000,-38.882942
2873000000,-38.855804
2874000000,-38.833763
2875000000,-38.821922
2876000000,-38.916122
2877000000,-38.89912
2878000000,-38.892673
2879000000,-38.94883
2880000000,-38.886097
2881000000,-38.875233
2882000000,-38.995811
2883000000,-39.022232
2884000000,-39.081802
2885000000,-39.082363
2886000000,-39.072662
2887000000,-39.049046
2888000000,-39.016335
2889000000,-38.989449
2890000000,-39.101505
2891000000,-39.094971
2892000000,-39.1283
2893000000,-39.28352
2894000000,-39.244965
2895000000,-39.242149
2896000000,-39.286583
2897000000,-39.194492
2898000000,-39.243366
2899000000,-39.243603
2900000000,-39.314133
2901000000,-39.346645
2902000000,-39.292007
2903000000,-39.334751
2904000000,-39.378666
2905000000,-39.386383
2906000000,-39.383572
2907000000,-39.36858
2908000000,-39.444992
2909000000,-39.430294
2910000000,-39.471329
2911000000,-39.449467
2912000000,-39.427795
2913000000,-39.588932
2914000000,-39.516006
2915000000,-39.480865
2916000000,-39.525032
2917000000,-39.60635
2918000000,-39.629387
2919000000,-39.577534
2920000000,-39.5509
2921000000,-39.638229
2922000000,-39.609741
2923000000,-39.69672
2924000000,-39.57378
2925000000,-39.731865
2926000000,-39.776398
2927000000,-39.733578
2928000000,-39.756535
2929000000,-39.810146
2930000000,-39.835724
2931000000,-39.8545
2932000000,-39.81934
2933000000,-39.838364
2934000000,-39.845028
2935000000,-39.888245
2936000000,-39.971718
2937000000,-39.936646
2938000000,-39.995892
2939000000,-40.00145
2940000000,-39.944431
2941000000,-39.976688
2942000000,-39.999294
2943000000,-40.014347
2944000000,-40.025444
2945000000,-40.008625
2946000000,-40.085609
2947000000,-40.100506
2948000000,-40.121727
2949000000,-40.171661
2950000000,-40.154438
2951000000,-40.190712
2952000000,-40.163548
2953000000,-40.223015
2954000000,-40.171112
2955000000,-40.151264
2956000000,-40.265381
2957000000,-40.293049
2958000000,-40.370708
2959000000,-40.301426
2960000000,-40.343548
2961000000,-40.354515
2962000000,-40.361542
2963000000,-40.368954
2964000000,-40.279285
2965000000,-40.3699
2966000000,-40.349445
2967000000,-40.459564
2968000000,-40.39045
2969000000,-40.470505
2970000000,-40.431458
2971000000,-40.425907
2972000000,-40.482811
2973000000,-40.550949
2974000000,-40.539654
2975000000,-40.579205
2976000000,-40.437759
2977000000,-40.470116
2978000000,-40.574543
2979000000,-40.585747
2980000000,-40.586441
2981000000,-40.598053
2982000000,-40.684914
2983000000,-40.642036
2984000000,-40.668335
2985000000,-40.601341
2986000000,-40.614445
2987000000,-40.624352
2988000000,-40.66264
2989000000,-40.641193
2990000000,-40.723106
2991000000,-40.690689
2992000000,-40.678062
2993000000,-40.775345
2994000000,-40.739014
2995000000,-40.797855
2996000000,-40.661148
2997000000,-40.759163
2998000000,-40.699078
2999000000,-40.839909
3000000000,-40.838772
3001000000,-40.838936
3002000000,-40.73011
3003000000,-40.813114
3004000000,-40.870075
3005000000,-40.874084
3006000000,-40.845169
3007000000,-40.839951
3008000000,-40.956608
3009000000,-40.980629
3010000000,-40.950035
3011000000,-41.002556
3012000000,-40.969379
3013000000,-40.96838
3014000000,-40.879604
3015000000,-40.996613
3016000000,-40.958065
3017000000,-41.032043
3018000000,-41.057877
3019000000,-41.023472
3020000000,-41.034187
3021000000,-41.096539
3022000000,-41.109344
3023000000,-41.0839
3024000000,-41.10347
3025000000,-41.119862
3026000000,-41.112072
3027000000,-41.123638
3028000000,-41.170231
3029000000,-41.149281
3030000000,-41.16861
3031000000,-41.226337
3032000000,-41.24865
3033000000,-41.145298
3034000000,-41.256386
3035000000,-41.290173
3036000000,-41.245987
3037000000,-41.13131
3038000000,-41.242653
3039000000,-41.269047
3040000000,-41.342693
3041000000,-41.379105
3042000000,-41.322124
3043000000,-41.317364
3044000000,-41.312794
3045000000,-41.352654
3046000000,-41.411438
3047000000,-41.467808
3048000000,-41.33099
3049000000,-41.331562
3050000000,-41.430183
3051000000,-41.366013
3052000000,-41.505798
3053000000,-41.492115
3054000000,-41.519737
3055000000,-41.527405
3056000000,-41.513786
3057000000,-41.442749
3058000000,-41.571602
3059000000,-41.525391
3060000000,-41.480381
3061000000,-41.570412
3062000000,-41.628273
3063000000,-41.57391
3064000000,-41.617294
3065000000,-41.641525
3066000000,-41.674522
3067000000,-41.683212
3068000000,-41.652897
3069000000,-41.673553
3070000000,-41.738129
3071000000,-41.676384
3072000000,-41.725208
3073000000,-41.703228
3074000000,-41.811775
3075000000,-41.734398
3076000000,-41.75774
3077000000,-41.828053
3078000000,-41.881493
3079000000,-41.843208
3080000000,-41.774387
3081000000,-41.923744
3082000000,-41.848682
3083000000,-41.833305
3084000000,-41.868355
3085000000,-41.830341
3086000000,-41.939289
3087000000,-41.951817
3088000000,-41.972023
3089000000,-41.906044
3090000000,-42.017426
3091000000,-41.973206
3092000000,-42.009663
3093000000,-41.982475
3094000000,-42.046127
3095000000,-42.029903
3096000000,-42.1661
3097000000,-42.075802
3098000000,-42.087299
3099000000,-42.15712
3100000000,-42.205933
3101000000,-42.128906
3102000000,-42.16087
3103000000,-42.139851
3104000000,-42.190376
3105000000,-42.263199
3106000000,-42.286232
3107000000,-42.270462
3108000000,-42.265579
3109000000,-42.310787
3110000000,-42.205849
3111000000,-42.23753
3112000000,-42.357082
3113000000,-42.342285
3114000000,-42.334682
3115000000,-42.393116
3116000000,-42.44582
3117000000,-42.434849
3118000000,-42.500862
3119000000,-42.535313
3120000000,-42.498009
3121000000,-42.5401
3122000000,-42.423218
3123000000,-42.501213
3124000000,-42.592327
3125000000,-42.538692
3126000000,-42.498791
3127000000,-42.587311
3128000000,-42.538326
3129000000,-42.728294
3130000000,-42.580639
3131000000,-42.703621
3132000000,-42.696301
3133000000,-42.728085
3134000000,-42.736355
3135000000,-42.767971
3136000000,-42.740177
3137000000,-42.723812
3138000000,-42.793465
3139000000,-42.861595
3140000000,-42.837646
3141000000,-42.847404
3142000000,-42.926174
3143000000,-42.92017
3144000000,-42.840855
3145000000,-42.895992
3146000000,-42.842136
3147000000,-42.936325
3148000000,-42.954315
3149000000,-42.96582
3150000000,-42.945015
3151000000,-43.054569
3152000000,-43.040352
3153000000,-43.032799
3154000000,-43.050156
3155000000,-42.98032
3156000000,-43.036091
3157000000,-42.99828
3158000000,-43.010475
3159000000,-43.130863
3160000000,-43.097782
3161000000,-43.130886
3162000000,-43.173927
3163000000,-43.097065
3164000000,-43.076607
3165000000,-43.124401
3166000000,-43.147484
3167000000,-43.066288
3168000000,-43.152096
3169000000,-43.12846
3170000000,-43.209766
3171000000,-43.256252
3172000000,-43.292328
3173000000,-43.280365
3174000000,-43.247345
3175000000,-43.276871
3176000000,-43.220036
3177000000,-43.209866
3178000000,-43.268639
3179000000,-43.253605
3180000000,-43.320309
3181000000,-43.259747
3182000000,-43.425713
3183000000,-43.366718
3184000000,-43.367374
3185000000,-43.343189
3186000000,-43.407166
3187000000,-43.377403
3188000000,-43.404827
3189000000,-43.383495
3190000000,-43.470497
3191000000,-43.343742
3192000000,-43.455994
3193000000,-43.478191
3194000000,-43.503635
3195000000,-43.468765
3196000000,-43.51033
3197000000,-43.498425
3198000000,-43.577766
3199000000,-43.568542
3200000000,-43.535454
3201000000,-43.639702
3202000000,-43.616287
3203000000,-43.541428
3204000000,-43.628143
3205000000,-43.707203
3206000000,-43.578434
3207000000,-43.638386
3208000000,-43.66238
3209000000,-43.69244
3210000000,-43.632206
3211000000,-43.671547
3212000000,-43.701836
3213000000,-43.73558
3214000000,-43.782616
3215000000,-43.840996
3216000000,-43.752274
3217000000,-43.739143
3218000000,-43.818825
3219000000,-43.788269
3220000000,-43.712631
3221000000,-43.814587
3222000000,-43.757465
3223000000,-43.768051
3224000000,-43.82375
3225000000,-43.836266
3226000000,-43.82074
3227000000,-43.884262
3228000000,-43.950108
3229000000,-43.967724
3230000000,-43.873936
3231000000,-43.931519
3232000000,-43.951942
3233000000,-43.990494
3234000000,-43.865681
3235000000,-43.959003
3236000000,-44.007423
3237000000,-44.037868
3238000000,-44.025257
3239000000,-44.036243
3240000000,-44.055706
3241000000,-44.050179
3242000000,-44.007244
3243000000,-44.103954
3244000000,-44.152813
3245000000,-44.139404
3246000000,-44.174789
3247000000,-44.290733
3248000000,-44.137836
3249000000,-44.182705
3250000000,-44.194263
3251000000,-44.170052
3252000000,-44.189827
3253000000,-44.229229
3254000000,-44.20565
3255000000,-44.238335
3256000000,-44.29031
3257000000,-44.332462
3258000000,-44.257996
3259000000,-44.324959
3260000000,-44.386066
3261000000,-44.333382
3262000000,-44.38765
3263000000,-44.403206
3264000000,-44.365753
3265000000,-44.357403
3266000000,-44.435055
3267000000,-44.440037
3268000000,-44.462856
3269000000,-44.532383
3270000000,-44.543423
3271000000,-44.45192
3272000000,-44.514736
3273000000,-44.532494
3274000000,-44.535717
3275000000,-44.577633
3276000000,-44.506462
3277000000,-44.601971
3278000000,-44.515545
3279000000,-44.571503
3280000000,-44.663197
3281000000,-44.601303
3282000000,-44.664448
3283000000,-44.683426
3284000000,-44.698574
3285000000,-44.730503
3286000000,-44.679062
3287000000,-44.695557
3288000000,-44.667408
3289000000,-44.818233
3290000000,-44.743191
3291000000,-44.757729
3292000000,-44.817249
3293000000,-44.764103
3294000000,-44.785786
3295000000,-44.777374
3296000000,-44.7985
3297000000,-44.856209
3298000000,-44.840851
3299000000,-44.8736
3300000000,-44.881126
3301000000,-44.924267
3302000000,-44.895096
3303000000,-44.954479
3304000000,-44.927959
3305000000,-44.926598
3306000000,-44.963039
3307000000,-45.011749
3308000000,-44.97015
3309000000,-44.985023
3310000000,-44.93541
3311000000,-45.027466
3312000000,-45.104176
3313000000,-45.066406
3314000000,-45.06551
3315000000,-45.097515
3316000000,-45.107578
3317000000,-45.088558
3318000000,-45.114006
3319000000,-45.087471
3320000000,-45.088871
3321000000,-45.187122
3322000000,-45.116421
3323000000,-45.176353
3324000000,-45.157505
3325000000,-45.230312
3326000000,-45.237385
3327000000,-45.195591
3328000000,-45.271889
3329000000,-45.178799
3330000000,-45.256397
3331000000,-45.266582
3332000000,-45.220051
3333000000,-45.377762
3334000000,-45.345078
3335000000,-45.334785
3336000000,-45.366798
3337000000,-45.299911
3338000000,-45.46199
3339000000,-45.354214
3340000000,-45.442673
3341000000,-45.342369
3342000000,-45.347576
3343000000,-45.440563
3344000000,-45.462276
3345000000,-45.451431
3346000000,-45.495922
3347000000,-45.468414
3348000000,-45.469063
3349000000,-45.52018
3350000000,-45.41819
3351000000,-45.50769
3352000000,-45.536034
3353000000,-45.572506
3354000000,-45.623417
3355000000,-45.577515
3356000000,-45.655567
3357000000,-45.635643
3358000000,-45.697796
3359000000,-45.71804
3360000000,-45.66132
3361000000,-45.641094
3362000000,-45.708881
3363000000,-45.701611
3364000000,-45.730724
3365000000,-45.742878
3366000000,-45.781235
3367000000,-45.728569
3368000000,-45.810047
3369000000,-45.834534
3370000000,-45.804241
3371000000,-45.875664
3372000000,-45.901535
3373000000,-45.889259
3374000000,-45.892818
3375000000,-45.924564
3376000000,-45.954483
3377000000,-45.9333
3378000000,-45.958836
3379000000,-46.046806
3380000000,-45.988564
3381000000,-45.977428
3382000000,-45.955067
3383000000,-46.035534
3384000000,-45.953613
3385000000,-46.074787
3386000000,-46.183426
3387000000,-46.049271
3388000000,-46.160259
3389000000,-46.20113
3390000000,-46.123482
3391000000,-46.135178
3392000000,-46.22213
3393000000,-46.217327
3394000000,-46.170002
3395000000,-46.193996
3396000000,-46.281471
3397000000,-46.299221
3398000000,-46.285736
3399000000,-46.358433
3400000000,-46.294609
3401000000,-46.313782
3402000000,-46.340149
3403000000,-46.365108
3404000000,-46.392227
3405000000,-46.395096
3406000000,-46.407513
3407000000,-46.4599
3408000000,-46.477997
3409000000,-46.39257
3410000000,-46.463718
3411000000,-46.492584
3412000000,-46.587158
3413000000,-46.494678
3414000000,-46.582859
3415000000,-46.541882
3416000000,-46.622543
3417000000,-46.631744
3418000000,-46.583183
3419000000,-46.683041
3420000000,-46.576519
3421000000,-46.605206
3422000000,-46.576725
3423000000,-46.728397
3424000000,-46.656395
3425000000,-46.726791
3426000000,-46.699596
3427000000,-46.713642
3428000000,-46.726894
3429000000,-46.718708
3430000000,-46.749557
3431000000,-46.74968
3432000000,-46.862419
3433000000,-46.872532
3434000000,-46.743454
3435000000,-46.940315
3436000000,-46.883472
3437000000,-46.878181
3438000000,-46.949013
3439000000,-46.826488
3440000000,-46.879826
3441000000,-46.918404
3442000000,-46.924809
3443000000,-46.937523
3444000000,-47.007378
3445000000,-46.944553
3446000000,-46.944416
3447000000,-46.948086
3448000000,-46.967262
3449000000,-46.979614
3450000000,-47.04702
3451000000,-47.069351
3452000000,-47.031013
3453000000,-47.076706
3454000000,-47.140896
3455000000,-47.09848
3456000000,-47.079689
3457000000,-47.095177
3458000000,-47.158463
3459000000,-47.112156
3460000000,-47.135578
3461000000,-47.135609
3462000000,-47.171562
3463000000,-47.170498
3464000000,-47.173309
3465000000,-47.286541
3466000000,-47.208183
3467000000,-47.272484
3468000000,-47.164333
3469000000,-47.294197
3470000000,-47.208084
3471000000,-47.284332
3472000000,-47.209133
3473000000,-47.324947
3474000000,-47.297932
3475000000,-47.344421
3476000000,-47.354027
3477000000,-47.355118
3478000000,-47.434338
3479000000,-47.394325
3480000000,-47.414772
3481000000,-47.387783
3482000000,-47.436043
3483000000,-47.397099
3484000000,-47.397495
3485000000,-47.377048
3486000000,-47.485584
3487000000,-47.474442
3488000000,-47.504463
3489000000,-47.473133
3490000000,-47.522411
3491000000,-47.490284
3492000000,-47.452034
3493000000,-47.544807
3494000000,-47.479786
3495000000,-47.577866
3496000000,-47.627953
3497000000,-47.578484
3498000000,-47.68689
3499000000,-47.636501
3500000000,-47.685371
3501000000,-47.664032
3502000000,-47.679573
3503000000,-47.710312
3504000000,-47.624043
3505000000,-47.69894
3506000000,-47.643105
3507000000,-47.763786
3508000000,-47.808552
3509000000,-47.824883
3510000000,-47.827019
3511000000,-47.865364
3512000000,-47.800293
3513000000,-47.899818
3514000000,-47.844559
3515000000,-47.865864
3516000000,-47.826443
3517000000,-47.886707
3518000000,-47.89986
3519000000,-47.943459
3520000000,-48.0182
3521000000,-47.898075
3522000000,-48.019958
3523000000,-47.986843
3524000000,-47.980244
3525000000,-48.059486
3526000000,-48.048756
3527000000,-48.093636
3528000000,-48.067707
3529000000,-48.086838
3530000000,-48.106457
3531000000,-48.127014
3532000000,-48.253239
3533000000,-48.160999
3534000000,-48.1698
3535000000,-48.198406
3536000000,-48.152084
3537000000,-48.162292
3538000000,-48.219906
3539000000,-48.240509
3540000000,-48.229481
3541000000,-48.32444
3542000000,-48.254356
3543000000,-48.310978
3544000000,-48.332378
3545000000,-48.31823
3546000000,-48.376823
3547000000,-48.305363
3548000000,-48.31855
3549000000,-48.411072
3550000000,-48.375744
3551000000,-48.403709
3552000000,-48.452057
3553000000,-48.459385
3554000000,-48.437973
3555000000,-48.466537
3556000000,-48.533344
3557000000,-48.411449
3558000000,-48.456894
3559000000,-48.45945
3560000000,-48.633507
3561000000,-48.559078
3562000000,-48.635265
3563000000,-48.676785
3564000000,-48.571056
3565000000,-48.567265
3566000000,-48.637012
3567000000,-48.628967
3568000000,-48.724693
3569000000,-48.738857
3570000000,-48.664379
3571000000,-48.693913
3572000000,-48.689621
3573000000,-48.759102
3574000000,-48.792862
3575000000,-48.7882
3576000000,-48.813255
3577000000,-48.829048
3578000000,-48.932465
3579000000,-48.824989
3580000000,-48.853363
3581000000,-48.813309
3582000000,-48.863285
3583000000,-48.946861
3584000000,-48.888321
3585000000,-49.01828
3586000000,-49.030891
3587000000,-48.9884
3588000000,-49.011398
3589000000,-49.034679
3590000000,-49.023319
3591000000,-49.054947
3592000000,-49.05798
3593000000,-49.063969
3594000000,-49.110546
3595000000,-49.168102
3596000000,-49.164143
3597000000,-49.278381
3598000000,-49.183807
3599000000,-49.191921
3600000000,-49.237015
3601000000,-49.210548
3602000000,-49.27095
3603000000,-49.251072
3604000000,-49.292576
3605000000,-49.274418
3606000000,-49.299011
3607000000,-49.280457
3608000000,-49.392181
3609000000,-49.34729
3610000000,-49.347202
3611000000,-49.349453
3612000000,-49.3881
3613000000,-49.481148
3614000000,-49.422962
3615000000,-49.489567
3616000000,-49.51643
3617000000,-49.486195
3618000000,-49.53553
3619000000,-49.490791
3620000000,-49.532116
3621000000,-49.505756
3622000000,-49.509068
3623000000,-49.550228
3624000000,-49.515251
3625000000,-49.606548
3626000000,-49.56221
3627000000,-49.69268
3628000000,-49.6586
3629000000,-49.712433
3630000000,-49.616524
3631000000,-49.666588
3632000000,-49.688492
3633000000,-49.714527
3634000000,-49.707527
3635000000,-49.725426
3636000000,-49.77993
3637000000,-49.797897
3638000000,-49.849609
3639000000,-49.828003
3640000000,-49.820793
3641000000,-49.758812
3642000000,-49.82938
3643000000,-49.87664
3644000000,-49.910717
3645000000,-49.979843
3646000000,-49.948196
3647000000,-49.990875
3648000000,-49.984413
3649000000,-49.945236
3650000000,-50.022038
3651000000,-49.940742
3652000000,-49.977951
3653000000,-50.010826
3654000000,-50.049084
3655000000,-50.015671
3656000000,-50.079411
3657000000,-50.085484
3658000000,-50.131462
3659000000,-50.140278
3660000000,-50.173843
3661000000,-50.188648
3662000000,-50.215355
3663000000,-50.169235
3664000000,-50.252953
3665000000,-50.23521
3666000000,-50.19297
3667000000,-50.225864
3668000000,-50.28064
3669000000,-50.173923
3670000000,-50.275753
3671000000,-50.244171
3672000000,-50.320049
3673000000,-50.329544
3674000000,-50.299934
3675000000,-50.360134
3676000000,-50.344368
3677000000,-50.344151
3678000000,-50.335926
3679000000,-50.304459
3680000000,-50.407078
3681000000,-50.419033
3682000000,-50.506641
3683000000,-50.489361
3684000000,-50.448158
3685000000,-50.493084
3686000000,-50.410038
3687000000,-50.50951
3688000000,-50.49786
3689000000,-50.564369
3690000000,-50.449577
3691000000,-50.498192
3692000000,-50.575794
3693000000,-50.514809
3694000000,-50.544285
3695000000,-50.5425
3696000000,-50.545471
3697000000,-50.565102
3698000000,-50.532101
3699000000,-50.629444
3700000000,-50.568565
3701000000,-50.654716
3702000000,-50.596748
3703000000,-50.721066
3704000000,-50.63916
3705000000,-50.542187
3706000000,-50.676853
3707000000,-50.720131
3708000000,-50.706776
3709000000,-50.692623
3710000000,-50.673672
3711000000,-50.690529
3712000000,-50.740276
3713000000,-50.814144
3714000000,-50.757252
3715000000,-50.85659
3716000000,-50.847336
3717000000,-50.82056
3718000000,-50.864403
3719000000,-50.881512
3720000000,-50.844158
3721000000,-50.796925
3722000000,-50.84761
3723000000,-50.937614
3724000000,-50.881405
3725000000,-50.917198
3726000000,-50.903698
3727000000,-50.869202
3728000000,-50.951778
3729000000,-51.005859
3730000000,-50.903095
3731000000,-50.98555
3732000000,-50.969616
3733000000,-51.034866
3734000000,-50.957829
3735000000,-51.024994
3736000000,-51.072163
3737000000,-51.152424
3738000000,-51.052345
3739000000,-51.114597
3740000000,-51.109856
3741000000,-51.123383
3742000000,-51.047573
3743000000,-51.152515
3744000000,-51.179062
3745000000,-51.219635
3746000000,-51.244289
3747000000,-51.26078
3748000000,-51.190605
3749000000,-51.236652
3750000000,-51.232357
3751000000,-51.285126
3752000000,-51.379227
3753000000,-51.251545
3754000000,-51.342159
3755000000,-51.340851
3756000000,-51.35751
3757000000,-51.378643
3758000000,-51.412045
3759000000,-51.370392
3760000000,-51.446106
3761000000,-51.436836
3762000000,-51.447083
3763000000,-51.445171
3764000000,-51.473713
3765000000,-51.507683
3766000000,-51.493252
3767000000,-51.490986
3768000000,-51.544231
3769000000,-51.584999
3770000000,-51.604206
3771000000,-51.661465
3772000000,-51.667892
3773000000,-51.698997
3774000000,-51.670868
3775000000,-51.704678
3776000000,-51.773884
3777000000,-51.721142
3778000000,-51.798069
3779000000,-51.797165
3780000000,-51.846169
3781000000,-51.783829
3782000000,-51.901134
3783000000,-51.841858
3784000000,-51.893314
3785000000,-51.961899
3786000000,-51.954262
3787000000,-51.922516
3788000000,-52.008022
3789000000,-51.99226
3790000000,-52.030884
3791000000,-52.020912
3792000000,-52.048813
3793000000,-52.121403
3794000000,-52.094883
3795000000,-52.163315
3796000000,-52.168884
3797000000,-52.15477
3798000000,-52.206409
3799000000,-52.174759
3800000000,-52.170021
3801000000,-52.219704
3802000000,-52.169472
3803000000,-52.276978
3804000000,-52.249016
3805000000,-52.3409
3806000000,-52.400703
3807000000,-52.321201
3808000000,-52.277962
3809000000,-52.329212
3810000000,-52.381012
3811000000,-52.451038
3812000000,-52.467861
3813000000,-52.465057
3814000000,-52.461201
3815000000,-52.56929
3816000000,-52.470695
3817000000,-52.520027
3818000000,-52.545986
3819000000,-52.599037
3820000000,-52.5961
3821000000,-52.696735
3822000000,-52.751534
3823000000,-52.703243
3824000000,-52.647335
3825000000,-52.702923
3826000000,-52.689358
3827000000,-52.696888
3828000000,-52.684811
3829000000,-52.684353
3830000000,-52.719654
3831000000,-52.775303
3832000000,-52.740112
3833000000,-52.778782
3834000000,-52.793106
3835000000,-52.8111
3836000000,-52.877853
3837000000,-52.863659
3838000000,-52.857708
3839000000,-52.873432
3840000000,-52.924992
3841000000,-52.997562
3842000000,-52.969379
3843000000,-52.924484
3844000000,-52.884937
3845000000,-52.892746
3846000000,-52.961868
3847000000,-52.977474
3848000000,-53.027561
3849000000,-53.037266
3850000000,-53.059513
3851000000,-53.024681
3852000000,-53.052246
3853000000,-53.075085
3854000000,-53.052422
3855000000,-53.114986
3856000000,-53.136185
3857000000,-53.153137
3858000000,-53.181362
3859000000,-53.113754
3860000000,-53.198257
3861000000,-53.182308
3862000000,-53.198414
3863000000,-53.194164
3864000000,-53.205887
3865000000,-53.167942
3866000000,-53.208904
3867000000,-53.316917
3868000000,-53.22356
3869000000,-53.29686
3870000000,-53.256393
3871000000,-53.319698
3872000000,-53.213417
3873000000,-53.263653
3874000000,-53.407089
3875000000,-53.348755
3876000000,-53.376995
3877000000,-53.431946
3878000000,-53.436749
3879000000,-53.419544
3880000000,-53.50605
3881000000,-53.339184
3882000000,-53.412846
3883000000,-53.471176
3884000000,-53.470154
3885000000,-53.481789
3886000000,-53.504562
3887000000,-53.578331
3888000000,-53.477665
3889000000,-53.533604
3890000000,-53.506756
3891000000,-53.550823
3892000000,-53.535633
3893000000,-53.540585
3894000000,-53.569145
3895000000,-53.603279
3896000000,-53.530876
3897000000,-53.573189
3898000000,-53.561394
3899000000,-53.601761
3900000000,-53.654476
3901000000,-53.643646
3902000000,-53.751095
3903000000,-53.716568
3904000000,-53.730179
3905000000,-53.591335
3906000000,-53.717567
3907000000,-53.732903
3908000000,-53.709148
3909000000,-53.674664
3910000000,-53.736355
3911000000,-53.701408
3912000000,-53.778095
3913000000,-53.760483
3914000000,-53.747829
3915000000,-53.790859
3916000000,-53.836834
3917000000,-53.85289
3918000000,-53.828922
3919000000,-53.849655
3920000000,-53.883411
3921000000,-53.841995
3922000000,-53.829578
3923000000,-53.81646
3924000000,-53.932426
3925000000,-53.988979
3926000000,-53.874657
3927000000,-53.934242
3928000000,-53.883423
3929000000,-53.934608
3930000000,-53.944794
3931000000,-54.007694
3932000000,-53.950104
3933000000,-53.973156
3934000000,-53.998226
3935000000,-54.03104
3936000000,-54.016827
3937000000,-54.013
3938000000,-54.002274
3939000000,-53.952049
3940000000,-54.082756
3941000000,-54.093773
3942000000,-54.144516
3943000000,-54.067104
3944000000,-54.057808
3945000000,-54.111534
3946000000,-54.060699
3947000000,-54.174557
3948000000,-54.120708
3949000000,-54.120758
3950000000,-54.164444
3951000000,-54.232166
3952000000,-54.180271
3953000000,-54.252018
3954000000,-54.228542
3955000000,-54.252434
3956000000,-54.320118
3957000000,-54.275768
3958000000,-54.292522
3959000000,-54.330357
3960000000,-54.316208
3961000000,-54.389496
3962000000,-54.352375
3963000000,-54.360054
3964000000,-54.379021
3965000000,-54.448421
3966000000,-54.458839
3967000000,-54.426815
3968000000,-54.484367
3969000000,-54.49934
3970000000,-54.498516
3971000000,-54.525482
3972000000,-54.522739
3973000000,-54.480972
3974000000,-54.578487
3975000000,-54.63171
3976000000,-54.614075
3977000000,-54.585358
3978000000,-54.592304
3979000000,-54.561104
3980000000,-54.641285
3981000000,-54.673923
3982000000,-54.6619
3983000000,-54.711388
3984000000,-54.736912
3985000000,-54.840366
3986000000,-54.795116
3987000000,-54.78891
3988000000,-54.820473
3989000000,-54.836487
3990000000,-54.845474
3991000000,-54.850506
3992000000,-54.797554
3993000000,-54.909901
3994000000,-54.903324
3995000000,-54.952988
3996000000,-54.943737
3997000000,-54.975784
3998000000,-54.982716
3999000000,-55.028259
4000000000,-55.025814
4001000000,-55.113216
4002000000,-55.005501
4003000000,-55.044617
4004000000,-55.108421
4005000000,-55.105156
4006000000,-55.14452
4007000000,-55.099079
4008000000,-55.209641
4009000000,-55.222351
4010000000,-55.19223
4011000000,-55.174335
4012000000,-55.231934
4013000000,-55.24258
4014000000,-55.262051
4015000000,-55.300388
4016000000,-55.305721
4017000000,-55.363937
4018000000,-55.230091
4019000000,-55.344051
4020000000,-55.398338
4021000000,-55.381161
4022000000,-55.49435
4023000000,-55.344444
4024000000,-55.396595
4025000000,-55.395706
4026000000,-55.40572
4027000000,-55.449829
4028000000,-55.484493
4029000000,-55.568634
4030000000,-55.580311
4031000000,-55.506035
4032000000,-55.509426
4033000000,-55.615616
4034000000,-55.591709
4035000000,-55.636032
4036000000,-55.618225
4037000000,-55.666077
4038000000,-55.692432
4039000000,-55.748875
4040000000,-55.646358
4041000000,-55.7229
4042000000,-55.717972
4043000000,-55.747272
4044000000,-55.798729
4045000000,-55.840225
4046000000,-55.819241
4047000000,-55.807858
4048000000,-55.914436
4049000000,-55.82724
4050000000,-55.892132
4051000000,-55.947464
4052000000,-55.850971
4053000000,-55.919567
4054000000,-55.904686
4055000000,-56.010323
4056000000,-55.947716
4057000000,-56.019264
4058000000,-55.964893
4059000000,-55.963673
4060000000,-56.038033
4061000000,-55.981213
4062000000,-56.022243
4063000000,-56.024933
4064000000,-56.029324
4065000000,-56.1367
4066000000,-56.086502
4067000000,-56.135288
4068000000,-56.1087
4069000000,-56.09729
4070000000,-56.217499
4071000000,-56.238144
4072000000,-56.312862
4073000000,-56.275154
4074000000,-56.250099
4075000000,-56.18161
4076000000,-56.306046
4077000000,-56.279625
4078000000,-56.274666
4079000000,-56.344772
4080000000,-56.340691
4081000000,-56.315899
4082000000,-56.390942
4083000000,-56.442932
4084000000,-56.339016
4085000000,-56.371632
4086000000,-56.34177
4087000000,-56.451313
4088000000,-56.375534
4089000000,-56.464363
4090000000,-56.485752
4091000000,-56.538631
4092000000,-56.543304
4093000000,-56.522854
4094000000,-56.478065
4095000000,-56.526436
4096000000,-56.538666
4097000000,-56.56472
4098000000,-56.540329
4099000000,-56.584541
4100000000,-56.566696
4101000000,-56.573437
4102000000,-56.675594
4103000000,-56.622482
4104000000,-56.650478
4105000000,-56.72205
4106000000,-56.696968
4107000000,-56.654041
4108000000,-56.64851
4109000000,-56.708126
4110000000,-56.774696
4111000000,-56.683056
4112000000,-56.73838
4113000000,-56.732571
4114000000,-56.707829
4115000000,-56.724648
4116000000,-56.737713
4117000000,-56.724083
4118000000,-56.835594
4119000000,-56.768734
4120000000,-56.886959
4121000000,-56.825912
4122000000,-56.795666
4123000000,-56.822903
4124000000,-56.83511
4125000000,-56.859283
4126000000,-56.834324
4127000000,-56.832558
4128000000,-56.930279
4129000000,-56.859119
4130000000,-56.956509
4131000000,-56.880516
4132000000,-56.931477
4133000000,-56.938301
4134000000,-56.954494
4135000000,-56.987171
4136000000,-56.996853
4137000000,-57.050068
4138000000,-57.06641
4139000000,-56.965218
4140000000,-57.044998
4141000000,-56.983845
4142000000,-57.023167
4143000000,-57.050144
4144000000,-57.11895
4145000000,-57.102539
4146000000,-57.067532
4147000000,-57.090126
4148000000,-57.208046
4149000000,-57.188034
4150000000,-57.181438
4151000000,-57.166294
4152000000,-57.156345
4153000000,-57.225025
4154000000,-57.207989
4155000000,-57.216534
4156000000,-57.249012
4157000000,-57.247169
4158000000,-57.250069
4159000000,-57.315033
4160000000,-57.262745
4161000000,-57.240524
4162000000,-57.330841
4163000000,-57.316891
4164000000,-57.43948
4165000000,-57.369041
4166000000,-57.392284
4167000000,-57.389599
4168000000,-57.331924
4169000000,-57.408772
4170000000,-57.346878
4171000000,-57.375988
4172000000,-57.452129
4173000000,-57.531796
4174000000,-57.510468
4175000000,-57.594978
4176000000,-57.650234
4177000000,-57.544739
4178000000,-57.580353
4179000000,-57.618111
4180000000,-57.618267
4181000000,-57.660717
4182000000,-57.691841
4183000000,-57.659637
4184000000,-57.61874
4185000000,-57.669765
4186000000,-57.757099
4187000000,-57.717232
4188000000,-57.718159
4189000000,-57.730686
4190000000,-57.71727
4191000000,-57.843143
4192000000,-57.791592
4193000000,-57.825447
4194000000,-57.831211
4195000000,-57.846725
4196000000,-57.853321
4197000000,-57.8288
4198000000,-57.924351
4199000000,-57.931808
4200000000,-57.972794
4201000000,-57.901863
4202000000,-57.999229
4203000000,-57.969429
4204000000,-57.93734
4205000000,-58.054108
4206000000,-58.031338
4207000000,-58.072811
4208000000,-58.089836
4209000000,-58.143593
4210000000,-58.067551
4211000000,-58.094913
4212000000,-58.125599
4213000000,-58.181637
4214000000,-58.211311
4215000000,-58.157635
4216000000,-58.19696
4217000000,-58.232037
4218000000,-58.239857
4219000000,-58.246487
4220000000,-58.25523
4221000000,-58.297928
4222000000,-58.301128
4223000000,-58.353134
4224000000,-58.353115
4225000000,-58.337746
4226000000,-58.468216
4227000000,-58.455212
4228000000,-58.426628
4229000000,-58.455574
4230000000,-58.515652
4231000000,-58.467361
4232000000,-58.530937
4233000000,-58.553806
4234000000,-58.52718
4235000000,-58.563564
4236000000,-58.597519
4237000000,-58.589752
4238000000,-58.614273
4239000000,-58.692097
4240000000,-58.693188
4241000000,-58.741417
4242000000,-58.647087
4243000000,-58.710396
4244000000,-58.694973
4245000000,-58.747612
4246000000,-58.849888
4247000000,-58.827431
4248000000,-58.832062
4249000000,-58.794998
4250000000,-58.781837
4251000000,-58.964504
4252000000,-58.929932
4253000000,-58.901333
4254000000,-58.979607
4255000000,-58.941536
4256000000,-58.984894
4257000000,-58.939842
4258000000,-58.934063
4259000000,-59.025806
4260000000,-58.969715
4261000000,-59.068672
4262000000,-59.002998
4263000000,-59.06012
4264000000,-59.140217
4265000000,-59.133503
4266000000,-59.156181
4267000000,-59.02536
4268000000,-59.169979
4269000000,-59.125854
4270000000,-59.137615
4271000000,-59.188889
4272000000,-59.219769
4273000000,-59.220772
4274000000,-59.239357
4275000000,-59.237324
4276000000,-59.277496
4277000000,-59.17609
4278000000,-59.364201
4279000000,-59.324585
4280000000,-59.303795
4281000000,-59.319229
4282000000,-59.320988
4283000000,-59.334679
4284000000,-59.359173
4285000000,-59.374836
4286000000,-59.358566
4287000000,-59.358162
4288000000,-59.343151
4289000000,-59.398167
4290000000,-59.385147
4291000000,-59.389881
4292000000,-59.34407
4293000000,-59.436203
4294000000,-59.453083
4295000000,-59.413296
4296000000,-59.457569
4297000000,-59.39209
4298000000,-59.378914
4299000000,-59.375259
4300000000,-59.368927
4301000000,-59.418194
4302000000,-59.3839
4303000000,-59.406288
4304000000,-59.322941
4305000000,-59.369823
4306000000,-59.427406
4307000000,-59.487144
4308000000,-59.442112
4309000000,-59.393379
4310000000,-59.375866
4311000000,-59.396507
4312000000,-59.413441
4313000000,-59.383125
4314000000,-59.356373
4315000000,-59.38765
4316000000,-59.478947
4317000000,-59.43615
4318000000,-59.386078
4319000000,-59.503407
4320000000,-59.469086
4321000000,-59.468704
4322000000,-59.505085
4323000000,-59.441586
4324000000,-59.412949
4325000000,-59.497143
4326000000,-59.54361
4327000000,-59.485313
4328000000,-59.477139
4329000000,-59.47047
4330000000,-59.498367
4331000000,-59.496063
4332000000,-59.481003
4333000000,-59.516071
4334000000,-59.411983
4335000000,-59.553566
4336000000,-59.423424
4337000000,-59.520802
4338000000,-59.55138
4339000000,-59.539677
4340000000,-59.654758
4341000000,-59.56781
4342000000,-59.594578
4343000000,-59.596931
4344000000,-59.607552
4345000000,-59.556641
4346000000,-59.598228
4347000000,-59.618687
4348000000,-59.71114
4349000000,-59.753208
4350000000,-59.715771
4351000000,-59.734062
4352000000,-59.708435
4353000000,-59.720325
4354000000,-59.739033
4355000000,-59.738331
4356000000,-59.772148
4357000000,-59.818115
4358000000,-59.835155
4359000000,-59.763447
4360000000,-59.845558
4361000000,-59.821114
4362000000,-59.858036
4363000000,-59.955025
4364000000,-59.890888
4365000000,-59.904633
4366000000,-59.862907
4367000000,-60.00246
4368000000,-60.009605
4369000000,-60.04213
4370000000,-59.976665
4371000000,-59.999218
4372000000,-59.977489
4373000000,-60.123821
4374000000,-60.109142
4375000000,-60.108131
4376000000,-60.124283
4377000000,-60.145962
4378000000,-60.090462
4379000000,-60.108105
4380000000,-60.142384
4381000000,-60.15778
4382000000,-60.206547
4383000000,-60.218246
4384000000,-60.274952
4385000000,-60.325993
4386000000,-60.266235
4387000000,-60.305279
4388000000,-60.325439
4389000000,-60.209232
4390000000,-60.373497
4391000000,-60.308624
4392000000,-60.405769
4393000000,-60.371983
4394000000,-60.372604
4395000000,-60.407333
4396000000,-60.384098
4397000000,-60.402798
4398000000,-60.468159
4399000000,-60.477581
4400000000,-60.505074
4401000000,-60.504822
4402000000,-60.544025
4403000000,-60.55518
4404000000,-60.590351
4405000000,-60.530502
4406000000,-60.528931
4407000000,-60.596912
4408000000,-60.622459
4409000000,-60.587029
4410000000,-60.685501
4411000000,-60.661152
4412000000,-60.718803
4413000000,-60.763809
4414000000,-60.738228
4415000000,-60.738529
4416000000,-60.782413
4417000000,-60.796902
4418000000,-60.787914
4419000000,-60.850101
4420000000,-60.838223
4421000000,-60.846291
4422000000,-60.900097
4423000000,-60.880177
4424000000,-60.916397
4425000000,-60.951866
4426000000,-60.915943
4427000000,-60.980564
4428000000,-60.988476
4429000000,-61.015862
4430000000,-60.991638
4431000000,-61.063908
4432000000,-61.002693
4433000000,-60.975273
4434000000,-61.060192
4435000000,-61.079151
4436000000,-61.108917
4437000000,-61.132469
4438000000,-61.205723
4439000000,-61.207191
4440000000,-61.223011
4441000000,-61.238117
4442000000,-61.214466
4443000000,-61.193176
4444000000,-61.2766
4445000000,-61.246914
4446000000,-61.243221
4447000000,-61.321365
4448000000,-61.345959
4449000000,-61.357475
4450000000,-61.320339
4451000000,-61.384892
4452000000,-61.303627
4453000000,-61.437073
4454000000,-61.414864
4455000000,-61.406231
4456000000,-61.450134
4457000000,-61.462303
4458000000,-61.435265
4459000000,-61.520889
4460000000,-61.471615
4461000000,-61.540565
4462000000,-61.455292
4463000000,-61.515213
4464000000,-61.570644
4465000000,-61.613102
4466000000,-61.564541
4467000000,-61.681034
4468000000,-61.666431
4469000000,-61.685387
4470000000,-61.605335
4471000000,-61.686356
4472000000,-61.649323
4473000000,-61.656643
4474000000,-61.679329
4475000000,-61.765236
4476000000,-61.763248
4477000000,-61.748489
4478000000,-61.814995
4479000000,-61.782913
4480000000,-61.815151
4481000000,-61.804565
4482000000,-61.832619
4483000000,-61.981937
4484000000,-61.848759
4485000000,-61.880756
4486000000,-61.922852
4487000000,-61.898964
4488000000,-61.903568
4489000000,-61.858162
4490000000,-62.02874
4491000000,-62.041096
4492000000,-61.969803
4493000000,-62.024963
4494000000,-62.055492
4495000000,-62.085163
4496000000,-62.047352
4497000000,-62.054733
4498000000,-62.014111
4499000000,-61.99292
4500000000,-62.111099
