"Freq [GHz]","cang_deg(S(2,1)) [deg]"
1,-93.5612485475387
1.001,-93.6561275070536
1.002,-93.7510053283377
1.003,-93.8458820156459
1.004,-93.9407575732231
1.005,-94.0356320053032
1.006,-94.13050531611
1.007,-94.2253775098566
1.008,-94.3202485907458
1.009,-94.4151185629703
1.01,-94.5099874307123
1.011,-94.6048551981435
1.012,-94.6997218694259
1.013,-94.7945874487108
1.014,-94.8894519401397
1.015,-94.9843153478438
1.016,-95.0791776759444
1.017,-95.1740389285524
1.018,-95.268899109769
1.019,-95.3637582236854
1.02,-95.4586162743828
1.021,-95.5534732659325
1.022,-95.6483292023959
1.023,-95.7431840878247
1.024,-95.8380379262607
1.025,-95.9328907217359
1.026,-96.0277424782726
1.027,-96.1225931998837
1.028,-96.2174428905719
1.029,-96.3122915543307
1.03,-96.407139195144
1.031,-96.5019858169857
1.032,-96.5968314238209
1.033,-96.6916760196046
1.034,-96.7865196082827
1.035,-96.8813621937915
1.036,-96.976203780058
1.037,-97.0710443709998
1.038,-97.1658839705252
1.039,-97.2607225825332
1.04,-97.3555602109137
1.041,-97.4503968595471
1.042,-97.5452325323048
1.043,-97.640067233049
1.044,-97.7349009656328
1.045,-97.8297337339
1.046,-97.9245655416859
1.047,-98.019396392816
1.048,-98.1142262911075
1.049,-98.209055240368
1.05,-98.3038832443967
1.051,-98.3987103069836
1.052,-98.49353643191
1.053,-98.5883616229481
1.054,-98.6831858838615
1.055,-98.778009218405
1.056,-98.8728316303245
1.057,-98.9676531233574
1.058,-99.0624737012322
1.059,-99.1572933676688
1.06,-99.2521121263785
1.061,-99.346929981064
1.062,-99.4417469354192
1.063,-99.53656299313
1.064,-99.6313781578731
1.065,-99.7261924333172
1.066,-99.8210058231223
1.067,-99.9158183309401
1.068,-100.010629960414
1.069,-100.105440715178
1.07,-100.20025059886
1.071,-100.295059615077
1.072,-100.389867767439
1.073,-100.484675059548
1.074,-100.579481494998
1.075,-100.674287077373
1.076,-100.76909181025
1.077,-100.863895697199
1.078,-100.958698741779
1.079,-101.053500947544
1.08,-101.148302318039
1.081,-101.243102856798
1.082,-101.337902567352
1.083,-101.43270145322
1.084,-101.527499517915
1.085,-101.622296764942
1.086,-101.717093197796
1.087,-101.811888819967
1.088,-101.906683634936
1.089,-102.001477646175
1.09,-102.09627085715
1.091,-102.191063271318
1.092,-102.285854892128
1.093,-102.380645723024
1.094,-102.475435767438
1.095,-102.570225028797
1.096,-102.66501351052
1.097,-102.759801216019
1.098,-102.854588148696
1.099,-102.949374311948
1.1,-103.044159709163
1.101,-103.138944343722
1.102,-103.233728218998
1.103,-103.328511338356
1.104,-103.423293705157
1.105,-103.518075322749
1.106,-103.612856194477
1.107,-103.707636323677
1.108,-103.802415713677
1.109,-103.897194367798
1.11,-103.991972289355
1.111,-104.086749481655
1.112,-104.181525947996
1.113,-104.27630169167
1.114,-104.371076715964
1.115,-104.465851024153
1.116,-104.560624619509
1.117,-104.655397505295
1.118,-104.750169684767
1.119,-104.844941161174
1.12,-104.939711937758
1.121,-105.034482017753
1.122,-105.129251404387
1.123,-105.224020100881
1.124,-105.318788110449
1.125,-105.413555436297
1.126,-105.508322081624
1.127,-105.603088049624
1.128,-105.697853343483
1.129,-105.792617966378
1.13,-105.887381921482
1.131,-105.98214521196
1.132,-106.07690784097
1.133,-106.171669811663
1.134,-106.266431127185
1.135,-106.361191790672
1.136,-106.455951805256
1.137,-106.55071117406
1.138,-106.645469900203
1.139,-106.740227986795
1.14,-106.83498543694
1.141,-106.929742253736
1.142,-107.024498440273
1.143,-107.119253999635
1.144,-107.2140089349
1.145,-107.308763249139
1.146,-107.403516945415
1.147,-107.498270026788
1.148,-107.593022496307
1.149,-107.687774357017
1.15,-107.782525611958
1.151,-107.877276264159
1.152,-107.972026316648
1.153,-108.066775772442
1.154,-108.161524634553
1.155,-108.256272905989
1.156,-108.351020589747
1.157,-108.445767688822
1.158,-108.5405142062
1.159,-108.635260144862
1.16,-108.730005507782
1.161,-108.824750297928
1.162,-108.919494518261
1.163,-109.014238171737
1.164,-109.108981261304
1.165,-109.203723789906
1.166,-109.29846576048
1.167,-109.393207175955
1.168,-109.487948039256
1.169,-109.582688353302
1.17,-109.677428121003
1.171,-109.772167345267
1.172,-109.866906028992
1.173,-109.961644175072
1.174,-110.056381786395
1.175,-110.151118865843
1.176,-110.245855416291
1.177,-110.340591440608
1.178,-110.435326941657
1.179,-110.530061922297
1.18,-110.624796385379
1.181,-110.719530333748
1.182,-110.814263770244
1.183,-110.9089966977
1.184,-111.003729118945
1.185,-111.0984610368
1.186,-111.193192454081
1.187,-111.287923373598
1.188,-111.382653798155
1.189,-111.477383730551
1.19,-111.572113173579
1.191,-111.666842130026
1.192,-111.761570602672
1.193,-111.856298594292
1.194,-111.951026107657
1.195,-112.045753145529
1.196,-112.140479710668
1.197,-112.235205805826
1.198,-112.329931433748
1.199,-112.424656597177
1.2,-112.519381298847
1.201,-112.614105541488
1.202,-112.708829327824
1.203,-112.803552660574
1.204,-112.898275542451
1.205,-112.992997976161
1.206,-113.087719964406
1.207,-113.182441509884
1.208,-113.277162615283
1.209,-113.371883283289
1.21,-113.466603516582
1.211,-113.561323317836
1.212,-113.656042689719
1.213,-113.750761634895
1.214,-113.84548015602
1.215,-113.940198255748
1.216,-114.034915936724
1.217,-114.12963320159
1.218,-114.224350052983
1.219,-114.319066493532
1.22,-114.413782525863
1.221,-114.508498152595
1.222,-114.603213376343
1.223,-114.697928199717
1.224,-114.792642625319
1.225,-114.887356655748
1.226,-114.982070293598
1.227,-115.076783541457
1.228,-115.171496401906
1.229,-115.266208877524
1.23,-115.360920970882
1.231,-115.455632684548
1.232,-115.550344021083
1.233,-115.645054983043
1.234,-115.73976557298
1.235,-115.83447579344
1.236,-115.929185646964
1.237,-116.023895136088
1.238,-116.118604263342
1.239,-116.213313031252
1.24,-116.308021442338
1.241,-116.402729499116
1.242,-116.497437204095
1.243,-116.592144559782
1.244,-116.686851568675
1.245,-116.781558233271
1.246,-116.876264556058
1.247,-116.970970539522
1.248,-117.065676186143
1.249,-117.160381498396
1.25,-117.255086478751
1.251,-117.349791129672
1.252,-117.44449545362
1.253,-117.53919945305
1.254,-117.633903130411
1.255,-117.728606488149
1.256,-117.823309528704
1.257,-117.918012254512
1.258,-118.012714668002
1.259,-118.107416771601
1.26,-118.202118567729
1.261,-118.296820058801
1.262,-118.391521247229
1.263,-118.486222135419
1.264,-118.580922725772
1.265,-118.675623020685
1.266,-118.770323022548
1.267,-118.86502273375
1.268,-118.959722156671
1.269,-119.05442129369
1.27,-119.149120147178
1.271,-119.243818719504
1.272,-119.33851701303
1.273,-119.433215030115
1.274,-119.527912773112
1.275,-119.622610244371
1.276,-119.717307446235
1.277,-119.812004381043
1.278,-119.906701051131
1.279,-120.001397458829
1.28,-120.096093606462
1.281,-120.190789496351
1.282,-120.285485130812
1.283,-120.380180512156
1.284,-120.474875642691
1.285,-120.569570524719
1.286,-120.664265160538
1.287,-120.75895955244
1.288,-120.853653702715
1.289,-120.948347613646
1.29,-121.043041287514
1.291,-121.137734726591
1.292,-121.23242793315
1.293,-121.327120909456
1.294,-121.421813657771
1.295,-121.51650618035
1.296,-121.611198479447
1.297,-121.70589055731
1.298,-121.800582416181
1.299,-121.8952740583
1.3,-121.989965485901
1.301,-122.084656701214
1.302,-122.179347706465
1.303,-122.274038503876
1.304,-122.368729095661
1.305,-122.463419484035
1.306,-122.558109671205
1.307,-122.652799659375
1.308,-122.747489450743
1.309,-122.842179047505
1.31,-122.936868451851
1.311,-123.031557665967
1.312,-123.126246692035
1.313,-123.220935532232
1.314,-123.315624188732
1.315,-123.410312663703
1.316,-123.50500095931
1.317,-123.599689077712
1.318,-123.694377021067
1.319,-123.789064791525
1.32,-123.883752391234
1.321,-123.978439822337
1.322,-124.073127086972
1.323,-124.167814187275
1.324,-124.262501125376
1.325,-124.357187903401
1.326,-124.451874523472
1.327,-124.546560987707
1.328,-124.641247298219
1.329,-124.735933457117
1.33,-124.830619466508
1.331,-124.925305328491
1.332,-125.019991045164
1.333,-125.114676618619
1.334,-125.209362050945
1.335,-125.304047344226
1.336,-125.398732500544
1.337,-125.493417521973
1.338,-125.588102410585
1.339,-125.68278716845
1.34,-125.77747179763
1.341,-125.872156300186
1.342,-125.966840678173
1.343,-126.061524933643
1.344,-126.156209068643
1.345,-126.250893085217
1.346,-126.345576985404
1.347,-126.44026077124
1.348,-126.534944444756
1.349,-126.62962800798
1.35,-126.724311462935
1.351,-126.81899481164
1.352,-126.913678056111
1.353,-127.008361198359
1.354,-127.103044240392
1.355,-127.197727184212
1.356,-127.29241003182
1.357,-127.387092785211
1.358,-127.481775446377
1.359,-127.576458017304
1.36,-127.671140499978
1.361,-127.765822896377
1.362,-127.860505208478
1.363,-127.955187438252
1.364,-128.049869587667
1.365,-128.144551658688
1.366,-128.239233653275
1.367,-128.333915573385
1.368,-128.428597420969
1.369,-128.523279197977
1.37,-128.617960906352
1.371,-128.712642548038
1.372,-128.807324124969
1.373,-128.90200563908
1.374,-128.9966870923
1.375,-129.091368486555
1.376,-129.186049823766
1.377,-129.280731105852
1.378,-129.375412334727
1.379,-129.4700935123
1.38,-129.56477464048
1.381,-129.659455721168
1.382,-129.754136756264
1.383,-129.848817747663
1.384,-129.943498697258
1.385,-130.038179606934
1.386,-130.132860478578
1.387,-130.227541314068
1.388,-130.322222115282
1.389,-130.416902884094
1.39,-130.511583622371
1.391,-130.606264331979
1.392,-130.700945014781
1.393,-130.795625672634
1.394,-130.890306307394
1.395,-130.98498692091
1.396,-131.07966751503
1.397,-131.174348091597
1.398,-131.269028652452
1.399,-131.363709199429
1.4,-131.458389734363
1.401,-131.553070259081
1.402,-131.64775077541
1.403,-131.74243128517
1.404,-131.83711179018
1.405,-131.931792292254
1.406,-132.026472793203
1.407,-132.121153294834
1.408,-132.215833798951
1.409,-132.310514307354
1.41,-132.40519482184
1.411,-132.499875344201
1.412,-132.594555876227
1.413,-132.689236419703
1.414,-132.783916976412
1.415,-132.878597548133
1.416,-132.973278136641
1.417,-133.067958743707
1.418,-133.1626393711
1.419,-133.257320020584
1.42,-133.352000693921
1.421,-133.446681392869
1.422,-133.54136211918
1.423,-133.636042874607
1.424,-133.730723660895
1.425,-133.82540447979
1.426,-133.920085333031
1.427,-134.014766222355
1.428,-134.109447149495
1.429,-134.204128116181
1.43,-134.29880912414
1.431,-134.393490175095
1.432,-134.488171270765
1.433,-134.582852412866
1.434,-134.677533603112
1.435,-134.772214843211
1.436,-134.866896134869
1.437,-134.96157747979
1.438,-135.056258879671
1.439,-135.15094033621
1.44,-135.245621851097
1.441,-135.340303426023
1.442,-135.434985062672
1.443,-135.529666762728
1.444,-135.624348527869
1.445,-135.71903035977
1.446,-135.813712260105
1.447,-135.908394230541
1.448,-136.003076272744
1.449,-136.097758388377
1.45,-136.192440579098
1.451,-136.287122846563
1.452,-136.381805192425
1.453,-136.476487618332
1.454,-136.57117012593
1.455,-136.665852716862
1.456,-136.760535392766
1.457,-136.855218155278
1.458,-136.949901006032
1.459,-137.044583946656
1.46,-137.139266978776
1.461,-137.233950104016
1.462,-137.328633323994
1.463,-137.423316640328
1.464,-137.51800005463
1.465,-137.61268356851
1.466,-137.707367183574
1.467,-137.802050901427
1.468,-137.896734723668
1.469,-137.991418651894
1.47,-138.086102687699
1.471,-138.180786832675
1.472,-138.275471088407
1.473,-138.37015545648
1.474,-138.464839938476
1.475,-138.559524535972
1.476,-138.654209250543
1.477,-138.74889408376
1.478,-138.843579037193
1.479,-138.938264112405
1.48,-139.03294931096
1.481,-139.127634634416
1.482,-139.222320084329
1.483,-139.317005662252
1.484,-139.411691369733
1.485,-139.506377208321
1.486,-139.601063179558
1.487,-139.695749284984
1.488,-139.790435526137
1.489,-139.88512190455
1.49,-139.979808421755
1.491,-140.074495079279
1.492,-140.169181878647
1.493,-140.263868821381
1.494,-140.358555909
1.495,-140.453243143019
1.496,-140.547930524951
1.497,-140.642618056305
1.498,-140.737305738588
1.499,-140.831993573303
1.5,-140.92668156195
1.501,-141.021369706027
1.502,-141.116058007029
1.503,-141.210746466446
1.504,-141.305435085766
1.505,-141.400123866476
1.506,-141.494812810057
1.507,-141.589501917989
1.508,-141.684191191748
1.509,-141.778880632807
1.51,-141.873570242637
1.511,-141.968260022705
1.512,-142.062949974475
1.513,-142.157640099409
1.514,-142.252330398966
1.515,-142.3470208746
1.516,-142.441711527764
1.517,-142.536402359909
1.518,-142.63109337248
1.519,-142.725784566922
1.52,-142.820475944675
1.521,-142.915167507177
1.522,-143.009859255863
1.523,-143.104551192166
1.524,-143.199243317514
1.525,-143.293935633333
1.526,-143.388628141048
1.527,-143.483320842078
1.528,-143.578013737841
1.529,-143.672706829752
1.53,-143.767400119223
1.531,-143.862093607662
1.532,-143.956787296476
1.533,-144.051481187067
1.534,-144.146175280837
1.535,-144.240869579183
1.536,-144.3355640835
1.537,-144.430258795179
1.538,-144.524953715609
1.539,-144.619648846176
1.54,-144.714344188265
1.541,-144.809039743255
1.542,-144.903735512524
1.543,-144.998431497447
1.544,-145.093127699396
1.545,-145.18782411974
1.546,-145.282520759847
1.547,-145.377217621079
1.548,-145.471914704798
1.549,-145.566612012361
1.55,-145.661309545125
1.551,-145.756007304441
1.552,-145.850705291659
1.553,-145.945403508128
1.554,-146.04010195519
1.555,-146.134800634188
1.556,-146.22949954646
1.557,-146.324198693342
1.558,-146.418898076168
1.559,-146.513597696269
1.56,-146.608297554972
1.561,-146.702997653602
1.562,-146.797697993482
1.563,-146.892398575932
1.564,-146.987099402268
1.565,-147.081800473805
1.566,-147.176501791855
1.567,-147.271203357727
1.568,-147.365905172726
1.569,-147.460607238156
1.57,-147.555309555319
1.571,-147.650012125513
1.572,-147.744714950032
1.573,-147.839418030171
1.574,-147.934121367218
1.575,-148.028824962463
1.576,-148.123528817189
1.577,-148.218232932679
1.578,-148.312937310213
1.579,-148.407641951068
1.58,-148.502346856517
1.581,-148.597052027833
1.582,-148.691757466286
1.583,-148.78646317314
1.584,-148.881169149662
1.585,-148.975875397111
1.586,-149.070581916746
1.587,-149.165288709824
1.588,-149.259995777597
1.589,-149.354703121318
1.59,-149.449410742234
1.591,-149.544118641592
1.592,-149.638826820633
1.593,-149.7335352806
1.594,-149.828244022729
1.595,-149.922953048257
1.596,-150.017662358417
1.597,-150.112371954438
1.598,-150.207081837549
1.599,-150.301792008976
1.6,-150.39650246994
1.601,-150.491213221662
1.602,-150.58592426536
1.603,-150.680635602249
1.604,-150.775347233542
1.605,-150.870059160448
1.606,-150.964771384177
1.607,-151.059483905932
1.608,-151.154196726916
1.609,-151.24890984833
1.61,-151.343623271371
1.611,-151.438336997235
1.612,-151.533051027114
1.613,-151.627765362199
1.614,-151.722480003676
1.615,-151.817194952732
1.616,-151.91191021055
1.617,-152.006625778309
1.618,-152.101341657188
1.619,-152.196057848363
1.62,-152.290774353005
1.621,-152.385491172286
1.622,-152.480208307375
1.623,-152.574925759436
1.624,-152.669643529633
1.625,-152.764361619127
1.626,-152.859080029077
1.627,-152.953798760638
1.628,-153.048517814964
1.629,-153.143237193207
1.63,-153.237956896515
1.631,-153.332676926035
1.632,-153.42739728291
1.633,-153.522117968283
1.634,-153.616838983293
1.635,-153.711560329077
1.636,-153.806282006769
1.637,-153.901004017502
1.638,-153.995726362405
1.639,-154.090449042605
1.64,-154.185172059229
1.641,-154.279895413398
1.642,-154.374619106234
1.643,-154.469343138854
1.644,-154.564067512374
1.645,-154.658792227907
1.646,-154.753517286565
1.647,-154.848242689456
1.648,-154.942968437686
1.649,-155.037694532361
1.65,-155.132420974581
1.651,-155.227147765447
1.652,-155.321874906055
1.653,-155.4166023975
1.654,-155.511330240876
1.655,-155.606058437271
1.656,-155.700786987776
1.657,-155.795515893474
1.658,-155.89024515545
1.659,-155.984974774786
1.66,-156.079704752559
1.661,-156.174435089846
1.662,-156.269165787723
1.663,-156.363896847262
1.664,-156.458628269531
1.665,-156.5533600556
1.666,-156.648092206533
1.667,-156.742824723394
1.668,-156.837557607244
1.669,-156.932290859141
1.67,-157.027024480143
1.671,-157.121758471303
1.672,-157.216492833673
1.673,-157.311227568304
1.674,-157.405962676244
1.675,-157.500698158537
1.676,-157.595434016227
1.677,-157.690170250355
1.678,-157.784906861961
1.679,-157.879643852081
1.68,-157.974381221749
1.681,-158.069118971998
1.682,-158.163857103859
1.683,-158.258595618358
1.684,-158.353334516523
1.685,-158.448073799377
1.686,-158.542813467941
1.687,-158.637553523236
1.688,-158.732293966277
1.689,-158.827034798081
1.69,-158.921776019661
1.691,-159.016517632027
1.692,-159.111259636189
1.693,-159.206002033152
1.694,-159.300744823922
1.695,-159.3954880095
1.696,-159.490231590888
1.697,-159.584975569083
1.698,-159.679719945081
1.699,-159.774464719877
1.7,-159.869209894462
1.701,-159.963955469826
1.702,-160.058701446958
1.703,-160.153447826841
1.704,-160.248194610461
1.705,-160.342941798799
1.706,-160.437689392834
1.707,-160.532437393543
1.708,-160.627185801902
1.709,-160.721934618884
1.71,-160.81668384546
1.711,-160.9114334826
1.712,-161.00618353127
1.713,-161.100933992436
1.714,-161.19568486706
1.715,-161.290436156104
1.716,-161.385187860527
1.717,-161.479939981285
1.718,-161.574692519334
1.719,-161.669445475627
1.72,-161.764198851114
1.721,-161.858952646744
1.722,-161.953706863464
1.723,-162.04846150222
1.724,-162.143216563954
1.725,-162.237972049607
1.726,-162.332727960118
1.727,-162.427484296423
1.728,-162.522241059459
1.729,-162.616998250158
1.73,-162.711755869451
1.731,-162.806513918267
1.732,-162.901272397533
1.733,-162.996031308175
1.734,-163.090790651116
1.735,-163.185550427276
1.736,-163.280310637576
1.737,-163.375071282932
1.738,-163.469832364261
1.739,-163.564593882475
1.74,-163.659355838486
1.741,-163.754118233205
1.742,-163.848881067538
1.743,-163.943644342392
1.744,-164.03840805867
1.745,-164.133172217275
1.746,-164.227936819106
1.747,-164.322701865063
1.748,-164.41746735604
1.749,-164.512233292933
1.75,-164.606999676634
1.751,-164.701766508035
1.752,-164.796533788022
1.753,-164.891301517485
1.754,-164.986069697307
1.755,-165.080838328372
1.756,-165.175607411561
1.757,-165.270376947753
1.758,-165.365146937827
1.759,-165.459917382658
1.76,-165.554688283119
1.761,-165.649459640084
1.762,-165.744231454421
1.763,-165.839003727001
1.764,-165.933776458688
1.765,-166.028549650348
1.766,-166.123323302845
1.767,-166.218097417038
1.768,-166.312871993787
1.769,-166.40764703395
1.77,-166.502422538382
1.771,-166.597198507937
1.772,-166.691974943468
1.773,-166.786751845825
1.774,-166.881529215855
1.775,-166.976307054406
1.776,-167.071085362323
1.777,-167.165864140449
1.778,-167.260643389625
1.779,-167.355423110691
1.78,-167.450203304484
1.781,-167.544983971841
1.782,-167.639765113596
1.783,-167.734546730582
1.784,-167.82932882363
1.785,-167.924111393567
1.786,-168.018894441223
1.787,-168.113677967422
1.788,-168.208461972988
1.789,-168.303246458743
1.79,-168.398031425508
1.791,-168.492816874102
1.792,-168.587602805341
1.793,-168.68238922004
1.794,-168.777176119014
1.795,-168.871963503073
1.796,-168.966751373029
1.797,-169.061539729689
1.798,-169.15632857386
1.799,-169.251117906348
1.8,-169.345907727955
1.801,-169.440698039483
1.802,-169.535488841732
1.803,-169.630280135501
1.804,-169.725071921586
1.805,-169.819864200782
1.806,-169.914656973883
1.807,-170.009450241679
1.808,-170.104244004962
1.809,-170.199038264518
1.81,-170.293833021136
1.811,-170.3886282756
1.812,-170.483424028693
1.813,-170.578220281198
1.814,-170.673017033893
1.815,-170.767814287559
1.816,-170.862612042971
1.817,-170.957410300905
1.818,-171.052209062135
1.819,-171.147008327432
1.82,-171.241808097567
1.821,-171.336608373309
1.822,-171.431409155425
1.823,-171.526210444681
1.824,-171.62101224184
1.825,-171.715814547665
1.826,-171.810617362916
1.827,-171.905420688354
1.828,-172.000224524736
1.829,-172.095028872817
1.83,-172.189833733353
1.831,-172.284639107095
1.832,-172.379444994797
1.833,-172.474251397207
1.834,-172.569058315073
1.835,-172.663865749143
1.836,-172.758673700162
1.837,-172.853482168873
1.838,-172.948291156018
1.839,-173.043100662337
1.84,-173.137910688571
1.841,-173.232721235456
1.842,-173.327532303728
1.843,-173.422343894121
1.844,-173.517156007369
1.845,-173.611968644204
1.846,-173.706781805353
1.847,-173.801595491547
1.848,-173.896409703512
1.849,-173.991224441973
1.85,-174.086039707655
1.851,-174.180855501279
1.852,-174.275671823566
1.853,-174.370488675237
1.854,-174.465306057008
1.855,-174.560123969596
1.856,-174.654942413717
1.857,-174.749761390083
1.858,-174.844580899407
1.859,-174.939400942399
1.86,-175.034221519768
1.861,-175.129042632223
1.862,-175.223864280468
1.863,-175.318686465209
1.864,-175.41350918715
1.865,-175.508332446992
1.866,-175.603156245435
1.867,-175.697980583178
1.868,-175.79280546092
1.869,-175.887630879355
1.87,-175.98245683918
1.871,-176.077283341086
1.872,-176.172110385767
1.873,-176.266937973911
1.874,-176.36176610621
1.875,-176.456594783349
1.876,-176.551424006016
1.877,-176.646253774895
1.878,-176.741084090669
1.879,-176.835914954021
1.88,-176.930746365632
1.881,-177.02557832618
1.882,-177.120410836344
1.883,-177.215243896799
1.884,-177.310077508222
1.885,-177.404911671286
1.886,-177.499746386664
1.887,-177.594581655025
1.888,-177.689417477042
1.889,-177.78425385338
1.89,-177.879090784708
1.891,-177.973928271692
1.892,-178.068766314994
1.893,-178.16360491528
1.894,-178.258444073209
1.895,-178.353283789443
1.896,-178.44812406464
1.897,-178.542964899458
1.898,-178.637806294554
1.899,-178.732648250582
1.9,-178.827490768195
1.901,-178.922333848048
1.902,-179.017177490789
1.903,-179.11202169707
1.904,-179.206866467538
1.905,-179.301711802842
1.906,-179.396557703626
1.907,-179.491404170535
1.908,-179.586251204212
1.909,-179.681098805301
1.91,-179.77594697444
1.911,-179.870795712271
1.912,-179.96564501943
1.913,-180.060494896555
1.914,-180.155345344281
1.915,-180.250196363243
1.916,-180.345047954074
1.917,-180.439900117406
1.918,-180.534752853869
1.919,-180.629606164093
1.92,-180.724460048706
1.921,-180.819314508335
1.922,-180.914169543605
1.923,-181.00902515514
1.924,-181.103881343565
1.925,-181.1987381095
1.926,-181.293595453567
1.927,-181.388453376385
1.928,-181.483311878572
1.929,-181.578170960746
1.93,-181.673030623522
1.931,-181.767890867515
1.932,-181.862751693338
1.933,-181.957613101603
1.934,-182.052475092922
1.935,-182.147337667905
1.936,-182.242200827159
1.937,-182.337064571293
1.938,-182.431928900913
1.939,-182.526793816623
1.94,-182.621659319029
1.941,-182.716525408732
1.942,-182.811392086333
1.943,-182.906259352435
1.944,-183.001127207635
1.945,-183.095995652532
1.946,-183.190864687723
1.947,-183.285734313803
1.948,-183.380604531367
1.949,-183.475475341009
1.95,-183.570346743321
1.951,-183.665218738894
1.952,-183.760091328318
1.953,-183.854964512183
1.954,-183.949838291075
1.955,-184.044712665581
1.956,-184.139587636288
1.957,-184.234463203779
1.958,-184.329339368638
1.959,-184.424216131447
1.96,-184.519093492786
1.961,-184.613971453237
1.962,-184.708850013378
1.963,-184.803729173786
1.964,-184.898608935038
1.965,-184.99348929771
1.966,-185.088370262376
1.967,-185.18325182961
1.968,-185.278133999984
1.969,-185.373016774069
1.97,-185.467900152435
1.971,-185.562784135652
1.972,-185.657668724286
1.973,-185.752553918906
1.974,-185.847439720077
1.975,-185.942326128364
1.976,-186.037213144331
1.977,-186.13210076854
1.978,-186.226989001553
1.979,-186.32187784393
1.98,-186.416767296231
1.981,-186.511657359015
1.982,-186.606548032838
1.983,-186.701439318258
1.984,-186.79633121583
1.985,-186.891223726107
1.986,-186.986116849644
1.987,-187.081010586993
1.988,-187.175904938704
1.989,-187.270799905328
1.99,-187.365695487415
1.991,-187.460591685513
1.992,-187.555488500168
1.993,-187.650385931927
1.994,-187.745283981335
1.995,-187.840182648937
1.996,-187.935081935275
1.997,-188.029981840893
1.998,-188.12488236633
1.999,-188.219783512127
2,-188.314685278824
2.001,-188.409587666959
2.002,-188.504490677069
2.003,-188.59939430969
2.004,-188.694298565358
2.005,-188.789203444607
2.006,-188.88410894797
2.007,-188.979015075981
2.008,-189.073921829169
2.009,-189.168829208067
2.01,-189.263737213204
2.011,-189.358645845107
2.012,-189.453555104306
2.013,-189.548464991326
2.014,-189.643375506693
2.015,-189.738286650933
2.016,-189.833198424568
2.017,-189.928110828123
2.018,-190.023023862119
2.019,-190.117937527078
2.02,-190.212851823519
2.021,-190.307766751961
2.022,-190.402682312924
2.023,-190.497598506925
2.024,-190.592515334479
2.025,-190.687432796104
2.026,-190.782350892313
2.027,-190.87726962362
2.028,-190.972188990539
2.029,-191.067108993581
2.03,-191.162029633257
2.031,-191.256950910078
2.032,-191.351872824553
2.033,-191.44679537719
2.034,-191.541718568497
2.035,-191.636642398982
2.036,-191.731566869148
2.037,-191.826491979503
2.038,-191.921417730548
2.039,-192.016344122789
2.04,-192.111271156727
2.041,-192.206198832863
2.042,-192.301127151699
2.043,-192.396056113734
2.044,-192.490985719467
2.045,-192.585915969395
2.046,-192.680846864018
2.047,-192.775778403829
2.048,-192.870710589326
2.049,-192.965643421002
2.05,-193.060576899353
2.051,-193.15551102487
2.052,-193.250445798045
2.053,-193.345381219371
2.054,-193.440317289338
2.055,-193.535254008435
2.056,-193.630191377152
2.057,-193.725129395976
2.058,-193.820068065394
2.059,-193.915007385894
2.06,-194.009947357961
2.061,-194.104887982079
2.062,-194.199829258732
2.063,-194.294771188405
2.064,-194.389713771578
2.065,-194.484657008735
2.066,-194.579600900355
2.067,-194.674545446919
2.068,-194.769490648906
2.069,-194.864436506795
2.07,-194.959383021062
2.071,-195.054330192186
2.072,-195.149278020642
2.073,-195.244226506906
2.074,-195.339175651451
2.075,-195.434125454753
2.076,-195.529075917284
2.077,-195.624027039516
2.078,-195.718978821921
2.079,-195.81393126497
2.08,-195.908884369132
2.081,-196.003838134877
2.082,-196.098792562674
2.083,-196.19374765299
2.084,-196.288703406292
2.085,-196.383659823047
2.086,-196.47861690372
2.087,-196.573574648775
2.088,-196.668533058678
2.089,-196.763492133891
2.09,-196.858451874877
2.091,-196.953412282097
2.092,-197.048373356014
2.093,-197.143335097087
2.094,-197.238297505776
2.095,-197.33326058254
2.096,-197.428224327838
2.097,-197.523188742126
2.098,-197.618153825862
2.099,-197.713119579503
2.1,-197.808086003502
2.101,-197.903053098316
2.102,-197.998020864399
2.103,-198.092989302202
2.104,-198.187958412181
2.105,-198.282928194785
2.106,-198.377898650467
2.107,-198.472869779677
2.108,-198.567841582866
2.109,-198.662814060481
2.11,-198.757787212973
2.111,-198.852761040788
2.112,-198.947735544375
2.113,-199.042710724178
2.114,-199.137686580645
2.115,-199.232663114221
2.116,-199.32764032535
2.117,-199.422618214476
2.118,-199.517596782042
2.119,-199.612576028491
2.12,-199.707555954264
2.121,-199.802536559804
2.122,-199.89751784555
2.123,-199.992499811942
2.124,-200.08748245942
2.125,-200.182465788423
2.126,-200.277449799388
2.127,-200.372434492753
2.128,-200.467419868954
2.129,-200.562405928429
2.13,-200.657392671611
2.131,-200.752380098937
2.132,-200.84736821084
2.133,-200.942357007754
2.134,-201.037346490112
2.135,-201.132336658346
2.136,-201.227327512888
2.137,-201.322319054169
2.138,-201.41731128262
2.139,-201.512304198671
2.14,-201.60729780275
2.141,-201.702292095287
2.142,-201.79728707671
2.143,-201.892282747446
2.144,-201.987279107922
2.145,-202.082276158564
2.146,-202.177273899799
2.147,-202.272272332051
2.148,-202.367271455744
2.149,-202.462271271304
2.15,-202.557271779152
2.151,-202.652272979712
2.152,-202.747274873406
2.153,-202.842277460655
2.154,-202.937280741882
2.155,-203.032284717505
2.156,-203.127289387945
2.157,-203.222294753622
2.158,-203.317300814953
2.159,-203.412307572358
2.16,-203.507315026253
2.161,-203.602323177057
2.162,-203.697332025184
2.163,-203.792341571052
2.164,-203.887351815076
2.165,-203.98236275767
2.166,-204.077374399249
2.167,-204.172386740226
2.168,-204.267399781015
2.169,-204.362413522028
2.17,-204.457427963678
2.171,-204.552443106376
2.172,-204.647458950532
2.173,-204.742475496559
2.174,-204.837492744864
2.175,-204.932510695858
2.176,-205.02752934995
2.177,-205.122548707548
2.178,-205.21756876906
2.179,-205.312589534893
2.18,-205.407611005454
2.181,-205.502633181149
2.182,-205.597656062385
2.183,-205.692679649565
2.184,-205.787703943095
2.185,-205.882728943379
2.186,-205.977754650821
2.187,-206.072781065824
2.188,-206.167808188791
2.189,-206.262836020123
2.19,-206.357864560223
2.191,-206.452893809491
2.192,-206.547923768329
2.193,-206.642954437136
2.194,-206.737985816313
2.195,-206.833017906258
2.196,-206.928050707369
2.197,-207.023084220046
2.198,-207.118118444686
2.199,-207.213153381686
2.2,-207.308189031443
2.201,-207.403225394353
2.202,-207.498262470812
2.203,-207.593300261216
2.204,-207.688338765958
2.205,-207.783377985434
2.206,-207.878417920037
2.207,-207.973458570162
2.208,-208.068499936199
2.209,-208.163542018544
2.21,-208.258584817586
2.211,-208.353628333718
2.212,-208.448672567331
2.213,-208.543717518816
2.214,-208.638763188562
2.215,-208.73380957696
2.216,-208.828856684398
2.217,-208.923904511266
2.218,-209.018953057952
2.219,-209.114002324844
2.22,-209.209052312329
2.221,-209.304103020794
2.222,-209.399154450626
2.223,-209.494206602211
2.224,-209.589259475935
2.225,-209.684313072183
2.226,-209.779367391339
2.227,-209.874422433789
2.228,-209.969478199916
2.229,-210.064534690104
2.23,-210.159591904735
2.231,-210.254649844193
2.232,-210.349708508859
2.233,-210.444767899116
2.234,-210.539828015345
2.235,-210.634888857927
2.236,-210.729950427242
2.237,-210.825012723671
2.238,-210.920075747593
2.239,-211.015139499388
2.24,-211.110203979434
2.241,-211.20526918811
2.242,-211.300335125794
2.243,-211.395401792864
2.244,-211.490469189697
2.245,-211.585537316669
2.246,-211.680606174158
2.247,-211.775675762539
2.248,-211.870746082188
2.249,-211.96581713348
2.25,-212.06088891679
2.251,-212.155961432493
2.252,-212.251034680962
2.253,-212.346108662571
2.254,-212.441183377694
2.255,-212.536258826703
2.256,-212.631335009971
2.257,-212.72641192787
2.258,-212.821489580771
2.259,-212.916567969046
2.26,-213.011647093067
2.261,-213.106726953203
2.262,-213.201807549824
2.263,-213.296888883301
2.264,-213.391970954004
2.265,-213.4870537623
2.266,-213.582137308559
2.267,-213.677221593149
2.268,-213.772306616438
2.269,-213.867392378793
2.27,-213.962478880583
2.271,-214.057566122173
2.272,-214.15265410393
2.273,-214.247742826221
2.274,-214.34283228941
2.275,-214.437922493864
2.276,-214.533013439947
2.277,-214.628105128025
2.278,-214.723197558461
2.279,-214.818290731619
2.28,-214.913384647864
2.281,-215.008479307557
2.282,-215.103574711063
2.283,-215.198670858744
2.284,-215.293767750962
2.285,-215.388865388078
2.286,-215.483963770455
2.287,-215.579062898454
2.288,-215.674162772435
2.289,-215.769263392758
2.29,-215.864364759785
2.291,-215.959466873875
2.292,-216.054569735387
2.293,-216.14967334468
2.294,-216.244777702113
2.295,-216.339882808046
2.296,-216.434988662835
2.297,-216.530095266838
2.298,-216.625202620414
2.299,-216.720310723919
2.3,-216.81541957771
2.301,-216.910529182143
2.302,-217.005639537575
2.303,-217.100750644362
2.304,-217.195862502858
2.305,-217.29097511342
2.306,-217.386088476402
2.307,-217.481202592158
2.308,-217.576317461044
2.309,-217.671433083412
2.31,-217.766549459616
2.311,-217.86166659001
2.312,-217.956784474947
2.313,-218.051903114778
2.314,-218.147022509858
2.315,-218.242142660537
2.316,-218.337263567167
2.317,-218.4323852301
2.318,-218.527507649687
2.319,-218.622630826278
2.32,-218.717754760225
2.321,-218.812879451877
2.322,-218.908004901584
2.323,-219.003131109695
2.324,-219.098258076561
2.325,-219.19338580253
2.326,-219.288514287951
2.327,-219.383643533171
2.328,-219.47877353854
2.329,-219.573904304405
2.33,-219.669035831113
2.331,-219.764168119012
2.332,-219.859301168448
2.333,-219.954434979769
2.334,-220.04956955332
2.335,-220.144704889448
2.336,-220.239840988498
2.337,-220.334977850816
2.338,-220.430115476746
2.339,-220.525253866635
2.34,-220.620393020826
2.341,-220.715532939664
2.342,-220.810673623492
2.343,-220.905815072655
2.344,-221.000957287496
2.345,-221.096100268359
2.346,-221.191244015585
2.347,-221.286388529518
2.348,-221.3815338105
2.349,-221.476679858874
2.35,-221.57182667498
2.351,-221.666974259161
2.352,-221.762122611758
2.353,-221.857271733111
2.354,-221.952421623562
2.355,-222.047572283451
2.356,-222.142723713117
2.357,-222.237875912902
2.358,-222.333028883145
2.359,-222.428182624184
2.36,-222.52333713636
2.361,-222.61849242001
2.362,-222.713648475474
2.363,-222.808805303089
2.364,-222.903962903194
2.365,-222.999121276127
2.366,-223.094280422225
2.367,-223.189440341825
2.368,-223.284601035265
2.369,-223.37976250288
2.37,-223.474924745008
2.371,-223.570087761985
2.372,-223.665251554146
2.373,-223.760416121827
2.374,-223.855581465365
2.375,-223.950747585093
2.376,-224.045914481347
2.377,-224.141082154461
2.378,-224.236250604771
2.379,-224.33141983261
2.38,-224.426589838311
2.381,-224.52176062221
2.382,-224.616932184638
2.383,-224.71210452593
2.384,-224.807277646418
2.385,-224.902451546435
2.386,-224.997626226312
2.387,-225.092801686384
2.388,-225.18797792698
2.389,-225.283154948434
2.39,-225.378332751076
2.391,-225.473511335238
2.392,-225.56869070125
2.393,-225.663870849444
2.394,-225.759051780149
2.395,-225.854233493696
2.396,-225.949415990415
2.397,-226.044599270635
2.398,-226.139783334687
2.399,-226.234968182899
2.4,-226.3301538156
2.401,-226.425340233119
2.402,-226.520527435785
2.403,-226.615715423926
2.404,-226.71090419787
2.405,-226.806093757945
2.406,-226.901284104477
2.407,-226.996475237796
2.408,-227.091667158228
2.409,-227.186859866099
2.41,-227.282053361736
2.411,-227.377247645467
2.412,-227.472442717616
2.413,-227.56763857851
2.414,-227.662835228474
2.415,-227.758032667835
2.416,-227.853230896917
2.417,-227.948429916045
2.418,-228.043629725544
2.419,-228.138830325739
2.42,-228.234031716954
2.421,-228.329233899513
2.422,-228.42443687374
2.423,-228.519640639958
2.424,-228.614845198492
2.425,-228.710050549663
2.426,-228.805256693796
2.427,-228.900463631212
2.428,-228.995671362235
2.429,-229.090879887187
2.43,-229.186089206389
2.431,-229.281299320163
2.432,-229.376510228832
2.433,-229.471721932716
2.434,-229.566934432137
2.435,-229.662147727416
2.436,-229.757361818872
2.437,-229.852576706828
2.438,-229.947792391602
2.439,-230.043008873516
2.44,-230.138226152889
2.441,-230.23344423004
2.442,-230.328663105289
2.443,-230.423882778955
2.444,-230.519103251357
2.445,-230.614324522813
2.446,-230.709546593643
2.447,-230.804769464164
2.448,-230.899993134695
2.449,-230.995217605553
2.45,-231.090442877057
2.451,-231.185668949522
2.452,-231.280895823267
2.453,-231.376123498609
2.454,-231.471351975864
2.455,-231.566581255348
2.456,-231.661811337379
2.457,-231.757042222272
2.458,-231.852273910343
2.459,-231.947506401908
2.46,-232.042739697282
2.461,-232.137973796781
2.462,-232.233208700718
2.463,-232.328444409411
2.464,-232.423680923171
2.465,-232.518918242315
2.466,-232.614156367157
2.467,-232.70939529801
2.468,-232.804635035187
2.469,-232.899875579003
2.47,-232.995116929771
2.471,-233.090359087804
2.472,-233.185602053414
2.473,-233.280845826915
2.474,-233.376090408619
2.475,-233.471335798837
2.476,-233.566581997883
2.477,-233.661829006067
2.478,-233.757076823702
2.479,-233.852325451099
2.48,-233.947574888568
2.481,-234.042825136422
2.482,-234.13807619497
2.483,-234.233328064522
2.484,-234.328580745391
2.485,-234.423834237885
2.486,-234.519088542314
2.487,-234.614343658988
2.488,-234.709599588216
2.489,-234.804856330309
2.49,-234.900113885574
2.491,-234.99537225432
2.492,-235.090631436857
2.493,-235.185891433492
2.494,-235.281152244533
2.495,-235.37641387029
2.496,-235.471676311069
2.497,-235.566939567177
2.498,-235.662203638923
2.499,-235.757468526613
2.5,-235.852734230554
2.501,-235.948000751054
2.502,-236.043268088417
2.503,-236.138536242952
2.504,-236.233805214963
2.505,-236.329075004756
2.506,-236.424345612638
2.507,-236.519617038913
2.508,-236.614889283887
2.509,-236.710162347864
2.51,-236.805436231151
2.511,-236.90071093405
2.512,-236.995986456866
2.513,-237.091262799904
2.514,-237.186539963468
2.515,-237.281817947861
2.516,-237.377096753386
2.517,-237.472376380347
2.518,-237.567656829047
2.519,-237.662938099789
2.52,-237.758220192876
2.521,-237.853503108609
2.522,-237.948786847292
2.523,-238.044071409225
2.524,-238.139356794712
2.525,-238.234643004053
2.526,-238.329930037549
2.527,-238.425217895503
2.528,-238.520506578214
2.529,-238.615796085984
2.53,-238.711086419113
2.531,-238.806377577901
2.532,-238.901669562649
2.533,-238.996962373656
2.534,-239.092256011222
2.535,-239.187550475646
2.536,-239.282845767227
2.537,-239.378141886265
2.538,-239.473438833058
2.539,-239.568736607905
2.54,-239.664035211104
2.541,-239.759334642953
2.542,-239.854634903751
2.543,-239.949935993794
2.544,-240.04523791338
2.545,-240.140540662807
2.546,-240.235844242371
2.547,-240.33114865237
2.548,-240.426453893099
2.549,-240.521759964856
2.55,-240.617066867936
2.551,-240.712374602636
2.552,-240.807683169251
2.553,-240.902992568076
2.554,-240.998302799407
2.555,-241.093613863538
2.556,-241.188925760766
2.557,-241.284238491384
2.558,-241.379552055686
2.559,-241.474866453967
2.56,-241.570181686522
2.561,-241.665497753642
2.562,-241.760814655623
2.563,-241.856132392757
2.564,-241.951450965337
2.565,-242.046770373656
2.566,-242.142090618007
2.567,-242.237411698683
2.568,-242.332733615974
2.569,-242.428056370174
2.57,-242.523379961574
2.571,-242.618704390465
2.572,-242.714029657138
2.573,-242.809355761886
2.574,-242.904682704997
2.575,-243.000010486764
2.576,-243.095339107476
2.577,-243.190668567424
2.578,-243.285998866897
2.579,-243.381330006185
2.58,-243.476661985578
2.581,-243.571994805364
2.582,-243.667328465833
2.583,-243.762662967274
2.584,-243.857998309974
2.585,-243.953334494223
2.586,-244.048671520307
2.587,-244.144009388516
2.588,-244.239348099136
2.589,-244.334687652456
2.59,-244.430028048761
2.591,-244.52536928834
2.592,-244.620711371478
2.593,-244.716054298462
2.594,-244.811398069578
2.595,-244.906742685113
2.596,-245.002088145351
2.597,-245.097434450579
2.598,-245.192781601082
2.599,-245.288129597144
2.6,-245.38347843905
2.601,-245.478828127086
2.602,-245.574178661534
2.603,-245.66953004268
2.604,-245.764882270807
2.605,-245.860235346199
2.606,-245.955589269138
2.607,-246.050944039909
2.608,-246.146299658794
2.609,-246.241656126075
2.61,-246.337013442035
2.611,-246.432371606955
2.612,-246.527730621119
2.613,-246.623090484808
2.614,-246.718451198302
2.615,-246.813812761883
2.616,-246.909175175832
2.617,-247.00453844043
2.618,-247.099902555957
2.619,-247.195267522693
2.62,-247.290633340918
2.621,-247.386000010912
2.622,-247.481367532954
2.623,-247.576735907323
2.624,-247.672105134299
2.625,-247.767475214159
2.626,-247.862846147183
2.627,-247.958217933648
2.628,-248.053590573833
2.629,-248.148964068015
2.63,-248.244338416471
2.631,-248.339713619479
2.632,-248.435089677316
2.633,-248.530466590257
2.634,-248.625844358581
2.635,-248.721222982562
2.636,-248.816602462476
2.637,-248.9119827986
2.638,-249.007363991208
2.639,-249.102746040576
2.64,-249.198128946979
2.641,-249.29351271069
2.642,-249.388897331985
2.643,-249.484282811138
2.644,-249.579669148422
2.645,-249.675056344111
2.646,-249.770444398477
2.647,-249.865833311795
2.648,-249.961223084337
2.649,-250.056613716375
2.65,-250.152005208182
2.651,-250.24739756003
2.652,-250.342790772189
2.653,-250.438184844933
2.654,-250.533579778531
2.655,-250.628975573255
2.656,-250.724372229375
2.657,-250.819769747161
2.658,-250.915168126885
2.659,-251.010567368815
2.66,-251.105967473221
2.661,-251.201368440373
2.662,-251.296770270539
2.663,-251.392172963988
2.664,-251.487576520988
2.665,-251.582980941809
2.666,-251.678386226716
2.667,-251.773792375979
2.668,-251.869199389865
2.669,-251.96460726864
2.67,-252.060016012571
2.671,-252.155425621925
2.672,-252.250836096969
2.673,-252.346247437967
2.674,-252.441659645186
2.675,-252.537072718891
2.676,-252.632486659348
2.677,-252.72790146682
2.678,-252.823317141573
2.679,-252.91873368387
2.68,-253.014151093976
2.681,-253.109569372155
2.682,-253.204988518669
2.683,-253.300408533783
2.684,-253.395829417758
2.685,-253.491251170857
2.686,-253.586673793342
2.687,-253.682097285476
2.688,-253.77752164752
2.689,-253.872946879736
2.69,-253.968372982383
2.691,-254.063799955724
2.692,-254.159227800019
2.693,-254.254656515528
2.694,-254.35008610251
2.695,-254.445516561226
2.696,-254.540947891934
2.697,-254.636380094894
2.698,-254.731813170364
2.699,-254.827247118603
2.7,-254.922681939869
2.701,-255.018117634419
2.702,-255.113554202511
2.703,-255.208991644403
2.704,-255.304429960351
2.705,-255.399869150612
2.706,-255.495309215442
2.707,-255.590750155096
2.708,-255.686191969832
2.709,-255.781634659903
2.71,-255.877078225566
2.711,-255.972522667074
2.712,-256.067967984683
2.713,-256.163414178646
2.714,-256.258861249217
2.715,-256.35430919665
2.716,-256.449758021198
2.717,-256.545207723114
2.718,-256.64065830265
2.719,-256.736109760058
2.72,-256.831562095591
2.721,-256.9270153095
2.722,-257.022469402036
2.723,-257.117924373451
2.724,-257.213380223995
2.725,-257.308836953918
2.726,-257.40429456347
2.727,-257.499753052901
2.728,-257.595212422461
2.729,-257.690672672399
2.73,-257.786133802962
2.731,-257.8815958144
2.732,-257.977058706961
2.733,-258.072522480892
2.734,-258.167987136441
2.735,-258.263452673855
2.736,-258.358919093381
2.737,-258.454386395264
2.738,-258.549854579752
2.739,-258.64532364709
2.74,-258.740793597523
2.741,-258.836264431297
2.742,-258.931736148656
2.743,-259.027208749845
2.744,-259.122682235108
2.745,-259.218156604688
2.746,-259.313631858829
2.747,-259.409107997775
2.748,-259.504585021767
2.749,-259.600062931048
2.75,-259.695541725861
2.751,-259.791021406447
2.752,-259.886501973047
2.753,-259.981983425903
2.754,-260.077465765255
2.755,-260.172948991343
2.756,-260.268433104408
2.757,-260.36391810469
2.758,-260.459403992427
2.759,-260.554890767858
2.76,-260.650378431222
2.761,-260.745866982758
2.762,-260.841356422703
2.763,-260.936846751295
2.764,-261.03233796877
2.765,-261.127830075367
2.766,-261.223323071321
2.767,-261.318816956869
2.768,-261.414311732246
2.769,-261.509807397688
2.77,-261.60530395343
2.771,-261.700801399706
2.772,-261.796299736751
2.773,-261.891798964799
2.774,-261.987299084084
2.775,-262.082800094838
2.776,-262.178301997296
2.777,-262.273804791688
2.778,-262.369308478248
2.779,-262.464813057208
2.78,-262.560318528798
2.781,-262.65582489325
2.782,-262.751332150795
2.783,-262.846840301662
2.784,-262.942349346082
2.785,-263.037859284285
2.786,-263.1333701165
2.787,-263.228881842955
2.788,-263.324394463879
2.789,-263.4199079795
2.79,-263.515422390047
2.791,-263.610937695745
2.792,-263.706453896823
2.793,-263.801970993507
2.794,-263.897488986023
2.795,-263.993007874596
2.796,-264.088527659454
2.797,-264.184048340819
2.798,-264.279569918918
2.799,-264.375092393975
2.8,-264.470615766213
2.801,-264.566140035856
2.802,-264.661665203127
2.803,-264.75719126825
2.804,-264.852718231445
2.805,-264.948246092936
2.806,-265.043774852944
2.807,-265.139304511691
2.808,-265.234835069396
2.809,-265.330366526281
2.81,-265.425898882566
2.811,-265.521432138469
2.812,-265.616966294212
2.813,-265.712501350011
2.814,-265.808037306086
2.815,-265.903574162656
2.816,-265.999111919937
2.817,-266.094650578146
2.818,-266.190190137502
2.819,-266.28573059822
2.82,-266.381271960516
2.821,-266.476814224606
2.822,-266.572357390705
2.823,-266.667901459028
2.824,-266.76344642979
2.825,-266.858992303205
2.826,-266.954539079485
2.827,-267.050086758846
2.828,-267.145635341498
2.829,-267.241184827656
2.83,-267.33673521753
2.831,-267.432286511332
2.832,-267.527838709275
2.833,-267.623391811567
2.834,-267.71894581842
2.835,-267.814500730044
2.836,-267.910056546648
2.837,-268.005613268441
2.838,-268.101170895632
2.839,-268.19672942843
2.84,-268.292288867042
2.841,-268.387849211675
2.842,-268.483410462537
2.843,-268.578972619834
2.844,-268.674535683772
2.845,-268.770099654558
2.846,-268.865664532396
2.847,-268.961230317491
2.848,-269.056797010048
2.849,-269.152364610271
2.85,-269.247933118364
2.851,-269.343502534529
2.852,-269.43907285897
2.853,-269.534644091888
2.854,-269.630216233486
2.855,-269.725789283966
2.856,-269.821363243527
2.857,-269.916938112372
2.858,-270.012513890699
2.859,-270.108090578709
2.86,-270.203668176601
2.861,-270.299246684574
2.862,-270.394826102826
2.863,-270.490406431556
2.864,-270.58598767096
2.865,-270.681569821236
2.866,-270.777152882581
2.867,-270.872736855191
2.868,-270.968321739261
2.869,-271.063907534987
2.87,-271.159494242564
2.871,-271.255081862186
2.872,-271.350670394047
2.873,-271.446259838341
2.874,-271.541850195261
2.875,-271.637441465
2.876,-271.733033647749
2.877,-271.828626743701
2.878,-271.924220753046
2.879,-272.019815675976
2.88,-272.115411512681
2.881,-272.211008263351
2.882,-272.306605928175
2.883,-272.402204507343
2.884,-272.497804001043
2.885,-272.593404409463
2.886,-272.689005732791
2.887,-272.784607971213
2.888,-272.880211124918
2.889,-272.97581519409
2.89,-273.071420178916
2.891,-273.167026079581
2.892,-273.262632896271
2.893,-273.358240629168
2.894,-273.453849278459
2.895,-273.549458844325
2.896,-273.64506932695
2.897,-273.740680726516
2.898,-273.836293043206
2.899,-273.931906277201
2.9,-274.027520428683
2.901,-274.123135497831
2.902,-274.218751484827
2.903,-274.31436838985
2.904,-274.409986213078
2.905,-274.505604954692
2.906,-274.60122461487
2.907,-274.696845193788
2.908,-274.792466691625
2.909,-274.888089108557
2.91,-274.983712444761
2.911,-275.079336700413
2.912,-275.174961875688
2.913,-275.270587970762
2.914,-275.366214985808
2.915,-275.461842921
2.916,-275.557471776513
2.917,-275.653101552519
2.918,-275.748732249191
2.919,-275.844363866701
2.92,-275.93999640522
2.921,-276.035629864919
2.922,-276.13126424597
2.923,-276.226899548542
2.924,-276.322535772805
2.925,-276.418172918929
2.926,-276.513810987081
2.927,-276.609449977429
2.928,-276.705089890143
2.929,-276.800730725388
2.93,-276.896372483332
2.931,-276.99201516414
2.932,-277.087658767979
2.933,-277.183303295013
2.934,-277.278948745407
2.935,-277.374595119326
2.936,-277.470242416934
2.937,-277.565890638392
2.938,-277.661539783865
2.939,-277.757189853514
2.94,-277.852840847501
2.941,-277.948492765987
2.942,-278.044145609134
2.943,-278.1397993771
2.944,-278.235454070047
2.945,-278.331109688133
2.946,-278.426766231516
2.947,-278.522423700356
2.948,-278.618082094809
2.949,-278.713741415033
2.95,-278.809401661184
2.951,-278.90506283342
2.952,-279.000724931895
2.953,-279.096387956764
2.954,-279.192051908182
2.955,-279.287716786304
2.956,-279.383382591282
2.957,-279.479049323271
2.958,-279.574716982422
2.959,-279.670385568888
2.96,-279.76605508282
2.961,-279.861725524369
2.962,-279.957396893686
2.963,-280.05306919092
2.964,-280.148742416222
2.965,-280.244416569741
2.966,-280.340091651624
2.967,-280.435767662019
2.968,-280.531444601075
2.969,-280.627122468937
2.97,-280.722801265753
2.971,-280.818480991668
2.972,-280.914161646827
2.973,-281.009843231376
2.974,-281.105525745458
2.975,-281.201209189218
2.976,-281.296893562798
2.977,-281.392578866342
2.978,-281.488265099991
2.979,-281.583952263887
2.98,-281.679640358172
2.981,-281.775329382985
2.982,-281.871019338467
2.983,-281.966710224757
2.984,-282.062402041995
2.985,-282.158094790319
2.986,-282.253788469867
2.987,-282.349483080776
2.988,-282.445178623183
2.989,-282.540875097225
2.99,-282.636572503037
2.991,-282.732270840755
2.992,-282.827970110513
2.993,-282.923670312446
2.994,-283.019371446687
2.995,-283.11507351337
2.996,-283.210776512626
2.997,-283.306480444588
2.998,-283.402185309389
2.999,-283.497891107157
3,-283.593597838025
3.001,-283.689305502122
3.002,-283.785014099576
3.003,-283.880723630518
3.004,-283.976434095076
3.005,-284.072145493376
3.006,-284.167857825547
3.007,-284.263571091715
3.008,-284.359285292006
3.009,-284.455000426546
3.01,-284.55071649546
3.011,-284.646433498871
3.012,-284.742151436905
3.013,-284.837870309684
3.014,-284.933590117332
3.015,-285.02931085997
3.016,-285.125032537721
3.017,-285.220755150705
3.018,-285.316478699043
3.019,-285.412203182856
3.02,-285.507928602262
3.021,-285.603654957382
3.022,-285.699382248332
3.023,-285.795110475232
3.024,-285.890839638199
3.025,-285.986569737348
3.026,-286.082300772798
3.027,-286.178032744662
3.028,-286.273765653057
3.029,-286.369499498097
3.03,-286.465234279896
3.031,-286.560969998567
3.032,-286.656706654224
3.033,-286.752444246978
3.034,-286.848182776942
3.035,-286.943922244227
3.036,-287.039662648943
3.037,-287.1354039912
3.038,-287.231146271109
3.039,-287.326889488778
3.04,-287.422633644315
3.041,-287.518378737829
3.042,-287.614124769426
3.043,-287.709871739214
3.044,-287.805619647299
3.045,-287.901368493787
3.046,-287.997118278782
3.047,-288.092869002388
3.048,-288.188620664711
3.049,-288.284373265854
3.05,-288.380126805918
3.051,-288.475881285007
3.052,-288.571636703223
3.053,-288.667393060665
3.054,-288.763150357436
3.055,-288.858908593634
3.056,-288.95466776936
3.057,-289.050427884713
3.058,-289.14618893979
3.059,-289.241950934689
3.06,-289.337713869508
3.061,-289.433477744343
3.062,-289.52924255929
3.063,-289.625008314445
3.064,-289.720775009903
3.065,-289.816542645758
3.066,-289.912311222103
3.067,-290.008080739033
3.068,-290.103851196639
3.069,-290.199622595014
3.07,-290.295394934249
3.071,-290.391168214435
3.072,-290.486942435663
3.073,-290.582717598022
3.074,-290.678493701602
3.075,-290.774270746491
3.076,-290.870048732777
3.077,-290.965827660548
3.078,-291.061607529891
3.079,-291.157388340892
3.08,-291.253170093636
3.081,-291.34895278821
3.082,-291.444736424698
3.083,-291.540521003183
3.084,-291.63630652375
3.085,-291.732092986481
3.086,-291.827880391458
3.087,-291.923668738764
3.088,-292.01945802848
3.089,-292.115248260685
3.09,-292.211039435461
3.091,-292.306831552887
3.092,-292.402624613042
3.093,-292.498418616003
3.094,-292.59421356185
3.095,-292.690009450658
3.096,-292.785806282504
3.097,-292.881604057466
3.098,-292.977402775617
3.099,-293.073202437033
3.1,-293.169003041788
3.101,-293.264804589957
3.102,-293.360607081611
3.103,-293.456410516824
3.104,-293.552214895667
3.105,-293.648020218213
3.106,-293.743826484531
3.107,-293.839633694693
3.108,-293.935441848767
3.109,-294.031250946823
3.11,-294.12706098893
3.111,-294.222871975155
3.112,-294.318683905566
3.113,-294.414496780229
3.114,-294.510310599211
3.115,-294.606125362577
3.116,-294.701941070393
3.117,-294.797757722723
3.118,-294.89357531963
3.119,-294.989393861179
3.12,-295.085213347431
3.121,-295.181033778449
3.122,-295.276855154295
3.123,-295.37267747503
3.124,-295.468500740713
3.125,-295.564324951406
3.126,-295.660150107166
3.127,-295.755976208053
3.128,-295.851803254125
3.129,-295.94763124544
3.13,-296.043460182054
3.131,-296.139290064024
3.132,-296.235120891405
3.133,-296.330952664252
3.134,-296.426785382622
3.135,-296.522619046566
3.136,-296.61845365614
3.137,-296.714289211395
3.138,-296.810125712385
3.139,-296.90596315916
3.14,-297.001801551772
3.141,-297.097640890271
3.142,-297.193481174708
3.143,-297.289322405133
3.144,-297.385164581592
3.145,-297.481007704136
3.146,-297.576851772812
3.147,-297.672696787666
3.148,-297.768542748745
3.149,-297.864389656096
3.15,-297.960237509764
3.151,-298.056086309792
3.152,-298.151936056227
3.153,-298.24778674911
3.154,-298.343638388486
3.155,-298.439490974397
3.156,-298.535344506884
3.157,-298.631198985989
3.158,-298.727054411752
3.159,-298.822910784215
3.16,-298.918768103415
3.161,-299.014626369393
3.162,-299.110485582187
3.163,-299.206345741835
3.164,-299.302206848373
3.165,-299.398068901839
3.166,-299.493931902269
3.167,-299.589795849698
3.168,-299.685660744161
3.169,-299.781526585692
3.17,-299.877393374326
3.171,-299.973261110096
3.172,-300.069129793033
3.173,-300.164999423171
3.174,-300.260870000541
3.175,-300.356741525173
3.176,-300.452613997099
3.177,-300.548487416347
3.178,-300.644361782948
3.179,-300.740237096929
3.18,-300.836113358319
3.181,-300.931990567145
3.182,-301.027868723434
3.183,-301.123747827212
3.184,-301.219627878506
3.185,-301.31550887734
3.186,-301.411390823738
3.187,-301.507273717726
3.188,-301.603157559327
3.189,-301.699042348562
3.19,-301.794928085456
3.191,-301.890814770028
3.192,-301.986702402302
3.193,-302.082590982296
3.194,-302.178480510032
3.195,-302.274370985528
3.196,-302.370262408804
3.197,-302.466154779877
3.198,-302.562048098767
3.199,-302.657942365489
3.2,-302.753837580061
3.201,-302.849733742498
3.202,-302.945630852816
3.203,-303.04152891103
3.204,-303.137427917154
3.205,-303.233327871202
3.206,-303.329228773187
3.207,-303.425130623122
3.208,-303.521033421019
3.209,-303.616937166889
3.21,-303.712841860744
3.211,-303.808747502593
3.212,-303.904654092447
3.213,-304.000561630315
3.214,-304.096470116205
3.215,-304.192379550126
3.216,-304.288289932085
3.217,-304.384201262089
3.218,-304.480113540145
3.219,-304.576026766258
3.22,-304.671940940434
3.221,-304.767856062677
3.222,-304.863772132992
3.223,-304.959689151383
3.224,-305.055607117852
3.225,-305.151526032402
3.226,-305.247445895034
3.227,-305.343366705751
3.228,-305.439288464553
3.229,-305.535211171441
3.23,-305.631134826413
3.231,-305.72705942947
3.232,-305.82298498061
3.233,-305.918911479831
3.234,-306.01483892713
3.235,-306.110767322505
3.236,-306.206696665951
3.237,-306.302626957465
3.238,-306.398558197042
3.239,-306.494490384676
3.24,-306.590423520363
3.241,-306.686357604095
3.242,-306.782292635865
3.243,-306.878228615666
3.244,-306.974165543491
3.245,-307.07010341933
3.246,-307.166042243174
3.247,-307.261982015015
3.248,-307.35792273484
3.249,-307.453864402641
3.25,-307.549807018404
3.251,-307.64575058212
3.252,-307.741695093775
3.253,-307.837640553356
3.254,-307.933586960849
3.255,-308.029534316242
3.256,-308.125482619519
3.257,-308.221431870664
3.258,-308.317382069664
3.259,-308.4133332165
3.26,-308.509285311157
3.261,-308.605238353618
3.262,-308.701192343864
3.263,-308.797147281877
3.264,-308.893103167638
3.265,-308.989060001128
3.266,-309.085017782327
3.267,-309.180976511214
3.268,-309.276936187769
3.269,-309.372896811969
3.27,-309.468858383794
3.271,-309.564820903219
3.272,-309.660784370222
3.273,-309.75674878478
3.274,-309.852714146867
3.275,-309.94868045646
3.276,-310.044647713533
3.277,-310.140615918061
3.278,-310.236585070016
3.279,-310.332555169372
3.28,-310.428526216102
3.281,-310.524498210177
3.282,-310.62047115157
3.283,-310.716445040251
3.284,-310.812419876192
3.285,-310.908395659361
3.286,-311.004372389728
3.287,-311.100350067263
3.288,-311.196328691934
3.289,-311.292308263708
3.29,-311.388288782554
3.291,-311.484270248437
3.292,-311.580252661325
3.293,-311.676236021183
3.294,-311.772220327977
3.295,-311.868205581671
3.296,-311.96419178223
3.297,-312.060178929617
3.298,-312.156167023796
3.299,-312.25215606473
3.3,-312.34814605238
3.301,-312.444136986709
3.302,-312.540128867678
3.303,-312.636121695248
3.304,-312.732115469378
3.305,-312.828110190029
3.306,-312.92410585716
3.307,-313.020102470729
3.308,-313.116100030695
3.309,-313.212098537016
3.31,-313.308097989648
3.311,-313.404098388549
3.312,-313.500099733674
3.313,-313.596102024979
3.314,-313.69210526242
3.315,-313.788109445952
3.316,-313.884114575528
3.317,-313.980120651102
3.318,-314.076127672628
3.319,-314.172135640057
3.32,-314.268144553344
3.321,-314.364154412439
3.322,-314.460165217293
3.323,-314.556176967857
3.324,-314.652189664083
3.325,-314.748203305918
3.326,-314.844217893314
3.327,-314.940233426218
3.328,-315.036249904579
3.329,-315.132267328345
3.33,-315.228285697464
3.331,-315.324305011881
3.332,-315.420325271545
3.333,-315.516346476399
3.334,-315.612368626391
3.335,-315.708391721465
3.336,-315.804415761565
3.337,-315.900440746637
3.338,-315.996466676622
3.339,-316.092493551465
3.34,-316.188521371107
3.341,-316.284550135492
3.342,-316.38057984456
3.343,-316.476610498254
3.344,-316.572642096514
3.345,-316.668674639279
3.346,-316.76470812649
3.347,-316.860742558087
3.348,-316.956777934008
3.349,-317.052814254192
3.35,-317.148851518576
3.351,-317.244889727098
3.352,-317.340928879695
3.353,-317.436968976304
3.354,-317.533010016862
3.355,-317.629052001302
3.356,-317.725094929562
3.357,-317.821138801575
3.358,-317.917183617276
3.359,-318.013229376599
3.36,-318.109276079478
3.361,-318.205323725844
3.362,-318.301372315632
3.363,-318.397421848772
3.364,-318.493472325197
3.365,-318.589523744837
3.366,-318.685576107624
3.367,-318.781629413488
3.368,-318.877683662358
3.369,-318.973738854165
3.37,-319.069794988837
3.371,-319.165852066302
3.372,-319.26191008649
3.373,-319.357969049326
3.374,-319.45402895474
3.375,-319.550089802657
3.376,-319.646151593005
3.377,-319.742214325708
3.378,-319.838278000692
3.379,-319.934342617884
3.38,-320.030408177207
3.381,-320.126474678585
3.382,-320.222542121943
3.383,-320.318610507204
3.384,-320.41467983429
3.385,-320.510750103125
3.386,-320.606821313631
3.387,-320.702893465729
3.388,-320.798966559341
3.389,-320.895040594387
3.39,-320.991115570789
3.391,-321.087191488465
3.392,-321.183268347337
3.393,-321.279346147323
3.394,-321.375424888342
3.395,-321.471504570312
3.396,-321.567585193152
3.397,-321.66366675678
3.398,-321.759749261111
3.399,-321.855832706065
3.4,-321.951917091555
3.401,-322.0480024175
3.402,-322.144088683814
3.403,-322.240175890413
3.404,-322.336264037212
3.405,-322.432353124125
3.406,-322.528443151065
3.407,-322.624534117948
3.408,-322.720626024686
3.409,-322.816718871192
3.41,-322.912812657379
3.411,-323.008907383158
3.412,-323.105003048442
3.413,-323.201099653142
3.414,-323.297197197168
3.415,-323.393295680432
3.416,-323.489395102844
3.417,-323.585495464314
3.418,-323.68159676475
3.419,-323.777699004063
3.42,-323.873802182161
3.421,-323.969906298952
3.422,-324.066011354345
3.423,-324.162117348246
3.424,-324.258224280564
3.425,-324.354332151205
3.426,-324.450440960076
3.427,-324.546550707082
3.428,-324.642661392131
3.429,-324.738773015126
3.43,-324.834885575974
3.431,-324.930999074578
3.432,-325.027113510844
3.433,-325.123228884676
3.434,-325.219345195977
3.435,-325.31546244465
3.436,-325.411580630598
3.437,-325.507699753725
3.438,-325.603819813932
3.439,-325.699940811122
3.44,-325.796062745195
3.441,-325.892185616053
3.442,-325.988309423598
3.443,-326.084434167729
3.444,-326.180559848348
3.445,-326.276686465353
3.446,-326.372814018645
3.447,-326.468942508122
3.448,-326.565071933684
3.449,-326.661202295229
3.45,-326.757333592656
3.451,-326.853465825862
3.452,-326.949598994745
3.453,-327.045733099203
3.454,-327.141868139132
3.455,-327.238004114428
3.456,-327.334141024989
3.457,-327.43027887071
3.458,-327.526417651487
3.459,-327.622557367215
3.46,-327.71869801779
3.461,-327.814839603106
3.462,-327.910982123057
3.463,-328.007125577539
3.464,-328.103269966443
3.465,-328.199415289665
3.466,-328.295561547097
3.467,-328.391708738632
3.468,-328.487856864164
3.469,-328.584005923583
3.47,-328.680155916783
3.471,-328.776306843654
3.472,-328.872458704089
3.473,-328.968611497978
3.474,-329.064765225213
3.475,-329.160919885684
3.476,-329.257075479281
3.477,-329.353232005895
3.478,-329.449389465414
3.479,-329.545547857729
3.48,-329.641707182728
3.481,-329.737867440301
3.482,-329.834028630336
3.483,-329.930190752721
3.484,-330.026353807344
3.485,-330.122517794094
3.486,-330.218682712857
3.487,-330.314848563522
3.488,-330.411015345974
3.489,-330.507183060101
3.49,-330.603351705789
3.491,-330.699521282924
3.492,-330.795691791392
3.493,-330.891863231079
3.494,-330.98803560187
3.495,-331.084208903651
3.496,-331.180383136306
3.497,-331.276558299719
3.498,-331.372734393776
3.499,-331.468911418361
3.5,-331.565089373356
3.501,-331.661268258647
3.502,-331.757448074116
3.503,-331.853628819646
3.504,-331.949810495121
3.505,-332.045993100423
3.506,-332.142176635435
3.507,-332.238361100038
3.508,-332.334546494115
3.509,-332.430732817547
3.51,-332.526920070217
3.511,-332.623108252005
3.512,-332.719297362792
3.513,-332.81548740246
3.514,-332.911678370888
3.515,-333.007870267957
3.516,-333.104063093548
3.517,-333.20025684754
3.518,-333.296451529813
3.519,-333.392647140247
3.52,-333.48884367872
3.521,-333.585041145113
3.522,-333.681239539303
3.523,-333.77743886117
3.524,-333.873639110592
3.525,-333.969840287447
3.526,-334.066042391614
3.527,-334.162245422969
3.528,-334.258449381392
3.529,-334.354654266758
3.53,-334.450860078947
3.531,-334.547066817834
3.532,-334.643274483297
3.533,-334.739483075212
3.534,-334.835692593456
3.535,-334.931903037904
3.536,-335.028114408434
3.537,-335.124326704922
3.538,-335.220539927242
3.539,-335.31675407527
3.54,-335.412969148883
3.541,-335.509185147955
3.542,-335.605402072361
3.543,-335.701619921976
3.544,-335.797838696675
3.545,-335.894058396333
3.546,-335.990279020823
3.547,-336.086500570021
3.548,-336.182723043799
3.549,-336.278946442032
3.55,-336.375170764594
3.551,-336.471396011359
3.552,-336.567622182198
3.553,-336.663849276987
3.554,-336.760077295598
3.555,-336.856306237904
3.556,-336.952536103778
3.557,-337.048766893092
3.558,-337.144998605719
3.559,-337.241231241532
3.56,-337.337464800402
3.561,-337.433699282202
3.562,-337.529934686803
3.563,-337.626171014078
3.564,-337.722408263897
3.565,-337.818646436134
3.566,-337.914885530658
3.567,-338.011125547342
3.568,-338.107366486057
3.569,-338.203608346672
3.57,-338.299851129061
3.571,-338.396094833092
3.572,-338.492339458637
3.573,-338.588585005567
3.574,-338.684831473751
3.575,-338.781078863061
3.576,-338.877327173366
3.577,-338.973576404536
3.578,-339.069826556441
3.579,-339.166077628952
3.58,-339.262329621938
3.581,-339.358582535269
3.582,-339.454836368813
3.583,-339.551091122441
3.584,-339.647346796023
3.585,-339.743603389426
3.586,-339.839860902521
3.587,-339.936119335177
3.588,-340.032378687261
3.589,-340.128638958645
3.59,-340.224900149195
3.591,-340.321162258781
3.592,-340.417425287272
3.593,-340.513689234535
3.594,-340.60995410044
3.595,-340.706219884855
3.596,-340.802486587648
3.597,-340.898754208688
3.598,-340.995022747842
3.599,-341.091292204978
3.6,-341.187562579965
3.601,-341.283833872671
3.602,-341.380106082963
3.603,-341.47637921071
3.604,-341.572653255778
3.605,-341.668928218037
3.606,-341.765204097352
3.607,-341.861480893593
3.608,-341.957758606626
3.609,-342.054037236318
3.61,-342.150316782539
3.611,-342.246597245153
3.612,-342.34287862403
3.613,-342.439160919036
3.614,-342.535444130039
3.615,-342.631728256905
3.616,-342.728013299503
3.617,-342.824299257698
3.618,-342.920586131358
3.619,-343.01687392035
3.62,-343.113162624541
3.621,-343.209452243798
3.622,-343.305742777988
3.623,-343.402034226978
3.624,-343.498326590635
3.625,-343.594619868825
3.626,-343.690914061415
3.627,-343.787209168273
3.628,-343.883505189265
3.629,-343.979802124257
3.63,-344.076099973117
3.631,-344.172398735711
3.632,-344.268698411906
3.633,-344.364999001569
3.634,-344.461300504567
3.635,-344.557602920765
3.636,-344.653906250032
3.637,-344.750210492233
3.638,-344.846515647235
3.639,-344.942821714905
3.64,-345.03912869511
3.641,-345.135436587716
3.642,-345.23174539259
3.643,-345.328055109599
3.644,-345.424365738609
3.645,-345.520677279488
3.646,-345.616989732101
3.647,-345.713303096317
3.648,-345.809617372001
3.649,-345.90593255902
3.65,-346.002248657241
3.651,-346.098565666532
3.652,-346.194883586758
3.653,-346.291202417787
3.654,-346.387522159486
3.655,-346.483842811721
3.656,-346.58016437436
3.657,-346.67648684727
3.658,-346.772810230317
3.659,-346.869134523369
3.66,-346.965459726293
3.661,-347.061785838956
3.662,-347.158112861225
3.663,-347.254440792968
3.664,-347.350769634051
3.665,-347.447099384343
3.666,-347.54343004371
3.667,-347.639761612019
3.668,-347.73609408914
3.669,-347.832427474938
3.67,-347.928761769281
3.671,-348.025096972038
3.672,-348.121433083076
3.673,-348.217770102262
3.674,-348.314108029465
3.675,-348.410446864553
3.676,-348.506786607392
3.677,-348.603127257852
3.678,-348.6994688158
3.679,-348.795811281105
3.68,-348.892154653635
3.681,-348.988498933258
3.682,-349.084844119843
3.683,-349.181190213257
3.684,-349.27753721337
3.685,-349.373885120051
3.686,-349.470233933167
3.687,-349.566583652588
3.688,-349.662934278182
3.689,-349.759285809819
3.69,-349.855638247368
3.691,-349.951991590697
3.692,-350.048345839677
3.693,-350.144700994175
3.694,-350.241057054063
3.695,-350.337414019209
3.696,-350.433771889482
3.697,-350.530130664753
3.698,-350.626490344892
3.699,-350.722850929768
3.7,-350.819212419251
3.701,-350.915574813212
3.702,-351.011938111521
3.703,-351.108302314048
3.704,-351.204667420664
3.705,-351.301033431239
3.706,-351.397400345644
3.707,-351.49376816375
3.708,-351.590136885427
3.709,-351.686506510547
3.71,-351.782877038982
3.711,-351.879248470601
3.712,-351.975620805277
3.713,-352.071994042882
3.714,-352.168368183287
3.715,-352.264743226363
3.716,-352.361119171983
3.717,-352.457496020019
3.718,-352.553873770343
3.719,-352.650252422828
3.72,-352.746631977345
3.721,-352.843012433768
3.722,-352.93939379197
3.723,-353.035776051822
3.724,-353.132159213199
3.725,-353.228543275974
3.726,-353.324928240019
3.727,-353.421314105209
3.728,-353.517700871417
3.729,-353.614088538517
3.73,-353.710477106382
3.731,-353.806866574887
3.732,-353.903256943907
3.733,-353.999648213315
3.734,-354.096040382987
3.735,-354.192433452796
3.736,-354.288827422619
3.737,-354.385222292329
3.738,-354.481618061802
3.739,-354.578014730915
3.74,-354.674412299541
3.741,-354.770810767557
3.742,-354.867210134839
3.743,-354.963610401263
3.744,-355.060011566705
3.745,-355.156413631042
3.746,-355.25281659415
3.747,-355.349220455907
3.748,-355.445625216188
3.749,-355.542030874871
3.75,-355.638437431834
3.751,-355.734844886954
3.752,-355.831253240109
3.753,-355.927662491176
3.754,-356.024072640035
3.755,-356.120483686562
3.756,-356.216895630636
3.757,-356.313308472137
3.758,-356.409722210943
3.759,-356.506136846933
3.76,-356.602552379986
3.761,-356.698968809982
3.762,-356.795386136801
3.763,-356.891804360321
3.764,-356.988223480424
3.765,-357.084643496989
3.766,-357.181064409898
3.767,-357.277486219029
3.768,-357.373908924266
3.769,-357.470332525488
3.77,-357.566757022577
3.771,-357.663182415414
3.772,-357.759608703881
3.773,-357.856035887861
3.774,-357.952463967234
3.775,-358.048892941884
3.776,-358.145322811693
3.777,-358.241753576544
3.778,-358.338185236319
3.779,-358.434617790903
3.78,-358.531051240178
3.781,-358.627485584029
3.782,-358.723920822339
3.783,-358.820356954991
3.784,-358.916793981872
3.785,-359.013231902865
3.786,-359.109670717855
3.787,-359.206110426727
3.788,-359.302551029366
3.789,-359.398992525658
3.79,-359.495434915489
3.791,-359.591878198744
3.792,-359.68832237531
3.793,-359.784767445074
3.794,-359.881213407921
3.795,-359.97766026374
3.796,-360.074108012416
3.797,-360.170556653839
3.798,-360.267006187894
3.799,-360.36345661447
3.8,-360.459907933456
3.801,-360.55636014474
3.802,-360.652813248209
3.803,-360.749267243755
3.804,-360.845722131264
3.805,-360.942177910627
3.806,-361.038634581734
3.807,-361.135092144474
3.808,-361.231550598738
3.809,-361.328009944416
3.81,-361.424470181398
3.811,-361.520931309576
3.812,-361.61739332884
3.813,-361.713856239083
3.814,-361.810320040196
3.815,-361.906784732071
3.816,-362.0032503146
3.817,-362.099716787676
3.818,-362.196184151191
3.819,-362.292652405038
3.82,-362.389121549112
3.821,-362.485591583305
3.822,-362.58206250751
3.823,-362.678534321623
3.824,-362.775007025538
3.825,-362.871480619149
3.826,-362.967955102351
3.827,-363.06443047504
3.828,-363.160906737111
3.829,-363.257383888459
3.83,-363.35386192898
3.831,-363.450340858572
3.832,-363.54682067713
3.833,-363.643301384551
3.834,-363.739782980733
3.835,-363.836265465572
3.836,-363.932748838967
3.837,-364.029233100815
3.838,-364.125718251015
3.839,-364.222204289466
3.84,-364.318691216065
3.841,-364.415179030712
3.842,-364.511667733307
3.843,-364.608157323749
3.844,-364.704647801938
3.845,-364.801139167775
3.846,-364.897631421159
3.847,-364.994124561992
3.848,-365.090618590174
3.849,-365.187113505608
3.85,-365.283609308195
3.851,-365.380105997836
3.852,-365.476603574434
3.853,-365.573102037892
3.854,-365.669601388113
3.855,-365.766101624999
3.856,-365.862602748454
3.857,-365.959104758382
3.858,-366.055607654686
3.859,-366.152111437272
3.86,-366.248616106043
3.861,-366.345121660905
3.862,-366.441628101762
3.863,-366.538135428521
3.864,-366.634643641087
3.865,-366.731152739367
3.866,-366.827662723266
3.867,-366.924173592691
3.868,-367.02068534755
3.869,-367.117197987749
3.87,-367.213711513196
3.871,-367.3102259238
3.872,-367.406741219468
3.873,-367.503257400109
3.874,-367.599774465631
3.875,-367.696292415945
3.876,-367.792811250958
3.877,-367.889330970582
3.878,-367.985851574725
3.879,-368.082373063299
3.88,-368.178895436214
3.881,-368.27541869338
3.882,-368.37194283471
3.883,-368.468467860115
3.884,-368.564993769506
3.885,-368.661520562796
3.886,-368.758048239897
3.887,-368.854576800722
3.888,-368.951106245184
3.889,-369.047636573197
3.89,-369.144167784674
3.891,-369.240699879529
3.892,-369.337232857677
3.893,-369.433766719032
3.894,-369.530301463509
3.895,-369.626837091024
3.896,-369.723373601491
3.897,-369.819910994827
3.898,-369.916449270949
3.899,-370.012988429772
3.9,-370.109528471213
3.901,-370.206069395189
3.902,-370.302611201619
3.903,-370.399153890419
3.904,-370.495697461507
3.905,-370.592241914803
3.906,-370.688787250224
3.907,-370.78533346769
3.908,-370.88188056712
3.909,-370.978428548433
3.91,-371.07497741155
3.911,-371.17152715639
3.912,-371.268077782874
3.913,-371.364629290923
3.914,-371.461181680459
3.915,-371.557734951401
3.916,-371.654289103674
3.917,-371.750844137197
3.918,-371.847400051895
3.919,-371.943956847688
3.92,-372.040514524502
3.921,-372.137073082258
3.922,-372.23363252088
3.923,-372.330192840293
3.924,-372.42675404042
3.925,-372.523316121186
3.926,-372.619879082517
3.927,-372.716442924336
3.928,-372.81300764657
3.929,-372.909573249145
3.93,-373.006139731985
3.931,-373.102707095019
3.932,-373.199275338172
3.933,-373.295844461372
3.934,-373.392414464546
3.935,-373.488985347621
3.936,-373.585557110525
3.937,-373.682129753187
3.938,-373.778703275536
3.939,-373.875277677499
3.94,-373.971852959006
3.941,-374.068429119987
3.942,-374.165006160371
3.943,-374.261584080089
3.944,-374.35816287907
3.945,-374.454742557246
3.946,-374.551323114547
3.947,-374.647904550905
3.948,-374.744486866251
3.949,-374.841070060516
3.95,-374.937654133634
3.951,-375.034239085537
3.952,-375.130824916157
3.953,-375.227411625427
3.954,-375.323999213281
3.955,-375.420587679652
3.956,-375.517177024475
3.957,-375.613767247683
3.958,-375.710358349211
3.959,-375.806950328994
3.96,-375.903543186967
3.961,-376.000136923066
3.962,-376.096731537225
3.963,-376.193327029382
3.964,-376.289923399472
3.965,-376.386520647431
3.966,-376.483118773198
3.967,-376.579717776708
3.968,-376.6763176579
3.969,-376.77291841671
3.97,-376.869520053078
3.971,-376.966122566941
3.972,-377.062725958237
3.973,-377.159330226907
3.974,-377.255935372888
3.975,-377.35254139612
3.976,-377.449148296543
3.977,-377.545756074097
3.978,-377.642364728722
3.979,-377.738974260359
3.98,-377.835584668948
3.981,-377.93219595443
3.982,-378.028808116748
3.983,-378.125421155841
3.984,-378.222035071653
3.985,-378.318649864125
3.986,-378.4152655332
3.987,-378.511882078821
3.988,-378.60849950093
3.989,-378.705117799471
3.99,-378.801736974387
3.991,-378.898357025622
3.992,-378.994977953119
3.993,-379.091599756824
3.994,-379.188222436681
3.995,-379.284845992634
3.996,-379.381470424629
3.997,-379.478095732611
3.998,-379.574721916525
3.999,-379.671348976317
4,-379.767976911934
4.001,-379.864605723321
4.002,-379.961235410425
4.003,-380.057865973193
4.004,-380.154497411573
4.005,-380.25112972551
4.006,-380.347762914954
4.007,-380.444396979851
4.008,-380.54103192015
4.009,-380.637667735798
4.01,-380.734304426745
4.011,-380.83094199294
4.012,-380.92758043433
4.013,-381.024219750865
4.014,-381.120859942496
4.015,-381.217501009171
4.016,-381.31414295084
4.017,-381.410785767453
4.018,-381.507429458962
4.019,-381.604074025316
4.02,-381.700719466465
4.021,-381.797365782362
4.022,-381.894012972958
4.023,-381.990661038203
4.024,-382.087309978049
4.025,-382.183959792449
4.026,-382.280610481355
4.027,-382.377262044717
4.028,-382.473914482491
4.029,-382.570567794627
4.03,-382.667221981078
4.031,-382.763877041799
4.032,-382.860532976742
4.033,-382.95718978586
4.034,-383.053847469109
4.035,-383.15050602644
4.036,-383.247165457808
4.037,-383.343825763168
4.038,-383.440486942475
4.039,-383.537148995682
4.04,-383.633811922745
4.041,-383.730475723618
4.042,-383.827140398257
4.043,-383.923805946617
4.044,-384.020472368654
4.045,-384.117139664323
4.046,-384.213807833581
4.047,-384.310476876383
4.048,-384.407146792686
4.049,-384.503817582445
4.05,-384.600489245618
4.051,-384.697161782162
4.052,-384.793835192032
4.053,-384.890509475187
4.054,-384.987184631583
4.055,-385.083860661177
4.056,-385.180537563928
4.057,-385.277215339793
4.058,-385.373893988728
4.059,-385.470573510694
4.06,-385.567253905647
4.061,-385.663935173545
4.062,-385.760617314348
4.063,-385.857300328013
4.064,-385.953984214499
4.065,-386.050668973764
4.066,-386.147354605769
4.067,-386.24404111047
4.068,-386.340728487828
4.069,-386.437416737802
4.07,-386.534105860351
4.071,-386.630795855434
4.072,-386.727486723011
4.073,-386.824178463042
4.074,-386.920871075486
4.075,-387.017564560303
4.076,-387.114258917453
4.077,-387.210954146896
4.078,-387.307650248592
4.079,-387.404347222502
4.08,-387.501045068585
4.081,-387.597743786802
4.082,-387.694443377114
4.083,-387.79114383948
4.084,-387.887845173862
4.085,-387.98454738022
4.086,-388.081250458515
4.087,-388.177954408707
4.088,-388.274659230758
4.089,-388.371364924629
4.09,-388.46807149028
4.091,-388.564778927672
4.092,-388.661487236767
4.093,-388.758196417526
4.094,-388.854906469909
4.095,-388.951617393879
4.096,-389.048329189395
4.097,-389.14504185642
4.098,-389.241755394915
4.099,-389.338469804842
4.1,-389.43518508616
4.101,-389.531901238833
4.102,-389.628618262821
4.103,-389.725336158086
4.104,-389.822054924589
4.105,-389.918774562292
4.106,-390.015495071155
4.107,-390.112216451142
4.108,-390.208938702212
4.109,-390.305661824327
4.11,-390.402385817449
4.111,-390.499110681539
4.112,-390.595836416559
4.113,-390.69256302247
4.114,-390.789290499233
4.115,-390.88601884681
4.116,-390.982748065161
4.117,-391.079478154249
4.118,-391.176209114034
4.119,-391.272940944478
4.12,-391.369673645541
4.121,-391.466407217185
4.122,-391.563141659371
4.123,-391.659876972059
4.124,-391.756613155211
4.125,-391.853350208788
4.126,-391.95008813275
4.127,-392.046826927058
4.128,-392.143566591672
4.129,-392.240307126554
4.13,-392.337048531663
4.131,-392.43379080696
4.132,-392.530533952405
4.133,-392.627277967959
4.134,-392.724022853582
4.135,-392.820768609233
4.136,-392.917515234872
4.137,-393.01426273046
4.138,-393.111011095955
4.139,-393.207760331318
4.14,-393.304510436507
4.141,-393.401261411482
4.142,-393.498013256203
4.143,-393.594765970628
4.144,-393.691519554716
4.145,-393.788274008425
4.146,-393.885029331715
4.147,-393.981785524543
4.148,-394.078542586869
4.149,-394.17530051865
4.15,-394.272059319843
4.151,-394.368818990407
4.152,-394.4655795303
4.153,-394.562340939478
4.154,-394.6591032179
4.155,-394.755866365521
4.156,-394.852630382299
4.157,-394.94939526819
4.158,-395.046161023151
4.159,-395.142927647138
4.16,-395.239695140107
4.161,-395.336463502014
4.162,-395.433232732814
4.163,-395.530002832463
4.164,-395.626773800916
4.165,-395.723545638128
4.166,-395.820318344052
4.167,-395.917091918645
4.168,-396.013866361859
4.169,-396.110641673649
4.17,-396.207417853968
4.171,-396.304194902769
4.172,-396.400972820007
4.173,-396.497751605632
4.174,-396.594531259599
4.175,-396.691311781859
4.176,-396.788093172364
4.177,-396.884875431066
4.178,-396.981658557916
4.179,-397.078442552866
4.18,-397.175227415865
4.181,-397.272013146865
4.182,-397.368799745815
4.183,-397.465587212665
4.184,-397.562375547365
4.185,-397.659164749863
4.186,-397.755954820109
4.187,-397.852745758051
4.188,-397.949537563637
4.189,-398.046330236815
4.19,-398.143123777531
4.191,-398.239918185734
4.192,-398.336713461368
4.193,-398.433509604382
4.194,-398.53030661472
4.195,-398.627104492328
4.196,-398.723903237151
4.197,-398.820702849134
4.198,-398.91750332822
4.199,-399.014304674354
4.2,-399.111106887479
4.201,-399.207909967539
4.202,-399.304713914474
4.203,-399.401518728229
4.204,-399.498324408744
4.205,-399.59513095596
4.206,-399.691938369818
4.207,-399.788746650259
4.208,-399.885555797222
4.209,-399.982365810647
4.21,-400.079176690473
4.211,-400.175988436638
4.212,-400.27280104908
4.213,-400.369614527736
4.214,-400.466428872543
4.215,-400.563244083438
4.216,-400.660060160356
4.217,-400.756877103234
4.218,-400.853694912005
4.219,-400.950513586605
4.22,-401.047333126966
4.221,-401.144153533022
4.222,-401.240974804706
4.223,-401.337796941951
4.224,-401.434619944686
4.225,-401.531443812844
4.226,-401.628268546355
4.227,-401.725094145149
4.228,-401.821920609155
4.229,-401.918747938302
4.23,-402.015576132517
4.231,-402.112405191729
4.232,-402.209235115863
4.233,-402.306065904847
4.234,-402.402897558605
4.235,-402.499730077064
4.236,-402.596563460146
4.237,-402.693397707777
4.238,-402.790232819878
4.239,-402.887068796372
4.24,-402.983905637181
4.241,-403.080743342226
4.242,-403.177581911427
4.243,-403.274421344704
4.244,-403.371261641976
4.245,-403.468102803161
4.246,-403.564944828176
4.247,-403.661787716939
4.248,-403.758631469365
4.249,-403.85547608537
4.25,-403.952321564869
4.251,-404.049167907775
4.252,-404.146015114002
4.253,-404.242863183462
4.254,-404.339712116066
4.255,-404.436561911726
4.256,-404.533412570352
4.257,-404.630264091852
4.258,-404.727116476136
4.259,-404.823969723111
4.26,-404.920823832684
4.261,-405.017678804761
4.262,-405.114534639247
4.263,-405.211391336047
4.264,-405.308248895064
4.265,-405.405107316202
4.266,-405.501966599361
4.267,-405.598826744444
4.268,-405.695687751349
4.269,-405.792549619978
4.27,-405.889412350227
4.271,-405.986275941994
4.272,-406.083140395177
4.273,-406.180005709671
4.274,-406.27687188537
4.275,-406.373738922169
4.276,-406.47060681996
4.277,-406.567475578636
4.278,-406.664345198087
4.279,-406.761215678205
4.28,-406.858087018877
4.281,-406.954959219993
4.282,-407.051832281438
4.283,-407.148706203101
4.284,-407.245580984866
4.285,-407.342456626617
4.286,-407.439333128237
4.287,-407.536210489609
4.288,-407.633088710614
4.289,-407.729967791133
4.29,-407.826847731043
4.291,-407.923728530224
4.292,-408.020610188553
4.293,-408.117492705905
4.294,-408.214376082156
4.295,-408.311260317179
4.296,-408.408145410847
4.297,-408.505031363031
4.298,-408.601918173603
4.299,-408.698805842432
4.3,-408.795694369386
4.301,-408.892583754331
4.302,-408.989473997135
4.303,-409.086365097663
4.304,-409.183257055777
4.305,-409.28014987134
4.306,-409.377043544215
4.307,-409.47393807426
4.308,-409.570833461336
4.309,-409.6677297053
4.31,-409.764626806008
4.311,-409.861524763317
4.312,-409.95842357708
4.313,-410.05532324715
4.314,-410.152223773378
4.315,-410.249125155616
4.316,-410.346027393713
4.317,-410.442930487516
4.318,-410.539834436873
4.319,-410.636739241628
4.32,-410.733644901625
4.321,-410.830551416708
4.322,-410.927458786718
4.323,-411.024367011494
4.324,-411.121276090877
4.325,-411.218186024702
4.326,-411.315096812807
4.327,-411.412008455026
4.328,-411.508920951192
4.329,-411.605834301138
4.33,-411.702748504693
4.331,-411.799663561688
4.332,-411.896579471949
4.333,-411.993496235304
4.334,-412.090413851578
4.335,-412.187332320593
4.336,-412.284251642172
4.337,-412.381171816135
4.338,-412.478092842302
4.339,-412.575014720491
4.34,-412.671937450517
4.341,-412.768861032195
4.342,-412.865785465339
4.343,-412.962710749759
4.344,-413.059636885267
4.345,-413.156563871671
4.346,-413.253491708778
4.347,-413.350420396394
4.348,-413.447349934322
4.349,-413.544280322365
4.35,-413.641211560323
4.351,-413.738143647997
4.352,-413.835076585183
4.353,-413.932010371678
4.354,-414.028945007276
4.355,-414.12588049177
4.356,-414.222816824951
4.357,-414.319754006608
4.358,-414.416692036529
4.359,-414.5136309145
4.36,-414.610570640307
4.361,-414.707511213731
4.362,-414.804452634553
4.363,-414.901394902554
4.364,-414.99833801751
4.365,-415.095281979197
4.366,-415.19222678739
4.367,-415.289172441861
4.368,-415.386118942381
4.369,-415.483066288718
4.37,-415.58001448064
4.371,-415.676963517911
4.372,-415.773913400296
4.373,-415.870864127555
4.374,-415.96781569945
4.375,-416.064768115736
4.376,-416.161721376172
4.377,-416.25867548051
4.378,-416.355630428504
4.379,-416.452586219904
4.38,-416.549542854458
4.381,-416.646500331913
4.382,-416.743458652014
4.383,-416.840417814504
4.384,-416.937377819124
4.385,-417.034338665612
4.386,-417.131300353706
4.387,-417.22826288314
4.388,-417.325226253649
4.389,-417.422190464962
4.39,-417.519155516809
4.391,-417.616121408916
4.392,-417.71308814101
4.393,-417.810055712813
4.394,-417.907024124045
4.395,-418.003993374425
4.396,-418.100963463672
4.397,-418.197934391498
4.398,-418.294906157617
4.399,-418.391878761739
4.4,-418.488852203573
4.401,-418.585826482824
4.402,-418.682801599198
4.403,-418.779777552395
4.404,-418.876754342116
4.405,-418.973731968059
4.406,-419.070710429918
4.407,-419.167689727387
4.408,-419.264669860156
4.409,-419.361650827916
4.41,-419.458632630352
4.411,-419.555615267148
4.412,-419.652598737987
4.413,-419.749583042549
4.414,-419.84656818051
4.415,-419.943554151546
4.416,-420.040540955331
4.417,-420.137528591533
4.418,-420.234517059823
4.419,-420.331506359865
4.42,-420.428496491324
4.421,-420.525487453859
4.422,-420.622479247132
4.423,-420.719471870796
4.424,-420.816465324507
4.425,-420.913459607916
4.426,-421.010454720673
4.427,-421.107450662423
4.428,-421.204447432811
4.429,-421.30144503148
4.43,-421.398443458068
4.431,-421.495442712212
4.432,-421.592442793546
4.433,-421.689443701703
4.434,-421.786445436311
4.435,-421.883447996997
4.436,-421.980451383386
4.437,-422.077455595098
4.438,-422.174460631754
4.439,-422.271466492969
4.44,-422.368473178357
4.441,-422.46548068753
4.442,-422.562489020095
4.443,-422.65949817566
4.444,-422.756508153826
4.445,-422.853518954196
4.446,-422.950530576366
4.447,-423.047543019932
4.448,-423.144556284486
4.449,-423.241570369619
4.45,-423.338585274917
4.451,-423.435600999964
4.452,-423.532617544343
4.453,-423.629634907631
4.454,-423.726653089405
4.455,-423.823672089239
4.456,-423.920691906701
4.457,-424.017712541361
4.458,-424.114733992782
4.459,-424.211756260527
4.46,-424.308779344154
4.461,-424.405803243219
4.462,-424.502827957276
4.463,-424.599853485875
4.464,-424.696879828564
4.465,-424.793906984886
4.466,-424.890934954383
4.467,-424.987963736594
4.468,-425.084993331054
4.469,-425.182023737296
4.47,-425.27905495485
4.471,-425.376086983241
4.472,-425.473119821993
4.473,-425.570153470627
4.474,-425.66718792866
4.475,-425.764223195607
4.476,-425.861259270978
4.477,-425.958296154282
4.478,-426.055333845024
4.479,-426.152372342705
4.48,-426.249411646824
4.481,-426.346451756878
4.482,-426.443492672357
4.483,-426.540534392752
4.484,-426.637576917549
4.485,-426.734620246229
4.486,-426.831664378274
4.487,-426.928709313158
4.488,-427.025755050356
4.489,-427.122801589336
4.49,-427.219848929566
4.491,-427.316897070508
4.492,-427.413946011623
4.493,-427.510995752366
4.494,-427.608046292192
4.495,-427.70509763055
4.496,-427.802149766886
4.497,-427.899202700644
4.498,-427.996256431263
4.499,-428.093310958179
4.5,-428.190366280826
4.501,-428.287422398632
4.502,-428.384479311023
4.503,-428.481537017423
4.504,-428.578595517249
4.505,-428.675654809917
4.506,-428.77271489484
4.507,-428.869775771425
4.508,-428.966837439077
4.509,-429.063899897198
4.51,-429.160963145185
4.511,-429.258027182433
4.512,-429.355092008331
4.513,-429.452157622266
4.514,-429.549224023622
4.515,-429.646291211779
4.516,-429.743359186111
4.517,-429.840427945991
4.518,-429.937497490788
4.519,-430.034567819867
4.52,-430.131638932587
4.521,-430.228710828307
4.522,-430.32578350638
4.523,-430.422856966156
4.524,-430.51993120698
4.525,-430.617006228195
4.526,-430.714082029139
4.527,-430.811158609146
4.528,-430.908235967547
4.529,-431.005314103668
4.53,-431.102393016833
4.531,-431.199472706359
4.532,-431.296553171563
4.533,-431.393634411754
4.534,-431.490716426241
4.535,-431.587799214326
4.536,-431.684882775308
4.537,-431.781967108482
4.538,-431.87905221314
4.539,-431.976138088568
4.54,-432.073224734049
4.541,-432.170312148863
4.542,-432.267400332283
4.543,-432.364489283582
4.544,-432.461579002025
4.545,-432.558669486875
4.546,-432.65576073739
4.547,-432.752852752825
4.548,-432.849945532429
4.549,-432.947039075448
4.55,-433.044133381124
4.551,-433.141228448694
4.552,-433.238324277391
4.553,-433.335420866444
4.554,-433.432518215078
4.555,-433.529616322512
4.556,-433.626715187964
4.557,-433.723814810644
4.558,-433.820915189759
4.559,-433.918016324513
4.56,-434.015118214105
4.561,-434.112220857727
4.562,-434.20932425457
4.563,-434.30642840382
4.564,-434.403533304657
4.565,-434.500638956257
4.566,-434.597745357793
4.567,-434.694852508431
4.568,-434.791960407335
4.569,-434.889069053663
4.57,-434.986178446569
4.571,-435.083288585202
4.572,-435.180399468707
4.573,-435.277511096224
4.574,-435.374623466888
4.575,-435.471736579829
4.576,-435.568850434176
4.577,-435.665965029047
4.578,-435.763080363562
4.579,-435.860196436831
4.58,-435.957313247962
4.581,-436.054430796058
4.582,-436.151549080216
4.583,-436.24866809953
4.584,-436.345787853088
4.585,-436.442908339973
4.586,-436.540029559265
4.587,-436.637151510036
4.588,-436.734274191357
4.589,-436.831397602291
4.59,-436.928521741897
4.591,-437.02564660923
4.592,-437.122772203339
4.593,-437.219898523269
4.594,-437.317025568058
4.595,-437.414153336742
4.596,-437.51128182835
4.597,-437.608411041906
4.598,-437.70554097643
4.599,-437.802671630936
4.6,-437.899803004434
4.601,-437.996935095927
4.602,-438.094067904415
4.603,-438.191201428891
4.604,-438.288335668345
4.605,-438.38547062176
4.606,-438.482606288114
4.607,-438.579742666381
4.608,-438.67687975553
4.609,-438.774017554521
4.61,-438.871156062314
4.611,-438.968295277861
4.612,-439.065435200108
4.613,-439.162575827997
4.614,-439.259717160464
4.615,-439.356859196441
4.616,-439.454001934853
4.617,-439.55114537462
4.618,-439.648289514658
4.619,-439.745434353875
4.62,-439.842579891176
4.621,-439.939726125459
4.622,-440.036873055617
4.623,-440.134020680537
4.624,-440.231168999103
4.625,-440.32831801019
4.626,-440.425467712668
4.627,-440.522618105405
4.628,-440.619769187258
4.629,-440.716920957083
4.63,-440.814073413728
4.631,-440.911226556037
4.632,-441.008380382845
4.633,-441.105534892985
4.634,-441.202690085283
4.635,-441.299845958558
4.636,-441.397002511626
4.637,-441.494159743294
4.638,-441.591317652366
4.639,-441.688476237638
4.64,-441.785635497902
4.641,-441.882795431944
4.642,-441.979956038542
4.643,-442.07711731647
4.644,-442.174279264497
4.645,-442.271441881384
4.646,-442.368605165886
4.647,-442.465769116754
4.648,-442.562933732733
4.649,-442.660099012559
4.65,-442.757264954965
4.651,-442.854431558676
4.652,-442.951598822413
4.653,-443.04876674489
4.654,-443.145935324814
4.655,-443.243104560887
4.656,-443.340274451804
4.657,-443.437444996254
4.658,-443.534616192921
4.659,-443.631788040483
4.66,-443.728960537608
4.661,-443.826133682963
4.662,-443.923307475206
4.663,-444.020481912987
4.664,-444.117656994954
4.665,-444.214832719746
4.666,-444.312009085995
4.667,-444.409186092328
4.668,-444.506363737367
4.669,-444.603542019724
4.67,-444.700720938008
4.671,-444.797900490819
4.672,-444.895080676753
4.673,-444.992261494398
4.674,-445.089442942334
4.675,-445.186625019138
4.676,-445.283807723379
4.677,-445.380991053618
4.678,-445.478175008411
4.679,-445.575359586307
4.68,-445.672544785848
4.681,-445.769730605571
4.682,-445.866917044004
4.683,-445.96410409967
4.684,-446.061291771085
4.685,-446.158480056757
4.686,-446.255668955188
4.687,-446.352858464876
4.688,-446.450048584307
4.689,-446.547239311965
4.69,-446.644430646324
4.691,-446.741622585853
4.692,-446.838815129013
4.693,-446.936008274258
4.694,-447.033202020037
4.695,-447.130396364791
4.696,-447.227591306952
4.697,-447.324786844948
4.698,-447.421982977199
4.699,-447.519179702118
4.7,-447.61637701811
4.701,-447.713574923575
4.702,-447.810773416904
4.703,-447.907972496482
4.704,-448.005172160686
4.705,-448.102372407886
4.706,-448.199573236447
4.707,-448.296774644725
4.708,-448.393976631067
4.709,-448.491179193816
4.71,-448.588382331306
4.711,-448.685586041865
4.712,-448.782790323813
4.713,-448.879995175461
4.714,-448.977200595116
4.715,-449.074406581076
4.716,-449.17161313163
4.717,-449.268820245063
4.718,-449.36602791965
4.719,-449.463236153659
4.72,-449.560444945352
4.721,-449.657654292982
4.722,-449.754864194795
4.723,-449.852074649029
4.724,-449.949285653916
4.725,-450.046497207679
4.726,-450.143709308533
4.727,-450.240921954688
4.728,-450.338135144342
4.729,-450.43534887569
4.73,-450.532563146917
4.731,-450.629777956201
4.732,-450.72699330171
4.733,-450.824209181609
4.734,-450.92142559405
4.735,-451.01864253718
4.736,-451.11586000914
4.737,-451.213078008059
4.738,-451.31029653206
4.739,-451.40751557926
4.74,-451.504735147765
4.741,-451.601955235675
4.742,-451.699175841082
4.743,-451.79639696207
4.744,-451.893618596714
4.745,-451.990840743082
4.746,-452.088063399233
4.747,-452.18528656322
4.748,-452.282510233087
4.749,-452.379734406867
4.75,-452.47695908259
4.751,-452.574184258274
4.752,-452.671409931931
4.753,-452.768636101563
4.754,-452.865862765166
4.755,-452.963089920726
4.756,-453.060317566221
4.757,-453.157545699622
4.758,-453.25477431889
4.759,-453.352003421979
4.76,-453.449233006834
4.761,-453.546463071393
4.762,-453.643693613582
4.763,-453.740924631324
4.764,-453.838156122529
4.765,-453.9353880851
4.766,-454.032620516933
4.767,-454.129853415913
4.768,-454.227086779919
4.769,-454.32432060682
4.77,-454.421554894476
4.771,-454.51878964074
4.772,-454.616024843455
4.773,-454.713260500457
4.774,-454.81049660957
4.775,-454.907733168615
4.776,-455.004970175398
4.777,-455.102207627721
4.778,-455.199445523374
4.779,-455.296683860142
4.78,-455.393922635797
4.781,-455.491161848105
4.782,-455.588401494822
4.783,-455.685641573696
4.784,-455.782882082465
4.785,-455.88012301886
4.786,-455.9773643806
4.787,-456.074606165399
4.788,-456.171848370959
4.789,-456.269090994973
4.79,-456.366334035128
4.791,-456.463577489098
4.792,-456.560821354551
4.793,-456.658065629144
4.794,-456.755310310527
4.795,-456.852555396339
4.796,-456.94980088421
4.797,-457.047046771761
4.798,-457.144293056605
4.799,-457.241539736345
4.8,-457.338786808574
4.801,-457.436034270876
4.802,-457.533282120827
4.803,-457.630530355993
4.804,-457.727778973929
4.805,-457.825027972184
4.806,-457.922277348294
4.807,-458.019527099788
4.808,-458.116777224185
4.809,-458.214027718995
4.81,-458.311278581717
4.811,-458.408529809842
4.812,-458.505781400851
4.813,-458.603033352216
4.814,-458.700285661397
4.815,-458.797538325848
4.816,-458.894791343012
4.817,-458.99204471032
4.818,-459.089298425198
4.819,-459.186552485057
4.82,-459.283806887303
4.821,-459.38106162933
4.822,-459.478316708521
4.823,-459.575572122253
4.824,-459.672827867889
4.825,-459.770083942785
4.826,-459.867340344287
4.827,-459.964597069729
4.828,-460.061854116437
4.829,-460.159111481727
4.83,-460.256369162905
4.831,-460.353627157265
4.832,-460.450885462095
4.833,-460.548144074668
4.834,-460.645402992252
4.835,-460.742662212102
4.836,-460.839921731463
4.837,-460.93718154757
4.838,-461.03444165765
4.839,-461.131702058916
4.84,-461.228962748574
4.841,-461.326223723819
4.842,-461.423484981836
4.843,-461.520746519797
4.844,-461.618008334868
4.845,-461.715270424203
4.846,-461.812532784944
4.847,-461.909795414224
4.848,-462.007058309166
4.849,-462.104321466883
4.85,-462.201584884476
4.851,-462.298848559037
4.852,-462.396112487646
4.853,-462.493376667374
4.854,-462.590641095281
4.855,-462.687905768417
4.856,-462.785170683819
4.857,-462.882435838517
4.858,-462.979701229528
4.859,-463.076966853858
4.86,-463.174232708505
4.861,-463.271498790454
4.862,-463.36876509668
4.863,-463.466031624146
4.864,-463.563298369807
4.865,-463.660565330606
4.866,-463.757832503473
4.867,-463.855099885331
4.868,-463.952367473088
4.869,-464.049635263646
4.87,-464.146903253891
4.871,-464.244171440702
4.872,-464.341439820945
4.873,-464.438708391475
4.874,-464.535977149138
4.875,-464.633246090766
4.876,-464.730515213183
4.877,-464.827784513199
4.878,-464.925053987615
4.879,-465.02232363322
4.88,-465.119593446793
4.881,-465.2168634251
4.882,-465.314133564896
4.883,-465.411403862928
4.884,-465.508674315926
4.885,-465.605944920615
4.886,-465.703215673703
4.887,-465.800486571892
4.888,-465.897757611868
4.889,-465.995028790309
4.89,-466.092300103879
4.891,-466.189571549234
4.892,-466.286843123014
4.893,-466.384114821851
4.894,-466.481386642366
4.895,-466.578658581164
4.896,-466.675930634844
4.897,-466.77320279999
4.898,-466.870475073176
4.899,-466.967747450962
4.9,-467.0650199299
4.901,-467.162292506527
4.902,-467.259565177371
4.903,-467.356837938947
4.904,-467.454110787757
4.905,-467.551383720293
4.906,-467.648656733036
4.907,-467.745929822453
4.908,-467.843202985
4.909,-467.940476217122
4.91,-468.037749515251
4.911,-468.135022875808
4.912,-468.232296295201
4.913,-468.329569769826
4.914,-468.42684329607
4.915,-468.524116870304
4.916,-468.621390488889
4.917,-468.718664148173
4.918,-468.815937844494
4.919,-468.913211574175
4.92,-469.01048533353
4.921,-469.107759118857
4.922,-469.205032926446
4.923,-469.302306752572
4.924,-469.399580593499
4.925,-469.496854445477
4.926,-469.594128304747
4.927,-469.691402167534
4.928,-469.788676030055
4.929,-469.885949888509
4.93,-469.983223739088
4.931,-470.080497577969
4.932,-470.177771401316
4.933,-470.275045205283
4.934,-470.372318986009
4.935,-470.469592739622
4.936,-470.566866462237
4.937,-470.664140149957
4.938,-470.761413798871
4.939,-470.858687405056
4.94,-470.955960964579
4.941,-471.05323447349
4.942,-471.15050792783
4.943,-471.247781323624
4.944,-471.345054656888
4.945,-471.442327923622
4.946,-471.539601119815
4.947,-471.636874241443
4.948,-471.734147284469
4.949,-471.831420244843
4.95,-471.928693118502
4.951,-472.025965901371
4.952,-472.123238589361
4.953,-472.220511178371
4.954,-472.317783664286
4.955,-472.415056042979
4.956,-472.51232831031
4.957,-472.609600462126
4.958,-472.706872494259
4.959,-472.804144402531
4.96,-472.901416182749
4.961,-472.998687830707
4.962,-473.095959342185
4.963,-473.193230712953
4.964,-473.290501938765
4.965,-473.387773015362
4.966,-473.485043938472
4.967,-473.582314703812
4.968,-473.679585307081
4.969,-473.776855743969
4.97,-473.87412601015
4.971,-473.971396101287
4.972,-474.068666013027
4.973,-474.165935741006
4.974,-474.263205280844
4.975,-474.360474628149
4.976,-474.457743778517
4.977,-474.555012727528
4.978,-474.652281470749
4.979,-474.749550003734
4.98,-474.846818322023
4.981,-474.944086421143
4.982,-475.041354296607
4.983,-475.138621943915
4.984,-475.23588935855
4.985,-475.333156535986
4.986,-475.430423471681
4.987,-475.527690161079
4.988,-475.624956599611
4.989,-475.722222782692
4.99,-475.819488705728
4.991,-475.916754364106
4.992,-476.014019753201
4.993,-476.111284868376
4.994,-476.208549704976
4.995,-476.305814258337
4.996,-476.403078523777
4.997,-476.500342496601
4.998,-476.597606172101
4.999,-476.694869545555
5,-476.792132612225
