frequency,acetone,DI water,ethylene glycol,glass cleaner,hydrocal,isopropyl,pine sol,silicone fluid,simple green,WD 40
200000000,18.8485,78.3944,38.137,77.6002,1.7368,19.9044,71.7737,1.9286,71.7949,1.7021
209600000,18.9275,78.4123,37.923,77.704,1.709,19.816,71.812,1.9019,71.1073,1.6107
219200000,18.9631,78.3529,37.905,77.6354,1.7685,19.8754,71.4488,1.906,70.6328,1.6905
228800000,19.0831,78.3723,37.8685,77.4709,1.7958,19.9056,71.2359,1.8802,70.3398,1.6637
238400000,19.1597,78.3547,37.7718,77.472,1.7989,19.8686,70.9722,1.8868,69.9336,1.6736
248000000,19.1264,78.4247,37.8894,77.452,1.8528,19.8603,70.8351,1.9019,69.7729,1.7586
257600000,19.2423,78.3807,37.9006,77.4727,1.8328,19.7576,70.7594,1.8986,69.6421,1.7191
267200000,19.1941,78.2934,37.6612,77.3919,1.8284,19.6659,70.5472,2.028,69.5248,1.7318
276800000,19.2119,78.4228,37.6291,77.4314,1.8337,19.7093,70.5595,1.9743,69.5647,1.7528
286400000,19.3927,78.3432,37.6242,77.3738,1.8255,19.6963,70.4415,1.9698,69.4413,1.7521
296000000,19.4525,78.318,37.5814,77.4004,1.8099,19.6664,70.357,1.9675,69.3524,1.7426
305600000,19.454,78.3849,37.4171,77.3957,1.907,19.6342,70.1339,2.005,69.1822,1.7536
315200000,19.5223,78.3758,37.3761,77.4863,1.853,19.6489,70.1884,1.9327,69.2062,1.7572
324800000,19.5321,78.4228,37.2463,77.4122,1.8106,19.5827,70.1603,1.913,69.3769,1.7278
334400000,19.6192,78.343,37.1831,77.3738,1.8921,19.5502,70.0708,1.9387,69.3369,1.7634
344000000,19.6252,78.3468,37.0154,77.3472,1.8554,19.4272,69.87,1.9492,69.1167,1.6971
353600000,19.695,78.3553,36.9294,77.4252,1.8772,19.4244,70.0001,1.98,69.354,1.7056
363200000,19.6469,78.3667,36.7863,77.4171,1.8517,19.3822,69.8064,1.9781,69.1268,1.7622
372800000,19.6577,78.3333,36.6755,77.3841,1.8943,19.2884,69.7373,1.9912,69.0643,1.818
382400000,19.7492,78.3279,36.6365,77.4361,1.9011,19.3034,69.7039,1.9522,69.1274,1.7797
392000000,19.7635,78.3524,36.4462,77.4312,1.889,19.2286,69.5998,2.001,69.0026,1.7673
401600000,19.8052,78.341,36.2998,77.4226,1.8986,19.1597,69.5031,1.9623,68.9374,1.7535
411200000,19.7578,78.3467,36.1785,77.395,1.9401,19.0723,69.3827,1.8946,68.852,1.7974
420800000,19.8261,78.4064,36.0355,77.4623,1.9671,19.0169,69.4057,1.8982,68.917,1.7528
430400000,19.8129,78.3563,35.8616,77.3887,1.9772,18.9038,69.248,1.917,68.6691,1.8245
440000000,19.8365,78.3499,35.761,77.3974,1.9585,18.8478,69.2392,1.9348,68.7585,1.799
449600000,19.9482,78.3536,35.621,77.4468,1.9434,18.722,69.1761,1.9963,68.761,1.7922
459200000,19.9137,78.353,35.5085,77.4148,1.9088,18.7117,69.1824,2.0852,68.7309,1.7832
468800000,19.9229,78.3472,35.3174,77.4098,1.9392,18.643,69.0538,2.1183,68.644,1.8491
478400000,19.9607,78.3349,35.1408,77.4247,1.8899,18.631,69.1003,2.192,68.6079,1.8079
488000000,19.9624,78.3088,35.0052,77.4274,1.8524,18.4973,68.9499,2.1909,68.4467,1.8199
497600000,20.0184,78.3593,34.8948,77.4559,1.877,18.4586,68.9651,2.1869,68.4644,1.8265
507200000,19.952,78.3206,34.6275,77.388,1.944,18.3107,68.8093,2.1488,68.2898,1.8623
516800000,19.9877,78.356,34.504,77.42,1.9574,18.2409,68.745,2.1086,68.3123,1.8496
526400000,20.0066,78.2954,34.3742,77.3553,1.992,18.1781,68.7367,2.0597,68.3045,1.8511
536000000,19.9622,78.3078,34.1577,77.3516,2.0135,17.998,68.6081,2.0292,68.1664,1.8275
545600000,19.9878,78.3225,33.9911,77.3524,2.018,17.9049,68.5996,2.0287,68.1282,1.8395
555200000,19.9912,78.284,33.8361,77.3088,1.9964,17.8085,68.4948,2.0322,68.068,1.8232
564800000,19.9907,78.3297,33.6378,77.3448,2.0103,17.6911,68.4049,2.063,68.0244,1.8436
574400000,20.0189,78.3122,33.4647,77.3405,1.9952,17.6655,68.3566,2.0822,68.0098,1.8558
584000000,20.0115,78.3229,33.2568,77.3585,2.003,17.5411,68.2684,2.1291,67.9436,1.863
593600000,20.0237,78.3466,33.1252,77.3409,1.989,17.4979,68.2081,2.1005,67.9009,1.8274
603200000,20.0198,78.335,32.9596,77.3073,1.9914,17.3874,68.097,2.0542,67.8552,1.843
612800000,20.0784,78.2825,32.8339,77.3242,1.9988,17.3033,68.0739,2.0077,67.9137,1.8674
622400000,20.0332,78.325,32.6926,77.4131,2.0328,17.2683,68.1132,2.0012,67.9202,1.8723
632000000,20.0707,78.3038,32.5091,77.4644,2.0169,17.1514,68.0473,1.9834,67.8606,1.859
641600000,20.1215,78.3528,32.3328,77.4543,1.9959,17.0762,67.9904,1.9946,67.8476,1.8324
651200000,20.1076,78.3178,32.1561,77.3939,1.9786,16.9633,67.8733,2.0177,67.7383,1.8239
660800000,20.0828,78.3285,31.9476,77.3056,1.9794,16.8672,67.7762,2.0615,67.5758,1.8291
670400000,20.0669,78.3222,31.7175,77.3039,1.9703,16.7644,67.6791,2.1105,67.3942,1.8625
680000000,20.0926,78.3443,31.5587,77.3048,1.971,16.6993,67.602,2.1471,67.4755,1.8547
689600000,20.0491,78.3319,31.3825,77.2754,1.9535,16.6093,67.4888,2.1589,67.4581,1.8527
699200000,20.0555,78.3066,31.2033,77.2671,1.9979,16.5344,67.4447,2.1203,67.4468,1.9004
708800000,20.0593,78.3041,31.0669,77.226,1.9797,16.4426,67.4209,2.0871,67.3495,1.863
718400000,20.0355,78.2103,30.9447,77.2161,1.9894,16.3661,67.4195,2.0196,67.3616,1.8538
728000000,20.0968,78.1866,30.8838,77.3392,2.0044,16.3389,67.6369,1.9924,67.7248,1.8605
737600000,20.2042,78.159,30.8736,77.5628,2.0118,16.3106,67.9383,2.001,68.2196,1.8494
747200000,20.3065,78.2176,30.7922,77.6476,2.0023,16.2836,68.1747,2.029,68.3944,1.8376
756800000,20.3672,78.2055,30.6302,77.6012,1.9862,16.1967,68.1952,2.0384,68.1749,1.8396
766400000,20.3529,78.2568,30.4503,77.41,2.007,16.096,68.1484,2.099,68.0727,1.8888
776000000,20.3326,78.2487,30.2574,77.2065,2.0116,16.0202,68.101,2.0774,67.9563,1.8841
785600000,20.349,78.2271,30.0213,77.0379,2.0148,15.9244,67.9578,2.0702,67.8682,1.8686
795200000,20.2878,78.3155,29.7917,77.0193,2.013,15.7749,67.7991,2.041,67.6519,1.8848
804800000,20.2786,78.2442,29.5856,76.944,2.012,15.6546,67.7003,1.9902,67.4551,1.8638
814400000,20.2313,78.2235,29.3923,76.9049,2.0472,15.5243,67.6055,1.9337,67.2277,1.8869
824000000,20.294,78.2617,29.1907,76.8402,2.087,15.3775,67.4807,1.9324,67.0821,1.9293
833600000,20.2345,78.221,28.9821,76.7976,2.0316,15.3331,67.4323,1.8823,67.1107,1.8597
843200000,20.2198,78.2409,28.8101,76.7553,2.0558,15.2363,67.3825,1.9257,67.1697,1.9076
852800000,20.22,78.2337,28.6078,76.6552,1.9933,15.1222,67.2241,2.0102,67.0882,1.8961
862400000,20.2126,78.2185,28.4915,76.7821,2.0089,15.1262,67.3601,1.9888,67.1778,1.8778
872000000,20.2596,78.2348,28.4364,76.9556,2.0188,15.1237,67.5081,2.0495,67.301,1.8824
881600000,20.3248,78.2673,28.343,77.3099,1.9911,15.0546,67.6704,2.0789,67.577,1.863
891200000,20.4154,78.2298,28.3137,77.6147,2.0164,15.0842,67.9715,2.0882,67.7916,1.8941
900800000,20.4358,78.2123,28.1125,77.7161,2.0201,14.9899,67.9514,2.0499,67.7526,1.8965
910400000,20.4848,78.2299,27.8922,77.7894,2.0559,14.8715,67.9196,2.0002,67.6465,1.8833
920000000,20.4523,78.2113,27.7157,77.7798,2.0401,14.7446,67.8034,2.0664,67.5468,1.9083
929600000,20.4296,78.167,27.5693,77.6926,2.0264,14.6824,67.7509,2.054,67.3564,1.8846
939200000,20.3908,78.1841,27.354,77.6333,2.0389,14.5922,67.6872,2.0841,67.1173,1.909
948800000,20.423,78.1819,27.2093,77.5329,1.9958,14.5201,67.6602,2.0766,67.1529,1.8555
958400000,20.414,78.1783,27.0583,77.4069,2.0552,14.4491,67.6281,2.1597,67.1608,1.9127
968000000,20.4637,78.1586,26.8847,77.3044,2.069,14.3534,67.5093,2.1538,67.119,1.9154
977600000,20.4043,78.1564,26.7084,77.1945,2.0293,14.3046,67.504,2.1788,67.1308,1.8998
987200000,20.4032,78.1591,26.5551,77.1534,2.0259,14.2252,67.4579,2.1662,67.0007,1.8934
996800000,20.3794,78.1582,26.379,77.1232,2.0331,14.1452,67.3989,2.1143,66.7527,1.9087
1006400000,20.3887,78.1623,26.2095,77.1308,2.0816,14.052,67.3802,2.1666,66.714,1.963
1016000000,20.3609,78.1416,26.0661,77.0964,2.0404,13.9832,67.319,2.096,66.7678,1.9072
1025600000,20.3618,78.1241,25.8944,77.1039,2.0675,13.8885,67.2767,2.0955,66.7068,1.9189
1035200000,20.4186,78.1401,25.7061,77.126,2.1029,13.7698,67.2355,2.156,66.7497,1.9267
1044800000,20.3725,78.1328,25.592,77.123,2.0822,13.7453,67.2271,2.1519,66.6837,1.9243
1054400000,20.3635,78.1176,25.4173,77.1256,2.0666,13.6821,67.1782,2.1746,66.5219,1.9226
1064000000,20.3457,78.1314,25.2479,77.1307,2.0537,13.5755,67.1142,2.1683,66.5198,1.9309
1073600000,20.3767,78.1203,25.1457,77.1193,2.0552,13.5493,67.1071,2.1451,66.5311,1.9044
1083200000,20.3997,78.1293,25.0197,77.1002,2.0336,13.4822,67.0874,2.1132,66.4693,1.8666
1092800000,20.3228,78.1319,24.804,77.1078,2.004,13.3805,67.0238,2.0936,66.441,1.8552
1102400000,20.3672,78.1104,24.6798,77.0882,2.0484,13.2938,66.9901,2.0856,66.4267,1.8835
1112000000,20.3489,78.0955,24.5504,77.0741,2.0296,13.207,66.8993,2.0501,66.2547,1.9129
1121600000,20.3721,78.1078,24.4235,77.0927,2.0638,13.1618,66.9855,2.0902,66.2578,1.8805
1131200000,20.3445,78.1034,24.2613,77.0981,2.045,13.0906,66.8933,2.1006,66.235,1.894
1140800000,20.3581,78.0691,24.1142,77.0834,2.0554,13.0052,66.833,2.1278,66.1597,1.922
1150400000,20.3434,78.0794,24.0094,77.117,2.0664,12.9993,66.8953,2.1452,66.3056,1.8852
1160000000,20.3869,78.0968,23.8988,77.1518,2.0408,12.944,66.8829,2.1488,66.3292,1.8862
1169600000,20.3736,78.0934,23.7482,77.1719,2.0447,12.8708,66.8516,2.1336,66.2068,1.8835
1179200000,20.3302,78.0644,23.5886,77.1585,2.0543,12.7429,66.7698,2.1281,66.16,1.9221
1188800000,20.371,78.0491,23.47,77.1634,2.0262,12.7228,66.7492,2.0929,66.1258,1.8923
1198400000,20.3935,78.0654,23.3177,77.1378,2.0137,12.6608,66.725,2.0718,66.0562,1.8708
1208000000,20.3676,78.0664,23.1598,77.1383,1.9827,12.5466,66.666,2.0524,66.0632,1.865
1217600000,20.3726,78.0775,23.0686,77.1037,2.0263,12.5224,66.6814,2.075,66.0839,1.887
1227200000,20.3897,78.0589,22.94,77.0627,2.0128,12.4544,66.6231,2.0903,65.9339,1.8608
1236800000,20.3594,78.0768,22.8107,77.0692,2.0251,12.4188,66.6202,2.1082,65.9311,1.8876
1246400000,20.3619,78.0719,22.6835,77.0465,2.0186,12.3757,66.6094,2.1199,65.8996,1.8889
1256000000,20.377,78.0746,22.5688,77.0352,2.0207,12.3013,66.5365,2.1319,65.8551,1.8715
1265600000,20.3677,78.0579,22.4523,77.0173,2.0181,12.2427,66.5388,2.1162,65.8897,1.8854
1275200000,20.371,78.0554,22.3089,77.0118,1.9899,12.1784,66.4636,2.1096,65.8378,1.8412
1284800000,20.3727,78.0754,22.173,77.0059,2.0455,12.1286,66.4757,2.0791,65.7814,1.9105
1294400000,20.3736,78.052,22.0811,76.9923,2.0362,12.0759,66.459,2.0503,65.8122,1.9073
1304000000,20.3653,78.0308,21.9153,76.9693,2.0344,12.0061,66.3649,2.0507,65.6765,1.9352
1313600000,20.358,78.0375,21.8274,76.9902,2.0497,11.9457,66.3238,2.0559,65.6472,1.9033
1323200000,20.3727,78.0255,21.7262,76.9944,2.0481,11.8834,66.3198,2.0545,65.7623,1.887
1332800000,20.3726,78.0151,21.6274,77.0039,2.0447,11.8653,66.2953,2.0689,65.7014,1.8948
1342400000,20.3639,78.0165,21.4601,77.0098,2.0526,11.815,66.2374,2.0847,65.6107,1.9167
1352000000,20.3652,78.0113,21.3938,77.0103,2.0414,11.7579,66.2021,2.0971,65.6238,1.883
1361600000,20.3615,77.9655,21.2788,76.9904,2.0475,11.7176,66.1643,2.0863,65.5765,1.8966
1371200000,20.3628,77.9983,21.1609,77.0053,2.0233,11.6526,66.1426,2.0931,65.507,1.8999
1380800000,20.3248,77.995,21.0117,76.994,2.0341,11.597,66.1056,2.0878,65.5031,1.8971
1390400000,20.3659,78.0162,20.908,77.0013,1.9986,11.5181,66.0408,2.0724,65.4703,1.8818
1400000000,20.3531,78.0088,20.8299,76.9929,2.0413,11.4844,66.0712,2.095,65.4439,1.9046
1409600000,20.3663,77.9736,20.7372,76.9685,2.0282,11.4472,66.0532,2.1008,65.4668,1.8936
1419200000,20.3331,78.0006,20.5759,76.9552,1.9988,11.3868,65.9826,2.1044,65.3895,1.8511
1428800000,20.3513,77.9928,20.5156,76.9835,2.0364,11.3411,65.9516,2.1484,65.3643,1.8952
1438400000,20.3758,77.9758,20.4314,76.9775,2.0251,11.2955,65.9339,2.1602,65.3484,1.8784
1448000000,20.3658,78.0055,20.3388,77.0108,2.0487,11.2668,65.9175,2.1579,65.3501,1.8866
1457600000,20.3553,77.9518,20.1913,76.9534,2.0412,11.2152,65.8591,2.1576,65.2655,1.8819
1467200000,20.3622,77.9449,20.145,76.9702,2.0236,11.1749,65.8606,2.1622,65.2671,1.8895
1476800000,20.3744,77.9806,20.0565,76.9988,2.0684,11.1093,65.8559,2.1237,65.3059,1.9267
1486400000,20.3756,77.9387,19.9454,76.9926,2.0294,11.0883,65.8553,2.1707,65.2107,1.8832
1496000000,20.3553,77.927,19.8457,77.0194,2.0118,11.0543,65.8538,2.131,65.2738,1.8781
1505600000,20.3894,77.9632,19.7476,77.0444,2.0503,10.9717,65.8148,2.1688,65.2687,1.9115
1515200000,20.3978,77.9184,19.6624,77.0279,2.0381,10.9973,65.8432,2.1579,65.2648,1.9081
1524800000,20.4069,77.9122,19.6108,77.0157,2.0419,10.9441,65.8528,2.1799,65.2787,1.9066
1534400000,20.4191,77.9525,19.517,77.0134,2.0462,10.8989,65.8342,2.1798,65.2709,1.9119
1544000000,20.4165,77.9154,19.3894,76.9853,2.0515,10.8686,65.8301,2.1884,65.2362,1.9179
1553600000,20.4039,77.9049,19.3285,76.9311,2.041,10.8087,65.7901,2.1803,65.1902,1.9066
1563200000,20.424,77.9047,19.2079,76.8781,2.0148,10.7147,65.7418,2.1544,65.1126,1.9039
1572800000,20.4077,77.9018,19.1044,76.8316,2.0473,10.6841,65.7099,2.1454,65.1189,1.9007
1582400000,20.403,77.9042,19.0416,76.7985,2.0513,10.6667,65.7318,2.136,65.1363,1.9112
1592000000,20.4176,77.8783,18.9303,76.7173,2.0207,10.6164,65.7,2.1019,65.1024,1.8802
1601600000,20.3976,77.8858,18.8433,76.7282,2.0589,10.5428,65.6936,2.1388,65.0991,1.9093
1611200000,20.4007,77.8834,18.7975,76.7142,2.0429,10.5412,65.7025,2.1313,65.1328,1.8959
1620800000,20.4044,77.8768,18.7277,76.7218,2.0386,10.5107,65.7195,2.1371,65.1334,1.8951
1630400000,20.415,77.8662,18.6569,76.7288,2.0404,10.4556,65.7279,2.1371,65.1563,1.8919
1640000000,20.4109,77.8604,18.5782,76.7496,2.0338,10.4619,65.7644,2.128,65.2073,1.8892
1649600000,20.4056,77.818,18.5062,76.746,2.0321,10.4034,65.7416,2.1315,65.1849,1.8938
1659200000,20.4381,77.8504,18.4174,76.7897,2.0262,10.3535,65.8083,2.125,65.2305,1.8933
1668800000,20.4199,77.8291,18.3786,76.7924,2.0277,10.3319,65.8062,2.1157,65.2476,1.8944
1678400000,20.4368,77.8419,18.2971,76.8161,2.0211,10.2944,65.846,2.0964,65.2699,1.896
1688000000,20.4494,77.8364,18.1874,76.8321,2.0264,10.2372,65.8563,2.0996,65.244,1.9015
1697600000,20.4536,77.8133,18.1464,76.8293,2.0281,10.2348,65.8768,2.0918,65.2927,1.8897
1707200000,20.463,77.8108,18.0674,76.8289,2.0256,10.207,65.9001,2.0954,65.3043,1.8974
1716800000,20.4721,77.8022,17.9904,76.8267,2.0271,10.181,65.9026,2.0949,65.2914,1.883
1726400000,20.4733,77.792,17.9051,76.8334,2.0198,10.1375,65.8995,2.1043,65.2825,1.8937
1736000000,20.4924,77.798,17.8402,76.8503,2.0337,10.107,65.9129,2.1146,65.2658,1.9003
1745600000,20.4906,77.7884,17.7621,76.8361,2.027,10.069,65.9157,2.1135,65.2613,1.8972
1755200000,20.5135,77.761,17.6947,76.8178,2.0325,10.0321,65.9029,2.1095,65.2358,1.8924
1764800000,20.5111,77.7724,17.6184,76.8095,2.0337,9.9908,65.8949,2.1067,65.2598,1.8947
1774400000,20.4709,77.779,17.5055,76.7884,2.0067,9.9292,65.8548,2.0736,65.214,1.859
1784000000,20.5236,77.7602,17.4666,76.7456,2.0343,9.9388,65.8694,2.0984,65.2645,1.8859
1793600000,20.5263,77.7438,17.3664,76.7318,2.0318,9.891,65.8558,2.1076,65.191,1.8965
1803200000,20.5347,77.7442,17.2947,76.6971,2.0478,9.8586,65.8264,2.1064,65.1622,1.9016
1812800000,20.5334,77.7291,17.2208,76.6784,2.0483,9.8267,65.8057,2.1163,65.1207,1.9025
1822400000,20.5357,77.7314,17.1529,76.6594,2.0341,9.8065,65.7791,2.1241,65.108,1.901
1832000000,20.5454,77.7297,17.0842,76.6468,2.0518,9.7648,65.7557,2.1381,65.0992,1.9146
1841600000,20.5406,77.7219,17.0121,76.633,2.0423,9.7375,65.7237,2.1425,65.0588,1.9159
1851200000,20.5457,77.7053,16.9393,76.6143,2.0441,9.7004,65.6964,2.141,64.9944,1.915
1860800000,20.5609,77.6946,16.8837,76.6205,2.0467,9.6538,65.6627,2.1335,64.9368,1.9155
1870400000,20.5667,77.6904,16.8118,76.6091,2.0396,9.6442,65.6623,2.1277,64.9113,1.908
1880000000,20.5609,77.6785,16.7367,76.6251,2.0516,9.6052,65.6487,2.1296,64.9254,1.92
1889600000,20.5721,77.6767,16.6701,76.6268,2.0485,9.5743,65.617,2.1298,64.9212,1.9116
1899200000,20.5694,77.6582,16.5986,76.6224,2.0589,9.5342,65.5869,2.1425,64.8971,1.9287
1908800000,20.5663,77.6519,16.5265,76.6272,2.0514,9.5074,65.5473,2.1507,64.8653,1.9145
1918400000,20.5616,77.6534,16.4677,76.6398,2.062,9.4771,65.5169,2.1528,64.8153,1.9197
1928000000,20.5694,77.6224,16.3903,76.6277,2.056,9.438,65.4689,2.163,64.7584,1.9163
1937600000,20.5669,77.6302,16.321,76.6221,2.0558,9.4064,65.4298,2.1575,64.7412,1.9083
1947200000,20.5547,77.6282,16.263,76.6039,2.0534,9.3782,65.3951,2.1622,64.7282,1.9057
1956800000,20.5473,77.6254,16.1817,76.6191,2.0552,9.336,65.3627,2.1572,64.713,1.9113
1966400000,20.5402,77.6088,16.118,76.5978,2.0473,9.3095,65.3298,2.1522,64.6731,1.9057
1976000000,20.5406,77.6173,16.0458,76.5932,2.0491,9.2695,65.2859,2.1481,64.6207,1.9085
1985600000,20.5391,77.6098,15.982,76.5906,2.0503,9.2434,65.2541,2.1571,64.5579,1.911
1995200000,20.5208,77.5961,15.918,76.562,2.0469,9.2187,65.2088,2.1616,64.4958,1.9085
2004800000,20.5209,77.5943,15.8462,76.5525,2.0478,9.1911,65.1933,2.1556,64.4824,1.9059
2014400000,20.5015,77.593,15.7784,76.5275,2.0478,9.1633,65.1353,2.1598,64.4687,1.9088
2024000000,20.4918,77.5874,15.7271,76.5084,2.0465,9.1257,65.098,2.1622,64.449,1.9183
2033600000,20.4944,77.5757,15.6672,76.4748,2.0329,9.0925,65.0456,2.1451,64.4223,1.8976
2043200000,20.4716,77.5835,15.6034,76.4528,2.0328,9.071,65.0075,2.1359,64.2954,1.9068
2052800000,20.4718,77.5737,15.5448,76.4276,2.0315,9.0335,64.9828,2.1265,64.2086,1.9045
2062400000,20.4709,77.5578,15.4817,76.4124,2.0436,9.0024,64.9356,2.1101,64.21,1.9081
2072000000,20.4675,77.5598,15.4277,76.4082,2.0437,8.9707,64.9176,2.1082,64.2882,1.9055
2081600000,20.4647,77.5459,15.3821,76.3854,2.0438,8.9321,64.8897,2.1035,64.3141,1.9079
2091200000,20.4599,77.539,15.3192,76.3827,2.0486,8.913,64.8742,2.1114,64.2306,1.9133
2100800000,20.4652,77.538,15.2677,76.3702,2.0561,8.8856,64.8315,2.1122,64.1138,1.9209
2110400000,20.4713,77.5201,15.2186,76.3607,2.0407,8.859,64.8152,2.1164,64.0691,1.9174
2120000000,20.4662,77.5182,15.1594,76.335,2.0409,8.8371,64.7918,2.1086,64.1164,1.9071
2129600000,20.4698,77.5139,15.0978,76.3367,2.0371,8.8049,64.7545,2.0982,64.1931,1.9029
2139200000,20.468,77.4936,15.0463,76.3097,2.0318,8.7942,64.7275,2.0952,64.2054,1.9014
2148800000,20.4642,77.4721,14.9749,76.2954,2.0309,8.7639,64.7011,2.0799,64.1582,1.8954
2158400000,20.4665,77.4685,14.9345,76.3002,2.028,8.7504,64.7024,2.0839,64.0646,1.9012
2168000000,20.4739,77.4651,14.8793,76.3099,2.0343,8.7193,64.6983,2.0813,64.0175,1.9006
2177600000,20.4713,77.4575,14.8408,76.2917,2.0353,8.6922,64.6629,2.0777,64.0102,1.9044
2187200000,20.467,77.4495,14.7789,76.2893,2.04,8.6707,64.6422,2.0737,64.0955,1.9133
2196800000,20.4699,77.4429,14.7401,76.2758,2.0451,8.6466,64.6252,2.0916,64.1792,1.9067
2206400000,20.467,77.4406,14.684,76.286,2.0518,8.6254,64.6224,2.1007,64.1685,1.9102
2216000000,20.4613,77.4222,14.6312,76.2566,2.0303,8.6091,64.5954,2.0905,64.0302,1.8859
2225600000,20.4546,77.4079,14.5807,76.2458,2.0361,8.5824,64.5633,2.0949,63.935,1.8981
2235200000,20.4583,77.3986,14.539,76.2337,2.0422,8.5622,64.5618,2.0899,63.9142,1.9118
2244800000,20.4507,77.3988,14.4978,76.2294,2.0307,8.5554,64.5616,2.0877,64.0067,1.8911
2254400000,20.4433,77.3802,14.4397,76.2294,2.0425,8.5175,64.5266,2.0969,64.0853,1.9041
2264000000,20.4431,77.3551,14.4129,76.2195,2.0451,8.4899,64.5062,2.0962,64.0937,1.9019
2273600000,20.4493,77.3667,14.3667,76.2176,2.0518,8.4806,64.4908,2.1065,63.9998,1.9045
2283200000,20.4528,77.3552,14.3332,76.2075,2.0466,8.4664,64.4643,2.1162,63.876,1.911
2292800000,20.4518,77.343,14.2899,76.2088,2.0434,8.4435,64.442,2.1309,63.8361,1.9072
2302400000,20.4527,77.3382,14.2429,76.2029,2.0511,8.4269,64.4239,2.1365,63.8691,1.9151
2312000000,20.4491,77.3223,14.2096,76.1756,2.0523,8.4165,64.3836,2.1274,63.8986,1.9124
2321600000,20.4464,77.3127,14.1525,76.1729,2.0425,8.387,64.3569,2.1431,63.9108,1.9032
2331200000,20.4371,77.3047,14.103,76.1498,2.0646,8.3695,64.3497,2.1355,63.891,1.9253
2340800000,20.4404,77.3046,14.0751,76.1514,2.0481,8.3578,64.3332,2.1438,63.8127,1.9188
2350400000,20.443,77.2832,14.0238,76.1308,2.0536,8.3264,64.3152,2.1477,63.729,1.9164
2360000000,20.4268,77.2934,13.996,76.1414,2.0625,8.3245,64.3139,2.1501,63.7434,1.9162
2369600000,20.4253,77.2824,13.9484,76.1227,2.0595,8.2946,64.2764,2.1504,63.7793,1.9215
2379200000,20.421,77.2748,13.9189,76.1279,2.0648,8.2746,64.2609,2.1604,63.8605,1.9204
2388800000,20.399,77.2649,13.87,76.0932,2.0624,8.2542,64.2217,2.166,63.857,1.9201
2398400000,20.3851,77.2642,13.8307,76.0834,2.0648,8.2369,64.206,2.1457,63.7899,1.9216
2408000000,20.3733,77.2541,13.7873,76.0618,2.0657,8.2178,64.1731,2.1398,63.656,1.9154
2417600000,20.3548,77.2639,13.7383,76.0666,2.0651,8.1893,64.172,2.1368,63.6026,1.9198
2427200000,20.3541,77.2459,13.6961,76.0529,2.0571,8.1725,64.1645,2.1242,63.627,1.9127
2436800000,20.3344,77.2358,13.661,76.0445,2.066,8.147,64.1723,2.1237,63.7311,1.9192
2446400000,20.3373,77.2321,13.6208,76.0414,2.0614,8.1382,64.1785,2.1098,63.7668,1.9149
2456000000,20.3468,77.2185,13.5957,76.0282,2.07,8.1236,64.1612,2.1105,63.7172,1.9258
2465600000,20.3491,77.1941,13.557,76.019,2.0621,8.1078,64.1606,2.1094,63.616,1.9112
2475200000,20.3545,77.1883,13.5217,76.0078,2.0649,8.0806,64.1403,2.1144,63.5731,1.9171
2484800000,20.362,77.1776,13.4861,75.994,2.0569,8.0739,64.1341,2.1078,63.5892,1.9109
2494400000,20.3742,77.1697,13.4404,75.9706,2.044,8.0519,64.1089,2.1063,63.647,1.9023
2504000000,20.3718,77.1445,13.4014,75.9651,2.0382,8.0353,64.1122,2.1027,63.687,1.9029
2513600000,20.3735,77.1306,13.3688,75.9454,2.0455,8.0145,64.1063,2.0947,63.668,1.909
2523200000,20.3934,77.1134,13.3306,75.9374,2.0433,7.9948,64.1095,2.0976,63.5988,1.9099
2532800000,20.3993,77.111,13.2931,75.9356,2.0314,7.9701,64.1181,2.0891,63.5656,1.9042
2542400000,20.4221,77.0972,13.2632,75.9143,2.0451,7.9561,64.13,2.0848,63.5892,1.9146
2552000000,20.4289,77.0782,13.2278,75.9088,2.0413,7.9354,64.1121,2.0835,63.6543,1.9065
2561600000,20.4302,77.0701,13.1921,75.9006,2.0411,7.9232,64.1169,2.0692,63.7154,1.9039
2571200000,20.4396,77.0659,13.1605,75.8993,2.0398,7.9065,64.1133,2.0672,63.7064,1.9022
2580800000,20.4326,77.0624,13.1323,75.8799,2.0416,7.8904,64.102,2.0549,63.6552,1.9001
2590400000,20.428,77.0482,13.0867,75.8664,2.0462,7.8666,64.0843,2.0521,63.5883,1.8999
2600000000,20.4217,77.0501,13.0494,75.8665,2.0531,7.8418,64.0812,2.0566,63.568,1.9162
2609600000,20.4095,77.039,13.0109,75.8277,2.0523,7.8313,64.0818,2.0425,63.5917,1.9011
2619200000,20.4096,77.0319,12.9802,75.826,2.0554,7.8148,64.0935,2.0521,63.6595,1.9033
2628800000,20.3936,77.0207,12.9409,75.8186,2.0591,7.7954,64.0901,2.0582,63.6621,1.9058
2638400000,20.3994,77.0112,12.9137,75.8024,2.0491,7.7771,64.072,2.0631,63.673,1.9057
2648000000,20.3864,76.9997,12.8706,75.7934,2.0578,7.773,64.0787,2.0603,63.6082,1.9065
2657600000,20.3839,76.9848,12.8406,75.7796,2.0594,7.7644,64.0582,2.0753,63.5493,1.9058
2667200000,20.3829,76.9788,12.7979,75.7692,2.062,7.7456,64.0205,2.0774,63.5371,1.9111
2676800000,20.3912,76.9629,12.776,75.7555,2.0571,7.741,64.0019,2.0636,63.573,1.9133
2686400000,20.3957,76.9494,12.7359,75.7356,2.0603,7.7106,63.9723,2.0727,63.5857,1.9093
2696000000,20.3941,76.9402,12.6932,75.7217,2.0612,7.6897,63.9461,2.0758,63.574,1.9123
2705600000,20.398,76.9269,12.6721,75.7126,2.0693,7.6772,63.93,2.0703,63.5417,1.9202
2715200000,20.4058,76.9111,12.6408,75.6885,2.0633,7.6607,63.9176,2.0788,63.4951,1.9195
2724800000,20.3955,76.9003,12.6042,75.6929,2.0646,7.6504,63.9036,2.0878,63.4601,1.9085
2734400000,20.4089,76.8976,12.5835,75.6781,2.0674,7.6382,63.8811,2.1025,63.4628,1.9178
2744000000,20.4032,76.8821,12.5454,75.6792,2.067,7.6323,63.8701,2.1113,63.4918,1.9223
2753600000,20.3956,76.8723,12.5216,75.6564,2.0696,7.6255,63.8466,2.123,63.488,1.9198
2763200000,20.396,76.8709,12.4899,75.6578,2.0679,7.6138,63.8069,2.1252,63.448,1.9177
2772800000,20.398,76.8545,12.4633,75.6391,2.0704,7.6036,63.7531,2.1276,63.3518,1.9224
2782400000,20.385,76.8491,12.4278,75.6377,2.0645,7.5802,63.7166,2.1394,63.2714,1.9186
2792000000,20.3795,76.8497,12.3934,75.6286,2.0638,7.5643,63.6894,2.1319,63.2639,1.9142
2801600000,20.3735,76.845,12.3593,75.6133,2.0658,7.553,63.637,2.1377,63.271,1.9207
2811200000,20.368,76.8428,12.3282,75.6004,2.0696,7.5394,63.6042,2.1366,63.2782,1.9289
2820800000,20.3642,76.8242,12.2954,75.5819,2.0635,7.5128,63.5723,2.1402,63.2576,1.9173
2830400000,20.3627,76.8277,12.2597,75.5707,2.0676,7.5114,63.5617,2.1423,63.2095,1.9195
2840000000,20.3588,76.804,12.2298,75.5578,2.0689,7.5,63.5186,2.1432,63.1168,1.9174
2849600000,20.3539,76.8079,12.1987,75.5425,2.0666,7.4869,63.4887,2.1442,63.0872,1.9123
2859200000,20.3536,76.7881,12.1711,75.5226,2.0647,7.4714,63.4501,2.1434,63.1021,1.9176
2868800000,20.345,76.7762,12.1291,75.4956,2.0652,7.4534,63.3994,2.1417,63.1122,1.9178
2878400000,20.345,76.7567,12.0999,75.4728,2.0643,7.4344,63.3523,2.1354,63.0628,1.9189
2888000000,20.3353,76.749,12.0695,75.455,2.0625,7.4053,63.306,2.1338,62.9935,1.9181
2897600000,20.3272,76.739,12.0411,75.4305,2.0491,7.3901,63.3062,2.1177,62.9448,1.9084
2907200000,20.3153,76.7142,12.0088,75.4064,2.0582,7.375,63.2693,2.1187,62.9227,1.9116
2916800000,20.2977,76.7189,11.9888,75.397,2.0559,7.3601,63.2507,2.1106,62.9429,1.9101
2926400000,20.2788,76.7079,11.9549,75.3823,2.0516,7.3529,63.2345,2.0976,62.9631,1.9059
2936000000,20.2578,76.6896,11.9294,75.3622,2.0535,7.3338,63.2107,2.0925,62.9539,1.9045
2945600000,20.2457,76.6745,11.8987,75.355,2.0479,7.3217,63.2024,2.0898,62.8961,1.9075
2955200000,20.2334,76.676,11.8608,75.3305,2.045,7.3034,63.1659,2.0782,62.842,1.899
2964800000,20.2235,76.6467,11.8359,75.3141,2.0552,7.2829,63.1328,2.0692,62.8022,1.9067
2974400000,20.2087,76.6361,11.8063,75.2927,2.046,7.2744,63.1089,2.0499,62.8059,1.8977
2984000000,20.215,76.6089,11.7815,75.2681,2.043,7.2493,63.0812,2.0412,62.8255,1.9004
2993600000,20.204,76.6075,11.745,75.2605,2.0402,7.2389,63.0813,2.034,62.8426,1.8939
3003200000,20.2033,76.6199,11.7226,75.2528,2.0401,7.2199,63.0593,2.0253,62.8014,1.8924
3012800000,20.1916,76.6014,11.6801,75.2351,2.0425,7.209,63.0556,2.0185,62.8087,1.8942
3022400000,20.1886,76.5827,11.6544,75.2284,2.0309,7.1908,63.0358,2.0098,62.8311,1.8879
3032000000,20.2018,76.5748,11.6213,75.2176,2.0367,7.1816,63.0486,1.9983,62.8646,1.8803
3041600000,20.1969,76.5714,11.6043,75.2074,2.0337,7.1675,63.0453,1.9965,62.8321,1.882
3051200000,20.2062,76.5556,11.5808,75.1977,2.0381,7.1562,63.0296,1.987,62.787,1.8799
3060800000,20.2037,76.541,11.552,75.1769,2.0384,7.1413,63.0272,1.983,62.7516,1.8775
3070400000,20.2236,76.5348,11.5402,75.1882,2.0382,7.1283,63.0238,1.9746,62.776,1.8812
3080000000,20.2257,76.5158,11.5165,75.1779,2.0356,7.1169,63.0153,1.9797,62.7986,1.8748
3089600000,20.2178,76.4975,11.4918,75.155,2.0345,7.0993,63.0019,1.9805,62.8128,1.875
3099200000,20.2321,76.4944,11.4586,75.1608,2.037,7.0972,63.0217,1.9862,62.8083,1.8816
3108800000,20.2419,76.4914,11.4436,75.1585,2.0369,7.0857,63.0227,1.9927,62.8181,1.8771
3118400000,20.2503,76.4798,11.4306,75.1553,2.0373,7.086,63.0321,2.0011,62.8003,1.8839
3128000000,20.2546,76.4762,11.4076,75.1541,2.0332,7.0827,63.0199,2.0068,62.8018,1.8871
3137600000,20.2648,76.4624,11.3864,75.1593,2.0352,7.0787,63.0273,2.0221,62.7955,1.8945
3147200000,20.2724,76.4487,11.3613,75.1507,2.0392,7.0653,63.0106,2.0222,62.8339,1.8958
3156800000,20.2712,76.4482,11.3393,75.1414,2.0393,7.0631,62.9845,2.0254,62.8148,1.8942
3166400000,20.2718,76.4343,11.3261,75.1391,2.048,7.0531,62.97,2.0353,62.8088,1.899
3176000000,20.284,76.4212,11.299,75.1262,2.0504,7.0463,62.95,2.043,62.7621,1.9043
3185600000,20.2874,76.4089,11.2774,75.1153,2.0508,7.0378,62.9245,2.0533,62.7432,1.9066
3195200000,20.2877,76.4039,11.2569,75.0961,2.0533,7.0339,62.8928,2.0649,62.7375,1.9085
3204800000,20.2894,76.3982,11.2411,75.0948,2.0576,7.0251,62.8916,2.0771,62.7588,1.9079
3214400000,20.2951,76.3844,11.2169,75.0896,2.067,7.0171,62.8597,2.0946,62.7406,1.925
3224000000,20.2943,76.3741,11.2034,75.0716,2.0656,7.012,62.8398,2.1039,62.7096,1.9161
3233600000,20.292,76.3658,11.174,75.0529,2.062,7.0014,62.7927,2.1159,62.6247,1.9223
3243200000,20.2995,76.3512,11.1579,75.0426,2.0705,6.9964,62.7728,2.1236,62.5792,1.932
3252800000,20.2982,76.3429,11.1391,75.0317,2.0734,6.9864,62.7266,2.1247,62.5336,1.9275
3262400000,20.2971,76.3385,11.1187,75.0121,2.0787,6.9787,62.6743,2.1363,62.5023,1.9309
3272000000,20.2873,76.3109,11.0965,74.9878,2.0796,6.9609,62.6228,2.1466,62.4729,1.9289
3281600000,20.2989,76.3104,11.0724,74.981,2.0727,6.9504,62.5976,2.1509,62.4608,1.9252
3291200000,20.2998,76.297,11.0459,74.9614,2.0737,6.9376,62.5587,2.1624,62.4084,1.9296
3300800000,20.3003,76.2866,11.0297,74.9497,2.0772,6.9259,62.542,2.1725,62.3748,1.9313
3310400000,20.2971,76.2715,11.0061,74.9206,2.0738,6.9186,62.5188,2.1718,62.3442,1.9258
3320000000,20.2999,76.2532,10.9853,74.907,2.0729,6.9072,62.4879,2.1756,62.3315,1.9273
3329600000,20.2998,76.2457,10.9644,74.8913,2.07,6.9006,62.4666,2.1753,62.3302,1.9241
3339200000,20.2911,76.2331,10.9436,74.8721,2.0679,6.8929,62.4283,2.1709,62.3083,1.9212
3348800000,20.2931,76.2134,10.924,74.8513,2.0717,6.8737,62.3718,2.1657,62.2697,1.9232
3358400000,20.2907,76.2008,10.8938,74.8306,2.0704,6.8666,62.3316,2.1492,62.215,1.9254
3368000000,20.2858,76.1886,10.8735,74.8059,2.0623,6.8493,62.2853,2.1421,62.1538,1.9183
3377600000,20.2783,76.1612,10.844,74.7599,2.0637,6.8337,62.2498,2.124,62.0985,1.9146
3387200000,20.282,76.1505,10.8251,74.7611,2.0551,6.8148,62.224,2.1179,62.1004,1.9171
3396800000,20.2899,76.1422,10.7997,74.7464,2.0483,6.8031,62.2211,2.1073,62.1044,1.9091
3406400000,20.2882,76.1266,10.7804,74.7255,2.0429,6.794,62.2168,2.0929,62.0995,1.9067
3416000000,20.2827,76.1139,10.7543,74.7175,2.0446,6.7724,62.1986,2.0946,62.0877,1.9064
3425600000,20.2876,76.113,10.7352,74.7065,2.0386,6.7629,62.2034,2.0726,62.1036,1.9004
3435200000,20.2884,76.0954,10.7127,74.6922,2.0455,6.755,62.2032,2.0574,62.1036,1.9012
3444800000,20.2917,76.0855,10.6898,74.6624,2.0432,6.7476,62.1869,2.0366,62.1047,1.8984
3454400000,20.2911,76.0789,10.664,74.6376,2.0389,6.7266,62.1587,2.0281,62.0939,1.8922
3464000000,20.2905,76.0705,10.6309,74.6196,2.0375,6.7159,62.1487,2.0129,62.0884,1.8874
3473600000,20.2935,76.0629,10.6107,74.5994,2.0353,6.6991,62.1475,2.0055,62.0808,1.8888
3483200000,20.2974,76.0328,10.5872,74.5775,2.029,6.6872,62.148,1.9941,62.08,1.879
3492800000,20.31,76.0216,10.5545,74.5751,2.0222,6.6676,62.1634,1.9915,62.0977,1.8797
3502400000,20.3258,76.0204,10.5273,74.5641,2.0206,6.6563,62.2064,1.9844,62.1498,1.8787
3512000000,20.3346,76.0107,10.5096,74.567,2.0175,6.6541,62.2503,1.9734,62.2209,1.8756
3521600000,20.3377,75.987,10.4864,74.5546,2.0178,6.6435,62.2721,1.9614,62.2763,1.8767
3531200000,20.3549,75.9838,10.4653,74.5499,2.0217,6.6353,62.2873,1.9449,62.3115,1.8781
3540800000,20.3567,75.9636,10.4467,74.5257,2.0211,6.6286,62.2811,1.9355,62.3138,1.8763
3550400000,20.3697,75.9609,10.4299,74.533,2.0283,6.6147,62.2763,1.9251,62.3251,1.8789
3560000000,20.3711,75.9288,10.4094,74.5111,2.0241,6.6063,62.2656,1.9167,62.3239,1.878
3569600000,20.3869,75.9233,10.402,74.5184,2.0269,6.6044,62.283,1.9197,62.3557,1.8759
3579200000,20.385,75.9239,10.3895,74.5096,2.0272,6.5925,62.2731,1.9329,62.3665,1.8803
3588800000,20.4062,75.9134,10.3726,74.5186,2.0293,6.5872,62.2818,1.9492,62.3835,1.881
3598400000,20.4043,75.8904,10.3645,74.5059,2.023,6.5849,62.2876,1.9604,62.379,1.8722
3608000000,20.4193,75.8889,10.355,74.5176,2.0288,6.5851,62.2915,1.985,62.407,1.8834
3617600000,20.4199,75.8813,10.3493,74.514,2.0249,6.5826,62.278,2.0023,62.4061,1.8835
3627200000,20.4267,75.8605,10.344,74.503,2.0277,6.5828,62.2545,2.0037,62.408,1.8807
3636800000,20.4194,75.8451,10.3271,74.4856,2.0333,6.5799,62.2157,2.0125,62.3721,1.8871
3646400000,20.4235,75.8357,10.3148,74.4681,2.0393,6.5732,62.1874,2.0177,62.3282,1.8958
3656000000,20.4217,75.8275,10.3004,74.4575,2.0417,6.571,62.1457,2.0311,62.2663,1.8996
3665600000,20.4208,75.8192,10.2889,74.4348,2.0452,6.5672,62.1212,2.0385,62.249,1.8949
3675200000,20.4235,75.8024,10.2698,74.4266,2.0495,6.5618,62.1122,2.0461,62.2196,1.9019
3684800000,20.4127,75.7894,10.2561,74.4161,2.0489,6.5546,62.0944,2.0627,62.2286,1.9061
3694400000,20.4114,75.7859,10.2427,74.401,2.0473,6.5537,62.0887,2.0793,62.2385,1.9048
3704000000,20.4125,75.7605,10.2311,74.3878,2.0579,6.5546,62.0678,2.0931,62.2277,1.9164
3713600000,20.4048,75.7529,10.213,74.3807,2.054,6.5552,62.0351,2.1126,62.1818,1.9149
3723200000,20.3992,75.7394,10.199,74.3625,2.0589,6.5509,61.9905,2.1234,62.1397,1.9147
3732800000,20.3952,75.7249,10.1829,74.336,2.055,6.545,61.9175,2.1249,62.0778,1.9108
3742400000,20.3822,75.7089,10.1676,74.3182,2.0574,6.5345,61.8512,2.1306,62.0099,1.9178
3752000000,20.376,75.6862,10.1478,74.2869,2.0599,6.5269,61.7852,2.1258,61.9484,1.921
3761600000,20.3637,75.6715,10.1293,74.2646,2.0559,6.5146,61.7334,2.1266,61.8934,1.9174
3771200000,20.3673,75.6583,10.112,74.2455,2.0595,6.5121,61.7011,2.1338,61.8234,1.9217
3780800000,20.3593,75.6435,10.0968,74.22,2.0633,6.4962,61.6451,2.1353,61.762,1.9221
3790400000,20.3587,75.6295,10.0824,74.2052,2.0604,6.4881,61.6185,2.1473,61.7371,1.9201
3800000000,20.356,75.6118,10.0672,74.1794,2.0617,6.4832,61.5792,2.1549,61.7111,1.9174
3809600000,20.3505,75.6054,10.0508,74.1619,2.0611,6.4749,61.5236,2.1573,61.6748,1.9186
3819200000,20.343,75.5881,10.0358,74.1306,2.06,6.4662,61.4733,2.1539,61.6208,1.9172
3828800000,20.3444,75.5641,10.019,74.1027,2.0571,6.456,61.4087,2.1473,61.5599,1.9152
3838400000,20.3409,75.5612,9.995,74.0687,2.0553,6.4471,61.3797,2.1364,61.5058,1.9096
3848000000,20.3406,75.5594,9.9702,74.0487,2.0478,6.4304,61.3398,2.1255,61.4715,1.909
3857600000,20.3395,75.532,9.9571,74.017,2.0453,6.4216,61.3078,2.1186,61.4461,1.9062
3867200000,20.3472,75.5137,9.9389,73.9904,2.0448,6.4082,61.2953,2.0979,61.4474,1.9052
3876800000,20.3413,75.4967,9.9187,73.9793,2.0452,6.3876,61.2822,2.0941,61.454,1.902
3886400000,20.3484,75.4828,9.8953,73.9604,2.0466,6.3846,61.2801,2.0815,61.4451,1.9053
3896000000,20.3486,75.4577,9.8732,73.9402,2.0433,6.3749,61.2536,2.071,61.4177,1.8957
3905600000,20.3428,75.4449,9.8488,73.9243,2.0426,6.3659,61.2285,2.0616,61.3966,1.898
3915200000,20.3423,75.4168,9.8242,73.8889,2.0421,6.347,61.1772,2.0463,61.3691,1.8912
3924800000,20.3389,75.4237,9.8063,73.8803,2.0348,6.3342,61.1594,2.0253,61.3579,1.8849
3934400000,20.337,75.407,9.7857,73.8532,2.0231,6.3125,61.1316,2.0099,61.3273,1.8758
3944000000,20.3468,75.3922,9.7651,73.8291,2.0179,6.2974,61.1322,2.0045,61.336,1.8747
3953600000,20.3588,75.3655,9.7484,73.8101,2.0094,6.278,61.1532,1.9843,61.3516,1.8664
3963200000,20.3652,75.3657,9.7355,73.8209,2.008,6.2725,61.1901,1.9795,61.4178,1.8683
3972800000,20.3829,75.3512,9.7292,73.8151,2.0004,6.2702,61.2419,1.9647,61.498,1.8565
3982400000,20.3883,75.3484,9.718,73.8154,2.0065,6.2628,61.2619,1.9579,61.5473,1.8698
3992000000,20.3994,75.3298,9.7141,73.8053,2.0081,6.2635,61.2672,1.9509,61.5721,1.8649
4001600000,20.4015,75.3169,9.701,73.7922,2.0084,6.2658,61.2611,1.9398,61.5667,1.8622
4011200000,20.4021,75.2963,9.6799,73.7747,2.0126,6.2566,61.2254,1.9282,61.5197,1.8631
4020800000,20.4061,75.285,9.6666,73.7503,2.0097,6.2515,61.1947,1.9063,61.4793,1.8625
4030400000,20.4044,75.2782,9.6486,73.7317,2.0114,6.2426,61.1751,1.8989,61.4747,1.8676
4040000000,20.4156,75.278,9.6262,73.7125,2.0038,6.2347,61.2136,1.8817,61.5382,1.8574
4049600000,20.4219,75.2528,9.6208,73.7103,2.0111,6.2331,61.2597,1.8946,61.609,1.8773
4059200000,20.4298,75.2504,9.6108,73.7117,2.0028,6.2244,61.3068,1.8946,61.6546,1.8603
4068800000,20.4419,75.2378,9.6101,73.7173,2.0096,6.2172,61.3435,1.9074,61.7017,1.8768
4078400000,20.4582,75.2252,9.6114,73.7152,2.0211,6.2243,61.3874,1.925,61.75,1.8805
4088000000,20.4631,75.2104,9.6137,73.7184,2.026,6.2324,61.3982,1.9421,61.7703,1.8835
4097600000,20.465,75.1913,9.6027,73.711,2.0344,6.2368,61.3595,1.9579,61.7406,1.895
4107200000,20.4692,75.1797,9.6039,73.7006,2.0342,6.2395,61.3238,1.9663,61.7081,1.89
4116800000,20.4652,75.1683,9.6043,73.6823,2.0417,6.238,61.2826,1.9724,61.649,1.8966
4126400000,20.4621,75.1502,9.5905,73.6577,2.0431,6.2348,61.2303,1.9907,61.5792,1.8968
4136000000,20.4687,75.132,9.5811,73.6418,2.046,6.2236,61.1954,1.9928,61.5385,1.902
4145600000,20.4711,75.1202,9.5776,73.6319,2.0428,6.2146,61.1811,2.0181,61.5376,1.9031
4155200000,20.4843,75.1084,9.5706,73.627,2.0487,6.2089,61.1726,2.0407,61.5513,1.908
4164800000,20.4802,75.0844,9.5648,73.611,2.0498,6.2094,61.1629,2.0624,61.5759,1.9089
4174400000,20.4851,75.0711,9.5607,73.6014,2.0507,6.2092,61.126,2.0851,61.5757,1.9081
4184000000,20.4889,75.0606,9.5549,73.586,2.0548,6.2071,61.0843,2.1053,61.5404,1.9153
4193600000,20.482,75.0455,9.5465,73.5689,2.0593,6.2081,61.0078,2.1231,61.4394,1.9137
4203200000,20.48,75.0203,9.5321,73.5402,2.0603,6.2068,60.9124,2.1371,61.3401,1.9148
4212800000,20.4761,75.0168,9.5163,73.523,2.0588,6.199,60.8424,2.1411,61.2618,1.9166
4222400000,20.4736,75.004,9.4965,73.49,2.0554,6.1945,60.7847,2.1411,61.2248,1.9145
4232000000,20.4726,74.9843,9.4866,73.4716,2.0583,6.1845,60.7305,2.1454,61.1856,1.9165
4241600000,20.4702,74.9678,9.4668,73.441,2.0634,6.1759,60.6896,2.1489,61.1472,1.9226
4251200000,20.4762,74.9454,9.4505,73.4157,2.0581,6.166,60.6785,2.1454,61.1246,1.9186
4260800000,20.4776,74.9303,9.4432,73.4035,2.0606,6.1637,60.6635,2.1455,61.11,1.9156
4270400000,20.4745,74.9163,9.4302,73.3839,2.0638,6.1605,60.6333,2.1439,61.0857,1.9186
4280000000,20.4707,74.8986,9.4142,73.3571,2.0642,6.153,60.5783,2.1367,61.0445,1.9191
4289600000,20.4661,74.8856,9.4014,73.3382,2.0605,6.1487,60.5349,2.127,60.9973,1.9164
4299200000,20.4604,74.8656,9.3911,73.3087,2.0604,6.1433,60.4602,2.1186,60.9067,1.9158
4308800000,20.4526,74.8458,9.3751,73.2762,2.0552,6.1321,60.3875,2.1053,60.8036,1.9104
4318400000,20.4521,74.8396,9.36,73.2402,2.0504,6.1189,60.3333,2.0973,60.7517,1.9097
4328000000,20.4515,74.8201,9.3457,73.2129,2.0491,6.1041,60.3141,2.087,60.7065,1.9065
4337600000,20.4545,74.7997,9.3312,73.1856,2.0407,6.0939,60.2971,2.0802,60.711,1.8996
4347200000,20.4533,74.7882,9.3201,73.1633,2.0394,6.0803,60.2917,2.075,60.7358,1.8969
4356800000,20.4572,74.7786,9.3048,73.1523,2.0411,6.0742,60.3045,2.0695,60.7744,1.8937
4366400000,20.4588,74.7704,9.2944,73.1393,2.036,6.0626,60.3003,2.0609,60.7782,1.8938
4376000000,20.4576,74.7523,9.2794,73.1166,2.0362,6.0545,60.2831,2.0491,60.7663,1.8887
4385600000,20.459,74.7444,9.262,73.0987,2.0324,6.0421,60.2528,2.0294,60.7451,1.8861
4395200000,20.4552,74.7198,9.2489,73.0629,2.0253,6.0332,60.2393,2.0133,60.7516,1.8818
4404800000,20.4595,74.7188,9.2285,73.0478,2.0209,6.0224,60.2386,1.991,60.7524,1.8798
4414400000,20.4653,74.7043,9.2105,73.0191,2.019,6.0094,60.2425,1.9753,60.7629,1.8754
4424000000,20.4664,74.6731,9.1955,72.9928,2.0127,5.9947,60.2652,1.9617,60.7922,1.8709
4433600000,20.466,74.6664,9.1712,72.9916,2.0021,5.9687,60.311,1.9469,60.8212,1.88
4443200000,20.4833,74.6454,9.178,72.9769,2.0136,5.9761,60.3327,1.9457,60.8541,1.8682
4452800000,20.4814,74.6353,9.163,72.9726,2.0204,5.9726,60.3717,1.9487,60.8788,1.8706
4462400000,20.485,74.6154,9.1572,72.9549,2.0228,5.971,60.3908,1.9435,60.9128,1.8682
4472000000,20.4813,74.5992,9.1484,72.9392,2.0232,5.9703,60.3966,1.9366,60.9176,1.8671
4481600000,20.4768,74.5848,9.1405,72.9222,2.0237,5.962,60.3759,1.9246,60.9045,1.8653
4491200000,20.4769,74.561,9.1351,72.9014,2.0198,5.9612,60.3776,1.9187,60.9112,1.8593
4500800000,20.4654,74.5439,9.1278,72.8764,2.0166,5.9501,60.3897,1.9062,60.9122,1.8604
4510400000,20.4699,74.5388,9.1205,72.8786,2.01,5.9475,60.4006,1.8986,60.9394,1.8577
4520000000,20.4663,74.5208,9.1145,72.8612,1.9982,5.9327,60.4099,1.899,60.983,1.8563
4529600000,20.4844,74.502,9.1099,72.8615,2.0026,5.9434,60.4523,1.8969,61.0596,1.86
4539200000,20.4908,74.4904,9.1088,72.8674,2.0048,5.9454,60.4767,1.9141,61.1042,1.8624
4548800000,20.4992,74.4719,9.1028,72.8658,2.0116,5.9487,60.4741,1.9347,61.1156,1.8675
4558400000,20.5073,74.4592,9.1045,72.8677,2.018,5.9513,60.4641,1.9442,61.1143,1.8729
4568000000,20.5043,74.4553,9.1007,72.873,2.0142,5.958,60.4484,1.9557,61.1031,1.8706
4577600000,20.5019,74.4236,9.0883,72.8478,2.0173,5.9579,60.3908,1.9698,61.0537,1.8764
4587200000,20.5055,74.4159,9.0871,72.8362,2.0202,5.9585,60.3439,1.9754,60.9966,1.8836
4596800000,20.5165,74.4031,9.083,72.8286,2.0221,5.96,60.3119,1.9879,60.9748,1.8829
4606400000,20.5119,74.3848,9.06,72.8093,2.0206,5.9587,60.2948,1.9972,60.935,1.8837
4616000000,20.5103,74.3686,9.0667,72.7973,2.0247,5.9582,60.2903,2.0033,60.9515,1.8848
4625600000,20.5113,74.3515,9.0567,72.7786,2.0304,5.9555,60.2531,2.0225,60.9159,1.8879
4635200000,20.5167,74.3389,9.039,72.7701,2.0262,5.9626,60.2459,2.0424,60.8908,1.8844
4644800000,20.512,74.3201,9.0481,72.7574,2.0429,5.9618,60.2027,2.0611,60.8696,1.8988
4654400000,20.5039,74.313,9.0464,72.7368,2.0471,5.9645,60.1412,2.0723,60.8148,1.9017
4664000000,20.4964,74.2991,9.0395,72.7104,2.0482,5.9656,60.0686,2.0854,60.7303,1.9006
4673600000,20.4861,74.2729,9.0313,72.6801,2.0489,5.9613,59.979,2.0963,60.6302,1.9022
4683200000,20.4789,74.2529,9.0231,72.6347,2.0484,5.9534,59.8966,2.0979,60.5516,1.9026
4692800000,20.471,74.2352,9.009,72.6034,2.0428,5.9461,59.8504,2.0995,60.4861,1.8984
4702400000,20.4758,74.2209,8.9966,72.577,2.0447,5.9313,59.8114,2.0971,60.4505,1.9021
4712000000,20.4671,74.2068,8.9871,72.5563,2.0436,5.9168,59.8054,2.1012,60.4482,1.8992
4721600000,20.4699,74.1861,8.9759,72.5396,2.0508,5.9191,59.7755,2.105,60.4325,1.9021
4731200000,20.4684,74.1728,8.964,72.5145,2.0506,5.912,59.7515,2.1048,60.4155,1.8987
4740800000,20.4685,74.1606,8.9591,72.4952,2.0522,5.9072,59.7157,2.1062,60.3868,1.8982
4750400000,20.4604,74.1363,8.9459,72.4577,2.0511,5.8987,59.6509,2.1026,60.3216,1.8973
4760000000,20.4596,74.1177,8.9295,72.4274,2.049,5.894,59.573,2.0978,60.2364,1.8984
4769600000,20.4511,74.0985,8.9195,72.3744,2.045,5.8823,59.4877,2.0868,60.1619,1.8939
4779200000,20.4528,74.0789,8.9025,72.3439,2.0365,5.871,59.4428,2.0748,60.1126,1.8912
4788800000,20.4491,74.0576,8.8846,72.3084,2.032,5.8589,59.4064,2.0593,60.0731,1.8863
4798400000,20.4633,74.0451,8.8593,72.2906,2.0265,5.836,59.4017,2.0552,60.0582,1.8915
4808000000,20.4534,74.0292,8.8449,72.2689,2.0258,5.8283,59.4369,2.0455,60.087,1.8842
4817600000,20.4749,74.0125,8.8443,72.2589,2.0239,5.832,59.4644,2.0396,60.135,1.8811
4827200000,20.4816,74.0048,8.8424,72.2552,2.0269,5.8308,59.5026,2.0293,60.1865,1.8795
4836800000,20.4836,73.9816,8.8362,72.2372,2.0296,5.8279,59.4988,2.0249,60.2057,1.881
4846400000,20.4858,73.9663,8.8297,72.2136,2.0295,5.8262,59.4895,2.0122,60.2127,1.8752
4856000000,20.4808,73.9441,8.8229,72.1876,2.0265,5.8226,59.452,1.9953,60.1804,1.8705
4865600000,20.48,73.9367,8.8196,72.1616,2.0235,5.8147,59.4012,1.9782,60.146,1.8667
4875200000,20.4754,73.9205,8.8046,72.1317,2.0165,5.8015,59.3642,1.9605,60.1161,1.8633
4884800000,20.4882,73.8961,8.7774,72.1104,2.0106,5.7722,59.36,1.95,60.1271,1.8598
4894400000,20.4901,73.8824,8.7725,72.1026,2.004,5.7671,59.362,1.9384,60.1627,1.8723
4904000000,20.4879,73.8646,8.7681,72.0885,2.0036,5.7738,59.4068,1.9314,60.1939,1.8571
4913600000,20.4876,73.8481,8.7518,72.0853,2.0027,5.7556,59.4328,1.9348,60.2393,1.8589
4923200000,20.5022,73.8332,8.7533,72.0834,2.0029,5.765,59.4726,1.9319,60.2705,1.8561
4932800000,20.509,73.8161,8.748,72.0744,2.0063,5.7661,59.4897,1.9294,60.2894,1.8583
4942400000,20.5088,73.8003,8.7437,72.0616,2.009,5.7663,59.4775,1.93,60.2995,1.8604
4952000000,20.5108,73.7856,8.7373,72.0477,2.008,5.7648,59.4554,1.9239,60.2845,1.8624
4961600000,20.509,73.7737,8.7266,72.0274,2.0096,5.7615,59.4329,1.9221,60.2758,1.8631
4971200000,20.5234,73.7508,8.7044,72.0032,2.0081,5.736,59.3892,1.919,60.2484,1.863
4980800000,20.5251,73.7322,8.7028,71.9788,2.0147,5.7326,59.4004,1.9132,60.2418,1.8728
4990400000,20.5279,73.7156,8.6989,71.9789,2.0119,5.7516,59.4224,1.9204,60.2809,1.8697
5000000000,20.5302,73.6964,8.6977,71.9775,2.0046,5.756,59.4689,1.9221,60.3328,1.8605
