Time(s),S11 Log Mag(dB)
-0.00000001,-79.65052
-0.00000001,-80.068222
-0.00000001,-80.530884
-0.00000001,-81.042084
-0.00000001,-81.607147
-0.00000001,-82.23082
-0.00000001,-82.919632
-0.00000001,-83.682228
-0.00000001,-84.525482
-0.00000001,-85.460014
-0.00000001,-86.492668
-9.945E-009,-87.626244
-9.94E-009,-88.847534
-9.935E-009,-90.112648
-9.93E-009,-91.295464
-9.925E-009,-92.167953
-9.92E-009,-92.461388
-9.915E-009,-92.064323
-9.91E-009,-91.159531
-9.905E-009,-90.018265
-9.9E-009,-88.847244
-9.895E-009,-87.73555
-9.89E-009,-86.719505
-9.885E-009,-85.802788
-9.88E-009,-84.986488
-9.875E-009,-84.258141
-9.87E-009,-83.610786
-9.865E-009,-83.035431
-9.86E-009,-82.526184
-9.855E-009,-82.073807
-9.85E-009,-81.677582
-9.845E-009,-81.329552
-9.84E-009,-81.028389
-9.835E-009,-80.770378
-9.83E-009,-80.551872
-9.825E-009,-80.373932
-9.82E-009,-80.23188
-9.815E-009,-80.125122
-9.81E-009,-80.053406
-9.805E-009,-80.013924
-9.8E-009,-80.008041
-9.795E-009,-80.034912
-9.79E-009,-80.093765
-9.785E-009,-80.184158
-9.78E-009,-80.306488
-9.775E-009,-80.460793
-9.77E-009,-80.645546
-9.765E-009,-80.863365
-9.76E-009,-81.113922
-9.755E-009,-81.396027
-9.75E-009,-81.709488
-9.745E-009,-82.05452
-9.74E-009,-82.429047
-9.735E-009,-82.830917
-9.73E-009,-83.255157
-9.725E-009,-83.696838
-9.72E-009,-84.14724
-9.715E-009,-84.592278
-9.71E-009,-85.01606
-9.705E-009,-85.398796
-9.7E-009,-85.714081
-9.695E-009,-85.933929
-9.69E-009,-86.04364
-9.685E-009,-86.026825
-9.68E-009,-85.886765
-9.675E-009,-85.63224
-9.67E-009,-85.288498
-9.665E-009,-84.879807
-9.66E-009,-84.42897
-9.655E-009,-83.957726
-9.65E-009,-83.484093
-9.645E-009,-83.017502
-9.64E-009,-82.569862
-9.635E-009,-82.143486
-9.63E-009,-81.744881
-9.625E-009,-81.374504
-9.62E-009,-81.034744
-9.615E-009,-80.726204
-9.61E-009,-80.448387
-9.605E-009,-80.201424
-9.6E-009,-79.985512
-9.595E-009,-79.799477
-9.59E-009,-79.644424
-9.585E-009,-79.519119
-9.58E-009,-79.423218
-9.575E-009,-79.357307
-9.57E-009,-79.321388
-9.565E-009,-79.315407
-9.56E-009,-79.338905
-9.555E-009,-79.393608
-9.55E-009,-79.4795
-9.545E-009,-79.59697
-9.54E-009,-79.747368
-9.535E-009,-79.932022
-9.53E-009,-80.151207
-9.525E-009,-80.408264
-9.52E-009,-80.704536
-9.515E-009,-81.040901
-9.51E-009,-81.421463
-9.505E-009,-81.849335
-9.5E-009,-82.326973
-9.495E-009,-82.858192
-9.49E-009,-83.447922
-9.485E-009,-84.099556
-9.48E-009,-84.815964
-9.475E-009,-85.598434
-9.47E-009,-86.444489
-9.465E-009,-87.33992
-9.46E-009,-88.255516
-9.455E-009,-89.125656
-9.45E-009,-89.85173
-9.445E-009,-90.295624
-9.44E-009,-90.3451
-9.435E-009,-89.983185
-9.43E-009,-89.300743
-9.425E-009,-88.433594
-9.42E-009,-87.495842
-9.415E-009,-86.56205
-9.41E-009,-85.671249
-9.405E-009,-84.840553
-9.4E-009,-84.075073
-9.395E-009,-83.375702
-9.39E-009,-82.739014
-9.385E-009,-82.16172
-9.38E-009,-81.639412
-9.375E-009,-81.167953
-9.37E-009,-80.743896
-9.365E-009,-80.364525
-9.36E-009,-80.026634
-9.355E-009,-79.72776
-9.35E-009,-79.466469
-9.345E-009,-79.24086
-9.34E-009,-79.048698
-9.335E-009,-78.889435
-9.33E-009,-78.761688
-9.325E-009,-78.664948
-9.32E-009,-78.598442
-9.315E-009,-78.561462
-9.31E-009,-78.553635
-9.305E-009,-78.575249
-9.3E-009,-78.625671
-9.295E-009,-78.704819
-9.29E-009,-78.813194
-9.285E-009,-78.950401
-9.28E-009,-79.116989
-9.275E-009,-79.31292
-9.27E-009,-79.538147
-9.265E-009,-79.793068
-9.26E-009,-80.077133
-9.255E-009,-80.389832
-9.25E-009,-80.730125
-9.245E-009,-81.095543
-9.24E-009,-81.483185
-9.235E-009,-81.888283
-9.23E-009,-82.302498
-9.225E-009,-82.717102
-9.22E-009,-83.116783
-9.215E-009,-83.483986
-9.21E-009,-83.797119
-9.205E-009,-84.032799
-9.2E-009,-84.170761
-9.195E-009,-84.19474
-9.19E-009,-84.099617
-9.185E-009,-83.891045
-9.18E-009,-83.583176
-9.175E-009,-83.198662
-9.17E-009,-82.760124
-9.165E-009,-82.288513
-9.16E-009,-81.801811
-9.155E-009,-81.313461
-9.15E-009,-80.834145
-9.145E-009,-80.37117
-9.14E-009,-79.92881
-9.135E-009,-79.510529
-9.13E-009,-79.117691
-9.125E-009,-78.751595
-9.12E-009,-78.412659
-9.115E-009,-78.100975
-9.11E-009,-77.816063
-9.105E-009,-77.557724
-9.1E-009,-77.325264
-9.095E-009,-77.118584
-9.09E-009,-76.937027
-9.085E-009,-76.779793
-9.08E-009,-76.646919
-9.075E-009,-76.537788
-9.07E-009,-76.452202
-9.065E-009,-76.390022
-9.06E-009,-76.350845
-9.055E-009,-76.334641
-9.05E-009,-76.341118
-0.000000009,-76.370605
-0.000000009,-76.422966
-0.000000009,-76.498505
-0.000000009,-76.597214
-0.000000009,-76.719513
-0.000000009,-76.865715
-0.000000009,-77.036552
-0.000000009,-77.232254
-0.000000009,-77.453453
-0.000000009,-77.701149
-0.000000009,-77.976112
-0.000000009,-78.279213
-0.000000009,-78.611916
-0.000000009,-78.975174
-0.000000009,-79.370682
-0.000000009,-79.799767
-0.000000009,-80.264847
-0.000000009,-80.767227
-0.000000009,-81.309929
-0.000000009,-81.894424
-8.945E-009,-82.523773
-8.94E-009,-83.200356
-8.935E-009,-83.926521
-8.93E-009,-84.702911
-8.925E-009,-85.530449
-8.92E-009,-86.406288
-8.915E-009,-87.32225
-8.91E-009,-88.261482
-8.905E-009,-89.197098
-8.9E-009,-90.079636
-8.895E-009,-90.843903
-8.89E-009,-91.4132
-8.885E-009,-91.727592
-8.88E-009,-91.771935
-8.875E-009,-91.582588
-8.87E-009,-91.231415
-8.865E-009,-90.796883
-8.86E-009,-90.336349
-8.855E-009,-89.895416
-8.85E-009,-89.498131
-8.845E-009,-89.160706
-8.84E-009,-88.890518
-8.835E-009,-88.693527
-8.83E-009,-88.571251
-8.825E-009,-88.529648
-8.82E-009,-88.56974
-8.815E-009,-88.696678
-8.81E-009,-88.915131
-8.805E-009,-89.23423
-8.8E-009,-89.664421
-8.795E-009,-90.221611
-8.79E-009,-90.924294
-8.785E-009,-91.801613
-8.78E-009,-92.888359
-8.775E-009,-94.231499
-8.77E-009,-95.864441
-8.765E-009,-97.728203
-8.76E-009,-99.36544
-8.755E-009,-99.57444
-8.75E-009,-97.902756
-8.745E-009,-95.510048
-8.74E-009,-93.215729
-8.735E-009,-91.202293
-8.73E-009,-89.456749
-8.725E-009,-87.932289
-8.72E-009,-86.588562
-8.715E-009,-85.390877
-8.71E-009,-84.31469
-8.705E-009,-83.339447
-8.7E-009,-82.451447
-8.695E-009,-81.63829
-8.69E-009,-80.891624
-8.685E-009,-80.202614
-8.68E-009,-79.56601
-8.675E-009,-78.976494
-8.67E-009,-78.430382
-8.665E-009,-77.923325
-8.66E-009,-77.453041
-8.655E-009,-77.016754
-8.65E-009,-76.612221
-8.645E-009,-76.237236
-8.64E-009,-75.890549
-8.635E-009,-75.570671
-8.63E-009,-75.276375
-8.625E-009,-75.00634
-8.62E-009,-74.759583
-8.615E-009,-74.535667
-8.61E-009,-74.333298
-8.605E-009,-74.152298
-8.6E-009,-73.991707
-8.595E-009,-73.851326
-8.59E-009,-73.730377
-8.585E-009,-73.628609
-8.58E-009,-73.54583
-8.575E-009,-73.481606
-8.57E-009,-73.435646
-8.565E-009,-73.407845
-8.56E-009,-73.39817
-8.555E-009,-73.406273
-8.55E-009,-73.432083
-8.545E-009,-73.475647
-8.54E-009,-73.536629
-8.535E-009,-73.615288
-8.53E-009,-73.711555
-8.525E-009,-73.825546
-8.52E-009,-73.956993
-8.515E-009,-74.106255
-8.51E-009,-74.27314
-8.505E-009,-74.457573
-8.5E-009,-74.65979
-8.495E-009,-74.879997
-8.49E-009,-75.117493
-8.485E-009,-75.372528
-8.48E-009,-75.644859
-8.475E-009,-75.933937
-8.47E-009,-76.239914
-8.465E-009,-76.561798
-8.46E-009,-76.89872
-8.455E-009,-77.249413
-8.45E-009,-77.612938
-8.445E-009,-77.987404
-8.44E-009,-78.370216
-8.435E-009,-78.758934
-8.43E-009,-79.149925
-8.425E-009,-79.539627
-8.42E-009,-79.923279
-8.415E-009,-80.296234
-8.41E-009,-80.652664
-8.405E-009,-80.988632
-8.4E-009,-81.298653
-8.395E-009,-81.578354
-8.39E-009,-81.825981
-8.385E-009,-82.039642
-8.38E-009,-82.219124
-8.375E-009,-82.368828
-8.37E-009,-82.490372
-8.365E-009,-82.590309
-8.36E-009,-82.674217
-8.355E-009,-82.749489
-8.35E-009,-82.82251
-8.345E-009,-82.89946
-8.34E-009,-82.987709
-8.335E-009,-83.092926
-8.33E-009,-83.220627
-8.325E-009,-83.37719
-8.32E-009,-83.567879
-8.315E-009,-83.797554
-8.31E-009,-84.072815
-8.305E-009,-84.398247
-8.3E-009,-84.780792
-8.295E-009,-85.228065
-8.29E-009,-85.746414
-8.285E-009,-86.345566
-8.28E-009,-87.033104
-8.275E-009,-87.815483
-8.27E-009,-88.694885
-8.265E-009,-89.656761
-8.26E-009,-90.655121
-8.255E-009,-91.579308
-8.25E-009,-92.217438
-8.245E-009,-92.319267
-8.24E-009,-91.775208
-8.235E-009,-90.728676
-8.23E-009,-89.437012
-8.225E-009,-88.089592
-8.22E-009,-86.788979
-8.215E-009,-85.574066
-8.21E-009,-84.455772
-8.205E-009,-83.43042
-8.2E-009,-82.491615
-8.195E-009,-81.630966
-8.19E-009,-80.84066
-8.185E-009,-80.113503
-8.18E-009,-79.443329
-8.175E-009,-78.82531
-8.17E-009,-78.254204
-8.165E-009,-77.726631
-8.16E-009,-77.239029
-8.155E-009,-76.788528
-8.15E-009,-76.373131
-8.145E-009,-75.990204
-8.14E-009,-75.638
-8.135E-009,-75.315117
-8.13E-009,-75.020149
-8.125E-009,-74.751884
-8.12E-009,-74.5093
-8.115E-009,-74.291512
-8.11E-009,-74.097969
-8.105E-009,-73.927773
-8.1E-009,-73.780579
-8.095E-009,-73.655884
-8.09E-009,-73.553474
-8.085E-009,-73.472961
-8.08E-009,-73.41433
-8.075E-009,-73.37735
-8.07E-009,-73.362389
-8.065E-009,-73.369194
-8.06E-009,-73.398018
-8.055E-009,-73.449219
-8.05E-009,-73.523148
-0.000000008,-73.620277
-0.000000008,-73.741226
-0.000000008,-73.886612
-0.000000008,-74.057487
-0.000000008,-74.254623
-0.000000008,-74.479317
-0.000000008,-74.733299
-0.000000008,-75.017532
-0.000000008,-75.334747
-0.000000008,-75.686836
-0.000000008,-76.076622
-0.000000008,-76.507523
-0.000000008,-76.983246
-0.000000008,-77.508919
-0.000000008,-78.090363
-0.000000008,-78.734848
-0.000000008,-79.45137
-0.000000008,-80.252007
-0.000000008,-81.151596
-0.000000008,-82.169891
-7.945E-009,-83.333076
-7.94E-009,-84.677284
-7.935E-009,-86.248863
-7.93E-009,-88.102516
-7.925E-009,-90.270576
-7.92E-009,-92.589325
-7.915E-009,-94.173019
-7.91E-009,-93.628052
-7.905E-009,-91.548317
-7.9E-009,-89.295128
-7.895E-009,-87.319305
-7.89E-009,-85.650696
-7.885E-009,-84.236565
-7.88E-009,-83.024536
-7.875E-009,-81.973717
-7.87E-009,-81.053642
-7.865E-009,-80.240425
-7.86E-009,-79.516907
-7.855E-009,-78.869415
-7.85E-009,-78.28791
-7.845E-009,-77.763611
-7.84E-009,-77.289566
-7.835E-009,-76.860176
-7.83E-009,-76.471344
-7.825E-009,-76.118408
-7.82E-009,-75.798355
-7.815E-009,-75.508278
-7.81E-009,-75.245644
-7.805E-009,-75.00827
-7.8E-009,-74.793938
-7.795E-009,-74.600891
-7.79E-009,-74.427826
-7.785E-009,-74.272919
-7.78E-009,-74.134911
-7.775E-009,-74.012329
-7.77E-009,-73.90419
-7.765E-009,-73.809052
-7.76E-009,-73.726051
-7.755E-009,-73.653854
-7.75E-009,-73.591797
-7.745E-009,-73.538597
-7.74E-009,-73.493378
-7.735E-009,-73.455421
-7.73E-009,-73.423737
-7.725E-009,-73.397423
-7.72E-009,-73.375984
-7.715E-009,-73.358574
-7.71E-009,-73.344734
-7.705E-009,-73.333832
-7.7E-009,-73.325356
-7.695E-009,-73.31916
-7.69E-009,-73.314827
-7.685E-009,-73.312202
-7.68E-009,-73.311295
-7.675E-009,-73.311966
-7.67E-009,-73.314751
-7.665E-009,-73.319435
-7.66E-009,-73.326584
-7.655E-009,-73.336647
-7.65E-009,-73.34993
-7.645E-009,-73.367111
-7.64E-009,-73.388847
-7.635E-009,-73.415787
-7.63E-009,-73.448746
-7.625E-009,-73.488411
-7.62E-009,-73.535545
-7.615E-009,-73.591263
-7.61E-009,-73.656189
-7.605E-009,-73.731277
-7.6E-009,-73.817657
-7.595E-009,-73.916237
-7.59E-009,-74.027992
-7.585E-009,-74.153816
-7.58E-009,-74.295021
-7.575E-009,-74.452911
-7.57E-009,-74.628288
-7.565E-009,-74.822723
-7.56E-009,-75.037521
-7.555E-009,-75.27433
-7.55E-009,-75.534584
-7.545E-009,-75.820122
-7.54E-009,-76.132835
-7.535E-009,-76.475548
-7.53E-009,-76.849731
-7.525E-009,-77.259109
-7.52E-009,-77.706276
-7.515E-009,-78.195351
-7.51E-009,-78.730247
-7.505E-009,-79.315567
-7.5E-009,-79.957153
-7.495E-009,-80.66114
-7.49E-009,-81.433258
-7.485E-009,-82.28064
-7.48E-009,-83.208626
-7.475E-009,-84.217422
-7.47E-009,-85.296402
-7.465E-009,-86.412437
-7.46E-009,-87.484612
-7.455E-009,-88.365036
-7.45E-009,-88.846992
-7.445E-009,-88.783562
-7.44E-009,-88.202477
-7.435E-009,-87.290565
-7.43E-009,-86.24028
-7.425E-009,-85.179771
-7.42E-009,-84.171143
-7.415E-009,-83.239143
-7.41E-009,-82.391037
-7.405E-009,-81.624062
-7.4E-009,-80.93261
-7.395E-009,-80.310455
-7.39E-009,-79.752136
-7.385E-009,-79.251518
-7.38E-009,-78.804298
-7.375E-009,-78.405739
-7.37E-009,-78.052956
-7.365E-009,-77.742218
-7.36E-009,-77.471725
-7.355E-009,-77.238724
-7.35E-009,-77.041924
-7.345E-009,-76.879501
-7.34E-009,-76.750496
-7.335E-009,-76.653481
-7.33E-009,-76.588181
-7.325E-009,-76.553596
-7.32E-009,-76.549507
-7.315E-009,-76.575539
-7.31E-009,-76.631493
-7.305E-009,-76.71701
-7.3E-009,-76.832207
-7.295E-009,-76.977272
-7.29E-009,-77.151794
-7.285E-009,-77.355392
-7.28E-009,-77.588318
-7.275E-009,-77.849556
-7.27E-009,-78.138023
-7.265E-009,-78.451469
-7.26E-009,-78.787674
-7.255E-009,-79.141891
-7.25E-009,-79.507004
-7.245E-009,-79.874962
-7.24E-009,-80.232956
-7.235E-009,-80.56546
-7.23E-009,-80.853386
-7.225E-009,-81.075409
-7.22E-009,-81.2118
-7.215E-009,-81.24511
-7.21E-009,-81.167091
-7.205E-009,-80.978279
-7.2E-009,-80.688858
-7.195E-009,-80.317047
-7.19E-009,-79.883339
-7.185E-009,-79.408333
-7.18E-009,-78.910217
-7.175E-009,-78.403908
-7.17E-009,-77.900536
-7.165E-009,-77.408394
-7.16E-009,-76.932976
-7.155E-009,-76.478317
-7.15E-009,-76.0466
-7.145E-009,-75.639702
-7.14E-009,-75.257683
-7.135E-009,-74.90107
-7.13E-009,-74.569603
-7.125E-009,-74.263405
-7.12E-009,-73.981674
-7.115E-009,-73.724091
-7.11E-009,-73.490135
-7.105E-009,-73.279152
-7.1E-009,-73.091057
-7.095E-009,-72.924667
-7.09E-009,-72.780174
-7.085E-009,-72.656944
-7.08E-009,-72.554665
-7.075E-009,-72.472992
-7.07E-009,-72.411598
-7.065E-009,-72.370445
-7.06E-009,-72.349174
-7.055E-009,-72.347603
-7.05E-009,-72.365738
-0.000000007,-72.403465
-0.000000007,-72.460625
-0.000000007,-72.537354
-0.000000007,-72.633499
-0.000000007,-72.749336
-0.000000007,-72.884628
-0.000000007,-73.039444
-0.000000007,-73.213905
-0.000000007,-73.408241
-0.000000007,-73.62191
-0.000000007,-73.85524
-0.000000007,-74.108109
-0.000000007,-74.380013
-0.000000007,-74.670731
-0.000000007,-74.979729
-0.000000007,-75.305763
-0.000000007,-75.64785
-0.000000007,-76.004318
-0.000000007,-76.372887
-0.000000007,-76.750504
-6.945E-009,-77.133362
-6.94E-009,-77.516724
-6.935E-009,-77.894562
-6.93E-009,-78.260658
-6.925E-009,-78.606705
-6.92E-009,-78.924599
-6.915E-009,-79.206139
-6.91E-009,-79.443466
-6.905E-009,-79.630157
-6.9E-009,-79.762978
-6.895E-009,-79.840569
-6.89E-009,-79.865311
-6.885E-009,-79.842125
-6.88E-009,-79.77771
-6.875E-009,-79.680733
-6.87E-009,-79.559769
-6.865E-009,-79.423798
-6.86E-009,-79.279945
-6.855E-009,-79.135834
-6.85E-009,-78.996971
-6.845E-009,-78.868881
-6.84E-009,-78.75499
-6.835E-009,-78.658577
-6.83E-009,-78.582687
-6.825E-009,-78.5289
-6.82E-009,-78.499054
-6.815E-009,-78.494507
-6.81E-009,-78.516296
-6.805E-009,-78.564964
-6.8E-009,-78.641556
-6.795E-009,-78.74646
-6.79E-009,-78.879776
-6.785E-009,-79.042007
-6.78E-009,-79.232445
-6.775E-009,-79.450813
-6.77E-009,-79.695793
-6.765E-009,-79.965569
-6.76E-009,-80.257339
-6.755E-009,-80.566078
-6.75E-009,-80.886406
-6.745E-009,-81.208961
-6.74E-009,-81.522858
-6.735E-009,-81.812912
-6.73E-009,-82.062691
-6.725E-009,-82.252846
-6.72E-009,-82.365356
-6.715E-009,-82.385315
-6.71E-009,-82.304016
-6.705E-009,-82.123207
-6.7E-009,-81.849525
-6.695E-009,-81.498718
-6.69E-009,-81.08876
-6.685E-009,-80.638519
-6.68E-009,-80.165215
-6.675E-009,-79.682266
-6.67E-009,-79.201012
-6.665E-009,-78.729988
-6.66E-009,-78.275085
-6.655E-009,-77.840424
-6.65E-009,-77.42878
-6.645E-009,-77.04203
-6.64E-009,-76.68103
-6.635E-009,-76.346336
-6.63E-009,-76.038315
-6.625E-009,-75.756874
-6.62E-009,-75.502144
-6.615E-009,-75.273338
-6.61E-009,-75.070526
-6.605E-009,-74.893654
-6.6E-009,-74.742393
-6.595E-009,-74.616341
-6.59E-009,-74.515503
-6.585E-009,-74.440178
-6.58E-009,-74.390083
-6.575E-009,-74.36541
-6.57E-009,-74.366409
-6.565E-009,-74.393333
-6.56E-009,-74.446869
-6.555E-009,-74.527451
-6.55E-009,-74.635696
-6.545E-009,-74.772896
-6.54E-009,-74.93972
-6.535E-009,-75.137711
-6.53E-009,-75.368378
-6.525E-009,-75.633652
-6.52E-009,-75.93605
-6.515E-009,-76.277756
-6.51E-009,-76.662468
-6.505E-009,-77.093964
-6.5E-009,-77.577324
-6.495E-009,-78.118874
-6.49E-009,-78.725693
-6.485E-009,-79.408112
-6.48E-009,-80.178566
-6.475E-009,-81.054283
-6.47E-009,-82.058426
-6.465E-009,-83.224327
-6.46E-009,-84.602791
-6.455E-009,-86.273056
-6.45E-009,-88.373428
-6.445E-009,-91.183304
-6.44E-009,-95.394836
-6.435E-009,-103.90904
-6.43E-009,-107.18913
-6.425E-009,-96.5243
-6.42E-009,-91.890747
-6.415E-009,-88.910408
-6.41E-009,-86.723404
-6.405E-009,-85.00489
-6.4E-009,-83.599014
-6.395E-009,-82.416924
-6.39E-009,-81.404396
-6.385E-009,-80.525795
-6.38E-009,-79.755493
-6.375E-009,-79.075729
-6.37E-009,-78.472984
-6.365E-009,-77.936958
-6.36E-009,-77.45945
-6.355E-009,-77.033737
-6.35E-009,-76.654793
-6.345E-009,-76.318451
-6.34E-009,-76.020538
-6.335E-009,-75.758316
-6.33E-009,-75.529396
-6.325E-009,-75.331001
-6.32E-009,-75.16153
-6.315E-009,-75.018944
-6.31E-009,-74.901642
-6.305E-009,-74.808205
-6.3E-009,-74.737106
-6.295E-009,-74.686958
-6.29E-009,-74.656578
-6.285E-009,-74.644287
-6.28E-009,-74.648819
-6.275E-009,-74.668625
-6.27E-009,-74.702049
-6.265E-009,-74.747643
-6.26E-009,-74.803123
-6.255E-009,-74.866737
-6.25E-009,-74.936478
-6.245E-009,-75.009598
-6.24E-009,-75.083893
-6.235E-009,-75.156731
-6.23E-009,-75.225235
-6.225E-009,-75.287041
-6.22E-009,-75.339272
-6.215E-009,-75.379593
-6.21E-009,-75.406044
-6.205E-009,-75.416618
-6.2E-009,-75.410515
-6.195E-009,-75.386543
-6.19E-009,-75.345047
-6.185E-009,-75.286606
-6.18E-009,-75.212173
-6.175E-009,-75.123291
-6.17E-009,-75.022491
-6.165E-009,-74.911407
-6.16E-009,-74.793007
-6.155E-009,-74.669846
-6.15E-009,-74.544403
-6.145E-009,-74.41922
-6.14E-009,-74.29673
-6.135E-009,-74.179047
-6.13E-009,-74.068436
-6.125E-009,-73.966553
-6.12E-009,-73.875198
-6.115E-009,-73.795731
-6.11E-009,-73.729836
-6.105E-009,-73.678787
-6.1E-009,-73.643593
-6.095E-009,-73.625427
-6.09E-009,-73.625427
-6.085E-009,-73.644394
-6.08E-009,-73.683525
-6.075E-009,-73.743622
-6.07E-009,-73.825851
-6.065E-009,-73.93116
-6.06E-009,-74.060837
-6.055E-009,-74.215981
-6.05E-009,-74.397995
-0.000000006,-74.608253
-0.000000006,-74.848183
-0.000000006,-75.119904
-0.000000006,-75.425224
-0.000000006,-75.766609
-0.000000006,-76.146408
-0.000000006,-76.567139
-0.000000006,-77.032402
-0.000000006,-77.545166
-0.000000006,-78.108643
-0.000000006,-78.727005
-0.000000006,-79.402229
-0.000000006,-80.13488
-0.000000006,-80.922722
-0.000000006,-81.755089
-0.000000006,-82.609673
-0.000000006,-83.439186
-0.000000006,-84.167671
-0.000000006,-84.688629
-0.000000006,-84.894821
-5.945E-009,-84.731186
-5.94E-009,-84.234512
-5.935E-009,-83.506485
-5.93E-009,-82.656296
-5.925E-009,-81.768425
-5.92E-009,-80.894951
-5.915E-009,-80.0634
-5.91E-009,-79.28479
-5.905E-009,-78.565041
-5.9E-009,-77.902519
-5.895E-009,-77.295715
-5.89E-009,-76.740921
-5.885E-009,-76.235489
-5.88E-009,-75.775566
-5.875E-009,-75.358604
-5.87E-009,-74.981476
-5.865E-009,-74.641899
-5.86E-009,-74.337837
-5.855E-009,-74.067398
-5.85E-009,-73.828873
-5.845E-009,-73.620827
-5.84E-009,-73.442276
-5.835E-009,-73.292
-5.83E-009,-73.169144
-5.825E-009,-73.073219
-5.82E-009,-73.003197
-5.815E-009,-72.959053
-5.81E-009,-72.940094
-5.805E-009,-72.946167
-5.8E-009,-72.977028
-5.795E-009,-73.032768
-5.79E-009,-73.113091
-5.785E-009,-73.218307
-5.78E-009,-73.348511
-5.775E-009,-73.503662
-5.77E-009,-73.683907
-5.765E-009,-73.889626
-5.76E-009,-74.12114
-5.755E-009,-74.378395
-5.75E-009,-74.661247
-5.745E-009,-74.9702
-5.74E-009,-75.304092
-5.735E-009,-75.66291
-5.73E-009,-76.04496
-5.725E-009,-76.448242
-5.72E-009,-76.869766
-5.715E-009,-77.304565
-5.71E-009,-77.746277
-5.705E-009,-78.186012
-5.7E-009,-78.612236
-5.695E-009,-79.009933
-5.69E-009,-79.362709
-5.685E-009,-79.652664
-5.68E-009,-79.862526
-5.675E-009,-79.979637
-5.67E-009,-79.997513
-5.665E-009,-79.918556
-5.66E-009,-79.751518
-5.655E-009,-79.512039
-5.65E-009,-79.217659
-5.645E-009,-78.886482
-5.64E-009,-78.534462
-5.635E-009,-78.175003
-5.63E-009,-77.818489
-5.625E-009,-77.473183
-5.62E-009,-77.144585
-5.615E-009,-76.837036
-5.61E-009,-76.553078
-5.605E-009,-76.294777
-5.6E-009,-76.063263
-5.595E-009,-75.859207
-5.59E-009,-75.683167
-5.585E-009,-75.53521
-5.58E-009,-75.415428
-5.575E-009,-75.323761
-5.57E-009,-75.26049
-5.565E-009,-75.225441
-5.56E-009,-75.218735
-5.555E-009,-75.240372
-5.55E-009,-75.290527
-5.545E-009,-75.369728
-5.54E-009,-75.477699
-5.535E-009,-75.615257
-5.53E-009,-75.782379
-5.525E-009,-75.979675
-5.52E-009,-76.207466
-5.515E-009,-76.466057
-5.51E-009,-76.755554
-5.505E-009,-77.075974
-5.5E-009,-77.426666
-5.495E-009,-77.806816
-5.49E-009,-78.213959
-5.485E-009,-78.644844
-5.48E-009,-79.094009
-5.475E-009,-79.553627
-5.47E-009,-80.011131
-5.465E-009,-80.451202
-5.46E-009,-80.853035
-5.455E-009,-81.1922
-5.45E-009,-81.443306
-5.445E-009,-81.583641
-5.44E-009,-81.598824
-5.435E-009,-81.486961
-5.43E-009,-81.258667
-5.425E-009,-80.934204
-5.42E-009,-80.538574
-5.415E-009,-80.096779
-5.41E-009,-79.631721
-5.405E-009,-79.159836
-5.4E-009,-78.695
-5.395E-009,-78.246338
-5.39E-009,-77.820007
-5.385E-009,-77.420181
-5.38E-009,-77.04966
-5.375E-009,-76.709595
-5.37E-009,-76.400764
-5.365E-009,-76.12365
-5.36E-009,-75.877998
-5.355E-009,-75.663719
-5.35E-009,-75.480873
-5.345E-009,-75.328903
-5.34E-009,-75.207817
-5.335E-009,-75.117653
-5.33E-009,-75.058311
-5.325E-009,-75.029732
-5.32E-009,-75.032623
-5.315E-009,-75.067192
-5.31E-009,-75.134018
-5.305E-009,-75.233986
-5.3E-009,-75.368355
-5.295E-009,-75.538231
-5.29E-009,-75.745224
-5.285E-009,-75.991692
-5.28E-009,-76.279663
-5.275E-009,-76.612373
-5.27E-009,-76.993576
-5.265E-009,-77.427689
-5.26E-009,-77.920029
-5.255E-009,-78.477692
-5.25E-009,-79.109329
-5.245E-009,-79.825455
-5.24E-009,-80.64061
-5.235E-009,-81.572548
-5.23E-009,-82.645218
-5.225E-009,-83.890083
-5.22E-009,-85.346321
-5.215E-009,-87.05619
-5.21E-009,-89.03215
-5.205E-009,-91.11087
-5.2E-009,-92.56131
-5.195E-009,-92.245682
-5.19E-009,-90.444901
-5.185E-009,-88.32003
-5.18E-009,-86.383591
-5.175E-009,-84.717216
-5.17E-009,-83.292847
-5.165E-009,-82.066551
-5.16E-009,-81.001823
-5.155E-009,-80.069908
-5.15E-009,-79.24881
-5.145E-009,-78.521744
-5.14E-009,-77.875237
-5.135E-009,-77.299477
-5.13E-009,-76.786278
-5.125E-009,-76.329185
-5.12E-009,-75.922882
-5.115E-009,-75.563171
-5.11E-009,-75.246506
-5.105E-009,-74.969772
-5.1E-009,-74.730927
-5.095E-009,-74.52784
-5.09E-009,-74.358795
-5.085E-009,-74.222198
-5.08E-009,-74.117256
-5.075E-009,-74.042778
-5.07E-009,-73.998146
-5.065E-009,-73.982735
-5.06E-009,-73.996033
-5.055E-009,-74.037552
-5.05E-009,-74.106956
-0.000000005,-74.204155
-0.000000005,-74.328674
-0.000000005,-74.480453
-0.000000005,-74.658852
-0.000000005,-74.863564
-0.000000005,-75.093773
-0.000000005,-75.34861
-0.000000005,-75.626335
-0.000000005,-75.924538
-0.000000005,-76.240089
-0.000000005,-76.568474
-0.000000005,-76.903938
-0.000000005,-77.238358
-0.000000005,-77.56208
-0.000000005,-77.86261
-0.000000005,-78.125641
-0.000000005,-78.336708
-0.000000005,-78.481926
-0.000000005,-78.549141
-0.000000005,-78.532112
-4.945E-009,-78.429947
-4.94E-009,-78.248863
-4.935E-009,-77.998894
-4.93E-009,-77.694115
-4.925E-009,-77.349182
-4.92E-009,-76.978737
-4.915E-009,-76.594749
-4.91E-009,-76.208122
-4.905E-009,-75.826675
-4.9E-009,-75.456924
-4.895E-009,-75.103386
-4.89E-009,-74.769501
-4.885E-009,-74.457222
-4.88E-009,-74.168724
-4.875E-009,-73.9049
-4.87E-009,-73.666168
-4.865E-009,-73.453598
-4.86E-009,-73.266876
-4.855E-009,-73.106667
-4.85E-009,-72.972794
-4.845E-009,-72.86557
-4.84E-009,-72.784843
-4.835E-009,-72.731201
-4.83E-009,-72.704933
-4.825E-009,-72.7061
-4.82E-009,-72.735237
-4.815E-009,-72.793297
-4.81E-009,-72.880875
-4.805E-009,-72.99894
-4.8E-009,-73.148201
-4.795E-009,-73.330452
-4.79E-009,-73.547058
-4.785E-009,-73.79998
-4.78E-009,-74.092232
-4.775E-009,-74.42585
-4.77E-009,-74.804184
-4.765E-009,-75.231956
-4.76E-009,-75.713348
-4.755E-009,-76.255409
-4.75E-009,-76.864548
-4.745E-009,-77.550621
-4.74E-009,-78.325516
-4.735E-009,-79.203575
-4.73E-009,-80.204353
-4.725E-009,-81.351059
-4.72E-009,-82.670212
-4.715E-009,-84.190514
-4.71E-009,-85.909943
-4.705E-009,-87.720207
-4.7E-009,-89.190887
-4.695E-009,-89.516205
-4.69E-009,-88.43309
-4.685E-009,-86.665329
-4.68E-009,-84.851372
-4.675E-009,-83.210373
-4.67E-009,-81.775932
-4.665E-009,-80.527237
-4.66E-009,-79.435875
-4.655E-009,-78.476913
-4.65E-009,-77.629799
-4.645E-009,-76.876625
-4.64E-009,-76.205688
-4.635E-009,-75.606125
-4.63E-009,-75.069748
-4.625E-009,-74.58934
-4.62E-009,-74.159904
-4.615E-009,-73.777611
-4.61E-009,-73.437431
-4.605E-009,-73.137489
-4.6E-009,-72.874329
-4.595E-009,-72.646858
-4.59E-009,-72.452484
-4.585E-009,-72.289879
-4.58E-009,-72.158005
-4.575E-009,-72.055595
-4.57E-009,-71.982346
-4.565E-009,-71.93689
-4.56E-009,-71.919571
-4.555E-009,-71.929497
-4.55E-009,-71.966591
-4.545E-009,-72.030777
-4.54E-009,-72.121925
-4.535E-009,-72.240601
-4.53E-009,-72.386276
-4.525E-009,-72.55983
-4.52E-009,-72.761353
-4.515E-009,-72.991394
-4.51E-009,-73.250175
-4.505E-009,-73.53804
-4.5E-009,-73.855942
-4.495E-009,-74.203506
-4.49E-009,-74.580788
-4.485E-009,-74.987228
-4.48E-009,-75.422318
-4.475E-009,-75.883369
-4.47E-009,-76.366714
-4.465E-009,-76.867714
-4.46E-009,-77.37748
-4.455E-009,-77.884575
-4.45E-009,-78.372726
-4.445E-009,-78.821693
-4.44E-009,-79.208084
-4.435E-009,-79.506348
-4.43E-009,-79.694649
-4.425E-009,-79.759857
-4.42E-009,-79.699898
-4.415E-009,-79.526283
-4.41E-009,-79.25856
-4.405E-009,-78.921555
-4.4E-009,-78.540314
-4.395E-009,-78.136208
-4.39E-009,-77.72744
-4.385E-009,-77.326302
-4.38E-009,-76.941948
-4.375E-009,-76.581833
-4.37E-009,-76.249107
-4.365E-009,-75.94725
-4.36E-009,-75.677727
-4.355E-009,-75.44149
-4.35E-009,-75.239151
-4.345E-009,-75.071106
-4.34E-009,-74.93737
-4.335E-009,-74.838257
-4.33E-009,-74.773964
-4.325E-009,-74.744919
-4.32E-009,-74.751511
-4.315E-009,-74.794121
-4.31E-009,-74.874443
-4.305E-009,-74.99279
-4.3E-009,-75.150978
-4.295E-009,-75.3508
-4.29E-009,-75.59417
-4.285E-009,-75.884239
-4.28E-009,-76.224098
-4.275E-009,-76.61763
-4.27E-009,-77.069687
-4.265E-009,-77.586418
-4.26E-009,-78.174187
-4.255E-009,-78.842194
-4.25E-009,-79.599632
-4.245E-009,-80.457863
-4.24E-009,-81.427513
-4.235E-009,-82.515732
-4.23E-009,-83.715843
-4.225E-009,-84.984436
-4.22E-009,-86.189407
-4.215E-009,-87.057716
-4.21E-009,-87.240517
-4.205E-009,-86.62265
-4.2E-009,-85.45784
-4.195E-009,-84.08976
-4.19E-009,-82.726723
-4.185E-009,-81.457626
-4.18E-009,-80.304375
-4.175E-009,-79.267097
-4.17E-009,-78.335831
-4.165E-009,-77.499084
-4.16E-009,-76.746269
-4.155E-009,-76.068039
-4.15E-009,-75.456444
-4.145E-009,-74.904449
-4.14E-009,-74.406738
-4.135E-009,-73.958382
-4.13E-009,-73.555687
-4.125E-009,-73.195404
-4.12E-009,-72.874359
-4.115E-009,-72.590759
-4.11E-009,-72.342453
-4.105E-009,-72.127769
-4.1E-009,-71.94548
-4.095E-009,-71.794495
-4.09E-009,-71.673767
-4.085E-009,-71.582924
-4.08E-009,-71.521233
-4.075E-009,-71.488411
-4.07E-009,-71.484283
-4.065E-009,-71.508835
-4.06E-009,-71.562065
-4.055E-009,-71.644394
-4.05E-009,-71.75602
-0.000000004,-71.89756
-0.000000004,-72.069618
-0.000000004,-72.273102
-0.000000004,-72.508636
-0.000000004,-72.777641
-0.000000004,-73.080833
-0.000000004,-73.41983
-0.000000004,-73.795502
-0.000000004,-74.209114
-0.000000004,-74.66124
-0.000000004,-75.152351
-0.000000004,-75.681503
-0.000000004,-76.245972
-0.000000004,-76.839966
-0.000000004,-77.453598
-0.000000004,-78.069923
-0.000000004,-78.662849
-0.000000004,-79.19593
-0.000000004,-79.622948
-0.000000004,-79.895752
-3.945E-009,-79.976891
-3.94E-009,-79.853912
-3.935E-009,-79.544617
-3.93E-009,-79.089241
-3.925E-009,-78.536766
-3.92E-009,-77.931549
-3.915E-009,-77.30864
-3.91E-009,-76.692238
-3.905E-009,-76.097733
-3.9E-009,-75.534569
-3.895E-009,-75.007545
-3.89E-009,-74.51931
-3.885E-009,-74.070107
-3.88E-009,-73.65995
-3.875E-009,-73.28791
-3.87E-009,-72.952965
-3.865E-009,-72.653984
-3.86E-009,-72.389931
-3.855E-009,-72.159447
-3.85E-009,-71.961876
-3.845E-009,-71.796173
-3.84E-009,-71.66185
-3.835E-009,-71.55822
-3.83E-009,-71.484947
-3.825E-009,-71.441658
-3.82E-009,-71.428329
-3.815E-009,-71.444923
-3.81E-009,-71.491745
-3.805E-009,-71.56884
-3.8E-009,-71.676926
-3.795E-009,-71.816444
-3.79E-009,-71.988388
-3.785E-009,-72.19355
-3.78E-009,-72.433281
-3.775E-009,-72.708618
-3.77E-009,-73.02124
-3.765E-009,-73.372696
-3.76E-009,-73.764755
-3.755E-009,-74.199249
-3.75E-009,-74.677612
-3.745E-009,-75.201241
-3.74E-009,-75.770203
-3.735E-009,-76.383026
-3.73E-009,-77.035248
-3.725E-009,-77.716728
-3.72E-009,-78.409363
-3.715E-009,-79.082077
-3.71E-009,-79.688751
-3.705E-009,-80.167412
-3.7E-009,-80.452385
-3.695E-009,-80.493561
-3.69E-009,-80.282188
-3.685E-009,-79.852867
-3.68E-009,-79.267906
-3.675E-009,-78.592819
-3.67E-009,-77.880661
-3.665E-009,-77.168648
-3.66E-009,-76.479416
-3.655E-009,-75.826378
-3.65E-009,-75.215477
-3.645E-009,-74.649414
-3.64E-009,-74.128586
-3.635E-009,-73.652184
-3.63E-009,-73.218491
-3.625E-009,-72.825821
-3.62E-009,-72.472389
-3.615E-009,-72.156441
-3.61E-009,-71.876503
-3.605E-009,-71.630936
-3.6E-009,-71.418755
-3.595E-009,-71.238579
-3.59E-009,-71.089638
-3.585E-009,-70.970985
-3.58E-009,-70.882271
-3.575E-009,-70.822777
-3.57E-009,-70.792244
-3.565E-009,-70.79039
-3.56E-009,-70.817322
-3.555E-009,-70.87278
-3.55E-009,-70.957191
-3.545E-009,-71.070557
-3.54E-009,-71.21344
-3.535E-009,-71.385986
-3.53E-009,-71.589104
-3.525E-009,-71.823235
-3.52E-009,-72.088852
-3.515E-009,-72.38678
-3.51E-009,-72.717445
-3.505E-009,-73.0812
-3.5E-009,-73.477966
-3.495E-009,-73.907028
-3.49E-009,-74.367119
-3.485E-009,-74.854874
-3.48E-009,-75.364685
-3.475E-009,-75.888863
-3.47E-009,-76.413933
-3.465E-009,-76.920998
-3.46E-009,-77.385895
-3.455E-009,-77.778664
-3.45E-009,-78.067017
-3.445E-009,-78.222336
-3.44E-009,-78.22834
-3.435E-009,-78.085083
-3.43E-009,-77.809654
-3.425E-009,-77.430672
-3.42E-009,-76.98024
-3.415E-009,-76.488602
-3.41E-009,-75.980453
-3.405E-009,-75.4739
-3.4E-009,-74.982292
-3.395E-009,-74.513634
-3.39E-009,-74.073868
-3.385E-009,-73.665787
-3.38E-009,-73.291092
-3.375E-009,-72.950905
-3.37E-009,-72.644981
-3.365E-009,-72.373238
-3.36E-009,-72.135422
-3.355E-009,-71.931099
-3.35E-009,-71.759949
-3.345E-009,-71.621353
-3.34E-009,-71.515388
-3.335E-009,-71.441772
-3.33E-009,-71.400398
-3.325E-009,-71.391663
-3.32E-009,-71.415619
-3.315E-009,-71.473183
-3.31E-009,-71.56469
-3.305E-009,-71.691322
-3.3E-009,-71.854248
-3.295E-009,-72.055077
-3.29E-009,-72.295715
-3.285E-009,-72.578461
-3.28E-009,-72.905983
-3.275E-009,-73.281593
-3.27E-009,-73.709488
-3.265E-009,-74.194557
-3.26E-009,-74.742264
-3.255E-009,-75.359962
-3.25E-009,-76.055649
-3.245E-009,-76.83876
-3.24E-009,-77.720078
-3.235E-009,-78.709328
-3.23E-009,-79.812439
-3.225E-009,-81.020546
-3.22E-009,-82.287704
-3.215E-009,-83.484489
-3.21E-009,-84.346024
-3.205E-009,-84.546135
-3.2E-009,-83.977165
-3.195E-009,-82.876617
-3.19E-009,-81.567345
-3.185E-009,-80.255936
-3.18E-009,-79.029373
-3.175E-009,-77.914497
-3.17E-009,-76.911659
-3.165E-009,-76.012512
-3.16E-009,-75.206879
-3.155E-009,-74.484108
-3.15E-009,-73.835342
-3.145E-009,-73.253082
-3.14E-009,-72.730469
-3.135E-009,-72.262444
-3.13E-009,-71.84407
-3.125E-009,-71.471947
-3.12E-009,-71.142769
-3.115E-009,-70.854004
-3.11E-009,-70.603172
-3.105E-009,-70.388969
-3.1E-009,-70.209595
-3.095E-009,-70.064072
-3.09E-009,-69.951378
-3.085E-009,-69.870949
-3.08E-009,-69.822266
-3.075E-009,-69.805153
-3.07E-009,-69.819382
-3.065E-009,-69.865402
-3.06E-009,-69.943275
-3.055E-009,-70.053642
-3.05E-009,-70.197151
-0.000000003,-70.37484
-0.000000003,-70.58783
-0.000000003,-70.83754
-0.000000003,-71.125389
-0.000000003,-71.453545
-0.000000003,-71.823723
-0.000000003,-72.238434
-0.000000003,-72.699837
-0.000000003,-73.210197
-0.000000003,-73.771378
-0.000000003,-74.383522
-0.000000003,-75.045227
-0.000000003,-75.750397
-0.000000003,-76.485039
-0.000000003,-77.223114
-0.000000003,-77.919304
-0.000000003,-78.506516
-0.000000003,-78.901054
-0.000000003,-79.026039
-0.000000003,-78.848747
-2.945E-009,-78.398438
-2.94E-009,-77.749374
-2.935E-009,-76.985992
-2.93E-009,-76.177063
-2.925E-009,-75.368797
-2.92E-009,-74.588127
-2.915E-009,-73.849388
-2.91E-009,-73.159096
-2.905E-009,-72.519012
-2.9E-009,-71.928513
-2.895E-009,-71.385635
-2.89E-009,-70.888245
-2.885E-009,-70.433868
-2.88E-009,-70.019974
-2.875E-009,-69.644119
-2.87E-009,-69.30452
-2.865E-009,-68.999138
-2.86E-009,-68.726318
-2.855E-009,-68.48455
-2.85E-009,-68.272591
-2.845E-009,-68.089355
-2.84E-009,-67.933746
-2.835E-009,-67.805
-2.83E-009,-67.702347
-2.825E-009,-67.625298
-2.82E-009,-67.573303
-2.815E-009,-67.545929
-2.81E-009,-67.54287
-2.805E-009,-67.563881
-2.8E-009,-67.608879
-2.795E-009,-67.677628
-2.79E-009,-67.770187
-2.785E-009,-67.886497
-2.78E-009,-68.026627
-2.775E-009,-68.190567
-2.77E-009,-68.378372
-2.765E-009,-68.590202
-2.76E-009,-68.826019
-2.755E-009,-69.085594
-2.75E-009,-69.368752
-2.745E-009,-69.675217
-2.74E-009,-70.004158
-2.735E-009,-70.354378
-2.73E-009,-70.724358
-2.725E-009,-71.111565
-2.72E-009,-71.512695
-2.715E-009,-71.922951
-2.71E-009,-72.336418
-2.705E-009,-72.745148
-2.7E-009,-73.139511
-2.695E-009,-73.508133
-2.69E-009,-73.838242
-2.685E-009,-74.117233
-2.68E-009,-74.333542
-2.675E-009,-74.478157
-2.67E-009,-74.547356
-2.665E-009,-74.541985
-2.66E-009,-74.468361
-2.655E-009,-74.336716
-2.65E-009,-74.159683
-2.645E-009,-73.95047
-2.64E-009,-73.721832
-2.635E-009,-73.4851
-2.63E-009,-73.250122
-2.625E-009,-73.024475
-2.62E-009,-72.814331
-2.615E-009,-72.624588
-2.61E-009,-72.459
-2.605E-009,-72.320343
-2.6E-009,-72.211143
-2.595E-009,-72.133263
-2.59E-009,-72.088394
-2.585E-009,-72.078026
-2.58E-009,-72.103676
-2.575E-009,-72.167046
-2.57E-009,-72.269859
-2.565E-009,-72.414063
-2.56E-009,-72.601837
-2.555E-009,-72.836037
-2.55E-009,-73.119843
-2.545E-009,-73.456779
-2.54E-009,-73.851639
-2.535E-009,-74.309204
-2.53E-009,-74.836311
-2.525E-009,-75.439201
-2.52E-009,-76.126022
-2.515E-009,-76.904358
-2.51E-009,-77.779991
-2.505E-009,-78.751045
-2.5E-009,-79.7985
-2.495E-009,-80.863213
-2.49E-009,-81.810265
-2.485E-009,-82.410416
-2.48E-009,-82.425499
-2.475E-009,-81.807701
-2.47E-009,-80.748131
-2.465E-009,-79.496994
-2.46E-009,-78.224182
-2.455E-009,-77.011368
-2.45E-009,-75.888863
-2.445E-009,-74.862373
-2.44E-009,-73.927902
-2.435E-009,-73.077789
-2.43E-009,-72.304085
-2.425E-009,-71.598969
-2.42E-009,-70.955971
-2.415E-009,-70.369034
-2.41E-009,-69.833061
-2.405E-009,-69.34388
-2.4E-009,-68.89798
-2.395E-009,-68.492035
-2.39E-009,-68.12352
-2.385E-009,-67.790169
-2.38E-009,-67.490013
-2.375E-009,-67.221436
-2.37E-009,-66.983078
-2.365E-009,-66.773674
-2.36E-009,-66.5923
-2.355E-009,-66.438095
-2.35E-009,-66.310448
-2.345E-009,-66.208611
-2.34E-009,-66.132484
-2.335E-009,-66.081543
-2.33E-009,-66.055672
-2.325E-009,-66.054771
-2.32E-009,-66.079124
-2.315E-009,-66.128601
-2.31E-009,-66.203522
-2.305E-009,-66.304321
-2.3E-009,-66.43158
-2.295E-009,-66.585838
-2.29E-009,-66.767952
-2.285E-009,-66.978798
-2.28E-009,-67.219574
-2.275E-009,-67.491486
-2.27E-009,-67.796265
-2.265E-009,-68.13559
-2.26E-009,-68.511757
-2.255E-009,-68.92701
-2.25E-009,-69.384369
-2.245E-009,-69.887054
-2.24E-009,-70.439247
-2.235E-009,-71.045326
-2.23E-009,-71.710358
-2.225E-009,-72.440277
-2.22E-009,-73.241951
-2.215E-009,-74.121811
-2.21E-009,-75.084923
-2.205E-009,-76.134552
-2.2E-009,-77.262794
-2.195E-009,-78.442596
-2.19E-009,-79.60495
-2.185E-009,-80.612236
-2.18E-009,-81.262688
-2.175E-009,-81.377914
-2.17E-009,-80.951065
-2.165E-009,-80.152954
-2.16E-009,-79.188759
-2.155E-009,-78.200447
-2.15E-009,-77.263214
-2.145E-009,-76.406166
-2.14E-009,-75.637398
-2.135E-009,-74.956078
-2.13E-009,-74.357155
-2.125E-009,-73.834442
-2.12E-009,-73.381584
-2.115E-009,-72.993752
-2.11E-009,-72.665504
-2.105E-009,-72.393433
-2.1E-009,-72.173592
-2.095E-009,-72.003113
-2.09E-009,-71.879616
-2.085E-009,-71.801079
-2.08E-009,-71.765167
-2.075E-009,-71.770012
-2.07E-009,-71.814087
-2.065E-009,-71.894775
-2.06E-009,-72.010025
-2.055E-009,-72.156204
-2.05E-009,-72.32975
-0.000000002,-72.524025
-0.000000002,-72.732246
-0.000000002,-72.944496
-0.000000002,-73.147293
-0.000000002,-73.325729
-0.000000002,-73.460983
-0.000000002,-73.534424
-0.000000002,-73.528297
-0.000000002,-73.429474
-0.000000002,-73.231644
-0.000000002,-72.937546
-0.000000002,-72.557213
-0.000000002,-72.106987
-0.000000002,-71.604553
-0.000000002,-71.068062
-0.000000002,-70.513443
-0.000000002,-69.953705
-0.000000002,-69.398666
-0.000000002,-68.856125
-0.000000002,-68.331215
-1.945E-009,-67.827393
-1.94E-009,-67.347099
-1.935E-009,-66.89167
-1.93E-009,-66.462112
-1.925E-009,-66.05851
-1.92E-009,-65.680855
-1.915E-009,-65.329056
-1.91E-009,-65.002762
-1.905E-009,-64.701683
-1.9E-009,-64.425285
-1.895E-009,-64.173264
-1.89E-009,-63.945263
-1.885E-009,-63.740952
-1.88E-009,-63.559925
-1.875E-009,-63.402
-1.87E-009,-63.266926
-1.865E-009,-63.154709
-1.86E-009,-63.06506
-1.855E-009,-62.998184
-1.85E-009,-62.954037
-1.845E-009,-62.932816
-1.84E-009,-62.934681
-1.835E-009,-62.959988
-1.83E-009,-63.009113
-1.825E-009,-63.082592
-1.82E-009,-63.180954
-1.815E-009,-63.305046
-1.81E-009,-63.455719
-1.805E-009,-63.634094
-1.8E-009,-63.841225
-1.795E-009,-64.078743
-1.79E-009,-64.348236
-1.785E-009,-64.651756
-1.78E-009,-64.991623
-1.775E-009,-65.370705
-1.77E-009,-65.792259
-1.765E-009,-66.260284
-1.76E-009,-66.779343
-1.755E-009,-67.355408
-1.75E-009,-67.995384
-1.745E-009,-68.707893
-1.74E-009,-69.503525
-1.735E-009,-70.395279
-1.73E-009,-71.399353
-1.725E-009,-72.534531
-1.72E-009,-73.820824
-1.715E-009,-75.272865
-1.71E-009,-76.87458
-1.705E-009,-78.511719
-1.7E-009,-79.833435
-1.695E-009,-80.243095
-1.69E-009,-79.488464
-1.685E-009,-78.039116
-1.68E-009,-76.43557
-1.675E-009,-74.926674
-1.67E-009,-73.580048
-1.665E-009,-72.395607
-1.66E-009,-71.355858
-1.655E-009,-70.440704
-1.65E-009,-69.63205
-1.645E-009,-68.915123
-1.64E-009,-68.278008
-1.635E-009,-67.710693
-1.63E-009,-67.205421
-1.625E-009,-66.755516
-1.62E-009,-66.355881
-1.615E-009,-66.001785
-1.61E-009,-65.68985
-1.605E-009,-65.416748
-1.6E-009,-65.180038
-1.595E-009,-64.977287
-1.59E-009,-64.806686
-1.585E-009,-64.666519
-1.58E-009,-64.555344
-1.575E-009,-64.471848
-1.57E-009,-64.414848
-1.565E-009,-64.383301
-1.56E-009,-64.376228
-1.555E-009,-64.392647
-1.55E-009,-64.431686
-1.545E-009,-64.492271
-1.54E-009,-64.573578
-1.535E-009,-64.67437
-1.53E-009,-64.79351
-1.525E-009,-64.929649
-1.52E-009,-65.081245
-1.515E-009,-65.246498
-1.51E-009,-65.423286
-1.505E-009,-65.609238
-1.5E-009,-65.801521
-1.495E-009,-65.997032
-1.49E-009,-66.192245
-1.485E-009,-66.383202
-1.48E-009,-66.565994
-1.475E-009,-66.736237
-1.47E-009,-66.889931
-1.465E-009,-67.023285
-1.46E-009,-67.133133
-1.455E-009,-67.21701
-1.45E-009,-67.273727
-1.445E-009,-67.303154
-1.44E-009,-67.306435
-1.435E-009,-67.285759
-1.43E-009,-67.244347
-1.425E-009,-67.186081
-1.42E-009,-67.115273
-1.415E-009,-67.036522
-1.41E-009,-66.954399
-1.405E-009,-66.873222
-1.4E-009,-66.797173
-1.395E-009,-66.729881
-1.39E-009,-66.674805
-1.385E-009,-66.634956
-1.38E-009,-66.613129
-1.375E-009,-66.611435
-1.37E-009,-66.632164
-1.365E-009,-66.677177
-1.36E-009,-66.748016
-1.355E-009,-66.846024
-1.35E-009,-66.972359
-1.345E-009,-67.127823
-1.34E-009,-67.312729
-1.335E-009,-67.526886
-1.33E-009,-67.769119
-1.325E-009,-68.037331
-1.32E-009,-68.327461
-1.315E-009,-68.633186
-1.31E-009,-68.944801
-1.305E-009,-69.248871
-1.3E-009,-69.526871
-1.295E-009,-69.755882
-1.29E-009,-69.909554
-1.285E-009,-69.962082
-1.28E-009,-69.892677
-1.275E-009,-69.691704
-1.27E-009,-69.362572
-1.265E-009,-68.921532
-1.26E-009,-68.392509
-1.255E-009,-67.802208
-1.25E-009,-67.175156
-1.245E-009,-66.531868
-1.24E-009,-65.887993
-1.235E-009,-65.254799
-1.23E-009,-64.639984
-1.225E-009,-64.048485
-1.22E-009,-63.483253
-1.215E-009,-62.946163
-1.21E-009,-62.437813
-1.205E-009,-61.958389
-1.2E-009,-61.507626
-1.195E-009,-61.085125
-1.19E-009,-60.690254
-1.185E-009,-60.32235
-1.18E-009,-59.980721
-1.175E-009,-59.664757
-1.17E-009,-59.373821
-1.165E-009,-59.107334
-1.16E-009,-58.864792
-1.155E-009,-58.645756
-1.15E-009,-58.449825
-1.145E-009,-58.276703
-1.14E-009,-58.126095
-1.135E-009,-57.99789
-1.13E-009,-57.891937
-1.125E-009,-57.808182
-1.12E-009,-57.746693
-1.115E-009,-57.707561
-1.11E-009,-57.691036
-1.105E-009,-57.697319
-1.1E-009,-57.726841
-1.095E-009,-57.780087
-1.09E-009,-57.857605
-1.085E-009,-57.960106
-1.08E-009,-58.088459
-1.075E-009,-58.243668
-1.07E-009,-58.426914
-1.065E-009,-58.639614
-1.06E-009,-58.883366
-1.055E-009,-59.160213
-1.05E-009,-59.47237
-0.000000001,-59.822624
-0.000000001,-60.214268
-0.000000001,-60.651218
-0.000000001,-61.138279
-0.000000001,-61.681469
-0.000000001,-62.28801
-0.000000001,-62.967346
-0.000000001,-63.731518
-0.000000001,-64.596146
-0.000000001,-65.582832
-0.000000001,-66.721169
-0.000000001,-68.053711
-0.000000001,-69.644814
-0.000000001,-71.594948
-0.000000001,-74.067024
-0.000000001,-77.289177
-0.000000001,-81.047035
-0.000000001,-81.645943
-0.000000001,-78.076393
-0.000000001,-74.70343
-9.45E-010,-72.118958
-9.4E-010,-70.099236
-9.35E-010,-68.465797
-9.3E-010,-67.107788
-9.25E-010,-65.955452
-9.2E-010,-64.962128
-9.15E-010,-64.096329
-9.1E-010,-63.335213
-9.05E-010,-62.661938
-9E-010,-62.063877
-8.95E-010,-61.531101
-8.9E-010,-61.056
-8.85E-010,-60.632252
-8.8E-010,-60.254795
-8.75E-010,-59.919476
-8.7E-010,-59.622818
-8.65E-010,-59.361771
-8.6E-010,-59.133869
-8.55E-010,-58.936871
-8.5E-010,-58.768875
-8.45E-010,-58.628162
-8.4E-010,-58.513203
-8.35E-010,-58.422554
-8.3E-010,-58.354847
-8.25E-010,-58.308926
-8.2E-010,-58.283516
-8.15E-010,-58.277397
-8.1E-010,-58.289387
-8.05E-010,-58.318272
-8E-010,-58.362637
-7.95E-010,-58.421246
-7.9E-010,-58.492668
-7.85E-010,-58.575195
-7.8E-010,-58.667435
-7.75E-010,-58.76746
-7.7E-010,-58.8736
-7.65E-010,-58.983868
-7.6E-010,-59.096394
-7.55E-010,-59.209244
-7.5E-010,-59.320454
-7.45E-010,-59.428394
-7.4E-010,-59.531342
-7.35E-010,-59.628078
-7.3E-010,-59.717571
-7.25E-010,-59.799278
-7.2E-010,-59.873028
-7.15E-010,-59.939156
-7.1E-010,-59.998463
-7.05E-010,-60.052197
-7E-010,-60.101997
-6.95E-010,-60.150013
-6.9E-010,-60.198555
-6.85E-010,-60.250103
-6.8E-010,-60.307514
-6.75E-010,-60.373543
-6.7E-010,-60.451008
-6.65E-010,-60.542881
-6.6E-010,-60.652023
-6.55E-010,-60.781158
-6.5E-010,-60.932899
-6.45E-010,-61.10994
-6.4E-010,-61.314518
-6.35E-010,-61.548618
-6.3E-010,-61.81385
-6.25E-010,-62.110977
-6.2E-010,-62.439644
-6.15E-010,-62.797684
-6.1E-010,-63.180145
-6.05E-010,-63.577946
-6E-010,-63.976204
-5.95E-010,-64.352356
-5.9E-010,-64.674919
-5.85E-010,-64.904686
-5.8E-010,-65.000175
-5.75E-010,-64.927315
-5.7E-010,-64.671181
-5.65E-010,-64.241409
-5.6E-010,-63.66872
-5.55E-010,-62.994213
-5.5E-010,-62.258541
-5.45E-010,-61.495312
-5.4E-010,-60.729492
-5.35E-010,-59.977833
-5.3E-010,-59.250961
-5.25E-010,-58.555065
-5.2E-010,-57.893269
-5.15E-010,-57.266766
-5.1E-010,-56.675587
-5.05E-010,-56.118931
-5E-010,-55.595558
-4.95E-010,-55.103943
-4.9E-010,-54.642399
-4.85E-010,-54.209061
-4.8E-010,-53.802032
-4.75E-010,-53.419304
-4.7E-010,-53.058769
-4.65E-010,-52.718136
-4.6E-010,-52.395054
-4.55E-010,-52.086964
-4.5E-010,-51.791088
-4.45E-010,-51.50444
-4.4E-010,-51.223824
-4.35E-010,-50.945827
-4.3E-010,-50.666859
-4.25E-010,-50.383221
-4.2E-010,-50.091202
-4.15E-010,-49.787159
-4.1E-010,-49.467762
-4.05E-010,-49.130047
-4E-010,-48.771648
-3.95E-010,-48.390903
-3.9E-010,-47.986969
-3.85E-010,-47.559807
-3.8E-010,-47.110249
-3.75E-010,-46.639809
-3.7E-010,-46.150631
-3.65E-010,-45.645283
-3.6E-010,-45.126602
-3.55E-010,-44.597553
-3.5E-010,-44.061054
-3.45E-010,-43.519932
-3.4E-010,-42.976784
-3.35E-010,-42.433956
-3.3E-010,-41.893547
-3.25E-010,-41.357365
-3.2E-010,-40.82695
-3.15E-010,-40.303612
-3.1E-010,-39.788425
-3.05E-010,-39.282261
-3E-010,-38.785843
-2.95E-010,-38.299717
-2.9E-010,-37.824314
-2.85E-010,-37.359966
-2.8E-010,-36.90691
-2.75E-010,-36.465305
-2.7E-010,-36.035259
-2.65E-010,-35.616829
-2.6E-010,-35.21003
-2.55E-010,-34.814846
-2.5E-010,-34.431244
-2.45E-010,-34.059158
-2.4E-010,-33.698524
-2.35E-010,-33.349255
-2.3E-010,-33.011265
-2.25E-010,-32.684456
-2.2E-010,-32.368736
-2.15E-010,-32.063999
-2.1E-010,-31.770151
-2.05E-010,-31.487093
-2E-010,-31.214733
-1.95E-010,-30.952969
-1.9E-010,-30.701717
-1.85E-010,-30.460886
-1.8E-010,-30.230389
-1.75E-010,-30.010139
-1.7E-010,-29.80006
-1.65E-010,-29.600063
-1.6E-010,-29.410074
-1.55E-010,-29.230005
-1.5E-010,-29.059776
-1.45E-010,-28.899298
-1.4E-010,-28.74848
-1.35E-010,-28.607224
-1.3E-010,-28.475422
-1.25E-010,-28.352957
-1.2E-010,-28.239689
-1.15E-010,-28.135468
-1.1E-010,-28.040115
-1.05E-010,-27.95343
-9.9999999999999E-011,-27.875174
-9.4999999999999E-011,-27.805063
-8.9999999999999E-011,-27.742779
-8.4999999999999E-011,-27.687937
-8E-011,-27.640095
-7.4999999999999E-011,-27.598726
-7E-011,-27.563227
-6.4999999999999E-011,-27.532896
-5.9999999999999E-011,-27.506912
-5.5E-011,-27.484343
-4.9999999999999E-011,-27.464113
-4.5E-011,-27.445013
-3.9999999999999E-011,-27.425673
-3.5E-011,-27.404575
-2.9999999999999E-011,-27.380045
-2.4999999999999E-011,-27.350273
-2E-011,-27.313328
-1.4999999999999E-011,-27.267185
-9.9999999999998E-012,-27.20978
-4.9999999999991E-012,-27.139059
0,-27.053045
5.0000000000007E-012,-26.949921
1.0000000000001E-011,-26.828098
1.5E-011,-26.686295
2.0000000000001E-011,-26.523611
2.5E-011,-26.339561
3.0000000000001E-011,-26.134109
3.5E-011,-25.907667
4.0000000000001E-011,-25.661058
4.5000000000001E-011,-25.395496
5E-011,-25.112488
5.5000000000001E-011,-24.813772
6E-011,-24.501249
6.5000000000001E-011,-24.176891
7.0000000000002E-011,-23.842682
7.5000000000001E-011,-23.500559
8.0000000000001E-011,-23.15237
8.5E-011,-22.799845
9.0000000000001E-011,-22.444559
9.5E-011,-22.087955
1E-010,-21.7313
1.05E-010,-21.375727
1.1E-010,-21.022205
1.15E-010,-20.671587
1.2E-010,-20.324591
1.25E-010,-19.981825
1.3E-010,-19.643795
1.35E-010,-19.31093
1.4E-010,-18.98357
1.45E-010,-18.661997
1.5E-010,-18.346428
1.55E-010,-18.037035
1.6E-010,-17.73395
1.65E-010,-17.437262
1.7E-010,-17.147036
1.75E-010,-16.863306
1.8E-010,-16.586088
1.85E-010,-16.315382
1.9E-010,-16.05117
1.95E-010,-15.793421
2E-010,-15.542095
2.05E-010,-15.297143
2.1E-010,-15.058516
2.15E-010,-14.826148
2.2E-010,-14.599979
2.25E-010,-14.379942
2.3E-010,-14.165968
2.35E-010,-13.957987
2.4E-010,-13.755927
2.45E-010,-13.559717
2.5E-010,-13.369287
2.55E-010,-13.184563
2.6E-010,-13.005475
2.65E-010,-12.831955
2.7E-010,-12.66393
2.75E-010,-12.501334
2.8E-010,-12.344101
2.85E-010,-12.192163
2.9E-010,-12.045459
2.95E-010,-11.903924
3E-010,-11.767495
3.05E-010,-11.636114
3.1E-010,-11.509723
3.15E-010,-11.38826
3.2E-010,-11.271674
3.25E-010,-11.159908
3.3E-010,-11.052909
3.35E-010,-10.950624
3.4E-010,-10.853004
3.45E-010,-10.759998
3.5E-010,-10.671558
3.55E-010,-10.587637
3.6E-010,-10.508188
3.65E-010,-10.433166
3.7E-010,-10.362527
3.75E-010,-10.296226
3.8E-010,-10.234222
3.85E-010,-10.176476
3.9E-010,-10.122941
3.95E-010,-10.073583
4E-010,-10.028358
4.05E-010,-9.9872313
4.1E-010,-9.9501629
4.15E-010,-9.9171143
4.2E-010,-9.8880482
4.25E-010,-9.8629293
4.3E-010,-9.8417215
4.35E-010,-9.8243876
4.4E-010,-9.8108912
4.45E-010,-9.8011971
4.5E-010,-9.7952709
4.55E-010,-9.7930784
4.6E-010,-9.7945814
4.65E-010,-9.7997475
4.7E-010,-9.8085394
4.75E-010,-9.8209229
4.8E-010,-9.8368626
4.85E-010,-9.8563232
4.9E-010,-9.8792667
4.95E-010,-9.9056606
5E-010,-9.9354649
5.05E-010,-9.9686451
5.1E-010,-10.005162
5.15E-010,-10.044981
5.2E-010,-10.08806
5.25E-010,-10.134362
5.3E-010,-10.183849
5.35E-010,-10.236478
5.4E-010,-10.292209
5.45E-010,-10.351001
5.5E-010,-10.41281
5.55E-010,-10.477594
5.6E-010,-10.545309
5.65E-010,-10.61591
5.7E-010,-10.689349
5.75E-010,-10.765583
5.8E-010,-10.84456
5.85E-010,-10.926232
5.9E-010,-11.01055
5.95E-010,-11.097465
6E-010,-11.186922
6.05E-010,-11.278869
6.1E-010,-11.373254
6.15E-010,-11.470018
6.2E-010,-11.56911
6.25E-010,-11.670471
6.3E-010,-11.774044
6.35E-010,-11.879771
6.4E-010,-11.987594
6.45E-010,-12.09745
6.5E-010,-12.209284
6.55E-010,-12.323031
6.6E-010,-12.438634
6.65E-010,-12.556027
6.7E-010,-12.675155
6.75E-010,-12.795952
6.8E-010,-12.918359
6.85E-010,-13.042314
6.9E-010,-13.16776
6.95E-010,-13.294633
7E-010,-13.422878
7.05E-010,-13.552437
7.1E-010,-13.683253
7.15E-010,-13.81527
7.2E-010,-13.948437
7.25E-010,-14.082702
7.3E-010,-14.218016
7.35E-010,-14.354331
7.4E-010,-14.4916
7.45E-010,-14.629786
7.5E-010,-14.768847
7.55E-010,-14.908746
7.6E-010,-15.049452
7.65E-010,-15.190932
7.7E-010,-15.333161
7.75E-010,-15.476116
7.8E-010,-15.619781
7.85E-010,-15.764132
7.9E-010,-15.90916
7.95E-010,-16.054859
8E-010,-16.201223
8.05E-010,-16.348248
8.1E-010,-16.495939
8.15E-010,-16.644304
8.2E-010,-16.793348
8.25E-010,-16.943087
8.3E-010,-17.093534
8.35E-010,-17.244711
8.4E-010,-17.396643
8.45E-010,-17.549349
8.5E-010,-17.70286
8.55E-010,-17.857204
8.6E-010,-18.012413
8.65E-010,-18.168524
8.7E-010,-18.325571
8.75E-010,-18.483587
8.8E-010,-18.642618
8.85E-010,-18.802696
8.9E-010,-18.963863
8.95E-010,-19.12616
9E-010,-19.289627
9.05E-010,-19.454302
9.1E-010,-19.620228
9.15E-010,-19.787439
9.2E-010,-19.955982
9.25E-010,-20.125889
9.3E-010,-20.297195
9.35E-010,-20.46994
9.4E-010,-20.644152
9.45E-010,-20.819868
0.000000001,-20.997118
0.000000001,-21.175928
0.000000001,-21.356325
0.000000001,-21.538334
0.000000001,-21.721979
0.000000001,-21.90728
0.000000001,-22.094252
0.000000001,-22.282917
0.000000001,-22.473286
0.000000001,-22.665371
0.000000001,-22.859184
0.000000001,-23.054735
0.000000001,-23.252028
0.000000001,-23.451069
0.000000001,-23.651867
0.000000001,-23.854422
0.000000001,-24.058737
0.000000001,-24.264812
0.000000001,-24.472652
0.000000001,-24.682259
1.05E-009,-24.893633
1.055E-009,-25.106781
1.06E-009,-25.321699
1.065E-009,-25.538401
1.07E-009,-25.756889
1.075E-009,-25.977173
1.08E-009,-26.199266
1.085E-009,-26.42318
1.09E-009,-26.648933
1.095E-009,-26.876543
1.1E-009,-27.106037
1.105E-009,-27.337439
1.11E-009,-27.570776
1.115E-009,-27.806086
1.12E-009,-28.043398
1.125E-009,-28.282751
1.13E-009,-28.524178
1.135E-009,-28.767714
1.14E-009,-29.013393
1.145E-009,-29.26124
1.15E-009,-29.511274
1.155E-009,-29.763498
1.16E-009,-30.017906
1.165E-009,-30.274458
1.17E-009,-30.533096
1.175E-009,-30.793713
1.18E-009,-31.056158
1.185E-009,-31.320221
1.19E-009,-31.585611
1.195E-009,-31.85195
1.2E-009,-32.118744
1.205E-009,-32.385361
1.21E-009,-32.65102
1.215E-009,-32.914742
1.22E-009,-33.175335
1.225E-009,-33.431362
1.23E-009,-33.681114
1.235E-009,-33.922585
1.24E-009,-34.153461
1.245E-009,-34.371132
1.25E-009,-34.572701
1.255E-009,-34.755035
1.26E-009,-34.914871
1.265E-009,-35.048916
1.27E-009,-35.153992
1.275E-009,-35.227245
1.28E-009,-35.266293
1.285E-009,-35.269428
1.29E-009,-35.235733
1.295E-009,-35.165192
1.3E-009,-35.058655
1.305E-009,-34.91782
1.31E-009,-34.74509
1.315E-009,-34.5434
1.32E-009,-34.316048
1.325E-009,-34.066505
1.33E-009,-33.798256
1.335E-009,-33.514664
1.34E-009,-33.218884
1.345E-009,-32.913795
1.35E-009,-32.601963
1.355E-009,-32.28566
1.36E-009,-31.966831
1.365E-009,-31.647148
1.37E-009,-31.328016
1.375E-009,-31.010612
1.38E-009,-30.695902
1.385E-009,-30.384678
1.39E-009,-30.077589
1.395E-009,-29.775148
1.4E-009,-29.477768
1.405E-009,-29.185764
1.41E-009,-28.899385
1.415E-009,-28.618818
1.42E-009,-28.344193
1.425E-009,-28.075607
1.43E-009,-27.813118
1.435E-009,-27.556761
1.44E-009,-27.306545
1.445E-009,-27.062468
1.45E-009,-26.824509
1.455E-009,-26.592636
1.46E-009,-26.366812
1.465E-009,-26.146992
1.47E-009,-25.933125
1.475E-009,-25.725159
1.48E-009,-25.523043
1.485E-009,-25.326714
1.49E-009,-25.136118
1.495E-009,-24.9512
1.5E-009,-24.7719
1.505E-009,-24.598167
1.51E-009,-24.429939
1.515E-009,-24.267172
1.52E-009,-24.109808
1.525E-009,-23.957798
1.53E-009,-23.811094
1.535E-009,-23.669651
1.54E-009,-23.533422
1.545E-009,-23.402363
1.55E-009,-23.276438
1.555E-009,-23.155603
1.56E-009,-23.039822
1.565E-009,-22.92906
1.57E-009,-22.823284
1.575E-009,-22.722464
1.58E-009,-22.626564
1.585E-009,-22.535563
1.59E-009,-22.449429
1.595E-009,-22.368139
1.6E-009,-22.29167
1.605E-009,-22.220003
1.61E-009,-22.153114
1.615E-009,-22.090992
1.62E-009,-22.033611
1.625E-009,-21.980963
1.63E-009,-21.933033
1.635E-009,-21.889809
1.64E-009,-21.85128
1.645E-009,-21.81744
1.65E-009,-21.788279
1.655E-009,-21.763792
1.66E-009,-21.743977
1.665E-009,-21.72883
1.67E-009,-21.718349
1.675E-009,-21.712538
1.68E-009,-21.711395
1.685E-009,-21.714926
1.69E-009,-21.723137
1.695E-009,-21.736032
1.7E-009,-21.753622
1.705E-009,-21.775915
1.71E-009,-21.802923
1.715E-009,-21.834661
1.72E-009,-21.871141
1.725E-009,-21.912382
1.73E-009,-21.958399
1.735E-009,-22.009216
1.74E-009,-22.064852
1.745E-009,-22.125332
1.75E-009,-22.190678
1.755E-009,-22.26092
1.76E-009,-22.336088
1.765E-009,-22.416206
1.77E-009,-22.501316
1.775E-009,-22.591448
1.78E-009,-22.686638
1.785E-009,-22.786924
1.79E-009,-22.892351
1.795E-009,-23.002954
1.8E-009,-23.118788
1.805E-009,-23.239891
1.81E-009,-23.366318
1.815E-009,-23.498114
1.82E-009,-23.63534
1.825E-009,-23.778042
1.83E-009,-23.926283
1.835E-009,-24.080122
1.84E-009,-24.23962
1.845E-009,-24.404839
1.85E-009,-24.575842
1.855E-009,-24.752701
1.86E-009,-24.935478
1.865E-009,-25.124247
1.87E-009,-25.319077
1.875E-009,-25.520037
1.88E-009,-25.7272
1.885E-009,-25.940638
1.89E-009,-26.160421
1.895E-009,-26.38662
1.9E-009,-26.619297
1.905E-009,-26.858522
1.91E-009,-27.104355
1.915E-009,-27.356848
1.92E-009,-27.616053
1.925E-009,-27.882004
1.93E-009,-28.154736
1.935E-009,-28.434261
1.94E-009,-28.720581
1.945E-009,-29.013674
0.000000002,-29.313499
0.000000002,-29.619984
0.000000002,-29.933027
0.000000002,-30.252483
0.000000002,-30.578167
0.000000002,-30.909834
0.000000002,-31.247185
0.000000002,-31.589842
0.000000002,-31.937349
0.000000002,-32.289162
0.000000002,-32.644623
0.000000002,-33.002968
0.000000002,-33.3633
0.000000002,-33.724586
0.000000002,-34.085655
0.000000002,-34.445187
0.000000002,-34.801712
0.000000002,-35.153622
0.000000002,-35.499191
0.000000002,-35.836605
2.05E-009,-36.163994
2.055E-009,-36.479488
2.06E-009,-36.781265
2.065E-009,-37.067665
2.07E-009,-37.337196
2.075E-009,-37.588684
2.08E-009,-37.821281
2.085E-009,-38.034546
2.09E-009,-38.228477
2.095E-009,-38.4035
2.1E-009,-38.560474
2.105E-009,-38.700649
2.11E-009,-38.825607
2.115E-009,-38.937187
2.12E-009,-39.037403
2.125E-009,-39.128414
2.13E-009,-39.212402
2.135E-009,-39.291553
2.14E-009,-39.367992
2.145E-009,-39.443764
2.15E-009,-39.52079
2.155E-009,-39.600891
2.16E-009,-39.685745
2.165E-009,-39.776913
2.17E-009,-39.875854
2.175E-009,-39.983925
2.18E-009,-40.102383
2.185E-009,-40.232433
2.19E-009,-40.375221
2.195E-009,-40.531876
2.2E-009,-40.703495
2.205E-009,-40.891201
2.21E-009,-41.096127
2.215E-009,-41.319473
2.22E-009,-41.562515
2.225E-009,-41.826614
2.23E-009,-42.113289
2.235E-009,-42.424206
2.24E-009,-42.761265
2.245E-009,-43.12661
2.25E-009,-43.52272
2.255E-009,-43.952484
2.26E-009,-44.419292
2.265E-009,-44.927177
2.27E-009,-45.480976
2.275E-009,-46.086559
2.28E-009,-46.751141
2.285E-009,-47.483688
2.29E-009,-48.295494
2.295E-009,-49.200966
2.3E-009,-50.218674
2.305E-009,-51.372623
2.31E-009,-52.693554
2.315E-009,-54.218163
2.32E-009,-55.979305
2.325E-009,-57.957909
2.33E-009,-59.90691
2.335E-009,-61.012051
2.34E-009,-60.391026
2.345E-009,-58.578667
2.35E-009,-56.555489
2.355E-009,-54.711189
2.36E-009,-53.106678
2.365E-009,-51.716553
2.37E-009,-50.503159
2.375E-009,-49.433475
2.38E-009,-48.48127
2.385E-009,-47.626259
2.39E-009,-46.852654
2.395E-009,-46.148129
2.4E-009,-45.50285
2.405E-009,-44.908951
2.41E-009,-44.360008
2.415E-009,-43.850719
2.42E-009,-43.376675
2.425E-009,-42.934155
2.43E-009,-42.519997
2.435E-009,-42.1315
2.44E-009,-41.766315
2.445E-009,-41.422409
2.45E-009,-41.097996
2.455E-009,-40.791508
2.46E-009,-40.501549
2.465E-009,-40.226883
2.47E-009,-39.966396
2.475E-009,-39.719109
2.48E-009,-39.484112
2.485E-009,-39.260612
2.49E-009,-39.047871
2.495E-009,-38.845238
2.5E-009,-38.652103
2.505E-009,-38.467926
2.51E-009,-38.292213
2.515E-009,-38.124512
2.52E-009,-37.964413
2.525E-009,-37.811554
2.53E-009,-37.665581
2.535E-009,-37.526207
2.54E-009,-37.39315
2.545E-009,-37.266159
2.55E-009,-37.14502
2.555E-009,-37.029522
2.56E-009,-36.919498
2.565E-009,-36.814789
2.57E-009,-36.71526
2.575E-009,-36.620785
2.58E-009,-36.531258
2.585E-009,-36.446602
2.59E-009,-36.36673
2.595E-009,-36.291588
2.6E-009,-36.221123
2.605E-009,-36.155293
2.61E-009,-36.094074
2.615E-009,-36.037441
2.62E-009,-35.985382
2.625E-009,-35.937893
2.63E-009,-35.894978
2.635E-009,-35.85664
2.64E-009,-35.822891
2.645E-009,-35.793751
2.65E-009,-35.769238
2.655E-009,-35.749374
2.66E-009,-35.734184
2.665E-009,-35.723701
2.67E-009,-35.717953
2.675E-009,-35.716961
2.68E-009,-35.720772
2.685E-009,-35.729404
2.69E-009,-35.742893
2.695E-009,-35.761269
2.7E-009,-35.784565
2.705E-009,-35.812801
2.71E-009,-35.846008
2.715E-009,-35.884209
2.72E-009,-35.927429
2.725E-009,-35.975677
2.73E-009,-36.02898
2.735E-009,-36.087345
2.74E-009,-36.150776
2.745E-009,-36.219284
2.75E-009,-36.292866
2.755E-009,-36.371513
2.76E-009,-36.455215
2.765E-009,-36.543957
2.77E-009,-36.637714
2.775E-009,-36.73645
2.78E-009,-36.840141
2.785E-009,-36.948723
2.79E-009,-37.062145
2.795E-009,-37.180347
2.8E-009,-37.303253
2.805E-009,-37.430775
2.81E-009,-37.562809
2.815E-009,-37.699257
2.82E-009,-37.839981
2.825E-009,-37.984856
2.83E-009,-38.133724
2.835E-009,-38.286415
2.84E-009,-38.442741
2.845E-009,-38.602501
2.85E-009,-38.765476
2.855E-009,-38.931427
2.86E-009,-39.100094
2.865E-009,-39.271191
2.87E-009,-39.444431
2.875E-009,-39.619495
2.88E-009,-39.796043
2.885E-009,-39.973732
2.89E-009,-40.15218
2.895E-009,-40.331013
2.9E-009,-40.509842
2.905E-009,-40.688251
2.91E-009,-40.865826
2.915E-009,-41.042168
2.92E-009,-41.216858
2.925E-009,-41.389507
2.93E-009,-41.559731
2.935E-009,-41.72715
2.94E-009,-41.891445
2.945E-009,-42.052284
0.000000003,-42.209423
0.000000003,-42.362633
0.000000003,-42.511745
0.000000003,-42.656635
0.000000003,-42.797272
0.000000003,-42.933659
0.000000003,-43.065857
0.000000003,-43.194031
0.000000003,-43.318375
0.000000003,-43.439175
0.000000003,-43.55677
0.000000003,-43.671566
0.000000003,-43.784012
0.000000003,-43.894619
0.000000003,-44.003956
0.000000003,-44.112602
0.000000003,-44.221203
0.000000003,-44.330421
0.000000003,-44.440941
0.000000003,-44.553448
3.05E-009,-44.668686
3.055E-009,-44.787338
3.06E-009,-44.910149
3.065E-009,-45.037788
3.07E-009,-45.17094
3.075E-009,-45.310223
3.08E-009,-45.456219
3.085E-009,-45.609409
3.09E-009,-45.770184
3.095E-009,-45.938755
3.1E-009,-46.11517
3.105E-009,-46.299168
3.11E-009,-46.490147
3.115E-009,-46.687042
3.12E-009,-46.888206
3.125E-009,-47.091202
3.13E-009,-47.292656
3.135E-009,-47.488045
3.14E-009,-47.671551
3.145E-009,-47.835873
3.15E-009,-47.972286
3.155E-009,-48.070904
3.16E-009,-48.12114
3.165E-009,-48.112648
3.17E-009,-48.036495
3.175E-009,-47.886337
3.18E-009,-47.659523
3.185E-009,-47.357491
3.19E-009,-46.985588
3.195E-009,-46.552204
3.2E-009,-46.067577
3.205E-009,-45.542549
3.21E-009,-44.98761
3.215E-009,-44.412189
3.22E-009,-43.824364
3.225E-009,-43.230736
3.23E-009,-42.636551
3.235E-009,-42.045856
3.24E-009,-41.461674
3.245E-009,-40.886219
3.25E-009,-40.32106
3.255E-009,-39.767269
3.26E-009,-39.225529
3.265E-009,-38.696247
3.27E-009,-38.179607
3.275E-009,-37.675644
3.28E-009,-37.18428
3.285E-009,-36.705345
3.29E-009,-36.238632
3.295E-009,-35.783886
3.3E-009,-35.340832
3.305E-009,-34.90918
3.31E-009,-34.488632
3.315E-009,-34.078899
3.32E-009,-33.679684
3.325E-009,-33.290714
3.33E-009,-32.911701
3.335E-009,-32.542389
3.34E-009,-32.182518
3.345E-009,-31.831844
3.35E-009,-31.490131
3.355E-009,-31.15716
3.36E-009,-30.832714
3.365E-009,-30.516592
3.37E-009,-30.208599
3.375E-009,-29.908558
3.38E-009,-29.616285
3.385E-009,-29.331621
3.39E-009,-29.054405
3.395E-009,-28.784489
3.4E-009,-28.521729
3.405E-009,-28.265989
3.41E-009,-28.017141
3.415E-009,-27.775059
3.42E-009,-27.539629
3.425E-009,-27.310738
3.43E-009,-27.08828
3.435E-009,-26.872152
3.44E-009,-26.662258
3.445E-009,-26.458508
3.45E-009,-26.260811
3.455E-009,-26.069084
3.46E-009,-25.883247
3.465E-009,-25.703226
3.47E-009,-25.528944
3.475E-009,-25.360332
3.48E-009,-25.197327
3.485E-009,-25.03986
3.49E-009,-24.887873
3.495E-009,-24.741308
3.5E-009,-24.600109
3.505E-009,-24.464224
3.51E-009,-24.333601
3.515E-009,-24.208195
3.52E-009,-24.087955
3.525E-009,-23.972843
3.53E-009,-23.862812
3.535E-009,-23.757826
3.54E-009,-23.657846
3.545E-009,-23.562836
3.55E-009,-23.472763
3.555E-009,-23.387592
3.56E-009,-23.307299
3.565E-009,-23.231846
3.57E-009,-23.161211
3.575E-009,-23.095369
3.58E-009,-23.034294
3.585E-009,-22.977964
3.59E-009,-22.926355
3.595E-009,-22.879456
3.6E-009,-22.837238
3.605E-009,-22.799692
3.61E-009,-22.7668
3.615E-009,-22.738548
3.62E-009,-22.714924
3.625E-009,-22.695917
3.63E-009,-22.681515
3.635E-009,-22.671711
3.64E-009,-22.6665
3.645E-009,-22.665873
3.65E-009,-22.669825
3.655E-009,-22.678356
3.66E-009,-22.691463
3.665E-009,-22.709145
3.67E-009,-22.731403
3.675E-009,-22.75824
3.68E-009,-22.789658
3.685E-009,-22.825661
3.69E-009,-22.866261
3.695E-009,-22.911459
3.7E-009,-22.961267
3.705E-009,-23.015697
3.71E-009,-23.07476
3.715E-009,-23.138472
3.72E-009,-23.206844
3.725E-009,-23.279896
3.73E-009,-23.357643
3.735E-009,-23.440109
3.74E-009,-23.527315
3.745E-009,-23.619282
3.75E-009,-23.716036
3.755E-009,-23.817608
3.76E-009,-23.924021
3.765E-009,-24.035309
3.77E-009,-24.151505
3.775E-009,-24.272646
3.78E-009,-24.398766
3.785E-009,-24.529907
3.79E-009,-24.666107
3.795E-009,-24.807415
3.8E-009,-24.953875
3.805E-009,-25.105536
3.81E-009,-25.262451
3.815E-009,-25.424677
3.82E-009,-25.592268
3.825E-009,-25.765287
3.83E-009,-25.943798
3.835E-009,-26.127869
3.84E-009,-26.31757
3.845E-009,-26.512978
3.85E-009,-26.71417
3.855E-009,-26.921232
3.86E-009,-27.134247
3.865E-009,-27.353312
3.87E-009,-27.578518
3.875E-009,-27.809971
3.88E-009,-28.047779
3.885E-009,-28.292051
3.89E-009,-28.542912
3.895E-009,-28.800482
3.9E-009,-29.064896
3.905E-009,-29.336292
3.91E-009,-29.614817
3.915E-009,-29.900627
3.92E-009,-30.193886
3.925E-009,-30.494766
3.93E-009,-30.803448
3.935E-009,-31.120129
3.94E-009,-31.445009
3.945E-009,-31.778307
0.000000004,-32.120247
0.000000004,-32.471077
0.000000004,-32.831047
0.000000004,-33.200428
0.000000004,-33.57951
0.000000004,-33.96859
0.000000004,-34.368
0.000000004,-34.778072
0.000000004,-35.199169
0.000000004,-35.631676
0.000000004,-36.075989
0.000000004,-36.532543
0.000000004,-37.001774
0.000000004,-37.484158
0.000000004,-37.980179
0.000000004,-38.490356
0.000000004,-39.015205
0.000000004,-39.555264
0.000000004,-40.11108
0.000000004,-40.68317
4.05E-009,-41.272045
4.055E-009,-41.878162
4.06E-009,-42.501888
4.065E-009,-43.143467
4.07E-009,-43.802959
4.075E-009,-44.480125
4.08E-009,-45.174335
4.085E-009,-45.884426
4.09E-009,-46.608437
4.095E-009,-47.34341
4.1E-009,-48.085068
4.105E-009,-48.827408
4.11E-009,-49.562431
4.115E-009,-50.279835
4.12E-009,-50.967045
4.125E-009,-51.609604
4.13E-009,-52.192295
4.135E-009,-52.700893
4.14E-009,-53.124413
4.145E-009,-53.457169
4.15E-009,-53.700077
4.155E-009,-53.860512
4.16E-009,-53.950825
4.165E-009,-53.986187
4.17E-009,-53.982517
4.175E-009,-53.954639
4.18E-009,-53.915508
4.185E-009,-53.87579
4.19E-009,-53.843937
4.195E-009,-53.826504
4.2E-009,-53.828445
4.205E-009,-53.853615
4.21E-009,-53.904922
4.215E-009,-53.984718
4.22E-009,-54.094971
4.225E-009,-54.23745
4.23E-009,-54.413876
4.235E-009,-54.626076
4.24E-009,-54.876041
4.245E-009,-55.166092
4.25E-009,-55.499062
4.255E-009,-55.878315
4.26E-009,-56.308029
4.265E-009,-56.793499
4.27E-009,-57.341335
4.275E-009,-57.960182
4.28E-009,-58.661121
4.285E-009,-59.459179
4.29E-009,-60.374798
4.295E-009,-61.437
4.3E-009,-62.68856
4.305E-009,-64.196358
4.31E-009,-66.073387
4.315E-009,-68.533218
4.32E-009,-72.060684
4.325E-009,-78.232521
4.33E-009,-94.928734
4.335E-009,-77.058624
4.34E-009,-71.276817
4.345E-009,-67.795502
4.35E-009,-65.291962
4.355E-009,-63.33287
4.36E-009,-61.721359
4.365E-009,-60.351257
4.37E-009,-59.158646
4.375E-009,-58.10199
4.38E-009,-57.152805
4.385E-009,-56.290627
4.39E-009,-55.500278
4.395E-009,-54.770096
4.4E-009,-54.091061
4.405E-009,-53.455936
4.41E-009,-52.858875
4.415E-009,-52.295082
4.42E-009,-51.760586
4.425E-009,-51.252018
4.43E-009,-50.766575
4.435E-009,-50.301849
4.44E-009,-49.855782
4.445E-009,-49.426617
4.45E-009,-49.012814
4.455E-009,-48.613045
4.46E-009,-48.226181
4.465E-009,-47.851215
4.47E-009,-47.487282
4.475E-009,-47.133636
4.48E-009,-46.7896
4.485E-009,-46.454628
4.49E-009,-46.128216
4.495E-009,-45.809917
4.5E-009,-45.49939
4.505E-009,-45.196281
4.51E-009,-44.900322
4.515E-009,-44.611271
4.52E-009,-44.328915
4.525E-009,-44.053066
4.53E-009,-43.783581
4.535E-009,-43.520313
4.54E-009,-43.263153
4.545E-009,-43.011982
4.55E-009,-42.766731
4.555E-009,-42.527313
4.56E-009,-42.293655
4.565E-009,-42.065701
4.57E-009,-41.843399
4.575E-009,-41.626694
4.58E-009,-41.41555
4.585E-009,-41.209911
4.59E-009,-41.00975
4.595E-009,-40.815029
4.6E-009,-40.62571
4.605E-009,-40.441757
4.61E-009,-40.263145
4.615E-009,-40.089836
4.62E-009,-39.921799
4.625E-009,-39.758999
4.63E-009,-39.60141
4.635E-009,-39.448986
4.64E-009,-39.301712
4.645E-009,-39.159542
4.65E-009,-39.022446
4.655E-009,-38.890392
4.66E-009,-38.763344
4.665E-009,-38.64127
4.67E-009,-38.524128
4.675E-009,-38.411892
4.68E-009,-38.304523
4.685E-009,-38.201984
4.69E-009,-38.104237
4.695E-009,-38.01125
4.7E-009,-37.922985
4.705E-009,-37.839401
4.71E-009,-37.760471
4.715E-009,-37.686153
4.72E-009,-37.616405
4.725E-009,-37.551197
4.73E-009,-37.490494
4.735E-009,-37.434254
4.74E-009,-37.382442
4.745E-009,-37.335026
4.75E-009,-37.291962
4.755E-009,-37.25322
4.76E-009,-37.218765
4.765E-009,-37.188557
4.77E-009,-37.162563
4.775E-009,-37.140751
4.78E-009,-37.123081
4.785E-009,-37.109528
4.79E-009,-37.100044
4.795E-009,-37.094612
4.8E-009,-37.093189
4.805E-009,-37.095745
4.81E-009,-37.102249
4.815E-009,-37.112667
4.82E-009,-37.126976
4.825E-009,-37.145134
4.83E-009,-37.167118
4.835E-009,-37.192902
4.84E-009,-37.22245
4.845E-009,-37.255741
4.85E-009,-37.292736
4.855E-009,-37.333424
4.86E-009,-37.377773
4.865E-009,-37.425755
4.87E-009,-37.477341
4.875E-009,-37.532524
4.88E-009,-37.591267
4.885E-009,-37.653549
4.89E-009,-37.719357
4.895E-009,-37.78867
4.9E-009,-37.861458
4.905E-009,-37.937714
4.91E-009,-38.017414
4.915E-009,-38.100548
4.92E-009,-38.187096
4.925E-009,-38.277046
4.93E-009,-38.370388
4.935E-009,-38.467106
4.94E-009,-38.567192
4.945E-009,-38.670639
0.000000005,-38.777428
0.000000005,-38.887569
0.000000005,-39.001049
0.000000005,-39.117863
0.000000005,-39.23801
0.000000005,-39.361492
0.000000005,-39.4883
0.000000005,-39.618446
0.000000005,-39.75193
0.000000005,-39.88876
0.000000005,-40.028931
0.000000005,-40.172462
0.000000005,-40.319359
0.000000005,-40.469627
0.000000005,-40.623283
0.000000005,-40.780342
0.000000005,-40.940807
0.000000005,-41.104702
0.000000005,-41.272041
0.000000005,-41.442837
5.05E-009,-41.617104
5.055E-009,-41.794872
5.06E-009,-41.976147
5.065E-009,-42.160942
5.07E-009,-42.349277
5.075E-009,-42.541176
5.08E-009,-42.736637
5.085E-009,-42.935684
5.09E-009,-43.138317
5.095E-009,-43.344547
5.1E-009,-43.554379
5.105E-009,-43.767807
5.11E-009,-43.984821
5.115E-009,-44.205414
5.12E-009,-44.429554
5.125E-009,-44.657223
5.13E-009,-44.888371
5.135E-009,-45.122959
5.14E-009,-45.360909
5.145E-009,-45.60215
5.15E-009,-45.846584
5.155E-009,-46.094109
5.16E-009,-46.344578
5.165E-009,-46.597843
5.17E-009,-46.853725
5.175E-009,-47.112019
5.18E-009,-47.372486
5.185E-009,-47.634869
5.19E-009,-47.898853
5.195E-009,-48.164131
5.2E-009,-48.430309
5.205E-009,-48.696991
5.21E-009,-48.963741
5.215E-009,-49.230076
5.22E-009,-49.495472
5.225E-009,-49.759396
5.23E-009,-50.021263
5.235E-009,-50.280476
5.24E-009,-50.536427
5.245E-009,-50.78849
5.25E-009,-51.036034
5.255E-009,-51.278481
5.26E-009,-51.515221
5.265E-009,-51.745724
5.27E-009,-51.969524
5.275E-009,-52.186203
5.28E-009,-52.395393
5.285E-009,-52.596912
5.29E-009,-52.790581
5.295E-009,-52.97641
5.3E-009,-53.154453
5.305E-009,-53.324955
5.31E-009,-53.488209
5.315E-009,-53.644657
5.32E-009,-53.794823
5.325E-009,-53.939293
5.33E-009,-54.078747
5.335E-009,-54.213936
5.34E-009,-54.345596
5.345E-009,-54.47459
5.35E-009,-54.601639
5.355E-009,-54.727596
5.36E-009,-54.853203
5.365E-009,-54.979229
5.37E-009,-55.106335
5.375E-009,-55.235077
5.38E-009,-55.366096
5.385E-009,-55.499748
5.39E-009,-55.636433
5.395E-009,-55.776344
5.4E-009,-55.919609
5.405E-009,-56.066093
5.41E-009,-56.215584
5.415E-009,-56.367664
5.42E-009,-56.521648
5.425E-009,-56.676647
5.43E-009,-56.831524
5.435E-009,-56.984699
5.44E-009,-57.134525
5.445E-009,-57.278927
5.45E-009,-57.41539
5.455E-009,-57.54129
5.46E-009,-57.65366
5.465E-009,-57.749439
5.47E-009,-57.825455
5.475E-009,-57.878586
5.48E-009,-57.906086
5.485E-009,-57.905552
5.49E-009,-57.875107
5.495E-009,-57.813759
5.5E-009,-57.721214
5.505E-009,-57.598095
5.51E-009,-57.445801
5.515E-009,-57.266369
5.52E-009,-57.062458
5.525E-009,-56.837006
5.53E-009,-56.593311
5.535E-009,-56.334549
5.54E-009,-56.063892
5.545E-009,-55.78442
5.55E-009,-55.498764
5.555E-009,-55.209538
5.56E-009,-54.918804
5.565E-009,-54.628464
5.57E-009,-54.340111
5.575E-009,-54.055088
5.58E-009,-53.774532
5.585E-009,-53.499321
5.59E-009,-53.230232
5.595E-009,-52.967758
5.6E-009,-52.712448
5.605E-009,-52.464539
5.61E-009,-52.224339
5.615E-009,-51.992058
5.62E-009,-51.767754
5.625E-009,-51.551468
5.63E-009,-51.343277
5.635E-009,-51.143105
5.64E-009,-50.950977
5.645E-009,-50.766735
5.65E-009,-50.590359
5.655E-009,-50.421749
5.66E-009,-50.260788
5.665E-009,-50.107327
5.67E-009,-49.961277
5.675E-009,-49.822517
5.68E-009,-49.690907
5.685E-009,-49.566315
5.69E-009,-49.448601
5.695E-009,-49.337646
5.7E-009,-49.233326
5.705E-009,-49.135494
5.71E-009,-49.044044
5.715E-009,-48.958847
5.72E-009,-48.879753
5.725E-009,-48.806679
5.73E-009,-48.739506
5.735E-009,-48.678108
5.74E-009,-48.622375
5.745E-009,-48.572216
5.75E-009,-48.527493
5.755E-009,-48.488155
5.76E-009,-48.45406
5.765E-009,-48.425152
5.77E-009,-48.401321
5.775E-009,-48.382481
5.78E-009,-48.368557
5.785E-009,-48.359467
5.79E-009,-48.355133
5.795E-009,-48.355492
5.8E-009,-48.360458
5.805E-009,-48.369976
5.81E-009,-48.383984
5.815E-009,-48.40242
5.82E-009,-48.42522
5.825E-009,-48.452332
5.83E-009,-48.483707
5.835E-009,-48.519291
5.84E-009,-48.559017
5.845E-009,-48.602879
5.85E-009,-48.650787
5.855E-009,-48.702732
5.86E-009,-48.758636
5.865E-009,-48.818485
5.87E-009,-48.882202
5.875E-009,-48.949764
5.88E-009,-49.021111
5.885E-009,-49.096191
5.89E-009,-49.174957
5.895E-009,-49.257351
5.9E-009,-49.343304
5.905E-009,-49.432762
5.91E-009,-49.525639
5.915E-009,-49.621853
5.92E-009,-49.721325
5.925E-009,-49.823956
5.93E-009,-49.929634
5.935E-009,-50.038242
5.94E-009,-50.149635
5.945E-009,-50.263683
0.000000006,-50.380199
0.000000006,-50.49905
0.000000006,-50.619987
0.000000006,-50.742828
0.000000006,-50.867336
0.000000006,-50.993248
0.000000006,-51.120293
0.000000006,-51.248199
0.000000006,-51.376617
0.000000006,-51.505245
0.000000006,-51.63369
0.000000006,-51.761627
0.000000006,-51.888653
0.000000006,-52.01437
0.000000006,-52.138363
0.000000006,-52.260223
0.000000006,-52.379555
0.000000006,-52.495945
0.000000006,-52.60899
0.000000006,-52.71833
6.05E-009,-52.823612
6.055E-009,-52.924511
6.06E-009,-53.020744
6.065E-009,-53.112095
6.07E-009,-53.198383
6.075E-009,-53.279491
6.08E-009,-53.355309
6.085E-009,-53.425903
6.09E-009,-53.491314
6.095E-009,-53.551697
6.1E-009,-53.607212
6.105E-009,-53.658146
6.11E-009,-53.704834
6.115E-009,-53.747681
6.12E-009,-53.787056
6.125E-009,-53.823486
6.13E-009,-53.857452
6.135E-009,-53.889523
6.14E-009,-53.92025
6.145E-009,-53.950233
6.15E-009,-53.980049
6.155E-009,-54.010334
6.16E-009,-54.041676
6.165E-009,-54.074692
6.17E-009,-54.10997
6.175E-009,-54.148144
6.18E-009,-54.189758
6.185E-009,-54.23542
6.19E-009,-54.28569
6.195E-009,-54.341148
6.2E-009,-54.402351
6.205E-009,-54.469822
6.21E-009,-54.544136
6.215E-009,-54.625824
6.22E-009,-54.715435
6.225E-009,-54.81353
6.23E-009,-54.92065
6.235E-009,-55.037395
6.24E-009,-55.16433
6.245E-009,-55.302074
6.25E-009,-55.45129
6.255E-009,-55.612633
6.26E-009,-55.786827
6.265E-009,-55.974636
6.27E-009,-56.176899
6.275E-009,-56.39455
6.28E-009,-56.628567
6.285E-009,-56.880028
6.29E-009,-57.150188
6.295E-009,-57.440414
6.3E-009,-57.75222
6.305E-009,-58.087414
6.31E-009,-58.447975
6.315E-009,-58.836243
6.32E-009,-59.254948
6.325E-009,-59.707214
6.33E-009,-60.196861
6.335E-009,-60.728416
6.34E-009,-61.307346
6.345E-009,-61.940376
6.35E-009,-62.635952
6.355E-009,-63.404716
6.36E-009,-64.260445
6.365E-009,-65.221176
6.37E-009,-66.311462
6.375E-009,-67.565056
6.38E-009,-69.029648
6.385E-009,-70.773468
6.39E-009,-72.889053
6.395E-009,-75.456909
6.4E-009,-78.232536
6.405E-009,-79.494637
6.41E-009,-77.646561
6.415E-009,-74.821869
6.42E-009,-72.328934
6.425E-009,-70.278755
6.43E-009,-68.578575
6.435E-009,-67.140671
6.44E-009,-65.901665
6.445E-009,-64.817352
6.45E-009,-63.856068
6.455E-009,-62.994949
6.46E-009,-62.216892
6.465E-009,-61.508793
6.47E-009,-60.860477
6.475E-009,-60.263878
6.48E-009,-59.712479
6.485E-009,-59.200977
6.49E-009,-58.724926
6.495E-009,-58.28059
6.5E-009,-57.864883
6.505E-009,-57.475109
6.51E-009,-57.108891
6.515E-009,-56.764271
6.52E-009,-56.439438
6.525E-009,-56.132828
6.53E-009,-55.843006
6.535E-009,-55.568748
6.54E-009,-55.308941
6.545E-009,-55.062527
6.55E-009,-54.828571
6.555E-009,-54.606213
6.56E-009,-54.394661
6.565E-009,-54.193203
6.57E-009,-54.001133
6.575E-009,-53.817837
6.58E-009,-53.642715
6.585E-009,-53.475231
6.59E-009,-53.314838
6.595E-009,-53.161057
6.6E-009,-53.013451
6.605E-009,-52.87159
6.61E-009,-52.735031
6.615E-009,-52.603447
6.62E-009,-52.476452
6.625E-009,-52.353748
6.63E-009,-52.234989
6.635E-009,-52.119942
6.64E-009,-52.008316
6.645E-009,-51.899895
6.65E-009,-51.794453
6.655E-009,-51.691799
6.66E-009,-51.591805
6.665E-009,-51.494297
6.67E-009,-51.399151
6.675E-009,-51.306282
6.68E-009,-51.215633
6.685E-009,-51.127121
6.69E-009,-51.04073
6.695E-009,-50.956448
6.7E-009,-50.874283
6.705E-009,-50.794262
6.71E-009,-50.716434
6.715E-009,-50.640846
6.72E-009,-50.567585
6.725E-009,-50.496746
6.73E-009,-50.428432
6.735E-009,-50.362759
6.74E-009,-50.299854
6.745E-009,-50.239845
6.75E-009,-50.18288
6.755E-009,-50.129124
6.76E-009,-50.078735
6.765E-009,-50.031868
6.77E-009,-49.988693
6.775E-009,-49.949398
6.78E-009,-49.914162
6.785E-009,-49.883137
6.79E-009,-49.856537
6.795E-009,-49.834511
6.8E-009,-49.817295
6.805E-009,-49.805023
6.81E-009,-49.797905
6.815E-009,-49.796135
6.82E-009,-49.799896
6.825E-009,-49.809383
6.83E-009,-49.824776
6.835E-009,-49.846264
6.84E-009,-49.874073
6.845E-009,-49.908363
6.85E-009,-49.949348
6.855E-009,-49.997231
6.86E-009,-50.052227
6.865E-009,-50.114517
6.87E-009,-50.184345
6.875E-009,-50.261913
6.88E-009,-50.347469
6.885E-009,-50.441231
6.89E-009,-50.543446
6.895E-009,-50.654362
6.9E-009,-50.774277
6.905E-009,-50.903435
6.91E-009,-51.042126
6.915E-009,-51.190666
6.92E-009,-51.349407
6.925E-009,-51.518669
6.93E-009,-51.698811
6.935E-009,-51.890244
6.94E-009,-52.093407
6.945E-009,-52.308716
0.000000007,-52.536667
0.000000007,-52.777813
0.000000007,-53.032719
0.000000007,-53.301994
0.000000007,-53.586319
0.000000007,-53.886467
0.000000007,-54.203239
0.000000007,-54.537525
0.000000007,-54.890316
0.000000007,-55.26273
0.000000007,-55.656013
0.000000007,-56.071461
0.000000007,-56.510635
0.000000007,-56.975235
0.000000007,-57.467175
0.000000007,-57.988556
0.000000007,-58.541763
0.000000007,-59.129494
0.000000007,-59.754677
0.000000007,-60.420544
7.05E-009,-61.130497
7.055E-009,-61.888069
7.06E-009,-62.696396
7.065E-009,-63.557701
7.07E-009,-64.471832
7.075E-009,-65.434029
7.08E-009,-66.430367
7.085E-009,-67.430969
7.09E-009,-68.380501
7.095E-009,-69.191582
7.1E-009,-69.753242
7.105E-009,-69.970093
7.11E-009,-69.817978
7.115E-009,-69.360016
7.12E-009,-68.705772
7.125E-009,-67.958145
7.13E-009,-67.189377
7.135E-009,-66.441978
7.14E-009,-65.737282
7.145E-009,-65.084435
7.15E-009,-64.485641
7.155E-009,-63.939964
7.16E-009,-63.444645
7.165E-009,-62.996433
7.17E-009,-62.591957
7.175E-009,-62.227901
7.18E-009,-61.901318
7.185E-009,-61.609512
7.19E-009,-61.349964
7.195E-009,-61.120544
7.2E-009,-60.919308
7.205E-009,-60.74456
7.21E-009,-60.594715
7.215E-009,-60.46841
7.22E-009,-60.364426
7.225E-009,-60.281631
7.23E-009,-60.219009
7.235E-009,-60.175606
7.24E-009,-60.150589
7.245E-009,-60.143166
7.25E-009,-60.152508
7.255E-009,-60.177856
7.26E-009,-60.218536
7.265E-009,-60.273754
7.27E-009,-60.342739
7.275E-009,-60.424755
7.28E-009,-60.518902
7.285E-009,-60.624329
7.29E-009,-60.739979
7.295E-009,-60.864773
7.3E-009,-60.997513
7.305E-009,-61.136803
7.31E-009,-61.281109
7.315E-009,-61.428734
7.32E-009,-61.577797
7.325E-009,-61.726189
7.33E-009,-61.871609
7.335E-009,-62.011597
7.34E-009,-62.143574
7.345E-009,-62.264805
7.35E-009,-62.372589
7.355E-009,-62.464245
7.36E-009,-62.537331
7.365E-009,-62.589657
7.37E-009,-62.619324
7.375E-009,-62.625111
7.38E-009,-62.606186
7.385E-009,-62.562443
7.39E-009,-62.49424
7.395E-009,-62.402664
7.4E-009,-62.289097
7.405E-009,-62.155518
7.41E-009,-62.003952
7.415E-009,-61.836784
7.42E-009,-61.656357
7.425E-009,-61.465
7.43E-009,-61.264935
7.435E-009,-61.058273
7.44E-009,-60.846973
7.445E-009,-60.632683
7.45E-009,-60.416904
7.455E-009,-60.200985
7.46E-009,-59.986031
7.465E-009,-59.772999
7.47E-009,-59.562641
7.475E-009,-59.355675
7.48E-009,-59.152603
7.485E-009,-58.953876
7.49E-009,-58.759811
7.495E-009,-58.570698
7.5E-009,-58.386726
7.505E-009,-58.208076
7.51E-009,-58.034859
7.515E-009,-57.867119
7.52E-009,-57.704975
7.525E-009,-57.54842
7.53E-009,-57.397461
7.535E-009,-57.252148
7.54E-009,-57.112434
7.545E-009,-56.978363
7.55E-009,-56.849861
7.555E-009,-56.726997
7.56E-009,-56.609703
7.565E-009,-56.497997
7.57E-009,-56.391853
7.575E-009,-56.291309
7.58E-009,-56.196346
7.585E-009,-56.106953
7.59E-009,-56.023159
7.595E-009,-55.944977
7.6E-009,-55.872429
7.605E-009,-55.80555
7.61E-009,-55.744312
7.615E-009,-55.688812
7.62E-009,-55.63905
7.625E-009,-55.595074
7.63E-009,-55.5569
7.635E-009,-55.524609
7.64E-009,-55.498199
7.645E-009,-55.477757
7.65E-009,-55.46331
7.655E-009,-55.454918
7.66E-009,-55.452602
7.665E-009,-55.456432
7.67E-009,-55.466461
7.675E-009,-55.482731
7.68E-009,-55.505302
7.685E-009,-55.534203
7.69E-009,-55.569485
7.695E-009,-55.611229
7.7E-009,-55.659412
7.705E-009,-55.714134
7.71E-009,-55.775398
7.715E-009,-55.843273
7.72E-009,-55.917774
7.725E-009,-55.99894
7.73E-009,-56.086777
7.735E-009,-56.181328
7.74E-009,-56.282593
7.745E-009,-56.390591
7.75E-009,-56.505322
7.755E-009,-56.626789
7.76E-009,-56.75494
7.765E-009,-56.889809
7.77E-009,-57.031288
7.775E-009,-57.179386
7.78E-009,-57.334015
7.785E-009,-57.495071
7.79E-009,-57.662495
7.795E-009,-57.836121
7.8E-009,-58.015812
7.805E-009,-58.201397
7.81E-009,-58.392643
7.815E-009,-58.58931
7.82E-009,-58.791107
7.825E-009,-58.9977
7.83E-009,-59.208652
7.835E-009,-59.423576
7.84E-009,-59.641914
7.845E-009,-59.863079
7.85E-009,-60.086399
7.855E-009,-60.311108
7.86E-009,-60.5364
7.865E-009,-60.761269
7.87E-009,-60.984715
7.875E-009,-61.205509
7.88E-009,-61.422489
7.885E-009,-61.634274
7.89E-009,-61.839394
7.895E-009,-62.036358
7.9E-009,-62.223633
7.905E-009,-62.399654
7.91E-009,-62.562794
7.915E-009,-62.711632
7.92E-009,-62.84478
7.925E-009,-62.960915
7.93E-009,-63.059093
7.935E-009,-63.138397
7.94E-009,-63.198349
7.945E-009,-63.238667
0.000000008,-63.259407
0.000000008,-63.260784
0.000000008,-63.243626
0.000000008,-63.208618
0.000000008,-63.156895
0.000000008,-63.08963
0.000000008,-63.008221
0.000000008,-62.914131
0.000000008,-62.808674
0.000000008,-62.69347
0.000000008,-62.569901
0.000000008,-62.439278
0.000000008,-62.303017
0.000000008,-62.162182
0.000000008,-62.018089
0.000000008,-61.87162
0.000000008,-61.723858
0.000000008,-61.57555
0.000000008,-61.427605
0.000000008,-61.280628
8.05E-009,-61.1353
8.055E-009,-60.992142
8.06E-009,-60.851723
8.065E-009,-60.7145
8.07E-009,-60.580818
8.075E-009,-60.451088
8.08E-009,-60.325691
8.085E-009,-60.204895
8.09E-009,-60.088913
8.095E-009,-59.978046
8.1E-009,-59.872543
8.105E-009,-59.772591
8.11E-009,-59.678329
8.115E-009,-59.589993
8.12E-009,-59.507736
8.125E-009,-59.431625
8.13E-009,-59.361908
8.135E-009,-59.298615
8.14E-009,-59.241936
8.145E-009,-59.191929
8.15E-009,-59.148735
8.155E-009,-59.112389
8.16E-009,-59.082996
8.165E-009,-59.060677
8.17E-009,-59.045422
8.175E-009,-59.037399
8.18E-009,-59.036587
8.185E-009,-59.043125
8.19E-009,-59.056988
8.195E-009,-59.078281
8.2E-009,-59.107002
8.205E-009,-59.143196
8.21E-009,-59.186913
8.215E-009,-59.238174
8.22E-009,-59.296974
8.225E-009,-59.363335
8.23E-009,-59.437286
8.235E-009,-59.518787
8.24E-009,-59.607864
8.245E-009,-59.704487
8.25E-009,-59.808601
8.255E-009,-59.920208
8.26E-009,-60.039261
8.265E-009,-60.165653
8.27E-009,-60.299381
8.275E-009,-60.440308
8.28E-009,-60.588352
8.285E-009,-60.743362
8.29E-009,-60.905193
8.295E-009,-61.073765
8.3E-009,-61.248821
8.305E-009,-61.430183
8.31E-009,-61.617622
8.315E-009,-61.81086
8.32E-009,-62.00964
8.325E-009,-62.213631
8.33E-009,-62.422493
8.335E-009,-62.635811
8.34E-009,-62.853184
8.345E-009,-63.074085
8.35E-009,-63.298126
8.355E-009,-63.524734
8.36E-009,-63.753235
8.365E-009,-63.983067
8.37E-009,-64.213593
8.375E-009,-64.444092
8.38E-009,-64.67382
8.385E-009,-64.90197
8.39E-009,-65.127823
8.395E-009,-65.350479
8.4E-009,-65.569016
8.405E-009,-65.782608
8.41E-009,-65.990471
8.415E-009,-66.191452
8.42E-009,-66.384796
8.425E-009,-66.569466
8.43E-009,-66.744652
8.435E-009,-66.909363
8.44E-009,-67.06266
8.445E-009,-67.203667
8.45E-009,-67.331543
8.455E-009,-67.445381
8.46E-009,-67.544334
8.465E-009,-67.627708
8.47E-009,-67.694801
8.475E-009,-67.745003
8.48E-009,-67.777748
8.485E-009,-67.792595
8.49E-009,-67.789467
8.495E-009,-67.768028
8.5E-009,-67.72834
8.505E-009,-67.670715
8.51E-009,-67.595406
8.515E-009,-67.503113
8.52E-009,-67.394409
8.525E-009,-67.270309
8.53E-009,-67.131836
8.535E-009,-66.979927
8.54E-009,-66.815979
8.545E-009,-66.641258
8.55E-009,-66.457016
8.555E-009,-66.264633
8.56E-009,-66.065331
8.565E-009,-65.860413
8.57E-009,-65.651154
8.575E-009,-65.438652
8.58E-009,-65.223938
8.585E-009,-65.008171
8.59E-009,-64.792114
8.595E-009,-64.576714
8.6E-009,-64.362625
8.605E-009,-64.150589
8.61E-009,-63.941158
8.615E-009,-63.734825
8.62E-009,-63.532051
8.625E-009,-63.333199
8.63E-009,-63.138557
8.635E-009,-62.948402
8.64E-009,-62.76289
8.645E-009,-62.582203
8.65E-009,-62.406452
8.655E-009,-62.235626
8.66E-009,-62.069813
8.665E-009,-61.908962
8.67E-009,-61.753075
8.675E-009,-61.601997
8.68E-009,-61.4557
8.685E-009,-61.314068
8.69E-009,-61.176899
8.695E-009,-61.04406
8.7E-009,-60.915375
8.705E-009,-60.790676
8.71E-009,-60.669724
8.715E-009,-60.552277
8.72E-009,-60.438179
8.725E-009,-60.327179
8.73E-009,-60.219032
8.735E-009,-60.113499
8.74E-009,-60.010372
8.745E-009,-59.909405
8.75E-009,-59.810375
8.755E-009,-59.713074
8.76E-009,-59.617279
8.765E-009,-59.522846
8.77E-009,-59.429512
8.775E-009,-59.337177
8.78E-009,-59.245693
8.785E-009,-59.154881
8.79E-009,-59.064686
8.795E-009,-58.974972
8.8E-009,-58.885727
8.805E-009,-58.796894
8.81E-009,-58.708397
8.815E-009,-58.6203
8.82E-009,-58.532639
8.825E-009,-58.4454
8.83E-009,-58.358696
8.835E-009,-58.272579
8.84E-009,-58.187199
8.845E-009,-58.102631
8.85E-009,-58.019016
8.855E-009,-57.936539
8.86E-009,-57.855339
8.865E-009,-57.775551
8.87E-009,-57.697376
8.875E-009,-57.621033
8.88E-009,-57.54668
8.885E-009,-57.474503
8.89E-009,-57.404675
8.895E-009,-57.337437
8.9E-009,-57.272976
8.905E-009,-57.211449
8.91E-009,-57.153072
8.915E-009,-57.09803
8.92E-009,-57.04652
8.925E-009,-56.998692
8.93E-009,-56.954731
8.935E-009,-56.914825
8.94E-009,-56.879154
8.945E-009,-56.847839
0.000000009,-56.821056
0.000000009,-56.798988
0.000000009,-56.78178
0.000000009,-56.769558
0.000000009,-56.762489
0.000000009,-56.760738
0.000000009,-56.764439
0.000000009,-56.773712
0.000000009,-56.788742
0.000000009,-56.809662
0.000000009,-56.836643
0.000000009,-56.869801
0.000000009,-56.909332
0.000000009,-56.955372
0.000000009,-57.008091
0.000000009,-57.067684
0.000000009,-57.134319
0.000000009,-57.208191
0.000000009,-57.289494
0.000000009,-57.378433
9.05E-009,-57.475277
9.055E-009,-57.58017
9.06E-009,-57.693401
9.065E-009,-57.815231
9.07E-009,-57.94593
9.075E-009,-58.085732
9.08E-009,-58.234936
9.085E-009,-58.393833
9.09E-009,-58.562706
9.095E-009,-58.74181
9.1E-009,-58.931358
9.105E-009,-59.131672
9.11E-009,-59.342823
9.115E-009,-59.564976
9.12E-009,-59.798054
9.125E-009,-60.041931
9.13E-009,-60.296242
9.135E-009,-60.56023
9.14E-009,-60.832886
9.145E-009,-61.112667
9.15E-009,-61.397305
9.155E-009,-61.683685
9.16E-009,-61.967632
9.165E-009,-62.243847
9.17E-009,-62.505337
9.175E-009,-62.743748
9.18E-009,-62.949284
9.185E-009,-63.111012
9.19E-009,-63.217796
9.195E-009,-63.259129
9.2E-009,-63.22662
9.205E-009,-63.115364
9.21E-009,-62.924477
9.215E-009,-62.657604
9.22E-009,-62.321953
9.225E-009,-61.927429
9.23E-009,-61.485054
9.235E-009,-61.006077
9.24E-009,-60.500771
9.245E-009,-59.978096
9.25E-009,-59.445545
9.255E-009,-58.909065
9.26E-009,-58.373257
9.265E-009,-57.841618
9.27E-009,-57.316708
9.275E-009,-56.800346
9.28E-009,-56.293755
9.285E-009,-55.797787
9.29E-009,-55.312939
9.295E-009,-54.839439
9.3E-009,-54.377377
9.305E-009,-53.926674
9.31E-009,-53.487213
9.315E-009,-53.058781
9.32E-009,-52.641155
9.325E-009,-52.234039
9.33E-009,-51.837173
9.335E-009,-51.450275
9.34E-009,-51.073048
9.345E-009,-50.705208
9.35E-009,-50.346508
9.355E-009,-49.996681
9.36E-009,-49.655453
9.365E-009,-49.322605
9.37E-009,-48.997917
9.375E-009,-48.68116
9.38E-009,-48.372139
9.385E-009,-48.07066
9.39E-009,-47.776558
9.395E-009,-47.489651
9.4E-009,-47.209785
9.405E-009,-46.936813
9.41E-009,-46.670609
9.415E-009,-46.411011
9.42E-009,-46.157925
9.425E-009,-45.911228
9.43E-009,-45.670803
9.435E-009,-45.436569
9.44E-009,-45.208431
9.445E-009,-44.986275
9.45E-009,-44.770054
9.455E-009,-44.559669
9.46E-009,-44.355064
9.465E-009,-44.156155
9.47E-009,-43.962894
9.475E-009,-43.775219
9.48E-009,-43.593079
9.485E-009,-43.41642
9.49E-009,-43.245197
9.495E-009,-43.079369
9.5E-009,-42.918892
9.505E-009,-42.763733
9.51E-009,-42.613857
9.515E-009,-42.469238
9.52E-009,-42.329842
9.525E-009,-42.195641
9.53E-009,-42.066616
9.535E-009,-41.942745
9.54E-009,-41.824009
9.545E-009,-41.710396
9.55E-009,-41.601883
9.555E-009,-41.498466
9.56E-009,-41.400127
9.565E-009,-41.306862
9.57E-009,-41.218666
9.575E-009,-41.135525
9.58E-009,-41.057446
9.585E-009,-40.984421
9.59E-009,-40.916451
9.595E-009,-40.853539
9.6E-009,-40.795685
9.605E-009,-40.742901
9.61E-009,-40.695183
9.615E-009,-40.652546
9.62E-009,-40.614998
9.625E-009,-40.582554
9.63E-009,-40.555214
9.635E-009,-40.533009
9.64E-009,-40.515942
9.645E-009,-40.504036
9.65E-009,-40.497303
9.655E-009,-40.49577
9.66E-009,-40.499451
9.665E-009,-40.508377
9.67E-009,-40.522572
9.675E-009,-40.542049
9.68E-009,-40.566849
9.685E-009,-40.597
9.69E-009,-40.632523
9.695E-009,-40.673458
9.7E-009,-40.719837
9.705E-009,-40.77169
9.71E-009,-40.829056
9.715E-009,-40.891975
9.72E-009,-40.96048
9.725E-009,-41.034615
9.73E-009,-41.114422
9.735E-009,-41.199936
9.74E-009,-41.29121
9.745E-009,-41.388279
9.75E-009,-41.491196
9.755E-009,-41.599998
9.76E-009,-41.714741
9.765E-009,-41.835461
9.77E-009,-41.962208
9.775E-009,-42.095028
9.78E-009,-42.233963
9.785E-009,-42.379047
9.79E-009,-42.530338
9.795E-009,-42.687855
9.8E-009,-42.851639
9.805E-009,-43.021713
9.81E-009,-43.198105
9.815E-009,-43.380825
9.82E-009,-43.569878
9.825E-009,-43.765255
9.83E-009,-43.966938
9.835E-009,-44.174885
9.84E-009,-44.389046
9.845E-009,-44.609329
9.85E-009,-44.83564
9.855E-009,-45.067837
9.86E-009,-45.305729
9.865E-009,-45.549114
9.87E-009,-45.797703
9.875E-009,-46.05117
9.88E-009,-46.309113
9.885E-009,-46.571045
9.89E-009,-46.836411
9.895E-009,-47.104546
9.9E-009,-47.374657
9.905E-009,-47.645855
9.91E-009,-47.917103
9.915E-009,-48.187229
9.92E-009,-48.454918
9.925E-009,-48.7187
9.93E-009,-48.976978
9.935E-009,-49.227997
9.94E-009,-49.469921
9.945E-009,-49.700844
0.00000001,-49.918793
0.00000001,-50.121853
0.00000001,-50.308197
0.00000001,-50.476124
0.00000001,-50.624207
0.00000001,-50.751286
0.00000001,-50.856571
0.00000001,-50.939697
0.00000001,-51.000679
0.00000001,-51.03997
0.00000001,-51.058411
END,
