"Freq [GHz]","dB(S(1,1)) []","dB(S(1,2)) []","dB(S(2,1)) []","dB(S(2,2)) []"
2,-12.0274990383557,-1.227073895029,-1.22707389502901,-11.8913825921672
2.001,-12.0282607378056,-1.22701450320795,-1.22701450320796,-11.8922520051783
2.002,-12.0290225618118,-1.22695521585307,-1.22695521585308,-11.8931218979661
2.003,-12.0297845066953,-1.22689603388538,-1.2268960338854,-11.893992259205
2.004,-12.0305465687175,-1.22683695822137,-1.22683695822138,-11.8948630775604
2.005,-12.0313087440802,-1.22677798977298,-1.226777989773,-11.8957343416893
2.006,-12.0320710289267,-1.22671912944765,-1.22671912944766,-11.8966060402399
2.007,-12.0328334193412,-1.22666037814826,-1.22666037814827,-11.8974781618527
2.008,-12.0335959113501,-1.22660173677317,-1.22660173677319,-11.8983506951599
2.009,-12.0343585009217,-1.22654320621622,-1.22654320621623,-11.8992236287863
2.01,-12.0351211839669,-1.22648478736667,-1.22648478736668,-11.9000969513491
2.011,-12.0358839563395,-1.2264264811093,-1.22642648110931,-11.9009706514586
2.012,-12.0366468138365,-1.22636828832431,-1.22636828832433,-11.9018447177179
2.013,-12.0374097521987,-1.22631020988739,-1.22631020988741,-11.9027191387236
2.014,-12.0381727671108,-1.22625224666968,-1.22625224666969,-11.9035939030658
2.015,-12.0389358542019,-1.22619439953777,-1.22619439953778,-11.9044689993287
2.016,-12.0396990090458,-1.22613666935373,-1.22613666935374,-11.9053444160902
2.017,-12.0404622271616,-1.22607905697508,-1.22607905697509,-11.9062201419228
2.018,-12.0412255040138,-1.22602156325479,-1.22602156325481,-11.9070961653935
2.019,-12.0419888350129,-1.22596418904132,-1.22596418904133,-11.9079724750643
2.02,-12.0427522155156,-1.22590693517853,-1.22590693517855,-11.9088490594921
2.021,-12.0435156408254,-1.22584980250581,-1.22584980250582,-11.9097259072292
2.022,-12.0442791061926,-1.22579279185794,-1.22579279185795,-11.9106030068235
2.023,-12.0450426068151,-1.22573590406521,-1.22573590406522,-11.9114803468188
2.024,-12.0458061378386,-1.22567913995332,-1.22567913995333,-11.9123579157549
2.025,-12.0465696943569,-1.22562250034346,-1.22562250034347,-11.9132357021681
2.026,-12.0473332714126,-1.22556598605226,-1.22556598605227,-11.9141136945911
2.027,-12.0480968639969,-1.22550959789181,-1.22550959789183,-11.9149918815536
2.028,-12.0488604670506,-1.22545333666966,-1.22545333666967,-11.9158702515822
2.029,-12.0496240754642,-1.2253972031888,-1.22539720318882,-11.9167487932012
2.03,-12.0503876840782,-1.22534119824769,-1.22534119824771,-11.917627494932
2.031,-12.0511512876838,-1.22528532264024,-1.22528532264026,-11.9185063452943
2.032,-12.0519148810229,-1.22522957715582,-1.22522957715583,-11.9193853328057
2.033,-12.0526784587887,-1.22517396257924,-1.22517396257925,-11.9202644459821
2.034,-12.0534420156263,-1.22511847969077,-1.22511847969079,-11.921143673338
2.035,-12.0542055461324,-1.22506312926616,-1.22506312926618,-11.9220230033869
2.036,-12.0549690448566,-1.22500791207659,-1.22500791207661,-11.9229024246412
2.037,-12.055732506301,-1.2249528288887,-1.22495282888872,-11.9237819256127
2.038,-12.0564959249212,-1.2248978804646,-1.22489788046461,-11.9246614948129
2.039,-12.0572592951262,-1.22484306756183,-1.22484306756184,-11.9255411207529
2.04,-12.0580226112791,-1.22478839093341,-1.22478839093343,-11.9264207919441
2.041,-12.0587858676973,-1.22473385132782,-1.22473385132783,-11.9273004968981
2.042,-12.0595490586532,-1.22467944948898,-1.22467944948899,-11.9281802241273
2.043,-12.0603121783742,-1.22462518615628,-1.22462518615629,-11.9290599621446
2.044,-12.0610752210434,-1.22457106206457,-1.22457106206459,-11.9299396994642
2.045,-12.0618381807997,-1.22451707794416,-1.22451707794417,-11.9308194246016
2.046,-12.0626010517385,-1.2244632345208,-1.22446323452081,-11.9316991260738
2.047,-12.0633638279118,-1.22440953251574,-1.22440953251575,-11.9325787923997
2.048,-12.0641265033291,-1.22435597264566,-1.22435597264567,-11.9334584121002
2.049,-12.0648890719571,-1.22430255562272,-1.22430255562273,-11.9343379736986
2.05,-12.0656515277206,-1.22424928215453,-1.22424928215454,-11.9352174657207
2.051,-12.0664138645027,-1.22419615294417,-1.22419615294419,-11.936096876695
2.052,-12.0671760761451,-1.2241431686902,-1.22414316869022,-11.9369761951534
2.053,-12.067938156449,-1.22409033008663,-1.22409033008665,-11.9378554096306
2.054,-12.0687000991747,-1.22403763782294,-1.22403763782295,-11.9387345086653
2.055,-12.0694618980428,-1.22398509258407,-1.22398509258409,-11.9396134807997
2.056,-12.0702235467339,-1.22393269505046,-1.22393269505047,-11.9404923145802
2.057,-12.0709850388895,-1.22388044589799,-1.223880445898,-11.9413709985574
2.058,-12.0717463681123,-1.22382834579802,-1.22382834579803,-11.9422495212864
2.059,-12.0725075279662,-1.22377639541739,-1.2237763954174,-11.9431278713272
2.06,-12.0732685119774,-1.22372459541841,-1.22372459541842,-11.9440060372447
2.061,-12.0740293136341,-1.22367294645887,-1.22367294645888,-11.9448840076091
2.062,-12.0747899263874,-1.22362144919203,-1.22362144919205,-11.945761770996
2.063,-12.0755503436514,-1.22357010426665,-1.22357010426666,-11.9466393159869
2.064,-12.0763105588038,-1.22351891232693,-1.22351891232694,-11.9475166311692
2.065,-12.0770705651862,-1.22346787401259,-1.2234678740126,-11.9483937051366
2.066,-12.0778303561044,-1.22341698995882,-1.22341698995883,-11.9492705264892
2.067,-12.0785899248289,-1.22336626079629,-1.2233662607963,-11.9501470838339
2.068,-12.0793492645956,-1.22331568715116,-1.22331568715118,-11.9510233657843
2.069,-12.0801083686055,-1.22326526964509,-1.2232652696451,-11.9518993609616
2.07,-12.0808672300257,-1.22321500889521,-1.22321500889522,-11.9527750579942
2.071,-12.0816258419897,-1.22316490551415,-1.22316490551416,-11.9536504455182
2.072,-12.0823841975976,-1.22311496011004,-1.22311496011005,-11.9545255121776
2.073,-12.0831422899165,-1.22306517328651,-1.22306517328652,-11.9554002466246
2.074,-12.0839001119813,-1.22301554564266,-1.22301554564267,-11.9562746375198
2.075,-12.0846576567944,-1.22296607777312,-1.22296607777313,-11.9571486735326
2.076,-12.0854149173269,-1.22291677026801,-1.22291677026803,-11.9580223433409
2.077,-12.0861718865183,-1.22286762371296,-1.22286762371298,-11.958895635632
2.078,-12.0869285572774,-1.22281863868909,-1.22281863868911,-11.9597685391025
2.079,-12.0876849224825,-1.22276981577304,-1.22276981577306,-11.9606410424587
2.08,-12.0884409749816,-1.22272115553696,-1.22272115553697,-11.9615131344165
2.081,-12.0891967075933,-1.22267265854851,-1.22267265854853,-11.962384803702
2.082,-12.0899521131067,-1.22262432537087,-1.22262432537088,-11.9632560390515
2.083,-12.090707184282,-1.22257615656271,-1.22257615656272,-11.9641268292122
2.084,-12.091461913851,-1.22252815267826,-1.22252815267827,-11.9649971629415
2.085,-12.0922162945175,-1.22248031426725,-1.22248031426726,-11.9658670290084
2.086,-12.0929703189573,-1.22243264187494,-1.22243264187495,-11.9667364161927
2.087,-12.0937239798191,-1.2223851360421,-1.22238513604211,-11.9676053132859
2.088,-12.0944772697248,-1.22233779730506,-1.22233779730507,-11.9684737090911
2.089,-12.0952301812697,-1.22229062619564,-1.22229062619565,-11.9693415924236
2.09,-12.0959827070228,-1.22224362324125,-1.22224362324126,-11.9702089521105
2.091,-12.0967348395277,-1.22219678896478,-1.22219678896479,-11.9710757769916
2.092,-12.0974865713027,-1.22215012388469,-1.2221501238847,-11.9719420559193
2.093,-12.0982378948409,-1.22210362851498,-1.22210362851499,-11.9728077777589
2.094,-12.0989888026112,-1.22205730336521,-1.22205730336521,-11.9736729313886
2.095,-12.0997392870582,-1.22201114894044,-1.22201114894045,-11.9745375057002
2.096,-12.1004893406029,-1.22196516574134,-1.22196516574134,-11.975401489599
2.097,-12.101238955643,-1.22191935426408,-1.22191935426409,-11.9762648720041
2.098,-12.1019881245533,-1.22187371500044,-1.22187371500044,-11.9771276418485
2.099,-12.1027368396859,-1.22182824843771,-1.22182824843772,-11.9779897880796
2.1,-12.1034850933709,-1.22178295505878,-1.22178295505878,-11.9788512996593
2.101,-12.1042328779169,-1.22173783534208,-1.22173783534209,-11.9797121655642
2.102,-12.1049801856108,-1.22169288976163,-1.22169288976164,-11.9805723747858
2.103,-12.1057270087189,-1.22164811878701,-1.22164811878702,-11.9814319163308
2.104,-12.1064733394866,-1.22160352288338,-1.22160352288339,-11.9822907792213
2.105,-12.1072191701395,-1.22155910251148,-1.22155910251149,-11.983148952495
2.106,-12.1079644928834,-1.22151485812762,-1.22151485812763,-11.9840064252056
2.107,-12.1087092999046,-1.22147079018371,-1.22147079018372,-11.9848631864226
2.108,-12.1094535833706,-1.22142689912725,-1.22142689912726,-11.9857192252319
2.109,-12.1101973354302,-1.22138318540132,-1.22138318540133,-11.9865745307362
2.11,-12.1109405482141,-1.2213396494446,-1.22133964944461,-11.9874290920546
2.111,-12.1116832138354,-1.22129629169137,-1.22129629169138,-11.9882828983232
2.112,-12.1124253243896,-1.22125311257153,-1.22125311257153,-11.9891359386955
2.113,-12.1131668719552,-1.22121011251055,-1.22121011251055,-11.9899882023422
2.114,-12.1139078485942,-1.22116729192953,-1.22116729192954,-11.9908396784518
2.115,-12.1146482463526,-1.2211246512452,-1.22112465124521,-11.9916903562305
2.116,-12.1153880572601,-1.22108219086989,-1.22108219086989,-11.9925402249027
2.117,-12.1161272733315,-1.22103991121153,-1.22103991121154,-11.9933892737111
2.118,-12.1168658865662,-1.22099781267373,-1.22099781267373,-11.9942374919168
2.119,-12.1176038889491,-1.22095589565567,-1.22095589565567,-11.9950848687997
2.12,-12.1183412724509,-1.2209141605522,-1.22091416055221,-11.9959313936585
2.121,-12.1190780290284,-1.2208726077538,-1.2208726077538,-11.9967770558114
2.122,-12.1198141506249,-1.22083123764658,-1.22083123764658,-11.9976218445957
2.123,-12.1205496291706,-1.2207900506123,-1.2207900506123,-11.9984657493683
2.124,-12.1212844565831,-1.22074904702837,-1.22074904702838,-11.999308759506
2.125,-12.1220186247675,-1.22070822726786,-1.22070822726787,-12.0001508644057
2.126,-12.1227521256173,-1.22066759169948,-1.22066759169949,-12.0009920534844
2.127,-12.1234849510142,-1.22062714068762,-1.22062714068763,-12.0018323161795
2.128,-12.1242170928288,-1.22058687459232,-1.22058687459232,-12.0026716419493
2.129,-12.124948542921,-1.2205467937693,-1.2205467937693,-12.0035100202728
2.13,-12.1256792931401,-1.22050689856993,-1.22050689856994,-12.00434744065
2.131,-12.1264093353258,-1.22046718934131,-1.22046718934131,-12.0051838926025
2.132,-12.1271386613078,-1.22042766642617,-1.22042766642617,-12.006019365673
2.133,-12.1278672629068,-1.22038833016294,-1.22038833016294,-12.0068538494264
2.134,-12.1285951319346,-1.22034918088576,-1.22034918088577,-12.0076873334491
2.135,-12.1293222601944,-1.22031021892446,-1.22031021892446,-12.0085198073498
2.136,-12.1300486394814,-1.22027144460455,-1.22027144460456,-12.0093512607596
2.137,-12.1307742615831,-1.22023285824727,-1.22023285824727,-12.0101816833321
2.138,-12.1314991182797,-1.22019446016956,-1.22019446016956,-12.0110110647435
2.139,-12.1322232013444,-1.22015625068406,-1.22015625068406,-12.0118393946932
2.14,-12.1329465025438,-1.22011823009916,-1.22011823009916,-12.0126666629037
2.141,-12.1336690136383,-1.22008039871894,-1.22008039871894,-12.0134928591207
2.142,-12.1343907263825,-1.22004275684324,-1.22004275684324,-12.0143179731136
2.143,-12.1351116325256,-1.2200053047676,-1.2200053047676,-12.0151419946756
2.144,-12.1358317238116,-1.21996804278334,-1.21996804278334,-12.0159649136238
2.145,-12.1365509919799,-1.21993097117748,-1.21993097117748,-12.0167867197996
2.146,-12.1372694287655,-1.21989409023281,-1.21989409023281,-12.0176074030685
2.147,-12.1379870258996,-1.21985740022788,-1.21985740022788,-12.0184269533209
2.148,-12.1387037751096,-1.21982090143698,-1.21982090143698,-12.0192453604717
2.149,-12.1394196681198,-1.21978459413017,-1.21978459413017,-12.0200626144609
2.15,-12.1401346966517,-1.21974847857328,-1.21974847857328,-12.0208787052537
2.151,-12.1408488524241,-1.21971255502792,-1.21971255502792,-12.0216936228406
2.152,-12.1415621271541,-1.21967682375146,-1.21967682375146,-12.0225073572376
2.153,-12.1422745125567,-1.21964128499707,-1.21964128499707,-12.0233198984867
2.154,-12.1429860003456,-1.21960593901371,-1.21960593901371,-12.0241312366555
2.155,-12.1436965822336,-1.21957078604611,-1.21957078604611,-12.0249413618379
2.156,-12.1444062499327,-1.21953582633483,-1.21953582633483,-12.0257502641543
2.157,-12.1451149951549,-1.21950106011621,-1.21950106011621,-12.0265579337513
2.158,-12.1458228096121,-1.21946648762243,-1.21946648762243,-12.0273643608025
2.159,-12.1465296850165,-1.21943210908145,-1.21943210908145,-12.0281695355083
2.16,-12.1472356130813,-1.21939792471707,-1.21939792471707,-12.0289734480961
2.161,-12.147940585521,-1.21936393474893,-1.21936393474893,-12.0297760888207
2.162,-12.1486445940512,-1.21933013939247,-1.21933013939247,-12.0305774479645
2.163,-12.1493476303899,-1.21929653885899,-1.21929653885899,-12.0313775158372
2.164,-12.150049686257,-1.21926313335563,-1.21926313335562,-12.0321762827767
2.165,-12.150750753375,-1.21922992308536,-1.21922992308536,-12.0329737391487
2.166,-12.1514508234696,-1.21919690824705,-1.21919690824705,-12.0337698753473
2.167,-12.1521498882696,-1.21916408903539,-1.21916408903539,-12.0345646817948
2.168,-12.1528479395076,-1.21913146564094,-1.21913146564093,-12.0353581489423
2.169,-12.15354496892,-1.21909903825014,-1.21909903825014,-12.0361502672696
2.17,-12.1542409682479,-1.21906680704532,-1.21906680704532,-12.0369410272853
2.171,-12.1549359292369,-1.21903477220468,-1.21903477220467,-12.0377304195273
2.172,-12.1556298436376,-1.21900293390229,-1.21900293390229,-12.0385184345627
2.173,-12.1563227032063,-1.21897129230816,-1.21897129230816,-12.0393050629883
2.174,-12.1570144997049,-1.21893984758818,-1.21893984758817,-12.0400902954303
2.175,-12.1577052249013,-1.21890859990412,-1.21890859990412,-12.0408741225449
2.176,-12.15839487057,-1.21887754941371,-1.21887754941371,-12.0416565350183
2.177,-12.1590834284924,-1.21884669627058,-1.21884669627058,-12.0424375235668
2.178,-12.1597708904568,-1.21881604062428,-1.21881604062427,-12.0432170789373
2.179,-12.1604572482593,-1.21878558262029,-1.21878558262029,-12.043995191907
2.18,-12.1611424937035,-1.21875532240005,-1.21875532240004,-12.0447718532839
2.181,-12.1618266186013,-1.21872526010091,-1.21872526010091,-12.045547053907
2.182,-12.1625096147734,-1.21869539585621,-1.2186953958562,-12.0463207846463
2.183,-12.1631914740488,-1.21866572979522,-1.21866572979521,-12.047093036403
2.184,-12.1638721882662,-1.21863626204317,-1.21863626204317,-12.0478638001097
2.185,-12.1645517492735,-1.21860699272129,-1.21860699272129,-12.0486330667306
2.186,-12.1652301489285,-1.21857792194676,-1.21857792194676,-12.0494008272617
2.187,-12.1659073790994,-1.21854904983275,-1.21854904983274,-12.0501670727309
2.188,-12.1665834316646,-1.21852037648841,-1.21852037648841,-12.050931794198
2.189,-12.1672582985138,-1.21849190201891,-1.21849190201891,-12.0516949827553
2.19,-12.1679319715473,-1.2184636265254,-1.2184636265254,-12.0524566295273
2.191,-12.1686044426774,-1.21843555010505,-1.21843555010504,-12.0532167256713
2.192,-12.1692757038281,-1.21840767285103,-1.21840767285102,-12.053975262377
2.193,-12.1699457469354,-1.21837999485255,-1.21837999485255,-12.0547322308674
2.194,-12.170614563948,-1.21835251619485,-1.21835251619485,-12.0554876223982
2.195,-12.1712821468274,-1.2183252369592,-1.21832523695919,-12.0562414282586
2.196,-12.1719484875481,-1.2182981572229,-1.21829815722289,-12.0569936397709
2.197,-12.1726135780982,-1.21827127705931,-1.2182712770593,-12.0577442482912
2.198,-12.1732774104794,-1.21824459653785,-1.21824459653784,-12.0584932452091
2.199,-12.1739399767078,-1.218218115724,-1.21821811572399,-12.0592406219483
2.2,-12.1746012688136,-1.21819183467931,-1.2181918346793,-12.0599863699661
2.201,-12.1752612788419,-1.2181657534614,-1.2181657534614,-12.0607304807543
2.202,-12.1759199988529,-1.21813987212399,-1.21813987212398,-12.061472945839
2.203,-12.1765774209221,-1.21811419071687,-1.21811419071686,-12.0622137567805
2.204,-12.1772335371405,-1.21808870928595,-1.21808870928594,-12.0629529051741
2.205,-12.1778883396155,-1.21806342787321,-1.21806342787321,-12.0636903826495
2.206,-12.1785418204703,-1.21803834651679,-1.21803834651679,-12.0644261808716
2.207,-12.1791939718451,-1.21801346525092,-1.21801346525091,-12.0651602915403
2.208,-12.1798447858968,-1.21798878410595,-1.21798878410594,-12.0658927063906
2.209,-12.1804942547997,-1.21796430310838,-1.21796430310837,-12.066623417193
2.21,-12.1811423707454,-1.21794002228084,-1.21794002228083,-12.0673524157534
2.211,-12.1817891259435,-1.21791594164213,-1.21791594164212,-12.0680796939135
2.212,-12.1824345126216,-1.21789206120716,-1.21789206120715,-12.0688052435508
2.213,-12.1830785230259,-1.21786838098706,-1.21786838098705,-12.0695290565786
2.214,-12.1837211494212,-1.21784490098908,-1.21784490098907,-12.0702511249463
2.215,-12.1843623840913,-1.21782162121668,-1.21782162121667,-12.0709714406398
2.216,-12.1850022193395,-1.21779854166949,-1.21779854166948,-12.071689995681
2.217,-12.1856406474885,-1.21777566234334,-1.21777566234333,-12.0724067821286
2.218,-12.1862776608811,-1.21775298323025,-1.21775298323024,-12.0731217920778
2.219,-12.1869132518801,-1.21773050431846,-1.21773050431845,-12.0738350176607
2.22,-12.1875474128691,-1.21770822559241,-1.21770822559241,-12.0745464510462
2.221,-12.1881801362522,-1.21768614703279,-1.21768614703277,-12.0752560844403
2.222,-12.1888114144546,-1.21766426861647,-1.21766426861646,-12.0759639100864
2.223,-12.1894412399231,-1.21764259031662,-1.21764259031661,-12.0766699202649
2.224,-12.190069605126,-1.2176211121026,-1.2176211121026,-12.0773741072938
2.225,-12.1906965025534,-1.21759983394007,-1.21759983394006,-12.0780764635289
2.226,-12.1913219247177,-1.21757875579092,-1.21757875579091,-12.0787769813635
2.227,-12.191945864154,-1.21755787761332,-1.21755787761331,-12.0794756532288
2.228,-12.1925683134199,-1.21753719936171,-1.2175371993617,-12.0801724715939
2.229,-12.1931892650961,-1.21751672098682,-1.21751672098681,-12.0808674289664
2.23,-12.1938087117868,-1.21749644243568,-1.21749644243567,-12.0815605178916
2.231,-12.1944266461196,-1.21747636365161,-1.21747636365159,-12.0822517309537
2.232,-12.195043060746,-1.21745648457423,-1.21745648457422,-12.082941060775
2.233,-12.1956579483419,-1.2174368051395,-1.21743680513949,-12.0836285000166
2.234,-12.1962713016072,-1.21741732527969,-1.21741732527968,-12.0843140413783
2.235,-12.1968831132668,-1.21739804492339,-1.21739804492338,-12.0849976775988
2.236,-12.1974933760704,-1.21737896399557,-1.21737896399555,-12.0856794014558
2.237,-12.1981020827931,-1.21736008241749,-1.21736008241748,-12.0863592057661
2.238,-12.1987092262354,-1.21734140010683,-1.21734140010682,-12.0870370833857
2.239,-12.1993147992233,-1.21732291697758,-1.21732291697757,-12.0877130272099
2.24,-12.1999187946092,-1.21730463294014,-1.21730463294013,-12.0883870301737
2.241,-12.2005212052716,-1.21728654790127,-1.21728654790126,-12.0890590852514
2.242,-12.2011220241154,-1.21726866176414,-1.21726866176412,-12.0897291854571
2.243,-12.2017212440724,-1.21725097442829,-1.21725097442827,-12.0903973238447
2.244,-12.2023188581016,-1.21723348578968,-1.21723348578967,-12.0910634935082
2.245,-12.202914859189,-1.2172161957407,-1.21721619574069,-12.0917276875814
2.246,-12.2035092403483,-1.21719910417014,-1.21719910417013,-12.0923898992384
2.247,-12.204101994621,-1.21718221096323,-1.21718221096321,-12.0930501216934
2.248,-12.2046931150766,-1.21716551600163,-1.21716551600162,-12.0937083482012
2.249,-12.2052825948129,-1.21714901916347,-1.21714901916346,-12.0943645720568
2.25,-12.2058704269562,-1.21713272032331,-1.2171327203233,-12.0950187865961
2.251,-12.2064566046617,-1.2171166193522,-1.21711661935218,-12.0956709851955
2.252,-12.2070411211134,-1.21710071611763,-1.21710071611762,-12.0963211612722
2.253,-12.2076239695249,-1.21708501048361,-1.2170850104836,-12.0969693082843
2.254,-12.208205143139,-1.21706950231063,-1.21706950231062,-12.0976154197311
2.255,-12.2087846352283,-1.21705419145565,-1.21705419145564,-12.0982594891526
2.256,-12.2093624390955,-1.21703907777218,-1.21703907777217,-12.0989015101305
2.257,-12.2099385480733,-1.21702416111022,-1.21702416111021,-12.0995414762875
2.258,-12.2105129555251,-1.2170094413163,-1.21700944131628,-12.1001793812877
2.259,-12.2110856548447,-1.21699491823348,-1.21699491823347,-12.1008152188369
2.26,-12.2116566394571,-1.21698059170138,-1.21698059170136,-12.1014489826823
2.261,-12.2122259028182,-1.21696646155615,-1.21696646155614,-12.102080666613
2.262,-12.2127934384152,-1.21695252763052,-1.21695252763051,-12.1027102644597
2.263,-12.2133592397672,-1.21693878975377,-1.21693878975376,-12.1033377700951
2.264,-12.2139233004247,-1.21692524775177,-1.21692524775176,-12.103963177434
2.265,-12.2144856139706,-1.21691190144698,-1.21691190144697,-12.104586480433
2.266,-12.2150461740197,-1.21689875065844,-1.21689875065843,-12.105207673091
2.267,-12.2156049742195,-1.21688579520181,-1.2168857952018,-12.1058267494493
2.268,-12.2161620082502,-1.21687303488936,-1.21687303488934,-12.1064437035914
2.269,-12.2167172698246,-1.21686046952997,-1.21686046952996,-12.1070585296431
2.27,-12.2172707526888,-1.21684809892917,-1.21684809892916,-12.1076712217731
2.271,-12.2178224506223,-1.21683592288913,-1.21683592288912,-12.1082817741923
2.272,-12.218372357438,-1.21682394120865,-1.21682394120864,-12.1088901811546
2.273,-12.2189204669824,-1.21681215368321,-1.21681215368319,-12.1094964369564
2.274,-12.2194667731363,-1.21680056010494,-1.21680056010493,-12.1101005359373
2.275,-12.2200112698142,-1.21678916026267,-1.21678916026265,-12.1107024724795
2.276,-12.2205539509652,-1.21677795394188,-1.21677795394187,-12.1113022410084
2.277,-12.2210948105729,-1.2167669409248,-1.21676694092479,-12.1118998359925
2.278,-12.2216338426557,-1.21675612099031,-1.2167561209903,-12.1124952519435
2.279,-12.2221710412667,-1.21674549391404,-1.21674549391402,-12.1130884834162
2.28,-12.2227064004944,-1.21673505946832,-1.21673505946831,-12.113679525009
2.281,-12.2232399144625,-1.21672481742223,-1.21672481742221,-12.1142683713634
2.282,-12.2237715773302,-1.21671476754158,-1.21671476754156,-12.1148550171646
2.283,-12.2243013832924,-1.21670490958894,-1.21670490958892,-12.1154394571413
2.284,-12.2248293265799,-1.21669524332363,-1.21669524332362,-12.1160216860658
2.285,-12.2253554014597,-1.21668576850176,-1.21668576850174,-12.1166016987542
2.286,-12.2258796022348,-1.21667648487619,-1.21667648487618,-12.1171794900662
2.287,-12.2264019232449,-1.2166673921966,-1.21666739219659,-12.1177550549055
2.288,-12.2269223588663,-1.21665849020944,-1.21665849020943,-12.1183283882196
2.289,-12.2274409035119,-1.21664977865799,-1.21664977865798,-12.118899485
2.29,-12.2279575516317,-1.21664125728234,-1.21664125728233,-12.1194683402823
2.291,-12.228472297713,-1.2166329258194,-1.21663292581939,-12.1200349491463
2.292,-12.2289851362803,-1.21662478400292,-1.21662478400291,-12.1205993067156
2.293,-12.2294960618955,-1.2166168315635,-1.21661683156349,-12.1211614081584
2.294,-12.2300050691584,-1.2166090682286,-1.21660906822859,-12.1217212486871
2.295,-12.2305121527064,-1.21660149372253,-1.21660149372252,-12.1222788235584
2.296,-12.2310173072152,-1.21659410776649,-1.21659410776647,-12.1228341280733
2.297,-12.2315205273983,-1.21658691007855,-1.21658691007854,-12.1233871575777
2.298,-12.232021808008,-1.21657990037369,-1.21657990037367,-12.1239379074615
2.299,-12.2325211438347,-1.21657307836378,-1.21657307836377,-12.1244863731595
2.3,-12.2330185297077,-1.21656644375762,-1.2165664437576,-12.1250325501511
2.301,-12.233513960495,-1.21655999626091,-1.2165599962609,-12.1255764339604
2.302,-12.2340074311035,-1.21655373557632,-1.2165537355763,-12.1261180201562
2.303,-12.2344989364795,-1.21654766140342,-1.21654766140341,-12.1266573043522
2.304,-12.2349884716083,-1.21654177343876,-1.21654177343875,-12.1271942822068
2.305,-12.2354760315147,-1.21653607137585,-1.21653607137583,-12.1277289494234
2.306,-12.2359616112633,-1.21653055490516,-1.21653055490515,-12.1282613017504
2.307,-12.236445205958,-1.21652522371416,-1.21652522371415,-12.1287913349812
2.308,-12.236926810743,-1.21652007748731,-1.21652007748729,-12.1293190449541
2.309,-12.2374064208022,-1.21651511590605,-1.21651511590604,-12.1298444275526
2.31,-12.2378840313598,-1.21651033864886,-1.21651033864885,-12.1303674787055
2.311,-12.2383596376804,-1.21650574539123,-1.21650574539122,-12.1308881943865
2.312,-12.2388332350688,-1.21650133580569,-1.21650133580568,-12.1314065706147
2.313,-12.2393048188704,-1.2164971095618,-1.21649710956178,-12.1319226034544
2.314,-12.2397743844715,-1.21649306632618,-1.21649306632616,-12.1324362890153
2.315,-12.2402419272991,-1.21648920576251,-1.2164892057625,-12.1329476234523
2.316,-12.2407074428211,-1.21648552753155,-1.21648552753154,-12.1334566029658
2.317,-12.2411709265466,-1.21648203129114,-1.21648203129112,-12.1339632238017
2.318,-12.2416323740259,-1.2164787166962,-1.21647871669619,-12.1344674822512
2.319,-12.2420917808506,-1.21647558339877,-1.21647558339876,-12.134969374651
2.32,-12.2425491426539,-1.216472631048,-1.21647263104799,-12.1354688973835
2.321,-12.2430044551103,-1.21646985929015,-1.21646985929014,-12.1359660468766
2.322,-12.2434577139364,-1.21646726776864,-1.21646726776863,-12.1364608196037
2.323,-12.2439089148903,-1.21646485612401,-1.216464856124,-12.1369532120839
2.324,-12.2443580537722,-1.21646262399396,-1.21646262399394,-12.1374432208819
2.325,-12.2448051264243,-1.21646057101335,-1.21646057101334,-12.1379308426083
2.326,-12.245250128731,-1.21645869681424,-1.21645869681422,-12.1384160739191
2.327,-12.245693056619,-1.21645700102584,-1.21645700102582,-12.1388989115163
2.328,-12.2461339060573,-1.21645548327458,-1.21645548327456,-12.1393793521476
2.329,-12.2465726730575,-1.21645414318408,-1.21645414318407,-12.1398573926065
2.33,-12.2470093536737,-1.21645298037519,-1.21645298037518,-12.1403330297321
2.331,-12.2474439440027,-1.21645199446598,-1.21645199446597,-12.1408062604098
2.332,-12.2478764401843,-1.21645118507176,-1.21645118507175,-12.1412770815705
2.333,-12.2483068384009,-1.21645055180508,-1.21645055180507,-12.141745490191
2.334,-12.2487351348781,-1.21645009427575,-1.21645009427574,-12.1422114832942
2.335,-12.2491613258846,-1.21644981209085,-1.21644981209084,-12.1426750579488
2.336,-12.2495854077321,-1.21644970485474,-1.21644970485473,-12.1431362112694
2.337,-12.2500073767758,-1.21644977216907,-1.21644977216906,-12.1435949404167
2.338,-12.2504272294141,-1.21645001363279,-1.21645001363278,-12.1440512425972
2.339,-12.250844962089,-1.21645042884215,-1.21645042884214,-12.1445051150636
2.34,-12.2512605712859,-1.21645101739074,-1.21645101739073,-12.1449565551144
2.341,-12.2516740535341,-1.21645177886946,-1.21645177886945,-12.1454055600942
2.342,-12.2520854054062,-1.21645271286656,-1.21645271286655,-12.1458521273936
2.343,-12.2524946235188,-1.21645381896766,-1.21645381896764,-12.1462962544492
2.344,-12.2529017045325,-1.2164550967557,-1.21645509675569,-12.1467379387439
2.345,-12.2533066451518,-1.21645654581105,-1.21645654581104,-12.1471771778063
2.346,-12.2537094421249,-1.21645816571142,-1.21645816571141,-12.1476139692112
2.347,-12.2541100922445,-1.21645995603194,-1.21645995603192,-12.1480483105795
2.348,-12.2545085923473,-1.21646191634512,-1.21646191634511,-12.1484801995782
2.349,-12.2549049393143,-1.21646404622092,-1.21646404622091,-12.1489096339203
2.35,-12.2552991300707,-1.2164663452267,-1.21646634522669,-12.1493366113649
2.351,-12.2556911615861,-1.21646881292727,-1.21646881292726,-12.1497611297171
2.352,-12.2560810308746,-1.21647144888489,-1.21647144888488,-12.1501831868283
2.353,-12.2564687349948,-1.21647425265927,-1.21647425265926,-12.1506027805958
2.354,-12.2568542710498,-1.2164772238076,-1.21647722380759,-12.1510199089631
2.355,-12.2572376361874,-1.21648036188455,-1.21648036188454,-12.1514345699195
2.356,-12.2576188275999,-1.21648366644227,-1.21648366644226,-12.1518467615008
2.357,-12.2579978425246,-1.21648713703043,-1.21648713703042,-12.1522564817886
2.358,-12.2583746782434,-1.2164907731962,-1.21649077319619,-12.1526637289106
2.359,-12.258749332083,-1.21649457448429,-1.21649457448428,-12.1530685010405
2.36,-12.2591218014152,-1.21649854043691,-1.2164985404369,-12.1534707963982
2.361,-12.2594920836565,-1.21650267059387,-1.21650267059386,-12.1538706132497
2.362,-12.2598601762685,-1.21650696449249,-1.21650696449248,-12.1542679499068
2.363,-12.2602260767578,-1.21651142166768,-1.21651142166767,-12.1546628047274
2.364,-12.2605897826762,-1.21651604165192,-1.2165160416519,-12.1550551761155
2.365,-12.2609512916203,-1.21652082397529,-1.21652082397528,-12.1554450625211
2.366,-12.2613106012322,-1.21652576816546,-1.21652576816545,-12.1558324624401
2.367,-12.2616677091989,-1.21653087374772,-1.21653087374771,-12.1562173744144
2.368,-12.2620226132529,-1.21653614024498,-1.21653614024497,-12.1565997970319
2.369,-12.2623753111716,-1.21654156717777,-1.21654156717776,-12.1569797289265
2.37,-12.262725800778,-1.2165471540643,-1.21654715406429,-12.1573571687778
2.371,-12.2630740799403,-1.2165529004204,-1.21655290042039,-12.1577321153115
2.372,-12.2634201465721,-1.21655880575959,-1.21655880575958,-12.1581045672992
2.373,-12.2637639986322,-1.21656486959304,-1.21656486959303,-12.1584745235582
2.374,-12.2641056341251,-1.21657109142964,-1.21657109142963,-12.1588419829519
2.375,-12.2644450511003,-1.21657747077597,-1.21657747077596,-12.1592069443892
2.376,-12.2647822476532,-1.21658400713631,-1.21658400713631,-12.1595694068251
2.377,-12.2651172219244,-1.21659070001268,-1.21659070001267,-12.1599293692602
2.378,-12.2654499720999,-1.21659754890481,-1.21659754890481,-12.1602868307409
2.379,-12.2657804964115,-1.2166045533102,-1.2166045533102,-12.1606417903593
2.38,-12.2661087931363,-1.21661171272409,-1.21661171272409,-12.1609942472533
2.381,-12.2664348605968,-1.2166190266395,-1.21661902663949,-12.1613442006063
2.382,-12.2667586971614,-1.2166264945472,-1.21662649454719,-12.1616916496474
2.383,-12.2670803012438,-1.21663411593578,-1.21663411593577,-12.1620365936515
2.384,-12.2673996713031,-1.21664189029162,-1.21664189029161,-12.1623790319387
2.385,-12.2677168058444,-1.2166498170989,-1.21664981709889,-12.1627189638749
2.386,-12.2680317034179,-1.21665789583964,-1.21665789583964,-12.1630563888716
2.387,-12.2683443626197,-1.21666612599369,-1.21666612599368,-12.1633913063855
2.388,-12.2686547820913,-1.21667450703874,-1.21667450703873,-12.1637237159189
2.389,-12.2689629605198,-1.21668303845034,-1.21668303845033,-12.1640536170196
2.39,-12.2692688966378,-1.2166917197019,-1.21669171970189,-12.1643810092805
2.391,-12.2695725892236,-1.21670055026472,-1.21670055026471,-12.1647058923401
2.392,-12.2698740371009,-1.21670952960798,-1.21670952960797,-12.165028265882
2.393,-12.2701732391389,-1.21671865719878,-1.21671865719877,-12.1653481296351
2.394,-12.2704701942527,-1.21672793250212,-1.21672793250211,-12.1656654833737
2.395,-12.2707649014024,-1.21673735498091,-1.21673735498091,-12.1659803269169
2.396,-12.2710573595941,-1.21674692409603,-1.21674692409602,-12.1662926601293
2.397,-12.2713475678789,-1.21675663930627,-1.21675663930627,-12.1666024829203
2.398,-12.2716355253538,-1.21676650006841,-1.21676650006841,-12.1669097952444
2.399,-12.2719212311611,-1.21677650583719,-1.21677650583718,-12.1672145971012
2.4,-12.2722046844884,-1.21678665606531,-1.2167866560653,-12.1675168885352
2.401,-12.272485884569,-1.21679695020349,-1.21679695020348,-12.1678166696358
2.402,-12.2727648306814,-1.21680738770044,-1.21680738770044,-12.1681139405371
2.403,-12.2730415221495,-1.2168179680029,-1.21681796800289,-12.1684087014181
2.404,-12.2733159583426,-1.21682869055561,-1.21682869055561,-12.1687009525027
2.405,-12.2735881386752,-1.21683955480138,-1.21683955480138,-12.1689906940592
2.406,-12.2738580626073,-1.21685056018105,-1.21685056018104,-12.1692779264008
2.407,-12.274125729644,-1.21686170613351,-1.21686170613351,-12.1695626498851
2.408,-12.2743911393356,-1.21687299209576,-1.21687299209575,-12.1698448649143
2.409,-12.2746542912777,-1.21688441750285,-1.21688441750284,-12.1701245719352
2.41,-12.2749151851109,-1.21689598178793,-1.21689598178793,-12.1704017714387
2.411,-12.2751738205212,-1.21690768438228,-1.21690768438228,-12.1706764639605
2.412,-12.2754301972394,-1.21691952471528,-1.21691952471527,-12.1709486500803
2.413,-12.2756843150414,-1.21693150221443,-1.21693150221442,-12.1712183304221
2.414,-12.2759361737483,-1.21694361630539,-1.21694361630539,-12.171485505654
2.415,-12.2761857732258,-1.21695586641198,-1.21695586641197,-12.1717501764886
2.416,-12.2764331133849,-1.21696825195615,-1.21696825195615,-12.1720123436821
2.417,-12.2766781941811,-1.21698077235807,-1.21698077235807,-12.1722720080349
2.418,-12.2769210156149,-1.21699342703606,-1.21699342703606,-12.1725291703915
2.419,-12.2771615777317,-1.21700621540666,-1.21700621540666,-12.1727838316399
2.42,-12.2773998806212,-1.21701913688462,-1.21701913688462,-12.1730359927123
2.421,-12.2776359244183,-1.2170321908829,-1.2170321908829,-12.1732856545843
2.422,-12.277869709302,-1.21704537681271,-1.21704537681271,-12.1735328182755
2.423,-12.2781012354963,-1.21705869408349,-1.21705869408349,-12.1737774848488
2.424,-12.2783305032692,-1.21707214210295,-1.21707214210295,-12.1740196554108
2.425,-12.2785575129336,-1.21708572027707,-1.21708572027706,-12.1742593311115
2.426,-12.2787822648465,-1.21709942801009,-1.21709942801008,-12.1744965131445
2.427,-12.2790047594093,-1.21711326470456,-1.21711326470455,-12.1747312027463
2.428,-12.2792249970677,-1.21712722976132,-1.21712722976132,-12.1749634011971
2.429,-12.2794429783114,-1.21714132257956,-1.21714132257956,-12.1751931098201
2.43,-12.2796587036745,-1.21715554255675,-1.21715554255675,-12.1754203299814
2.431,-12.2798721737348,-1.21716988908873,-1.21716988908873,-12.1756450630904
2.432,-12.2800833891145,-1.21718436156968,-1.21718436156967,-12.1758673105994
2.433,-12.2802923504793,-1.21719895939213,-1.21719895939213,-12.1760870740034
2.434,-12.280499058539,-1.21721368194701,-1.21721368194701,-12.1763043548405
2.435,-12.2807035140471,-1.21722852862361,-1.21722852862361,-12.1765191546912
2.436,-12.2809057178009,-1.21724349880964,-1.21724349880963,-12.1767314751788
2.437,-12.281105670641,-1.21725859189119,-1.21725859189119,-12.1769413179692
2.438,-12.2813033734518,-1.2172738072528,-1.2172738072528,-12.1771486847706
2.439,-12.2814988271612,-1.21728914427742,-1.21728914427742,-12.1773535773338
2.44,-12.2816920327404,-1.21730460234645,-1.21730460234645,-12.1775559974517
2.441,-12.2818829912037,-1.21732018083976,-1.21732018083976,-12.1777559469596
2.442,-12.2820717036089,-1.21733587913566,-1.21733587913566,-12.1779534277349
2.443,-12.2822581710569,-1.21735169661096,-1.21735169661096,-12.1781484416969
2.444,-12.2824423946914,-1.21736763264095,-1.21736763264095,-12.178340990807
2.445,-12.2826243756994,-1.21738368659943,-1.21738368659943,-12.1785310770685
2.446,-12.2828041153106,-1.2173998578587,-1.21739985785871,-12.1787187025265
2.447,-12.2829816147973,-1.21741614578962,-1.21741614578961,-12.1789038692677
2.448,-12.2831568754749,-1.21743254976153,-1.21743254976153,-12.1790865794204
2.449,-12.283329898701,-1.21744906914237,-1.21744906914237,-12.1792668351546
2.45,-12.2835006858759,-1.21746570329862,-1.21746570329862,-12.1794446386816
2.451,-12.2836692384423,-1.21748245159535,-1.21748245159535,-12.1796199922539
2.452,-12.2838355578853,-1.21749931339617,-1.21749931339617,-12.1797928981656
2.453,-12.283999645732,-1.21751628806334,-1.21751628806334,-12.1799633587517
2.454,-12.2841615035517,-1.2175333749577,-1.2175333749577,-12.1801313763881
2.455,-12.2843211329558,-1.21755057343871,-1.21755057343871,-12.1802969534921
2.456,-12.2844785355976,-1.21756788286447,-1.21756788286448,-12.1804600925215
2.457,-12.2846337131721,-1.21758530259172,-1.21758530259172,-12.1806207959749
2.458,-12.2847866674162,-1.21760283197586,-1.21760283197586,-12.1807790663918
2.459,-12.2849374001081,-1.21762047037094,-1.21762047037094,-12.180934906352
2.46,-12.2850859130679,-1.2176382171297,-1.2176382171297,-12.181088318476
2.461,-12.2852322081568,-1.21765607160358,-1.21765607160358,-12.1812393054243
2.462,-12.2853762872773,-1.21767403314272,-1.21767403314272,-12.1813878698982
2.463,-12.2855181523733,-1.21769210109595,-1.21769210109595,-12.1815340146387
2.464,-12.2856578054294,-1.21771027481086,-1.21771027481086,-12.181677742427
2.465,-12.2857952484716,-1.21772855363375,-1.21772855363375,-12.1818190560844
2.466,-12.2859304835664,-1.21774693690969,-1.21774693690969,-12.1819579584718
2.467,-12.2860635128211,-1.2177654239825,-1.2177654239825,-12.1820944524901
2.468,-12.2861943383836,-1.21778401419477,-1.21778401419477,-12.1822285410797
2.469,-12.2863229624424,-1.2178027068879,-1.2178027068879,-12.1823602272206
2.47,-12.2864493872264,-1.21782150140205,-1.21782150140205,-12.182489513932
2.471,-12.2865736150045,-1.21784039707622,-1.21784039707622,-12.1826164042728
2.472,-12.286695648086,-1.2178593932482,-1.21785939324821,-12.1827409013408
2.473,-12.2868154888202,-1.21787848925466,-1.21787848925466,-12.182863008273
2.474,-12.286933139596,-1.21789768443107,-1.21789768443107,-12.1829827282454
2.475,-12.2870486028425,-1.21791697811176,-1.21791697811176,-12.1831000644729
2.476,-12.2871618810282,-1.21793636962996,-1.21793636962996,-12.1832150202092
2.477,-12.2872729766611,-1.21795585831775,-1.21795585831775,-12.1833275987464
2.478,-12.2873818922887,-1.21797544350611,-1.21797544350611,-12.1834378034154
2.479,-12.2874886304978,-1.21799512452493,-1.21799512452493,-12.1835456375855
2.48,-12.2875931939142,-1.21801490070301,-1.21801490070301,-12.1836511046642
2.481,-12.2876955852029,-1.21803477136807,-1.21803477136807,-12.1837542080972
2.482,-12.2877958070676,-1.21805473584679,-1.21805473584679,-12.1838549513685
2.483,-12.287893862251,-1.21807479346478,-1.21807479346478,-12.1839533379996
2.484,-12.287989753534,-1.21809494354663,-1.21809494354663,-12.1840493715503
2.485,-12.2880834837364,-1.21811518541588,-1.21811518541588,-12.1841430556179
2.486,-12.2881750557162,-1.21813551839509,-1.21813551839509,-12.1842343938374
2.487,-12.2882644723697,-1.21815594180579,-1.2181559418058,-12.1843233898811
2.488,-12.2883517366311,-1.21817645496855,-1.21817645496855,-12.1844100474588
2.489,-12.2884368514728,-1.21819705720293,-1.21819705720293,-12.1844943703176
2.49,-12.2885198199047,-1.21821774782753,-1.21821774782754,-12.1845763622417
2.491,-12.2886006449747,-1.21823852616002,-1.21823852616003,-12.1846560270521
2.492,-12.288679329768,-1.21825939151712,-1.21825939151712,-12.1847333686068
2.493,-12.2887558774073,-1.21828034321459,-1.2182803432146,-12.1848083908006
2.494,-12.2888302910525,-1.21830138056731,-1.21830138056731,-12.184881097565
2.495,-12.2889025739007,-1.21832250288924,-1.21832250288924,-12.1849514928677
2.496,-12.2889727291859,-1.21834370949343,-1.21834370949343,-12.185019580713
2.497,-12.289040760179,-1.21836499969207,-1.21836499969208,-12.1850853651414
2.498,-12.2891066701874,-1.21838637279647,-1.21838637279648,-12.1851488502295
2.499,-12.2891704625552,-1.21840782811708,-1.21840782811709,-12.1852100400899
2.5,-12.2892321406628,-1.21842936496351,-1.21842936496351,-12.185268938871
2.501,-12.289291707927,-1.21845098264452,-1.21845098264453,-12.1853255507571
2.502,-12.2893491678005,-1.21847268046806,-1.21847268046807,-12.1853798799678
2.503,-12.289404523772,-1.21849445774127,-1.21849445774127,-12.1854319307585
2.504,-12.2894577793662,-1.21851631377047,-1.21851631377048,-12.1854817074197
2.505,-12.2895089381431,-1.21853824786123,-1.21853824786123,-12.1855292142772
2.506,-12.2895580036984,-1.2185602593183,-1.2185602593183,-12.1855744556918
2.507,-12.2896049796632,-1.2185823474457,-1.2185823474457,-12.1856174360594
2.508,-12.2896498697036,-1.21860451154669,-1.21860451154669,-12.1856581598106
2.509,-12.289692677521,-1.21862675092377,-1.21862675092377,-12.1856966314105
2.51,-12.2897334068516,-1.21864906487874,-1.21864906487875,-12.1857328553591
2.511,-12.289772061466,-1.21867145271267,-1.21867145271268,-12.1857668361905
2.512,-12.28980864517,-1.21869391372593,-1.21869391372594,-12.1857985784732
2.513,-12.2898431618033,-1.21871644721819,-1.2187164472182,-12.1858280868097
2.514,-12.2898756152401,-1.21873905248845,-1.21873905248845,-12.1858553658367
2.515,-12.2899060093887,-1.21876172883502,-1.21876172883503,-12.1858804202245
2.516,-12.2899343481914,-1.21878447555558,-1.21878447555559,-12.1859032546772
2.517,-12.2899606356241,-1.21880729194715,-1.21880729194716,-12.1859238739327
2.518,-12.2899848756966,-1.21883017730613,-1.21883017730614,-12.185942282762
2.519,-12.2900070724519,-1.21885313092827,-1.21885313092828,-12.1859584859694
2.52,-12.2900272299667,-1.21887615210874,-1.21887615210875,-12.1859724883927
2.521,-12.2900453523504,-1.2188992401421,-1.21889924014211,-12.1859842949023
2.522,-12.2900614437458,-1.21892239432233,-1.21892239432234,-12.1859939104017
2.523,-12.2900755083283,-1.21894561394282,-1.21894561394283,-12.186001339827
2.524,-12.2900875503062,-1.21896889829642,-1.21896889829643,-12.1860065881471
2.525,-12.29009757392,-1.21899224667542,-1.21899224667543,-12.1860096603629
2.526,-12.2901055834428,-1.21901565837156,-1.21901565837157,-12.1860105615081
2.527,-12.2901115831798,-1.21903913267608,-1.21903913267608,-12.1860092966481
2.528,-12.2901155774682,-1.21906266887967,-1.21906266887968,-12.1860058708806
2.529,-12.2901175706773,-1.21908626627256,-1.21908626627257,-12.186000289335
2.53,-12.2901175672076,-1.21910992414445,-1.21910992414446,-12.1859925571726
2.531,-12.2901155714917,-1.21913364178459,-1.21913364178459,-12.1859826795858
2.532,-12.2901115879932,-1.21915741848174,-1.21915741848175,-12.185970661799
2.533,-12.290105621207,-1.21918125352422,-1.21918125352422,-12.1859565090675
2.534,-12.2900976756591,-1.2192051461999,-1.2192051461999,-12.1859402266777
2.535,-12.2900877559061,-1.21922909579621,-1.21922909579622,-12.1859218199471
2.536,-12.2900758665358,-1.21925310160019,-1.2192531016002,-12.185901294224
2.537,-12.290062012166,-1.21927716289844,-1.21927716289844,-12.1858786548873
2.538,-12.2900461974452,-1.21930127897717,-1.21930127897717,-12.1858539073464
2.539,-12.2900284270519,-1.21932544912221,-1.21932544912222,-12.1858270570411
2.54,-12.2900087056949,-1.21934967261904,-1.21934967261905,-12.1857981094415
2.541,-12.2899870381126,-1.21937394875273,-1.21937394875274,-12.1857670700475
2.542,-12.2899634290731,-1.21939827680805,-1.21939827680806,-12.1857339443892
2.543,-12.2899378833742,-1.2194226560694,-1.21942265606941,-12.1856987380262
2.544,-12.2899104058429,-1.21944708582087,-1.21944708582088,-12.1856614565479
2.545,-12.2898810013355,-1.21947156534623,-1.21947156534624,-12.1856221055729
2.546,-12.289849674737,-1.21949609392895,-1.21949609392896,-12.1855806907494
2.547,-12.2898164309617,-1.21952067085222,-1.21952067085223,-12.1855372177545
2.548,-12.2897812749522,-1.21954529539893,-1.21954529539894,-12.1854916922943
2.549,-12.2897442116799,-1.21956996685172,-1.21956996685173,-12.1854441201037
2.55,-12.2897052461441,-1.21959468449298,-1.21959468449299,-12.1853945069465
2.551,-12.2896643833727,-1.21961944760484,-1.21961944760485,-12.1853428586146
2.552,-12.2896216284214,-1.21964425546921,-1.21964425546922,-12.1852891809287
2.553,-12.2895769863735,-1.21966910736778,-1.21966910736779,-12.1852334797372
2.554,-12.2895304623403,-1.21969400258204,-1.21969400258205,-12.1851757609169
2.555,-12.2894820614604,-1.21971894039326,-1.21971894039327,-12.1851160303725
2.556,-12.2894317888996,-1.21974392008255,-1.21974392008256,-12.185054294036
2.557,-12.2893796498509,-1.21976894093084,-1.21976894093085,-12.1849905578675
2.558,-12.2893256495343,-1.21979400221889,-1.2197940022189,-12.184924827854
2.559,-12.2892697931965,-1.21981910322734,-1.21981910322735,-12.1848571100101
2.56,-12.2892120861108,-1.21984424323666,-1.21984424323666,-12.1847874103772
2.561,-12.2891525335769,-1.2198694215272,-1.21986942152721,-12.1847157350238
2.562,-12.2890911409208,-1.21989463737922,-1.21989463737924,-12.184642090045
2.563,-12.2890279134947,-1.21991989007287,-1.21991989007288,-12.1845664815627
2.564,-12.2889628566763,-1.21994517888818,-1.21994517888819,-12.184488915725
2.565,-12.2888959758696,-1.21997050310514,-1.21997050310515,-12.1844093987064
2.566,-12.2888272765036,-1.21999586200366,-1.21999586200367,-12.1843279367074
2.567,-12.2887567640331,-1.22002125486358,-1.22002125486359,-12.1842445359545
2.568,-12.2886844439379,-1.22004668096472,-1.22004668096473,-12.1841592027
2.569,-12.2886103217228,-1.22007213958686,-1.22007213958687,-12.1840719432216
2.57,-12.2885344029176,-1.22009763000976,-1.22009763000977,-12.1839827638228
2.571,-12.2884566930768,-1.22012315151317,-1.22012315151318,-12.1838916708321
2.572,-12.2883771977791,-1.22014870337685,-1.22014870337686,-12.1837986706031
2.573,-12.288295922628,-1.22017428488055,-1.22017428488056,-12.1837037695145
2.574,-12.2882128732509,-1.22019989530409,-1.22019989530411,-12.1836069739698
2.575,-12.2881280552991,-1.2202255339273,-1.22022553392731,-12.1835082903969
2.576,-12.288041474448,-1.22025120003006,-1.22025120003008,-12.1834077252482
2.577,-12.2879531363963,-1.22027689289233,-1.22027689289234,-12.1833052850006
2.578,-12.2878630468665,-1.22030261179412,-1.22030261179413,-12.1832009761549
2.579,-12.2877712116042,-1.22032835601555,-1.22032835601556,-12.1830948052359
2.58,-12.2876776363782,-1.22035412483681,-1.22035412483682,-12.1829867787921
2.581,-12.2875823269801,-1.22037991753822,-1.22037991753823,-12.1828769033958
2.582,-12.2874852892245,-1.22040573340021,-1.22040573340023,-12.1827651856425
2.583,-12.2873865289485,-1.22043157170336,-1.22043157170337,-12.1826516321511
2.584,-12.2872860520116,-1.22045743172836,-1.22045743172837,-12.1825362495637
2.585,-12.2871838642956,-1.22048331275609,-1.2204833127561,-12.1824190445451
2.586,-12.2870799717043,-1.22050921406756,-1.22050921406757,-12.182300023783
2.587,-12.2869743801635,-1.220535134944,-1.22053513494401,-12.1821791939876
2.588,-12.2868670956207,-1.22056107466679,-1.2205610746668,-12.1820565618917
2.589,-12.2867581240449,-1.22058703251755,-1.22058703251756,-12.1819321342502
2.59,-12.2866474714268,-1.22061300777808,-1.22061300777809,-12.18180591784
2.591,-12.2865351437779,-1.22063899973043,-1.22063899973044,-12.1816779194601
2.592,-12.2864211471309,-1.22066500765686,-1.22066500765687,-12.1815481459312
2.593,-12.2863054875396,-1.22069103083989,-1.22069103083991,-12.1814166040954
2.594,-12.2861881710782,-1.22071706856233,-1.22071706856234,-12.1812833008164
2.595,-12.2860692038416,-1.2207431201072,-1.22074312010721,-12.1811482429789
2.596,-12.285948591945,-1.22076918475785,-1.22076918475786,-12.1810114374889
2.597,-12.2858263415239,-1.22079526179791,-1.22079526179792,-12.180872891273
2.598,-12.2857024587336,-1.22082135051131,-1.22082135051132,-12.1807326112787
2.599,-12.2855769497496,-1.22084745018231,-1.22084745018232,-12.1805906044741
2.6,-12.2854498207668,-1.22087356009548,-1.2208735600955,-12.1804468778473
2.601,-12.2853210779998,-1.22089967953575,-1.22089967953576,-12.1803014384069
2.602,-12.2851907276823,-1.22092580778839,-1.2209258077884,-12.1801542931814
2.603,-12.2850587760674,-1.22095194413904,-1.22095194413904,-12.1800054492192
2.604,-12.2849252294272,-1.22097808787369,-1.2209780878737,-12.1798549135881
2.605,-12.2847900940527,-1.22100423827876,-1.22100423827877,-12.1797026933758
2.606,-12.2846533762532,-1.22103039464103,-1.22103039464105,-12.179548795689
2.607,-12.2845150823571,-1.22105655624772,-1.22105655624773,-12.1793932276537
2.608,-12.2843752187106,-1.22108272238643,-1.22108272238644,-12.1792359964146
2.609,-12.2842337916784,-1.22110889234523,-1.22110889234525,-12.1790771091355
2.61,-12.2840908076431,-1.22113506541262,-1.22113506541264,-12.1789165729986
2.611,-12.2839462730052,-1.22116124087756,-1.22116124087756,-12.1787543952047
2.612,-12.2838001941828,-1.22118741802945,-1.22118741802946,-12.1785905829727
2.613,-12.2836525776115,-1.2212135961582,-1.22121359615822,-12.1784251435396
2.614,-12.2835034297445,-1.22123977455421,-1.22123977455422,-12.1782580841604
2.615,-12.2833527570518,-1.22126595250835,-1.22126595250836,-12.1780894121078
2.616,-12.2832005660208,-1.22129212931203,-1.22129212931204,-12.177919134672
2.617,-12.2830468631555,-1.22131830425717,-1.22131830425718,-12.1777472591606
2.618,-12.2828916549766,-1.22134447663623,-1.22134447663624,-12.1775737928985
2.619,-12.2827349480216,-1.22137064574222,-1.22137064574223,-12.1773987432273
2.62,-12.282576748844,-1.22139681086869,-1.2213968108687,-12.1772221175059
2.621,-12.282417064014,-1.22142297130978,-1.2214229713098,-12.1770439231095
2.622,-12.2822559001173,-1.22144912636021,-1.22144912636022,-12.17686416743
2.623,-12.2820932637558,-1.22147527531528,-1.22147527531529,-12.1766828578756
2.624,-12.2819291615473,-1.22150141747088,-1.22150141747089,-12.1765000018704
2.625,-12.2817636001248,-1.22152755212355,-1.22152755212356,-12.1763156068549
2.626,-12.2815965861369,-1.22155367857044,-1.22155367857045,-12.1761296802849
2.627,-12.2814281262475,-1.22157979610932,-1.22157979610933,-12.1759422296321
2.628,-12.2812582271356,-1.22160590403862,-1.22160590403864,-12.1757532623836
2.629,-12.2810868954951,-1.22163200165746,-1.22163200165747,-12.1755627860417
2.63,-12.2809141380347,-1.22165808826557,-1.22165808826558,-12.1753708081238
2.631,-12.2807399614777,-1.22168416316342,-1.22168416316343,-12.1751773361621
2.632,-12.280564372562,-1.22171022565214,-1.22171022565215,-12.1749823777036
2.633,-12.2803873780396,-1.22173627503357,-1.22173627503358,-12.1747859403098
2.634,-12.280208984677,-1.22176231061028,-1.22176231061029,-12.1745880315567
2.635,-12.2800291992544,-1.22178833168555,-1.22178833168556,-12.1743886590343
2.636,-12.2798480285662,-1.22181433756341,-1.22181433756342,-12.1741878303466
2.637,-12.2796654794201,-1.22184032754865,-1.22184032754866,-12.1739855531115
2.638,-12.2794815586377,-1.22186630094678,-1.22186630094679,-12.1737818349606
2.639,-12.2792962730539,-1.22189225706413,-1.22189225706414,-12.1735766835388
2.64,-12.279109629517,-1.22191819520779,-1.2219181952078,-12.1733701065046
2.641,-12.2789216348881,-1.22194411468565,-1.22194411468566,-12.1731621115292
2.642,-12.2787322960416,-1.2219700148064,-1.22197001480641,-12.1729527062969
2.643,-12.2785416198645,-1.22199589487956,-1.22199589487957,-12.172741898505
2.644,-12.2783496132567,-1.22202175421546,-1.22202175421547,-12.172529695863
2.645,-12.2781562831303,-1.22204759212529,-1.22204759212531,-12.1723161060929
2.646,-12.2779616364101,-1.22207340792108,-1.22207340792109,-12.1721011369292
2.647,-12.2777656800329,-1.22209920091572,-1.22209920091573,-12.171884796118
2.648,-12.2775684209479,-1.22212497042297,-1.22212497042298,-12.1716670914175
2.649,-12.2773698661159,-1.22215071575749,-1.2221507157575,-12.1714480305977
2.65,-12.2771700225097,-1.22217643623483,-1.22217643623484,-12.1712276214398
2.651,-12.2769688971137,-1.22220213117143,-1.22220213117144,-12.1710058717366
2.652,-12.2767664969239,-1.22222779988466,-1.22222779988467,-12.1707827892919
2.653,-12.2765628289476,-1.22225344169283,-1.22225344169284,-12.1705583819204
2.654,-12.2763579002034,-1.22227905591517,-1.22227905591518,-12.1703326574478
2.655,-12.276151717721,-1.22230464187188,-1.22230464187189,-12.1701056237103
2.656,-12.2759442885411,-1.2223301988841,-1.22233019888411,-12.1698772885545
2.657,-12.2757356197151,-1.22235572627396,-1.22235572627397,-12.1696476598374
2.658,-12.2755257183053,-1.22238122336456,-1.22238122336457,-12.1694167454257
2.659,-12.2753145913844,-1.22240668948002,-1.22240668948004,-12.1691845531965
2.66,-12.2751022460355,-1.22243212394545,-1.22243212394546,-12.1689510910363
2.661,-12.2748886893521,-1.22245752608697,-1.22245752608698,-12.1687163668413
2.662,-12.2746739284379,-1.22248289523174,-1.22248289523175,-12.1684803885169
2.663,-12.2744579704065,-1.22250823070795,-1.22250823070796,-12.1682431639779
2.664,-12.2742408223814,-1.22253353184486,-1.22253353184487,-12.1680047011478
2.665,-12.2740224914959,-1.22255879797276,-1.22255879797277,-12.1677650079593
2.666,-12.273802984893,-1.22258402842305,-1.22258402842306,-12.1675240923534
2.667,-12.2735823097252,-1.22260922252818,-1.22260922252819,-12.1672819622799
2.668,-12.2733604731542,-1.22263437962171,-1.22263437962172,-12.1670386256968
2.669,-12.2731374823511,-1.22265949903831,-1.22265949903832,-12.1667940905699
2.67,-12.2729133444961,-1.22268458011376,-1.22268458011377,-12.1665483648735
2.671,-12.2726880667784,-1.22270962218495,-1.22270962218497,-12.1663014565893
2.672,-12.2724616563961,-1.22273462458995,-1.22273462458996,-12.1660533737065
2.673,-12.2722341205559,-1.22275958666795,-1.22275958666796,-12.1658041242221
2.674,-12.2720054664734,-1.22278450775929,-1.2227845077593,-12.16555371614
2.675,-12.2717757013725,-1.22280938720551,-1.22280938720552,-12.1653021574714
2.676,-12.2715448324856,-1.22283422434931,-1.22283422434932,-12.1650494562341
2.677,-12.2713128670531,-1.2228590185346,-1.22285901853461,-12.1647956204529
2.678,-12.271079812324,-1.22288376910647,-1.22288376910649,-12.1645406581589
2.679,-12.2708456755548,-1.22290847541126,-1.22290847541127,-12.1642845773898
2.68,-12.2706104640105,-1.2229331367965,-1.22293313679651,-12.1640273861892
2.681,-12.2703741849633,-1.22295775261097,-1.22295775261098,-12.1637690926068
2.682,-12.2701368456936,-1.22298232220471,-1.22298232220472,-12.1635097046983
2.683,-12.269898453489,-1.22300684492899,-1.223006844929,-12.1632492305249
2.684,-12.2696590156446,-1.22303132013638,-1.22303132013639,-12.1629876781531
2.685,-12.2694185394631,-1.2230557471807,-1.22305574718071,-12.1627250556552
2.686,-12.2691770322542,-1.2230801254171,-1.22308012541711,-12.1624613711081
2.687,-12.2689345013347,-1.22310445420198,-1.22310445420199,-12.162196632594
2.688,-12.2686909540284,-1.22312873289309,-1.2231287328931,-12.1619308481996
2.689,-12.2684463976663,-1.2231529608495,-1.22315296084951,-12.1616640260165
2.69,-12.2682008395858,-1.22317713743159,-1.2231771374316,-12.1613961741405
2.691,-12.2679542871313,-1.22320126200111,-1.22320126200112,-12.1611273006718
2.692,-12.2677067476534,-1.22322533392115,-1.22322533392115,-12.1608574137146
2.693,-12.2674582285096,-1.22324935255617,-1.22324935255618,-12.1605865213769
2.694,-12.2672087370635,-1.22327331727201,-1.22327331727202,-12.1603146317708
2.695,-12.2669582806851,-1.2232972274359,-1.22329722743591,-12.1600417530116
2.696,-12.2667068667504,-1.22332108241646,-1.22332108241647,-12.1597678932181
2.697,-12.2664545026418,-1.22334488158372,-1.22334488158373,-12.1594930605123
2.698,-12.2662011957472,-1.22336862430913,-1.22336862430914,-12.1592172630194
2.699,-12.2659469534608,-1.22339230996558,-1.22339230996559,-12.1589405088672
2.7,-12.2656917831824,-1.22341593792738,-1.22341593792739,-12.1586628061865
2.701,-12.2654356923173,-1.22343950757032,-1.22343950757033,-12.1583841631103
2.702,-12.2651786882768,-1.22346301827162,-1.22346301827163,-12.1581045877743
2.703,-12.2649207784772,-1.22348646941,-1.22348646941001,-12.1578240883161
2.704,-12.2646619703406,-1.22350986036565,-1.22350986036566,-12.1575426728754
2.705,-12.2644022712942,-1.22353319052026,-1.22353319052027,-12.1572603495939
2.706,-12.2641416887704,-1.22355645925702,-1.22355645925703,-12.1569771266148
2.707,-12.2638802302067,-1.22357966596063,-1.22357966596064,-12.1566930120829
2.708,-12.2636179030459,-1.22360281001734,-1.22360281001735,-12.1564080141442
2.709,-12.2633547147353,-1.22362589081491,-1.22362589081491,-12.1561221409459
2.71,-12.2630906727275,-1.22364890774265,-1.22364890774266,-12.1558354006364
2.711,-12.2628257844795,-1.22367186019144,-1.22367186019145,-12.1555478013647
2.712,-12.2625600574533,-1.22369474755373,-1.22369474755374,-12.1552593512806
2.713,-12.2622934991151,-1.22371756922354,-1.22371756922355,-12.1549700585342
2.714,-12.2620261169362,-1.22374032459648,-1.22374032459648,-12.1546799312761
2.715,-12.2617579183917,-1.22376301306975,-1.22376301306976,-12.1543889776569
2.716,-12.2614889109615,-1.22378563404219,-1.2237856340422,-12.1540972058275
2.717,-12.2612191021297,-1.22380818691423,-1.22380818691424,-12.1538046239382
2.718,-12.2609484993844,-1.22383067108795,-1.22383067108796,-12.1535112401393
2.719,-12.260677110218,-1.22385308596707,-1.22385308596708,-12.1532170625803
2.72,-12.260404942127,-1.22387543095695,-1.22387543095696,-12.1529220994102
2.721,-12.2601320026116,-1.22389770546463,-1.22389770546464,-12.1526263587772
2.722,-12.2598582991762,-1.22391990889881,-1.22391990889882,-12.1523298488283
2.723,-12.2595838393288,-1.22394204066988,-1.22394204066989,-12.1520325777094
2.724,-12.2593086305814,-1.22396410018993,-1.22396410018993,-12.1517345535652
2.725,-12.2590326804493,-1.22398608687273,-1.22398608687274,-12.1514357845387
2.726,-12.2587559964518,-1.2240080001338,-1.22400800013381,-12.1511362787712
2.727,-12.2584785861116,-1.22402983939036,-1.22402983939037,-12.1508360444025
2.728,-12.2582004569547,-1.22405160406139,-1.22405160406139,-12.15053508957
2.729,-12.2579216165108,-1.22407329356758,-1.22407329356758,-12.1502334224092
2.73,-12.2576420723127,-1.2240949073314,-1.22409490733141,-12.1499310510531
2.731,-12.2573618318967,-1.22411644477711,-1.22411644477711,-12.1496279836323
2.732,-12.2570809028022,-1.2241379053307,-1.2241379053307,-12.1493242282749
2.733,-12.2567992925716,-1.22415928841997,-1.22415928841997,-12.1490197931059
2.734,-12.2565170087507,-1.22418059347452,-1.22418059347453,-12.1487146862476
2.735,-12.2562340588882,-1.22420181992577,-1.22420181992578,-12.1484089158189
2.736,-12.2559504505357,-1.22422296720694,-1.22422296720695,-12.1481024899356
2.737,-12.2556661912478,-1.22424403475307,-1.22424403475308,-12.1477954167101
2.738,-12.255381288582,-1.22426502200108,-1.22426502200109,-12.147487704251
2.739,-12.2550957500985,-1.2242859283897,-1.22428592838971,-12.1471793606632
2.74,-12.2548095833603,-1.22430675335953,-1.22430675335954,-12.1468703940478
2.741,-12.2545227959332,-1.22432749635306,-1.22432749635307,-12.1465608125016
2.742,-12.2542353953854,-1.22434815681463,-1.22434815681464,-12.1462506241174
2.743,-12.253947389288,-1.2243687341905,-1.2243687341905,-12.1459398369833
2.744,-12.2536587852145,-1.2243892279288,-1.22438922792881,-12.145628459183
2.745,-12.2533695907408,-1.22440963747961,-1.22440963747962,-12.1453164987956
2.746,-12.2530798134455,-1.2244299622949,-1.22442996229491,-12.1450039638951
2.747,-12.2527894609094,-1.22445020182858,-1.22445020182858,-12.1446908625507
2.748,-12.2524985407157,-1.22447035553651,-1.22447035553651,-12.1443772028262
2.749,-12.25220706045,-1.22449042287648,-1.22449042287649,-12.1440629927802
2.75,-12.2519150277002,-1.22451040330828,-1.22451040330829,-12.1437482404658
2.751,-12.2516224500562,-1.22453029629364,-1.22453029629365,-12.1434329539303
2.752,-12.2513293351103,-1.22455010129629,-1.2245501012963,-12.1431171412155
2.753,-12.251035690457,-1.22456981778195,-1.22456981778195,-12.1428008103568
2.754,-12.2507415236927,-1.22458944521832,-1.22458944521833,-12.142483969384
2.755,-12.2504468424161,-1.22460898307516,-1.22460898307516,-12.1421666263203
2.756,-12.2501516542277,-1.2246284308242,-1.2246284308242,-12.1418487891826
2.757,-12.2498559667304,-1.22464778793925,-1.22464778793925,-12.1415304659812
2.758,-12.2495597875286,-1.22466705389612,-1.22466705389613,-12.1412116647197
2.759,-12.2492631242289,-1.22468622817273,-1.22468622817274,-12.1408923933949
2.76,-12.2489659844399,-1.224705310249,-1.22470531024901,-12.1405726599965
2.761,-12.2486683757719,-1.22472429960697,-1.22472429960698,-12.1402524725071
2.762,-12.248370305837,-1.22474319573075,-1.22474319573075,-12.1399318389019
2.763,-12.2480717822494,-1.22476199810652,-1.22476199810653,-12.1396107671487
2.764,-12.2477728126247,-1.22478070622261,-1.22478070622262,-12.1392892652078
2.765,-12.2474734045807,-1.22479931956944,-1.22479931956944,-12.1389673410315
2.766,-12.2471735657367,-1.22481783763953,-1.22481783763953,-12.1386450025645
2.767,-12.2468733037136,-1.22483625992757,-1.22483625992757,-12.1383222577431
2.768,-12.2465726261343,-1.22485458593039,-1.22485458593039,-12.1379991144957
2.769,-12.2462715406232,-1.22487281514695,-1.22487281514695,-12.1376755807422
2.77,-12.2459700548063,-1.22489094707839,-1.2248909470784,-12.1373516643941
2.771,-12.2456681763115,-1.22490898122804,-1.22490898122804,-12.1370273733543
2.772,-12.2453659127679,-1.22492691710139,-1.22492691710139,-12.1367027155167
2.773,-12.2450632718066,-1.22494475420612,-1.22494475420612,-12.1363776987666
2.774,-12.24476026106,-1.22496249205212,-1.22496249205213,-12.13605233098
2.775,-12.2444568881623,-1.22498013015153,-1.22498013015153,-12.1357266200238
2.776,-12.2441531607491,-1.22499766801865,-1.22499766801865,-12.1354005737556
2.777,-12.2438490864576,-1.22501510517006,-1.22501510517006,-12.1350742000234
2.778,-12.2435446729265,-1.22503244112456,-1.22503244112456,-12.1347475066656
2.779,-12.2432399277961,-1.22504967540322,-1.22504967540323,-12.134420501511
2.78,-12.242934858708,-1.22506680752936,-1.22506680752937,-12.1340931923782
2.781,-12.2426294733057,-1.22508383702859,-1.22508383702859,-12.1337655870761
2.782,-12.2423237792337,-1.22510076342878,-1.22510076342878,-12.133437693403
2.783,-12.2420177841384,-1.22511758626009,-1.2251175862601,-12.1331095191474
2.784,-12.2417114956674,-1.22513430505503,-1.22513430505503,-12.1327810720868
2.785,-12.24140492147,-1.22515091934836,-1.22515091934836,-12.1324523599885
2.786,-12.2410980691969,-1.22516742867721,-1.22516742867721,-12.132123390609
2.787,-12.2407909465002,-1.22518383258101,-1.22518383258102,-12.1317941716937
2.788,-12.2404835610336,-1.22520013060156,-1.22520013060156,-12.1314647109772
2.789,-12.240175920452,-1.22521632228298,-1.22521632228298,-12.131135016183
2.79,-12.2398680324123,-1.22523240717178,-1.22523240717179,-12.1308050950233
2.791,-12.2395599045723,-1.22524838481683,-1.22524838481683,-12.1304749551987
2.792,-12.2392515445917,-1.22526425476937,-1.22526425476937,-12.1301446043985
2.793,-12.2389429601314,-1.22528001658306,-1.22528001658306,-12.1298140503003
2.794,-12.238634158854,-1.22529566981392,-1.22529566981392,-12.1294833005698
2.795,-12.2383251484235,-1.22531121402041,-1.22531121402041,-12.1291523628608
2.796,-12.2380159365054,-1.22532664876341,-1.22532664876341,-12.128821244815
2.797,-12.2377065307667,-1.22534197360621,-1.22534197360621,-12.1284899540621
2.798,-12.2373969388761,-1.22535718811456,-1.22535718811456,-12.1281584982193
2.799,-12.2370871685036,-1.22537229185665,-1.22537229185665,-12.1278268848914
2.8,-12.2367772273209,-1.22538728440312,-1.22538728440312,-12.1274951216706
2.801,-12.236467123001,-1.22540216532709,-1.22540216532709,-12.1271632161364
2.802,-12.2361568632189,-1.22541693420416,-1.22541693420416,-12.1268311758554
2.803,-12.2358464556509,-1.22543159061242,-1.22543159061241,-12.1264990083815
2.804,-12.2355359079749,-1.22544613413242,-1.22544613413242,-12.1261667212552
2.805,-12.2352252278705,-1.22546056434727,-1.22546056434728,-12.125834322004
2.806,-12.2349144230189,-1.22547488084258,-1.22547488084258,-12.125501818142
2.807,-12.234603501103,-1.22548908320646,-1.22548908320647,-12.1251692171697
2.808,-12.2342924698073,-1.22550317102959,-1.22550317102959,-12.1248365265744
2.809,-12.2339813368182,-1.22551714390518,-1.22551714390518,-12.1245037538292
2.81,-12.2336701098234,-1.22553100142899,-1.22553100142899,-12.1241709063939
2.811,-12.2333587965128,-1.22554474319934,-1.22554474319935,-12.1238379917138
2.812,-12.2330474045778,-1.22555836881716,-1.22555836881715,-12.1235050172206
2.813,-12.2327359417117,-1.22557187788591,-1.22557187788591,-12.1231719903316
2.814,-12.2324244156095,-1.2255852700117,-1.2255852700117,-12.1228389184498
2.815,-12.2321128339681,-1.22559854480319,-1.22559854480318,-12.1225058089638
2.816,-12.2318012044863,-1.22561170187168,-1.22561170187168,-12.1221726692477
2.817,-12.2314895348648,-1.2256247408311,-1.2256247408311,-12.1218395066608
2.818,-12.2311778328061,-1.22563766129799,-1.22563766129798,-12.1215063285479
2.819,-12.2308661060149,-1.22565046289153,-1.22565046289153,-12.1211731422385
2.82,-12.2305543621976,-1.22566314523358,-1.22566314523358,-12.1208399550475
2.821,-12.2302426090629,-1.22567570794863,-1.22567570794863,-12.1205067742744
2.822,-12.2299308543213,-1.22568815066384,-1.22568815066384,-12.1201736072036
2.823,-12.2296191056855,-1.22570047300907,-1.22570047300907,-12.1198404611041
2.824,-12.2293073708704,-1.22571267461685,-1.22571267461685,-12.1195073432295
2.825,-12.2289956575929,-1.22572475512241,-1.22572475512241,-12.1191742608177
2.826,-12.2286839735722,-1.22573671416369,-1.22573671416369,-12.1188412210909
2.827,-12.2283723265297,-1.22574855138135,-1.22574855138134,-12.1185082312557
2.828,-12.2280607241891,-1.22576026641876,-1.22576026641876,-12.1181752985027
2.829,-12.2277491742763,-1.22577185892205,-1.22577185892204,-12.1178424300063
2.83,-12.2274376845197,-1.22578332854007,-1.22578332854007,-12.1175096329251
2.831,-12.22712626265,-1.22579467492444,-1.22579467492444,-12.1171769144011
2.832,-12.2268149164003,-1.22580589772954,-1.22580589772953,-12.1168442815604
2.833,-12.2265036535063,-1.22581699661251,-1.2258169966125,-12.1165117415122
2.834,-12.2261924817061,-1.22582797123328,-1.22582797123328,-12.1161793013493
2.835,-12.2258814087404,-1.22583882125459,-1.22583882125459,-12.1158469681481
2.836,-12.2255704423526,-1.22584954634195,-1.22584954634195,-12.1155147489678
2.837,-12.2252595902886,-1.2258601461637,-1.2258601461637,-12.1151826508511
2.838,-12.2249488602971,-1.22587062039099,-1.22587062039098,-12.1148506808235
2.839,-12.2246382601294,-1.22588096869779,-1.22588096869779,-12.1145188458936
2.84,-12.2243277975399,-1.22589119076093,-1.22589119076093,-12.1141871530525
2.841,-12.2240174802857,-1.22590128626007,-1.22590128626007,-12.1138556092744
2.842,-12.2237073161265,-1.22591125487774,-1.22591125487773,-12.1135242215159
2.843,-12.2233973128255,-1.22592109629931,-1.22592109629931,-12.1131929967162
2.844,-12.2230874781484,-1.22593081021306,-1.22593081021305,-12.1128619417969
2.845,-12.2227778198644,-1.22594039631012,-1.22594039631012,-12.1125310636618
2.846,-12.2224683457453,-1.22594985428454,-1.22594985428453,-12.1122003691973
2.847,-12.2221590635666,-1.22595918383324,-1.22595918383324,-12.1118698652714
2.848,-12.2218499811065,-1.2259683846561,-1.2259683846561,-12.1115395587346
2.849,-12.221541106147,-1.22597745645588,-1.22597745645587,-12.111209456419
2.85,-12.2212324464729,-1.22598639893828,-1.22598639893827,-12.1108795651388
2.851,-12.2209240098728,-1.22599521181193,-1.22599521181193,-12.1105498916897
2.852,-12.2206158041385,-1.22600389478845,-1.22600389478845,-12.1102204428492
2.853,-12.2203078370655,-1.22601244758237,-1.22601244758237,-12.1098912253764
2.854,-12.2200001164525,-1.2260208699112,-1.22602086991119,-12.1095622460118
2.855,-12.2196926501023,-1.22602916149543,-1.22602916149542,-12.1092335114771
2.856,-12.219385445821,-1.22603732205854,-1.22603732205854,-12.1089050284757
2.857,-12.2190785114187,-1.226045351327,-1.22604535132699,-12.1085768036917
2.858,-12.2187718547091,-1.22605324903027,-1.22605324903026,-12.1082488437908
2.859,-12.2184654835099,-1.22606101490084,-1.22606101490083,-12.1079211554193
2.86,-12.2181594056427,-1.22606864867421,-1.22606864867421,-12.1075937452047
2.861,-12.217853628933,-1.22607615008892,-1.22607615008892,-12.1072666197552
2.862,-12.2175481612105,-1.22608351888655,-1.22608351888654,-12.1069397856598
2.863,-12.217243010309,-1.2260907548117,-1.2260907548117,-12.1066132494882
2.864,-12.2169381840664,-1.22609785761207,-1.22609785761206,-12.1062870177906
2.865,-12.216633690325,-1.22610482703839,-1.22610482703839,-12.1059610970978
2.866,-12.2163295369312,-1.22611166284449,-1.22611166284449,-12.105635493921
2.867,-12.2160257317361,-1.22611836478728,-1.22611836478727,-12.1053102147516
2.868,-12.2157222825949,-1.22612493262674,-1.22612493262674,-12.1049852660615
2.869,-12.2154191973677,-1.22613136612599,-1.22613136612598,-12.1046606543024
2.87,-12.215116483919,-1.22613766505123,-1.22613766505123,-12.1043363859066
2.871,-12.2148141501179,-1.2261438291718,-1.2261438291718,-12.1040124672859
2.872,-12.2145122038385,-1.22614985826016,-1.22614985826016,-12.1036889048323
2.873,-12.2142106529593,-1.22615575209192,-1.22615575209191,-12.1033657049178
2.874,-12.2139095053642,-1.2261615104458,-1.2261615104458,-12.1030428738937
2.875,-12.2136087689415,-1.22616713310373,-1.22616713310372,-12.1027204180914
2.876,-12.2133084515851,-1.22617261985077,-1.22617261985076,-12.1023983438219
2.877,-12.2130085611935,-1.22617797047516,-1.22617797047515,-12.1020766573755
2.878,-12.2127091056708,-1.22618318476833,-1.22618318476832,-12.1017553650223
2.879,-12.212410092926,-1.22618826252489,-1.22618826252489,-12.1014344730114
2.88,-12.2121115308735,-1.22619320354267,-1.22619320354266,-12.1011139875716
2.881,-12.2118134274334,-1.22619800762268,-1.22619800762267,-12.1007939149107
2.882,-12.2115157905309,-1.22620267456919,-1.22620267456917,-12.1004742612158
2.883,-12.211218628097,-1.22620720418964,-1.22620720418964,-12.1001550326532
2.884,-12.2109219480682,-1.22621159629477,-1.22621159629477,-12.099836235368
2.885,-12.2106257583867,-1.22621585069852,-1.22621585069851,-12.0995178754843
2.886,-12.2103300670006,-1.22621996721809,-1.22621996721808,-12.0991999591054
2.887,-12.2100348818637,-1.22622394567397,-1.22622394567396,-12.0988824923132
2.888,-12.209740210936,-1.22622778588988,-1.22622778588988,-12.0985654811682
2.889,-12.2094460621833,-1.22623148769286,-1.22623148769285,-12.09824893171
2.89,-12.2091524435775,-1.22623505091321,-1.2262350509132,-12.0979328499565
2.891,-12.2088593630968,-1.22623847538454,-1.22623847538453,-12.0976172419043
2.892,-12.2085668287257,-1.22624176094376,-1.22624176094376,-12.0973021135286
2.893,-12.2082748484548,-1.22624490743111,-1.2262449074311,-12.0969874707828
2.894,-12.2079834302814,-1.22624791469013,-1.22624791469013,-12.0966733195988
2.895,-12.2076925822091,-1.22625078256772,-1.22625078256772,-12.0963596658869
2.896,-12.2074023122482,-1.2262535109141,-1.2262535109141,-12.0960465155356
2.897,-12.2071126284157,-1.22625609958285,-1.22625609958284,-12.0957338744116
2.898,-12.2068235387352,-1.22625854843091,-1.2262585484309,-12.0954217483595
2.899,-12.2065350512374,-1.22626085731857,-1.22626085731856,-12.0951101432024
2.9,-12.2062471739595,-1.22626302610953,-1.22626302610952,-12.0947990647411
2.901,-12.2059599149461,-1.22626505467084,-1.22626505467083,-12.0944885187545
2.902,-12.2056732822487,-1.22626694287296,-1.22626694287295,-12.0941785109992
2.903,-12.205387283926,-1.22626869058975,-1.22626869058975,-12.0938690472101
2.904,-12.2051019280439,-1.2262702976985,-1.22627029769848,-12.0935601330993
2.905,-12.2048172226758,-1.22627176407987,-1.22627176407986,-12.0932517743571
2.906,-12.2045331759023,-1.226273089618,-1.22627308961799,-12.0929439766512
2.907,-12.2042497958117,-1.22627427420044,-1.22627427420043,-12.0926367456271
2.908,-12.2039670904998,-1.22627531771819,-1.22627531771818,-12.0923300869079
2.909,-12.20368506807,-1.22627622006571,-1.2262762200657,-12.092024006094
2.91,-12.2034037366337,-1.2262769811409,-1.22627698114089,-12.0917185087634
2.911,-12.2031231043099,-1.22627760084517,-1.22627760084517,-12.0914136004717
2.912,-12.2028431792256,-1.22627807908338,-1.22627807908337,-12.0911092867516
2.913,-12.2025639695159,-1.22627841576388,-1.22627841576387,-12.0908055731132
2.914,-12.202285483324,-1.22627861079852,-1.22627861079852,-12.0905024650441
2.915,-12.2020077288012,-1.22627866410267,-1.22627866410267,-12.0901999680087
2.916,-12.2017307141072,-1.22627857559519,-1.22627857559519,-12.0898980874491
2.917,-12.2014544474099,-1.22627834519849,-1.22627834519848,-12.0895968287841
2.918,-12.2011789368859,-1.22627797283847,-1.22627797283846,-12.0892961974098
2.919,-12.2009041907201,-1.22627745844461,-1.2262774584446,-12.0889961986994
2.92,-12.2006302171061,-1.22627680194992,-1.22627680194991,-12.0886968380029
2.921,-12.2003570242463,-1.22627600329096,-1.22627600329095,-12.0883981206475
2.922,-12.2000846203518,-1.22627506240787,-1.22627506240785,-12.0881000519372
2.923,-12.1998130136427,-1.22627397924434,-1.22627397924433,-12.087802637153
2.924,-12.199542212348,-1.22627275374767,-1.22627275374766,-12.0875058815524
2.925,-12.1992722247057,-1.22627138586874,-1.22627138586873,-12.0872097903702
2.926,-12.1990030589631,-1.22626987556201,-1.226269875562,-12.0869143688175
2.927,-12.1987347233767,-1.22626822278557,-1.22626822278556,-12.0866196220825
2.928,-12.1984672262122,-1.22626642750112,-1.22626642750111,-12.0863255553299
2.929,-12.1982005757449,-1.22626448967397,-1.22626448967397,-12.086032173701
2.93,-12.1979347802595,-1.22626240927309,-1.22626240927308,-12.0857394823138
2.931,-12.1976698480503,-1.22626018627105,-1.22626018627104,-12.085447486263
2.932,-12.1974057874213,-1.22625782064411,-1.2262578206441,-12.0851561906196
2.933,-12.1971426066861,-1.22625531237215,-1.22625531237214,-12.0848656004313
2.934,-12.1968803141685,-1.22625266143874,-1.22625266143874,-12.0845757207222
2.935,-12.196618918202,-1.22624986783113,-1.22624986783112,-12.0842865564929
2.936,-12.1963584271302,-1.22624693154022,-1.22624693154022,-12.0839981127203
2.937,-12.1960988493066,-1.22624385256064,-1.22624385256063,-12.0837103943578
2.938,-12.1958401930952,-1.22624063089068,-1.22624063089067,-12.0834234063351
2.939,-12.1955824668703,-1.22623726653236,-1.22623726653235,-12.0831371535584
2.94,-12.1953256790163,-1.2262337594914,-1.2262337594914,-12.0828516409099
2.941,-12.1950698379282,-1.22623010977728,-1.22623010977727,-12.0825668732483
2.942,-12.1948149520116,-1.22622631740315,-1.22622631740315,-12.0822828554084
2.943,-12.1945610296828,-1.22622238238597,-1.22622238238596,-12.0819995922014
2.944,-12.1943080793686,-1.22621830474639,-1.22621830474638,-12.0817170884145
2.945,-12.1940561095067,-1.22621408450884,-1.22621408450884,-12.0814353488112
2.946,-12.1938051285458,-1.22620972170153,-1.22620972170152,-12.081154378131
2.947,-12.1935551449456,-1.22620521635641,-1.2262052163564,-12.0808741810897
2.948,-12.1933061671765,-1.22620056850923,-1.22620056850923,-12.0805947623792
2.949,-12.1930582037205,-1.22619577819953,-1.22619577819953,-12.0803161266672
2.95,-12.1928112630707,-1.22619084547065,-1.22619084547064,-12.0800382785978
2.951,-12.1925653537313,-1.22618577036972,-1.22618577036971,-12.0797612227909
2.952,-12.1923204842182,-1.2261805529477,-1.22618055294769,-12.0794849638426
2.953,-12.1920766630587,-1.22617519325935,-1.22617519325935,-12.0792095063248
2.954,-12.1918338987915,-1.22616969136329,-1.22616969136328,-12.0789348547855
2.955,-12.1915921999673,-1.22616404732196,-1.22616404732196,-12.0786610137487
2.956,-12.1913515751481,-1.22615826120165,-1.22615826120164,-12.0783879877143
2.957,-12.1911120329082,-1.22615233307249,-1.22615233307249,-12.078115781158
2.958,-12.1908735818334,-1.2261462630085,-1.2261462630085,-12.0778443985317
2.959,-12.1906362305217,-1.22614005108756,-1.22614005108755,-12.0775738442629
2.96,-12.1903999875832,-1.2261336973914,-1.22613369739139,-12.0773041227552
2.961,-12.19016486164,-1.22612720200568,-1.22612720200567,-12.0770352383879
2.962,-12.1899308613266,-1.22612056501992,-1.22612056501991,-12.0767671955164
2.963,-12.1896979952896,-1.22611378652758,-1.22611378652757,-12.0764999984717
2.964,-12.1894662721883,-1.22610686662598,-1.22610686662598,-12.0762336515608
2.965,-12.1892357006943,-1.22609980541641,-1.2260998054164,-12.0759681590665
2.966,-12.1890062894916,-1.22609260300405,-1.22609260300404,-12.0757035252473
2.967,-12.1887780472771,-1.22608525949803,-1.22608525949802,-12.0754397543377
2.968,-12.1885509827604,-1.22607777501142,-1.22607777501142,-12.0751768505478
2.969,-12.1883251046637,-1.22607014966125,-1.22607014966124,-12.0749148180637
2.97,-12.1881004217221,-1.22606238356848,-1.22606238356847,-12.0746536610471
2.971,-12.187876942684,-1.22605447685806,-1.22605447685805,-12.0743933836357
2.972,-12.1876546763103,-1.22604642965892,-1.22604642965891,-12.0741339899428
2.973,-12.1874336313753,-1.22603824210396,-1.22603824210395,-12.0738754840575
2.974,-12.1872138166665,-1.22602991433006,-1.22602991433005,-12.0736178700447
2.975,-12.1869952409846,-1.22602144647812,-1.22602144647811,-12.0733611519451
2.976,-12.1867779131436,-1.22601283869304,-1.22601283869302,-12.0731053337751
2.977,-12.1865618419708,-1.2260040911237,-1.2260040911237,-12.0728504195269
2.978,-12.1863470363073,-1.22599520392308,-1.22599520392307,-12.0725964131685
2.979,-12.1861335050074,-1.2259861772481,-1.22598617724809,-12.0723433186435
2.98,-12.1859212569393,-1.22597701125976,-1.22597701125976,-12.0720911398715
2.981,-12.1857103009846,-1.22596770612313,-1.22596770612312,-12.0718398807476
2.982,-12.1855006460389,-1.22595826200728,-1.22595826200727,-12.0715895451429
2.983,-12.1852923010116,-1.22594867908538,-1.22594867908537,-12.0713401369042
2.984,-12.185085274826,-1.22593895753465,-1.22593895753464,-12.071091659854
2.985,-12.1848795764194,-1.22592909753639,-1.22592909753638,-12.0708441177906
2.986,-12.1846752147429,-1.22591909927599,-1.22591909927598,-12.0705975144882
2.987,-12.1844721987621,-1.22590896294293,-1.22590896294292,-12.0703518536965
2.988,-12.1842705374565,-1.22589868873077,-1.22589868873076,-12.0701071391413
2.989,-12.18407023982,-1.22588827683721,-1.22588827683721,-12.069863374524
2.99,-12.1838713148607,-1.22587772746405,-1.22587772746404,-12.069620563522
2.991,-12.1836737716013,-1.2258670408172,-1.2258670408172,-12.0693787097882
2.992,-12.1834776190786,-1.22585621710673,-1.22585621710672,-12.0691378169517
2.993,-12.1832828663442,-1.22584525654682,-1.22584525654681,-12.0688978886171
2.994,-12.1830895224641,-1.2258341593558,-1.22583415935579,-12.0686589283651
2.995,-12.1828975965191,-1.22582292575617,-1.22582292575616,-12.068420939752
2.996,-12.1827070976045,-1.22581155597458,-1.22581155597457,-12.0681839263101
2.997,-12.1825180348306,-1.22580005024185,-1.22580005024184,-12.0679478915477
2.998,-12.1823304173222,-1.22578840879297,-1.22578840879296,-12.0677128389487
2.999,-12.1821442542194,-1.22577663186713,-1.22577663186712,-12.0674787719732
3,-12.1819595546767,-1.22576471970769,-1.22576471970769,-12.067245694057
