"Freq [GHz]","cang_deg(S(2,1))-cang_deg(S(3,1)) [deg]"
1,7.46629503333125
1.001,7.47392650921461
1.002,7.48156026179344
1.003,7.48919630018927
1.004,7.49683463353725
1.005,7.50447527098596
1.006,7.51211822169819
1.007,7.51976349484977
1.008,7.52741109963065
1.009,7.53506104524466
1.01,7.54271334090936
1.011,7.55036799585591
1.012,7.55802501932982
1.013,7.56568442058991
1.014,7.57334620890953
1.015,7.58101039357576
1.016,7.58867698388977
1.017,7.59634598916672
1.018,7.60401741873592
1.019,7.61169128194099
1.02,7.61936758813952
1.021,7.62704634670329
1.022,7.6347275670189
1.023,7.64241125848625
1.024,7.65009743052045
1.025,7.65778609255069
1.026,7.66547725402056
1.027,7.67317092438816
1.028,7.68086711312587
1.029,7.68856582972125
1.03,7.69626708367576
1.031,7.70397088450572
1.032,7.71167724174228
1.033,7.71938616493135
1.034,7.72709766363319
1.035,7.73481174742337
1.036,7.74252842589205
1.037,7.75024770864429
1.038,7.75796960530012
1.039,7.76569412549435
1.04,7.77342127887744
1.041,7.78115107511449
1.042,7.78888352388548
1.043,7.79661863488605
1.044,7.80435641782669
1.045,7.81209688243372
1.046,7.81984003844812
1.047,7.8275858956266
1.048,7.83533446374118
1.049,7.84308575257901
1.05,7.85083977194375
1.051,7.8585965316537
1.052,7.86635604154287
1.053,7.87411831146146
1.054,7.88188335127484
1.055,7.8896511708644
1.056,7.89742178012734
1.057,7.90519518897675
1.058,7.91297140734151
1.059,7.92075044516667
1.06,7.9285323124131
1.061,7.93631701905786
1.062,7.94410457509452
1.063,7.95189499053205
1.064,7.95968827539647
1.065,7.96748443972956
1.066,7.97528349358968
1.067,7.98308544705166
1.068,7.99089031020654
1.069,7.99869809316239
1.07,8.00650880604351
1.071,8.01432245899071
1.072,8.02213906216203
1.073,8.02995862573179
1.074,8.03778115989136
1.075,8.04560667484896
1.076,8.05343518082963
1.077,8.06126668807568
1.078,8.06910120684645
1.079,8.07693874741817
1.08,8.08477932008448
1.081,8.09262293515607
1.082,8.10046960296109
1.083,8.10831933384557
1.084,8.11617213817173
1.085,8.12402802632052
1.086,8.13188700868997
1.087,8.13974909569564
1.088,8.14761429777099
1.089,8.15548262536705
1.09,8.16335408895328
1.091,8.17122869901627
1.092,8.17910646606073
1.093,8.18698740061017
1.094,8.19487151320507
1.095,8.20275881440483
1.096,8.21064931478697
1.097,8.21854302494729
1.098,8.22643995549976
1.099,8.2343401170774
1.1,8.24224352033074
1.101,8.25015017593005
1.102,8.2580600945635
1.103,8.26597328693827
1.104,8.27388976378016
1.105,8.28180953583443
1.106,8.28973261386446
1.107,8.29765900865332
1.108,8.30558873100291
1.109,8.31352179173458
1.11,8.32145820168832
1.111,8.32939797172411
1.112,8.33734111272113
1.113,8.34528763557775
1.114,8.35323755121246
1.115,8.36119087056304
1.116,8.36914760458701
1.117,8.37710776426174
1.118,8.38507136058451
1.119,8.39303840457252
1.12,8.40100890726297
1.121,8.40898287971329
1.122,8.41696033300107
1.123,8.42494127822406
1.124,8.43292572650082
1.125,8.44091368896965
1.126,8.44890517678986
1.127,8.45690020114152
1.128,8.46489877322499
1.129,8.47290090426131
1.13,8.48090660549321
1.131,8.48891588818342
1.132,8.49692876361639
1.133,8.50494524309729
1.134,8.51296533795271
1.135,8.52098905953046
1.136,8.52901641919986
1.137,8.53704742835159
1.138,8.54508209839801
1.139,8.55312044077305
1.14,8.56116246693231
1.141,8.56920818835331
1.142,8.57725761653576
1.143,8.58531076300113
1.144,8.5933676392929
1.145,8.60142825697698
1.146,8.60949262764168
1.147,8.61756076289751
1.148,8.62563267437734
1.149,8.63370837373688
1.15,8.64178787265443
1.151,8.64987118283115
1.152,8.65795831599138
1.153,8.66604928388145
1.154,8.67414409827168
1.155,8.68224277095534
1.156,8.69034531374895
1.157,8.69845173849223
1.158,8.70656205704855
1.159,8.71467628130483
1.16,8.72279442317152
1.161,8.7309164945832
1.162,8.7390425074979
1.163,8.74717247389794
1.164,8.75530640578955
1.165,8.76344431520327
1.166,8.77158621419369
1.167,8.77973211484018
1.168,8.78788202924638
1.169,8.79603596954055
1.17,8.80419394787562
1.171,8.81235597642938
1.172,8.82052206740475
1.173,8.82869223302952
1.174,8.83686648555639
1.175,8.84504483726385
1.176,8.85322730045519
1.177,8.86141388745976
1.178,8.86960461063209
1.179,8.87779948235255
1.18,8.88599851502715
1.181,8.89420172108844
1.182,8.90240911299426
1.183,8.91062070322859
1.184,8.91883650430265
1.185,8.92705652875306
1.186,8.93528078914337
1.187,8.94350929806386
1.188,8.95174206813111
1.189,8.95997911198893
1.19,8.9682204423083
1.191,8.97646607178639
1.192,8.98471601314882
1.193,8.99297027914783
1.194,9.0012288825629
1.195,9.00949183620171
1.196,9.01775915289938
1.197,9.02603084551873
1.198,9.0343069269506
1.199,9.04258741011428
1.2,9.05087230795643
1.201,9.05916163345287
1.202,9.06745539960762
1.203,9.07575361945309
1.204,9.08405630605053
1.205,9.09236347248997
1.206,9.10067513189062
1.207,9.10899129740056
1.208,9.11731198219706
1.209,9.12563719948698
1.21,9.13396696250663
1.211,9.14230128452156
1.212,9.1506401788276
1.213,9.15898365875037
1.214,9.1673317376451
1.215,9.17568442889772
1.216,9.18404174592405
1.217,9.19240370217057
1.218,9.20077031111428
1.219,9.20914158626269
1.22,9.21751754115452
1.221,9.22589818935946
1.222,9.23428354447778
1.223,9.24267362014147
1.224,9.251068430014
1.225,9.25946798779012
1.226,9.26787230719638
1.227,9.27628140199123
1.228,9.28469528596504
1.229,9.2931139729403
1.23,9.30153747677154
1.231,9.30996581134634
1.232,9.31839899058404
1.233,9.32683702843736
1.234,9.33527993889149
1.235,9.34372773596471
1.236,9.3521804337086
1.237,9.36063804620784
1.238,9.36910058758069
1.239,9.37756807197893
1.24,9.38604051358841
1.241,9.39451792662842
1.242,9.40300032535245
1.243,9.41148772404864
1.244,9.41998013703911
1.245,9.42847757868041
1.246,9.43698006336427
1.247,9.44548760551681
1.248,9.45400021959932
1.249,9.46251792010841
1.25,9.47104072157591
1.251,9.47956863856894
1.252,9.48810168569069
1.253,9.49663987758001
1.254,9.50518322891132
1.255,9.51373175439578
1.256,9.52228546878068
1.257,9.53084438684962
1.258,9.53940852342298
1.259,9.547977893358
1.26,9.55655251154855
1.261,9.56513239292637
1.262,9.57371755245971
1.263,9.5823080051548
1.264,9.59090376605557
1.265,9.5995048502434
1.266,9.608111272838
1.267,9.61672304899719
1.268,9.62534019391688
1.269,9.6339627228321
1.27,9.6425906510159
1.271,9.65122399378058
1.272,9.65986276647777
1.273,9.66850698449786
1.274,9.67715666327075
1.275,9.68581181826627
1.276,9.69447246499344
1.277,9.70313861900174
1.278,9.71181029588083
1.279,9.72048751126032
1.28,9.7291702808108
1.281,9.73785862024293
1.282,9.74655254530893
1.283,9.75525207180182
1.284,9.76395721555571
1.285,9.7726679924464
1.286,9.78138441839098
1.287,9.7901065093492
1.288,9.79883428132184
1.289,9.80756775035254
1.29,9.81630693252711
1.291,9.82505184397405
1.292,9.83380250086459
1.293,9.84255891941313
1.294,9.85132111587675
1.295,9.8600891065569
1.296,9.86886290779766
1.297,9.87764253598726
1.298,9.88642800755811
1.299,9.89521933898659
1.3,9.90401654679353
1.301,9.91281964754429
1.302,9.92162865784933
1.303,9.9304435943638
1.304,9.93926447378813
1.305,9.94809131286826
1.306,9.9569241283958
1.307,9.9657629372081
1.308,9.97460775618875
1.309,9.98345860226706
1.31,9.99231549241974
1.311,10.0011784436695
1.312,10.0100474730859
1.313,10.0189225977861
1.314,10.0278038349343
1.315,10.0366912017422
1.316,10.0455847154696
1.317,10.0544843934239
1.318,10.063390252961
1.319,10.072302311485
1.32,10.081220586449
1.321,10.0901450953543
1.322,10.0990758557523
1.323,10.1080128852428
1.324,10.1169562014759
1.325,10.1259058221507
1.326,10.1348617650171
1.327,10.1438240478747
1.328,10.1527926885738
1.329,10.1617677050152
1.33,10.1707491151509
1.331,10.1797369369841
1.332,10.188731188569
1.333,10.1977318880118
1.334,10.2067390534704
1.335,10.2157527031551
1.336,10.2247728553281
1.337,10.2337995283042
1.338,10.2428327404518
1.339,10.2518725101914
1.34,10.2609188559974
1.341,10.2699717963976
1.342,10.2790313499737
1.343,10.2880975353611
1.344,10.2971703712499
1.345,10.3062498763847
1.346,10.3153360695647
1.347,10.3244289696444
1.348,10.3335285955333
1.349,10.3426349661968
1.35,10.3517481006556
1.351,10.3608680179872
1.352,10.3699947373247
1.353,10.3791282778584
1.354,10.3882686588348
1.355,10.397415899558
1.356,10.4065700193895
1.357,10.415731037748
1.358,10.4248989741104
1.359,10.4340738480115
1.36,10.4432556790449
1.361,10.4524444868625
1.362,10.4616402911755
1.363,10.4708431117539
1.364,10.4800529684276
1.365,10.489269881086
1.366,10.4984938696788
1.367,10.5077249542157
1.368,10.5169631547672
1.369,10.5262084914646
1.37,10.5354609845004
1.371,10.5447206541283
1.372,10.5539875206642
1.373,10.5632616044853
1.374,10.5725429260317
1.375,10.5818315058057
1.376,10.5911273643724
1.377,10.6004305223605
1.378,10.6097410004614
1.379,10.6190588194307
1.38,10.6283840000881
1.381,10.6377165633169
1.382,10.6470565300658
1.383,10.6564039213479
1.384,10.6657587582416
1.385,10.6751210618907
1.386,10.6844908535048
1.387,10.6938681543596
1.388,10.7032529857972
1.389,10.7126453692264
1.39,10.7220453261227
1.391,10.7314528780292
1.392,10.7408680465564
1.393,10.7502908533828
1.394,10.7597213202552
1.395,10.7691594689886
1.396,10.7786053214671
1.397,10.7880588996435
1.398,10.797520225541
1.399,10.8069893212517
1.4,10.816466208938
1.401,10.8259509108328
1.402,10.8354434492397
1.403,10.8449438465336
1.404,10.8544521251602
1.405,10.8639683076374
1.406,10.8734924165551
1.407,10.8830244745751
1.408,10.8925645044324
1.409,10.9021125289348
1.41,10.9116685709634
1.411,10.9212326534731
1.412,10.9308047994928
1.413,10.9403850321256
1.414,10.9499733745496
1.415,10.9595698500175
1.416,10.9691744818577
1.417,10.9787872934743
1.418,10.9884083083472
1.419,10.998037550033
1.42,11.0076750421647
1.421,11.017320808453
1.422,11.0269748726854
1.423,11.0366372587275
1.424,11.0463079905233
1.425,11.0559870920946
1.426,11.0656745875429
1.427,11.0753705010483
1.428,11.0850748568707
1.429,11.0947876793502
1.43,11.1045089929066
1.431,11.114238822041
1.432,11.1239771913352
1.433,11.1337241254524
1.434,11.1434796491379
1.435,11.1532437872186
1.436,11.1630165646043
1.437,11.1727980062877
1.438,11.1825881373446
1.439,11.1923869829347
1.44,11.2021945683012
1.441,11.2120109187724
1.442,11.2218360597609
1.443,11.2316700167646
1.444,11.2415128153669
1.445,11.2513644812373
1.446,11.2612250401318
1.447,11.2710945178924
1.448,11.2809729404491
1.449,11.2908603338189
1.45,11.3007567241067
1.451,11.310662137506
1.452,11.3205766002989
1.453,11.3305001388563
1.454,11.340432779639
1.455,11.3503745491977
1.456,11.3603254741732
1.457,11.3702855812971
1.458,11.3802548973923
1.459,11.3902334493731
1.46,11.4002212642458
1.461,11.4102183691091
1.462,11.4202247911546
1.463,11.4302405576669
1.464,11.4402656960245
1.465,11.4503002336998
1.466,11.4603441982597
1.467,11.4703976173661
1.468,11.4804605187763
1.469,11.4905329303432
1.47,11.5006148800161
1.471,11.5107063958407
1.472,11.5208075059601
1.473,11.5309182386148
1.474,11.5410386221431
1.475,11.5511686849819
1.476,11.561308455667
1.477,11.5714579628333
1.478,11.5816172352155
1.479,11.5917863016486
1.48,11.6019651910682
1.481,11.6121539325111
1.482,11.6223525551153
1.483,11.6325610881213
1.484,11.6427795608717
1.485,11.6530080028123
1.486,11.6632464434922
1.487,11.6734949125643
1.488,11.6837534397859
1.489,11.6940220550193
1.49,11.7043007882317
1.491,11.7145896694964
1.492,11.7248887289926
1.493,11.7351979970068
1.494,11.745517503932
1.495,11.7558472802693
1.496,11.7661873566279
1.497,11.7765377637255
1.498,11.7868985323892
1.499,11.7972696935555
1.5,11.8076512782711
1.501,11.8180433176935
1.502,11.828445843091
1.503,11.8388588858437
1.504,11.8492824774439
1.505,11.8597166494964
1.506,11.8701614337193
1.507,11.8806168619441
1.508,11.8910829661167
1.509,11.9015597782975
1.51,11.9120473306621
1.511,11.9225456555021
1.512,11.933054785225
1.513,11.9435747523552
1.514,11.9541055895341
1.515,11.9646473295215
1.516,11.975200005195
1.517,11.9857636495512
1.518,11.9963382957064
1.519,12.0069239768963
1.52,12.0175207264776
1.521,12.0281285779278
1.522,12.038747564846
1.523,12.0493777209533
1.524,12.0600190800936
1.525,12.070671676234
1.526,12.0813355434654
1.527,12.092010716003
1.528,12.1026972281867
1.529,12.1133951144823
1.53,12.124104409481
1.531,12.1348251479013
1.532,12.1455573645881
1.533,12.1563010945146
1.534,12.167056372782
1.535,12.1778232346205
1.536,12.1886017153897
1.537,12.1993918505792
1.538,12.2101936758092
1.539,12.2210072268313
1.54,12.2318325395287
1.541,12.2426696499171
1.542,12.2535185941449
1.543,12.2643794084946
1.544,12.2752521293823
1.545,12.2861367933594
1.546,12.2970334371123
1.547,12.3079420974636
1.548,12.3188628113725
1.549,12.3297956159353
1.55,12.3407405483862
1.551,12.3516976460978
1.552,12.3626669465821
1.553,12.3736484874903
1.554,12.3846423066143
1.555,12.3956484418868
1.556,12.4066669313821
1.557,12.4176978133168
1.558,12.4287411260504
1.559,12.4397969080855
1.56,12.4508651980697
1.561,12.4619460347946
1.562,12.4730394571975
1.563,12.4841455043618
1.564,12.495264215518
1.565,12.5063956300435
1.566,12.517539787464
1.567,12.5286967274539
1.568,12.5398664898372
1.569,12.5510491145878
1.57,12.5622446418303
1.571,12.5734531118409
1.572,12.5846745650479
1.573,12.5959090420322
1.574,12.6071565835285
1.575,12.6184172304253
1.576,12.6296910237661
1.577,12.6409780047502
1.578,12.6522782147327
1.579,12.6635916952262
1.58,12.6749184879005
1.581,12.6862586345841
1.582,12.6976121772641
1.583,12.7089791580878
1.584,12.720359619363
1.585,12.7317536035586
1.586,12.7431611533055
1.587,12.7545823113972
1.588,12.7660171207907
1.589,12.777465624607
1.59,12.7889278661322
1.591,12.8004038888177
1.592,12.8118937362817
1.593,12.8233974523091
1.594,12.8349150808526
1.595,12.8464466660341
1.596,12.8579922521441
1.597,12.8695518836438
1.598,12.8811256051649
1.599,12.892713461511
1.6,12.9043154976581
1.601,12.9159317587551
1.602,12.9275622901253
1.603,12.9392071372664
1.604,12.9508663458517
1.605,12.962539961731
1.606,12.974228030931
1.607,12.9859305996565
1.608,12.9976477142907
1.609,13.0093794213966
1.61,13.0211257677175
1.611,13.0328868001774
1.612,13.0446625658828
1.613,13.0564531121223
1.614,13.0682584863689
1.615,13.0800787362791
1.616,13.0919139096952
1.617,13.1037640546454
1.618,13.1156292193445
1.619,13.1275094521953
1.62,13.1394048017893
1.621,13.1513153169068
1.622,13.1632410465188
1.623,13.1751820397874
1.624,13.1871383460665
1.625,13.1991100149029
1.626,13.2110970960371
1.627,13.2230996394038
1.628,13.2351176951337
1.629,13.2471513135533
1.63,13.2592005451866
1.631,13.2712654407554
1.632,13.2833460511803
1.633,13.2954424275826
1.634,13.3075546212831
1.635,13.3196826838051
1.636,13.3318266668742
1.637,13.3439866224191
1.638,13.3561626025734
1.639,13.3683546596755
1.64,13.3805628462704
1.641,13.3927872151099
1.642,13.4050278191537
1.643,13.417284711571
1.644,13.4295579457403
1.645,13.4418475752513
1.646,13.4541536539054
1.647,13.4664762357168
1.648,13.4788153749132
1.649,13.4911711259372
1.65,13.5035435434466
1.651,13.5159326823162
1.652,13.5283385976383
1.653,13.5407613447234
1.654,13.5532009791015
1.655,13.5656575565234
1.656,13.5781311329613
1.657,13.5906217646095
1.658,13.6031295078863
1.659,13.6156544194338
1.66,13.6281965561202
1.661,13.6407559750397
1.662,13.6533327335141
1.663,13.6659268890938
1.664,13.6785384995586
1.665,13.6911676229188
1.666,13.7038143174166
1.667,13.7164786415263
1.668,13.7291606539564
1.669,13.7418604136495
1.67,13.7545779797845
1.671,13.7673134117769
1.672,13.7800667692799
1.673,13.7928381121859
1.674,13.805627500627
1.675,13.8184349949766
1.676,13.8312606558505
1.677,13.8441045441071
1.678,13.8569667208494
1.679,13.8698472474261
1.68,13.8827461854321
1.681,13.89566359671
1.682,13.9085995433512
1.683,13.9215540876966
1.684,13.9345272923387
1.685,13.9475192201215
1.686,13.9605299341423
1.687,13.9735594977531
1.688,13.9866079745609
1.689,13.9996754284296
1.69,14.0127619234809
1.691,14.0258675240953
1.692,14.0389922949134
1.693,14.052136300837
1.694,14.0652996070304
1.695,14.0784822789215
1.696,14.0916843822028
1.697,14.1049059828329
1.698,14.1181471470375
1.699,14.1314079413107
1.7,14.1446884324158
1.701,14.1579886873874
1.702,14.1713087735314
1.703,14.1846487584276
1.704,14.1980087099293
1.705,14.2113886961661
1.706,14.2247887855444
1.707,14.2382090467483
1.708,14.2516495487414
1.709,14.2651103607679
1.71,14.2785915523539
1.711,14.2920931933084
1.712,14.3056153537249
1.713,14.3191581039824
1.714,14.332721514747
1.715,14.3463056569727
1.716,14.3599106019033
1.717,14.3735364210729
1.718,14.3871831863079
1.719,14.400850969728
1.72,14.4145398437481
1.721,14.4282498810782
1.722,14.4419811547262
1.723,14.4557337379984
1.724,14.4695077045014
1.725,14.4833031281424
1.726,14.497120083132
1.727,14.5109586439846
1.728,14.5248188855198
1.729,14.5387008828639
1.73,14.5526047114514
1.731,14.5665304470263
1.732,14.5804781656438
1.733,14.5944479436703
1.734,14.6084398577871
1.735,14.6224539849897
1.736,14.6364904025902
1.737,14.6505491882188
1.738,14.6646304198245
1.739,14.6787341756777
1.74,14.6928605343703
1.741,14.707009574818
1.742,14.7211813762614
1.743,14.7353760182679
1.744,14.7495935807321
1.745,14.7638341438787
1.746,14.7780977882629
1.747,14.7923845947722
1.748,14.8066946446284
1.749,14.8210280193873
1.75,14.835384800943
1.751,14.8497650715271
1.752,14.8641689137107
1.753,14.8785964104069
1.754,14.8930476448713
1.755,14.9075227007037
1.756,14.9220216618501
1.757,14.9365446126034
1.758,14.9510916376062
1.759,14.9656628218512
1.76,14.9802582506831
1.761,14.9948780098002
1.762,15.0095221852565
1.763,15.0241908634623
1.764,15.0388841311866
1.765,15.0536020755579
1.766,15.0683447840673
1.767,15.0831123445679
1.768,15.0979048452783
1.769,15.1127223747838
1.77,15.1275650220368
1.771,15.1424328763602
1.772,15.1573260274479
1.773,15.1722445653671
1.774,15.1871885805593
1.775,15.2021581638424
1.776,15.2171534064124
1.777,15.2321743998453
1.778,15.2472212360974
1.779,15.262294007509
1.78,15.2773928068052
1.781,15.2925177270969
1.782,15.3076688618834
1.783,15.322846305054
1.784,15.3380501508899
1.785,15.3532804940652
1.786,15.3685374296492
1.787,15.3838210531081
1.788,15.3991314603071
1.789,15.414468747511
1.79,15.4298330113875
1.791,15.4452243490078
1.792,15.4606428578489
1.793,15.4760886357957
1.794,15.4915617811421
1.795,15.5070623925927
1.796,15.5225905692663
1.797,15.5381464106951
1.798,15.5537300168289
1.799,15.5693414880357
1.8,15.5849809251039
1.801,15.6006484292437
1.802,15.61634410209
1.803,15.6320680457029
1.804,15.6478203625708
1.805,15.663601155612
1.806,15.6794105281756
1.807,15.695248584045
1.808,15.7111154274387
1.809,15.7270111630126
1.81,15.7429358958618
1.811,15.7588897315229
1.812,15.7748727759749
1.813,15.7908851356431
1.814,15.8069269173987
1.815,15.8229982285629
1.816,15.8390991769073
1.817,15.855229870657
1.818,15.8713904184916
1.819,15.8875809295481
1.82,15.9038015134226
1.821,15.9200522801716
1.822,15.9363333403157
1.823,15.9526448048398
1.824,15.9689867851964
1.825,15.9853593933072
1.826,16.0017627415647
1.827,16.0181969428354
1.828,16.0346621104609
1.829,16.0511583582604
1.83,16.0676858005328
1.831,16.0842445520586
1.832,16.1008347281022
1.833,16.117456444414
1.834,16.1341098172324
1.835,16.150794963286
1.836,16.167511999796
1.837,16.1842610444782
1.838,16.2010422155447
1.839,16.2178556317066
1.84,16.2347014121765
1.841,16.2515796766698
1.842,16.2684905454079
1.843,16.2854341391189
1.844,16.3024105790417
1.845,16.3194199869269
1.846,16.3364624850397
1.847,16.3535381961616
1.848,16.3706472435932
1.849,16.3877897511561
1.85,16.4049658431957
1.851,16.4221756445823
1.852,16.4394192807146
1.853,16.4566968775216
1.854,16.4740085614652
1.855,16.4913544595413
1.856,16.508734699284
1.857,16.526149408766
1.858,16.5435987166028
1.859,16.5610827519538
1.86,16.5786016445248
1.861,16.5961555245707
1.862,16.613744522898
1.863,16.6313687708669
1.864,16.6490284003937
1.865,16.6667235439531
1.866,16.6844543345811
1.867,16.7022209058769
1.868,16.720023392006
1.869,16.7378619277015
1.87,16.7557366482679
1.871,16.7736476895826
1.872,16.7915951880989
1.873,16.8095792808482
1.874,16.8276001054424
1.875,16.845657800077
1.876,16.8637525035329
1.877,16.8818843551795
1.878,16.9000534949767
1.879,16.9182600634776
1.88,16.9365042018319
1.881,16.9547860517868
1.882,16.9731057556908
1.883,16.9914634564964
1.884,17.0098592977617
1.885,17.0282934236539
1.886,17.0467659789513
1.887,17.0652771090462
1.888,17.083826959948
1.889,17.1024156782847
1.89,17.1210434113068
1.891,17.1397103068885
1.892,17.1584165135324
1.893,17.1771621803702
1.894,17.1959474571661
1.895,17.2147724943201
1.896,17.2336374428695
1.897,17.2525424544935
1.898,17.2714876815133
1.899,17.2904732768971
1.9,17.309499394262
1.901,17.3285661878762
1.902,17.3476738126631
1.903,17.3668224242026
1.904,17.3860121787349
1.905,17.4052432331632
1.906,17.4245157450556
1.907,17.4438298726493
1.908,17.4631857748522
1.909,17.4825836112467
1.91,17.5020235420917
1.911,17.5215057283257
1.912,17.5410303315703
1.913,17.5605975141324
1.914,17.5802074390066
1.915,17.5998602698798
1.916,17.6195561711323
1.917,17.6392953078416
1.918,17.6590778457851
1.919,17.6789039514432
1.92,17.6987737920023
1.921,17.7186875353571
1.922,17.7386453501144
1.923,17.7586474055954
1.924,17.7786938718393
1.925,17.7987849196056
1.926,17.8189207203782
1.927,17.8391014463663
1.928,17.8593272705103
1.929,17.879598366482
1.93,17.8999149086897
1.931,17.9202770722805
1.932,17.9406850331428
1.933,17.9611389679101
1.934,17.9816390539642
1.935,18.0021854694375
1.936,18.0227783932167
1.937,18.0434180049458
1.938,18.0641044850292
1.939,18.0848380146342
1.94,18.1056187756955
1.941,18.126446950917
1.942,18.1473227237755
1.943,18.168246278524
1.944,18.1892178001948
1.945,18.210237474602
1.946,18.2313054883459
1.947,18.2524220288152
1.948,18.2735872841904
1.949,18.2948014434477
1.95,18.3160646963607
1.951,18.3373772335058
1.952,18.3587392462632
1.953,18.3801509268219
1.954,18.4016124681821
1.955,18.4231240641578
1.956,18.4446859093819
1.957,18.4662981993081
1.958,18.4879611302142
1.959,18.5096748992063
1.96,18.5314397042211
1.961,18.5532557440301
1.962,18.5751232182417
1.963,18.5970423273061
1.964,18.6190132725177
1.965,18.6410362560182
1.966,18.6631114808005
1.967,18.6852391507126
1.968,18.7074194704589
1.969,18.7296526456062
1.97,18.7519388825859
1.971,18.7742783886961
1.972,18.7966713721077
1.973,18.8191180418654
1.974,18.8416186078927
1.975,18.8641732809942
1.976,18.88678227286
1.977,18.9094457960685
1.978,18.9321640640897
1.979,18.95493729129
1.98,18.9777656929336
1.981,19.0006494851876
1.982,19.0235888851249
1.983,19.0465841107274
1.984,19.0696353808897
1.985,19.0927429154238
1.986,19.1159069350598
1.987,19.1391276614525
1.988,19.1624053171826
1.989,19.1857401257619
1.99,19.2091323116355
1.991,19.2325821001863
1.992,19.2560897177378
1.993,19.2796553915585
1.994,19.3032793498642
1.995,19.3269618218231
1.996,19.350703037558
1.997,19.3745032281512
1.998,19.3983626256463
1.999,19.4222814630538
2,19.446259974353
2.001,19.4702983944968
2.002,19.4943969594144
2.003,19.5185559060152
2.004,19.5427754721931
2.005,19.5670558968289
2.006,19.5913974197951
2.007,19.6158002819581
2.008,19.6402647251835
2.009,19.6647909923385
2.01,19.6893793272957
2.011,19.7140299749377
2.012,19.7387431811588
2.013,19.7635191928707
2.014,19.7883582580055
2.015,19.8132606255181
2.016,19.8382265453917
2.017,19.8632562686403
2.018,19.8883500473125
2.019,19.9135081344956
2.02,19.9387307843191
2.021,19.9640182519577
2.022,19.9893707936359
2.023,20.0147886666309
2.024,20.0402721292771
2.025,20.0658214409689
2.026,20.0914368621647
2.027,20.1171186543911
2.028,20.1428670802456
2.029,20.1686824034007
2.03,20.1945648886078
2.031,20.2205148017006
2.032,20.2465324095987
2.033,20.2726179803118
2.034,20.2987717829424
2.035,20.3249940876905
2.036,20.3512851658563
2.037,20.3776452898446
2.038,20.4040747331684
2.039,20.4305737704516
2.04,20.4571426774344
2.041,20.4837817309749
2.042,20.5104912090547
2.043,20.5372713907809
2.044,20.5641225563908
2.045,20.5910449872553
2.046,20.6180389658819
2.047,20.6451047759195
2.048,20.672242702161
2.049,20.6994530305472
2.05,20.7267360481708
2.051,20.7540920432792
2.052,20.7815213052792
2.053,20.8090241247397
2.054,20.8366007933953
2.055,20.8642516041504
2.056,20.8919768510828
2.057,20.9197768294465
2.058,20.9476518356759
2.059,20.9756021673893
2.06,21.003628123392
2.061,21.0317300036804
2.062,21.0599081094455
2.063,21.0881627430756
2.064,21.1164942081608
2.065,21.1449028094956
2.066,21.1733888530839
2.067,21.20195264614
2.068,21.2305944970943
2.069,21.2593147155958
2.07,21.2881136125157
2.071,21.3169914999504
2.072,21.3459486912253
2.073,21.374985500899
2.074,21.4041022447644
2.075,21.4332992398546
2.076,21.4625768044443
2.077,21.4919352580548
2.078,21.5213749214561
2.079,21.5508961166701
2.08,21.5804991669749
2.081,21.6101843969073
2.082,21.6399521322666
2.083,21.6698027001167
2.084,21.6997364287906
2.085,21.729753647893
2.086,21.759854688304
2.087,21.7900398821807
2.088,21.820309562962
2.089,21.8506640653714
2.09,21.8811037254192
2.091,21.9116288804068
2.092,21.9422398689282
2.093,21.9729370308748
2.094,22.0037207074363
2.095,22.0345912411067
2.096,22.0655489756831
2.097,22.096594256273
2.098,22.1277274292932
2.099,22.1589488424759
2.1,22.1902588448693
2.101,22.2216577868416
2.102,22.2531460200834
2.103,22.2847238976103
2.104,22.3163917737657
2.105,22.3481500042238
2.106,22.3799989459916
2.107,22.4119389574118
2.108,22.4439703981662
2.109,22.4760936292764
2.11,22.5083090131083
2.111,22.5406169133731
2.112,22.5730176951305
2.113,22.605511724791
2.114,22.6380993701175
2.115,22.6707810002293
2.116,22.7035569856027
2.117,22.7364276980737
2.118,22.769393510841
2.119,22.8024547984668
2.12,22.8356119368806
2.121,22.8688653033794
2.122,22.9022152766311
2.123,22.935662236676
2.124,22.9692065649283
2.125,23.0028486441797
2.126,23.0365888585982
2.127,23.0704275937331
2.128,23.1043652365147
2.129,23.1384021752565
2.13,23.1725387996574
2.131,23.2067755008025
2.132,23.2411126711649
2.133,23.275550704607
2.134,23.3100899963831
2.135,23.344730943139
2.136,23.3794739429141
2.137,23.4143193951428
2.138,23.4492677006557
2.139,23.4843192616804
2.14,23.519474481843
2.141,23.5547337661683
2.142,23.5900975210821
2.143,23.6255661544104
2.144,23.6611400753815
2.145,23.6968196946262
2.146,23.7326054241791
2.147,23.7684976774776
2.148,23.8044968693644
2.149,23.8406034160867
2.15,23.8768177352973
2.151,23.9131402460539
2.152,23.9495713688206
2.153,23.9861115254672
2.154,24.0227611392698
2.155,24.0595206349103
2.156,24.0963904384763
2.157,24.1333709774621
2.158,24.1704626807666
2.159,24.2076659786946
2.16,24.2449813029554
2.161,24.2824090866628
2.162,24.3199497643342
2.163,24.3576037718901
2.164,24.3953715466535
2.165,24.4332535273485
2.166,24.4712501541
2.167,24.5093618684319
2.168,24.5475891132671
2.169,24.5859323329246
2.17,24.6243919731197
2.171,24.6629684809618
2.172,24.7016623049533
2.173,24.740473894987
2.174,24.7794037023449
2.175,24.8184521796974
2.176,24.8576197810995
2.177,24.8969069619894
2.178,24.9363141791869
2.179,24.9758418908908
2.18,25.015490556675
2.181,25.0552606374889
2.182,25.095152595652
2.183,25.1351668948522
2.184,25.1753040001432
2.185,25.2155643779412
2.186,25.255948496021
2.187,25.296456823514
2.188,25.3370898309038
2.189,25.3778479900231
2.19,25.4187317740498
2.191,25.4597416575033
2.192,25.5008781162406
2.193,25.542141627452
2.194,25.5835326696568
2.195,25.6250517226997
2.196,25.6666992677447
2.197,25.7084757872724
2.198,25.7503817650734
2.199,25.7924176862445
2.2,25.834584037183
2.201,25.8768813055815
2.202,25.9193099804227
2.203,25.9618705519736
2.204,26.00456351178
2.205,26.0473893526595
2.206,26.0903485686976
2.207,26.1334416552389
2.208,26.1766691088828
2.209,26.2200314274753
2.21,26.2635291101032
2.211,26.3071626570869
2.212,26.3509325699735
2.213,26.3948393515287
2.214,26.4388835057302
2.215,26.4830655377594
2.216,26.5273859539942
2.217,26.5718452620003
2.218,26.616443970523
2.219,26.6611825894797
2.22,26.7060616299494
2.221,26.7510816041658
2.222,26.7962430255073
2.223,26.8415464084875
2.224,26.8869922687468
2.225,26.9325811230412
2.226,26.9783134892342
2.227,27.024189886285
2.228,27.0702108342394
2.229,27.1163768542187
2.23,27.1626884684091
2.231,27.209146200051
2.232,27.2557505734269
2.233,27.3025021138512
2.234,27.3494013476572
2.235,27.3964488021867
2.236,27.4436450057763
2.237,27.4909904877464
2.238,27.5384857783871
2.239,27.5861314089467
2.24,27.6339279116182
2.241,27.6818758195249
2.242,27.7299756667085
2.243,27.7782279881135
2.244,27.8266333195741
2.245,27.8751921977998
2.246,27.9239051603596
2.247,27.9727727456688
2.248,28.0217954929722
2.249,28.0709739423288
2.25,28.1203086345976
2.251,28.1698001114192
2.252,28.2194489152006
2.253,28.2692555890991
2.254,28.3192206770048
2.255,28.3693447235225
2.256,28.4196282739558
2.257,28.4700718742878
2.258,28.5206760711642
2.259,28.5714414118741
2.26,28.6223684443313
2.261,28.6734577170552
2.262,28.7247097791521
2.263,28.7761251802948
2.264,28.8277044707023
2.265,28.8794482011199
2.266,28.9313569227997
2.267,28.983431187477
2.268,29.0356715473509
2.269,29.0880785550619
2.27,29.1406527636703
2.271,29.1933947266336
2.272,29.2463049977833
2.273,29.2993841313024
2.274,29.3526326817021
2.275,29.4060512037972
2.276,29.4596402526831
2.277,29.5134003837101
2.278,29.5673321524595
2.279,29.6214361147172
2.28,29.6757128264496
2.281,29.7301628437762
2.282,29.7847867229439
2.283,29.8395850203002
2.284,29.8945582922652
2.285,29.9497070953058
2.286,30.0050319859057
2.287,30.0605335205387
2.288,30.1162122556384
2.289,30.1720687475706
2.29,30.228103552603
2.291,30.2843172268745
2.292,30.3407103263658
2.293,30.3972834068685
2.294,30.4540370239535
2.295,30.510971732939
2.296,30.5680880888594
2.297,30.6253866464317
2.298,30.6828679600231
2.299,30.7405325836177
2.3,30.7983810707822
2.301,30.8564139746318
2.302,30.9146318477955
2.303,30.9730352423811
2.304,31.0316247099389
2.305,31.0904008014257
2.306,31.1493640671693
2.307,31.20851505683
2.308,31.2678543193639
2.309,31.3273824029846
2.31,31.3870998551247
2.311,31.4470072223976
2.312,31.5071050505566
2.313,31.5673938844562
2.314,31.6278742680118
2.315,31.6885467441572
2.316,31.7494118548059
2.317,31.8104701408061
2.318,31.8717221419009
2.319,31.9331683966839
2.32,31.9948094425567
2.321,32.056645815684
2.322,32.1186780509506
2.323,32.1809066819146
2.324,32.243332240764
2.325,32.3059552582693
2.326,32.3687762637374
2.327,32.4317957849645
2.328,32.4950143481893
2.329,32.5584324780435
2.33,32.6220506975049
2.331,32.6858695278466
2.332,32.7498894885887
2.333,32.814111097447
2.334,32.8785348702834
2.335,32.9431613210532
2.336,33.0079909617546
2.337,33.073024302375
2.338,33.1382618508399
2.339,33.2037041129571
2.34,33.2693515923644
2.341,33.3352047904742
2.342,33.4012642064187
2.343,33.467530336994
2.344,33.5340036766038
2.345,33.6006847172023
2.346,33.6675739482375
2.347,33.7346718565928
2.348,33.8019789265282
2.349,33.8694956396213
2.35,33.9372224747084
2.351,34.0051599078228
2.352,34.0733084121356
2.353,34.1416684578931
2.354,34.2102405123553
2.355,34.2790250397334
2.356,34.3480225011264
2.357,34.4172333544582
2.358,34.4866580544121
2.359,34.5562970523672
2.36,34.6261507963323
2.361,34.6962197308799
2.362,34.76650429708
2.363,34.837004932433
2.364,34.9077220708019
2.365,34.9786561423435
2.366,35.0498075734404
2.367,35.1211767866312
2.368,35.1927642005407
2.369,35.2645702298086
2.37,35.3365952850202
2.371,35.4088397726322
2.372,35.4813040949027
2.373,35.5539886498174
2.374,35.626893831016
2.375,35.7000200277185
2.376,35.7733676246519
2.377,35.8469370019726
2.378,35.9207285351933
2.379,35.9947425951057
2.38,36.068979547704
2.381,36.1434397541078
2.382,36.2181235704837
2.383,36.2930313479683
2.384,36.3681634325882
2.385,36.4435201651808
2.386,36.5191018813152
2.387,36.5949089112108
2.388,36.6709415796571
2.389,36.747200205932
2.39,36.8236851037196
2.391,36.900396581028
2.392,36.9773349401065
2.393,37.0545004773622
2.394,37.1318934832753
2.395,37.2095142423157
2.396,37.2873630328576
2.397,37.3654401270942
2.398,37.4437457909519
2.399,37.5222802840038
2.4,37.6010438593839
2.401,37.6800367636981
2.402,37.7592592369391
2.403,37.8387115123958
2.404,37.9183938165667
2.405,37.9983063690702
2.406,38.0784493825555
2.407,38.1588230626129
2.408,38.2394276076841
2.409,38.3202632089711
2.41,38.401330050346
2.411,38.4826283082591
2.412,38.5641581516489
2.413,38.6459197418483
2.414,38.7279132324937
2.415,38.8101387694322
2.416,38.8925964906288
2.417,38.9752865260733
2.418,39.0582089976865
2.419,39.1413640192276
2.42,39.2247516961987
2.421,39.3083721257523
2.422,39.3922253965955
2.423,39.4763115888968
2.424,39.5606307741892
2.425,39.6451830152772
2.426,39.7299683661404
2.427,39.8149868718386
2.428,39.9002385684161
2.429,39.9857234828054
2.43,40.0714416327324
2.431,40.1573930266197
2.432,40.2435776634909
2.433,40.3299955328743
2.434,40.416646614707
2.435,40.503530879238
2.436,40.5906482869325
2.437,40.6779987883756
2.438,40.7655823241755
2.439,40.8533988248678
2.44,40.9414482108187
2.441,41.0297303921296
2.442,41.1182452685401
2.443,41.2069927293321
2.444,41.2959726532346
2.445,41.3851849083271
2.446,41.4746293519443
2.447,41.5643058305807
2.448,41.6542141797947
2.449,41.7443542241147
2.45,41.8347257769428
2.451,41.9253286404609
2.452,42.0161626055367
2.453,42.107227451629
2.454,42.1985229466943
2.455,42.2900488470933
2.456,42.3818048974975
2.457,42.4737908307977
2.458,42.5660063680094
2.459,42.658451218184
2.46,42.7511250783148
2.461,42.8440276332475
2.462,42.9371585555892
2.463,43.0305175056186
2.464,43.1241041311968
2.465,43.2179180676782
2.466,43.3119589378226
2.467,43.4062263517075
2.468,43.5007199066407
2.469,43.595439187075
2.47,43.6903837645216
2.471,43.7855531974663
2.472,43.880947031284
2.473,43.9765647981566
2.474,44.0724060169903
2.475,44.1684701933333
2.476,44.2647568192949
2.477,44.3612653734671
2.478,44.4579953208427
2.479,44.5549461127404
2.48,44.6521171867252
2.481,44.7495079665333
2.482,44.8471178619972
2.483,44.9449462689705
2.484,45.042992569256
2.485,45.1412561305335
2.486,45.2397363062889
2.487,45.3384324357443
2.488,45.4373438437903
2.489,45.536469840918
2.49,45.6358097231541
2.491,45.7353627719952
2.492,45.8351282543449
2.493,45.935105422452
2.494,46.0352935138496
2.495,46.1356917512954
2.496,46.2362993427154
2.497,46.3371154811455
2.498,46.438139344678
2.499,46.5393700964084
2.5,46.6408068843822
2.501,46.7424488415461
2.502,46.8442950856983
2.503,46.9463447194427
2.504,47.048596830142
2.505,47.1510504898753
2.506,47.2537047553957
2.507,47.35655866809
2.508,47.4596112539405
2.509,47.5628615234881
2.51,47.6663084717978
2.511,47.769951078426
2.512,47.8737883073885
2.513,47.9778191071328
2.514,48.0820424105094
2.515,48.1864571347484
2.516,48.2910621814346
2.517,48.3958564364868
2.518,48.5008387701399
2.519,48.6060080369263
2.52,48.7113630756614
2.521,48.8169027094318
2.522,48.9226257455835
2.523,49.0285309757135
2.524,49.1346171756647
2.525,49.2408831055208
2.526,49.3473275096047
2.527,49.45394911648
2.528,49.5607466389523
2.529,49.6677187740758
2.53,49.7748642031606
2.531,49.8821815917813
2.532,49.9896695897916
2.533,50.0973268313368
2.534,50.2051519348723
2.535,50.313143503183
2.536,50.4213001234054
2.537,50.5296203670519
2.538,50.6381027900386
2.539,50.7467459327139
2.54,50.8555483198918
2.541,50.9645084608867
2.542,51.0736248495497
2.543,51.1828959643099
2.544,51.292320268216
2.545,51.4018962089821
2.546,51.5116222190358
2.547,51.6214967155681
2.548,51.731518100587
2.549,51.8416847609738
2.55,51.9519950685409
2.551,52.0624473800941
2.552,52.1730400374957
2.553,52.2837713677319
2.554,52.3946396829828
2.555,52.5056432806929
2.556,52.6167804436483
2.557,52.7280494400527
2.558,52.8394485236093
2.559,52.950975933603
2.56,53.0626298949875
2.561,53.1744086184732
2.562,53.2863103006196
2.563,53.398333123929
2.564,53.5104752569444
2.565,53.6227348543493
2.566,53.7351100570696
2.567,53.8475989923803
2.568,53.9601997740131
2.569,54.0729105022674
2.57,54.1857292641251
2.571,54.298654133365
2.572,54.4116831706849
2.573,54.5248144238212
2.574,54.6380459276751
2.575,54.7513757044398
2.576,54.8648017637301
2.577,54.9783221027165
2.578,55.0919347062597
2.579,55.2056375470492
2.58,55.3194285857446
2.581,55.4333057711188
2.582,55.5472670402042
2.583,55.6613103184417
2.584,55.7754335198316
2.585,55.8896345470886
2.586,56.0039112917975
2.587,56.1182616345719
2.588,56.2326834452174
2.589,56.3471745828936
2.59,56.4617328962819
2.591,56.5763562237547
2.592,56.6910423935453
2.593,56.8057892239235
2.594,56.9205945233704
2.595,57.035456090757
2.596,57.1503717155257
2.597,57.2653391778727
2.598,57.380356248933
2.599,57.4954206909687
2.6,57.6105302575582
2.601,57.7256826937873
2.602,57.8408757364447
2.603,57.956107114216
2.604,58.0713745478836
2.605,58.1866757505251
2.606,58.3020084277161
2.607,58.4173702777339
2.608,58.5327589917631
2.609,58.6481722541031
2.61,58.7636077423782
2.611,58.8790631277475
2.612,58.994536075119
2.613,59.1100242433629
2.614,59.2255252855289
2.615,59.3410368490631
2.616,59.4565565760277
2.617,59.5720821033212
2.618,59.6876110629018
2.619,59.8031410820088
2.62,59.9186697833905
2.621,60.0341947855274
2.622,60.1497137028619
2.623,60.2652241460257
2.624,60.3807237220706
2.625,60.4962100346982
2.626,60.6116806844932
2.627,60.727133269155
2.628,60.8425653837332
2.629,60.957974620861
2.63,61.0733585709915
2.631,61.1887148226338
2.632,61.3040409625906
2.633,61.4193345761957
2.634,61.5345932475524
2.635,61.6498145597724
2.636,61.7649960952162
2.637,61.8801354357319
2.638,61.9952301628965
2.639,62.1102778582558
2.64,62.2252761035664
2.641,62.3402224810359
2.642,62.4551145735655
2.643,62.5699499649902
2.644,62.684726240322
2.645,62.7994409859903
2.646,62.9140917900835
2.647,63.0286762425916
2.648,63.1431919356467
2.649,63.2576364637636
2.65,63.3720074240823
2.651,63.4863024166066
2.652,63.6005190444455
2.653,63.7146549140527
2.654,63.8287076354655
2.655,63.9426748225436
2.656,64.0565540932071
2.657,64.1703430696739
2.658,64.2840393786969
2.659,64.3976406517985
2.66,64.5111445255077
2.661,64.6245486415925
2.662,64.7378506472939
2.663,64.8510481955589
2.664,64.9641389452699
2.665,65.0771205614774
2.666,65.1899907156266
2.667,65.3027470857868
2.668,65.4153873568777
2.669,65.527909220894
2.67,65.6403103771303
2.671,65.7525885324035
2.672,65.8647414012729
2.673,65.9767667062621
2.674,66.0886621780741
2.675,66.2004255558106
2.676,66.3120545871853
2.677,66.4235470287381
2.678,66.5349006460451
2.679,66.6461132139307
2.68,66.7571825166732
2.681,66.8681063482128
2.682,66.978882512354
2.683,67.0895088229697
2.684,67.1999831042002
2.685,67.3103031906521
2.686,67.4204669275948
2.687,67.5304721711535
2.688,67.6403167885025
2.689,67.7499986580547
2.69,67.8595156696488
2.691,67.9688657247354
2.692,68.0780467365595
2.693,68.1870566303422
2.694,68.2958933434587
2.695,68.4045548256144
2.696,68.5130390390189
2.697,68.6213439585574
2.698,68.7294675719596
2.699,68.837407879966
2.7,68.9451628964922
2.701,69.0527306487892
2.702,69.1601091776039
2.703,69.2672965373344
2.704,69.3742907961831
2.705,69.4810900363093
2.706,69.5876923539761
2.707,69.6940958596967
2.708,69.800298678378
2.709,69.9062989494594
2.71,70.0120948270527
2.711,70.1176844800744
2.712,70.2230660923795
2.713,70.3282378628909
2.714,70.4331980057251
2.715,70.5379447503161
2.716,70.6424763415371
2.717,70.7467910398179
2.718,70.850887121261
2.719,70.9547628777533
2.72,71.0584166170759
2.721,71.1618466630115
2.722,71.2650513554481
2.723,71.3680290504792
2.724,71.4707781205038
2.725,71.5732969543201
2.726,71.6755839572187
2.727,71.7776375510728
2.728,71.8794561744231
2.729,71.9810382825645
2.73,72.0823823476243
2.731,72.1834868586423
2.732,72.2843503216449
2.733,72.3849712597183
2.734,72.4853482130775
2.735,72.5854797391336
2.736,72.6853644125571
2.737,72.7850008253386
2.738,72.8843875868487
2.739,72.9835233238916
2.74,73.0824066807577
2.741,73.1810363192748
2.742,73.2794109188539
2.743,73.3775291765334
2.744,73.4753898070209
2.745,73.5729915427318
2.746,73.670333133825
2.747,73.7674133482362
2.748,73.8642309717087
2.749,73.96078480782
2.75,74.0570736780085
2.751,74.1530964215951
2.752,74.2488518958022
2.753,74.3443389757726
2.754,74.4395565545825
2.755,74.5345035432539
2.756,74.6291788707644
2.757,74.7235814840537
2.758,74.817710348027
2.759,74.9115644455587
2.76,75.0051427774896
2.761,75.0984443626251
2.762,75.191468237729
2.763,75.2842134575158
2.764,75.3766790946391
2.765,75.4688642396803
2.766,75.5607680011329
2.767,75.6523895053839
2.768,75.7437278966957
2.769,75.8347823371827
2.77,75.9255520067874
2.771,76.016036103254
2.772,76.1062338420995
2.773,76.1961444565822
2.774,76.2857671976699
2.775,76.3751013340031
2.776,76.4641461518588
2.777,76.5529009551111
2.778,76.6413650651895
2.779,76.7295378210348
2.78,76.8174185790554
2.781,76.9050067130783
2.782,76.9923016143011
2.783,77.0793026912402
2.784,77.1660093696773
2.785,77.2524210926063
2.786,77.3385373201746
2.787,77.424357529626
2.788,77.5098812152403
2.789,77.5951078882709
2.79,77.6800370768821
2.791,77.7646683260828
2.792,77.8490011976608
2.793,77.9330352701135
2.794,78.0167701385783
2.795,78.1002054147611
2.796,78.1833407268627
2.797,78.266175719505
2.798,78.3487100536546
2.799,78.4309434065457
2.8,78.5128754716008
2.801,78.5945059583511
2.802,78.6758345923546
2.803,78.7568611151139
2.804,78.8375852839915
2.805,78.9180068721251
2.806,78.9981256683409
2.807,79.0779414770655
2.808,79.1574541182382
2.809,79.23666342722
2.81,79.3155692547027
2.811,79.3941714666174
2.812,79.4724699440412
2.813,79.5504645831026
2.814,79.6281552948873
2.815,79.7055420053406
2.816,79.7826246551723
2.817,79.8594031997575
2.818,79.9358776090386
2.819,80.012047867425
2.82,80.0879139736933
2.821,80.1634759408863
2.822,80.2387337962106
2.823,80.3136875809339
2.824,80.3883373502821
2.825,80.4626831733346
2.826,80.5367251329209
2.827,80.6104633255137
2.828,80.6838978611241
2.829,80.7570288631947
2.83,80.8298564684926
2.831,80.9023808270016
2.832,80.9746021018152
2.833,81.046520469027
2.834,81.1181361176215
2.835,81.1894492493661
2.836,81.2604600787003
2.837,81.331168832625
2.838,81.4015757505939
2.839,81.4716810844002
2.84,81.5414850980672
2.841,81.6109880677365
2.842,81.6801902815557
2.843,81.7490920395665
2.844,81.8176936535936
2.845,81.8859954471306
2.846,81.9539977552291
2.847,82.0217009243845
2.848,82.0891053124245
2.849,82.1562112883948
2.85,82.2230192324467
2.851,82.2895295357243
2.852,82.3557426002505
2.853,82.4216588388139
2.854,82.4872786748561
2.855,82.5526025423577
2.856,82.6176308857251
2.857,82.682364159678
2.858,82.7468028291348
2.859,82.8109473691011
2.86,82.8747982645552
2.861,82.938356010336
2.862,83.00162111103
2.863,83.0645940808585
2.864,83.1272754435651
2.865,83.189665732303
2.866,83.251765489523
2.867,83.3135752668624
2.868,83.3750956250313
2.869,83.4363271337022
2.87,83.4972703713991
2.871,83.5579259253849
2.872,83.618294391552
2.873,83.678376374311
2.874,83.7381724864804
2.875,83.7976833491774
2.876,83.8569095917068
2.877,83.9158518514531
2.878,83.9745107737708
2.879,84.0328870118762
2.88,84.0909812267383
2.881,84.1487940869717
2.882,84.2063262687291
2.883,84.2635784555935
2.884,84.3205513384721
2.885,84.3772456154898
2.886,84.4336619918833
2.887,84.4898011798958
2.888,84.5456638986718
2.889,84.6012508741528
2.89,84.6565628389728
2.891,84.7116005323555
2.892,84.7663647000102
2.893,84.8208560940301
2.894,84.875075472789
2.895,84.9290236008414
2.896,84.9827012488195
2.897,85.0361091933339
2.898,85.089248216873
2.899,85.1421191077033
2.9,85.1947226597707
2.901,85.2470596726023
2.902,85.2991309512078
2.903,85.3509373059824
2.904,85.4024795526105
2.905,85.4537585119689
2.906,85.5047750100311
2.907,85.5555298777731
2.908,85.6060239510775
2.909,85.6562580706408
2.91,85.7062330818798
2.911,85.7559498348387
2.912,85.8054091840969
2.913,85.8546119886782
2.914,85.9035591119586
2.915,85.9522514215777
2.916,86.0006897893478
2.917,86.0488750911653
2.918,86.096808206922
2.919,86.1444900204183
2.92,86.1919214192746
2.921,86.239103294846
2.922,86.2860365421355
2.923,86.3327220597096
2.924,86.3791607496132
2.925,86.4253535172853
2.926,86.4713012714767
2.927,86.5170049241664
2.928,86.5624653904797
2.929,86.6076835886076
2.93,86.6526604397247
2.931,86.6973968679106
2.932,86.7418938000693
2.933,86.7861521658512
2.934,86.8301728975745
2.935,86.8739569301478
2.936,86.9175052009935
2.937,86.9608186499714
2.938,87.0038982193036
2.939,87.0467448534991
2.94,87.0893594992801
2.941,87.1317431055078
2.942,87.1738966231104
2.943,87.2158210050102
2.944,87.2575172060522
2.945,87.2989861829336
2.946,87.3402288941327
2.947,87.3812462998397
2.948,87.4220393618884
2.949,87.4626090436866
2.95,87.5029563101498
2.951,87.5430821276325
2.952,87.5829874638642
2.953,87.6226732878809
2.954,87.6621405699626
2.955,87.7013902815669
2.956,87.7404233952669
2.957,87.7792408846863
2.958,87.8178437244384
2.959,87.8562328900636
2.96,87.8944093579677
2.961,87.9323741053625
2.962,87.9701281102045
2.963,88.0076723511368
2.964,88.0450078074294
2.965,88.0821354589214
2.966,88.1190562859641
2.967,88.1557712693631
2.968,88.1922813903234
2.969,88.2285876303927
2.97,88.2646909714067
2.971,88.3005923954348
2.972,88.3362928847268
2.973,88.3717934216589
2.974,88.4070949886813
2.975,88.4421985682673
2.976,88.47710514286
2.977,88.5118156948234
2.978,88.5463312063912
2.979,88.5806526596176
2.98,88.6147810363279
2.981,88.6487173180705
2.982,88.6824624860689
2.983,88.7160175211749
2.984,88.7493834038205
2.985,88.7825611139735
2.986,88.815551631091
2.987,88.8483559340745
2.988,88.8809750012259
2.989,88.913409810203
2.99,88.9456613379767
2.991,88.9777305607883
2.992,89.0096184541065
2.993,89.0413259925867
2.994,89.0728541500295
2.995,89.1042038993401
2.996,89.1353762124877
2.997,89.1663720604672
2.998,89.1971924132595
2.999,89.2278382397924
3,89.258310507904
3.001,89.2886101843043
3.002,89.3187382345385
3.003,89.3486956229507
3.004,89.3784833126478
3.005,89.4081022654647
3.006,89.4375534419286
3.007,89.4668378012249
3.008,89.4959563011633
3.009,89.5249098981448
3.01,89.5536995471278
3.011,89.5823262015965
3.012,89.6107908135286
3.013,89.6390943333636
3.014,89.6672377099722
3.015,89.6952218906254
3.016,89.7230478209643
3.017,89.7507164449709
3.018,89.7782287049383
3.019,89.8055855414425
3.02,89.8327878933136
3.021,89.8598366976083
3.022,89.8867328895826
3.023,89.9134774026642
3.024,89.9400711684268
3.025,89.9665151165627
3.026,89.9928101748594
3.027,90.0189572691711
3.028,90.0449573233969
3.029,90.0708112594544
3.03,90.0965199972568
3.031,90.1220844546883
3.032,90.1475055475817
3.033,90.172784189695
3.034,90.1979212926897
3.035,90.2229177661081
3.036,90.2477745173515
3.037,90.2724924516598
3.038,90.2970724720898
3.039,90.3215154794953
3.04,90.3458223725065
3.041,90.3699940475105
3.042,90.3940313986319
3.043,90.4179353177138
3.044,90.441706694299
3.045,90.4653464156116
3.046,90.4888553665396
3.047,90.5122344296168
3.048,90.5354844850057
3.049,90.5586064104801
3.05,90.5816010814093
3.051,90.6044693707422
3.052,90.6272121489895
3.053,90.6498302842103
3.054,90.6723246419955
3.055,90.6946960854533
3.056,90.7169454751946
3.057,90.7390736693189
3.058,90.7610815233996
3.059,90.7829698904715
3.06,90.8047396210161
3.061,90.8263915629496
3.062,90.8479265616094
3.063,90.8693454597423
3.064,90.8906490974919
3.065,90.9118383123864
3.066,90.932913939328
3.067,90.9538768105805
3.068,90.974727755759
3.069,90.9954676018189
3.07,91.0160971730452
3.071,91.0366172910423
3.072,91.0570287747248
3.073,91.0773324403069
3.074,91.0975291012932
3.075,91.11761956847
3.076,91.1376046498959
3.077,91.1574851508931
3.078,91.1772618740395
3.079,91.19693561916
3.08,91.2165071833189
3.081,91.2359773608126
3.082,91.2553469431611
3.083,91.2746167191014
3.084,91.2937874745815
3.085,91.3128599927515
3.086,91.3318350539591
3.087,91.3507134357421
3.088,91.3694959128234
3.089,91.3881832571041
3.09,91.4067762376581
3.091,91.4252756207273
3.092,91.443682169716
3.093,91.4619966451856
3.094,91.4802198048503
3.095,91.4983524035725
3.096,91.5163951933581
3.097,91.5343489233522
3.098,91.5522143398359
3.099,91.5699921862218
3.1,91.5876832030503
3.101,91.6052881279871
3.102,91.6228076958185
3.103,91.6402426384499
3.104,91.6575936849021
3.105,91.6748615613084
3.106,91.6920469909129
3.107,91.7091506940672
3.108,91.7261733882293
3.109,91.7431157879607
3.11,91.7599786049248
3.111,91.7767625478859
3.112,91.7934683227065
3.113,91.8100966323471
3.114,91.8266481768643
3.115,91.8431236534102
3.116,91.8595237562314
3.117,91.8758491766679
3.118,91.8921006031533
3.119,91.9082787212139
3.12,91.9243842134679
3.121,91.9404177596269
3.122,91.9563800364941
3.123,91.9722717179653
3.124,91.9880934750297
3.125,92.0038459757693
3.126,92.0195298853599
3.127,92.0351458660723
3.128,92.050694577272
3.129,92.0661766754211
3.13,92.0815928140796
3.131,92.0969436439055
3.132,92.1122298126569
3.133,92.1274519651934
3.134,92.1426107434776
3.135,92.1577067865767
3.136,92.1727407306643
3.137,92.1877132090227
3.138,92.2026248520444
3.139,92.2174762872346
3.14,92.2322681392133
3.141,92.2470010297177
3.142,92.2616755776047
3.143,92.2762923988536
3.144,92.2908521065688
3.145,92.3053553109818
3.146,92.3198026194553
3.147,92.3341946364856
3.148,92.3485319637053
3.149,92.3628151998871
3.15,92.377044940947
3.151,92.391221779947
3.152,92.4053463070997
3.153,92.4194191097708
3.154,92.4334407724828
3.155,92.4474118769198
3.156,92.46133300193
3.157,92.4752047235303
3.158,92.4890276149101
3.159,92.5028022464354
3.16,92.5165291856529
3.161,92.5302089972942
3.162,92.5438422432801
3.163,92.5574294827251
3.164,92.5709712719415
3.165,92.5844681644443
3.166,92.597920710956
3.167,92.61132945941
3.168,92.624694954957
3.169,92.6380177399692
3.17,92.651298354044
3.171,92.6645373340113
3.172,92.6777352139359
3.173,92.6908925251251
3.174,92.7040097961314
3.175,92.7170875527598
3.176,92.7301263180717
3.177,92.7431266123905
3.178,92.7560889533079
3.179,92.7690138556877
3.18,92.7819018316728
3.181,92.7947533906897
3.182,92.807569039455
3.183,92.8203492819805
3.184,92.8330946195785
3.185,92.8458055508691
3.186,92.8584825717841
3.187,92.8711261755746
3.188,92.8837368528155
3.189,92.8963150914123
3.19,92.9088613766073
3.191,92.9213761909848
3.192,92.9338600144781
3.193,92.9463133243749
3.194,92.9587365953241
3.195,92.9711302993421
3.196,92.9834949058184
3.197,92.9958308815225
3.198,93.0081386906105
3.199,93.0204187946305
3.2,93.0326716525302
3.201,93.044897720663
3.202,93.0570974527939
3.203,93.0692713001073
3.204,93.0814197112126
3.205,93.0935431321509
3.206,93.1056420064027
3.207,93.1177167748932
3.208,93.129767876
3.209,93.1417957455599
3.21,93.1538008168748
3.211,93.1657835207196
3.212,93.1777442853487
3.213,93.1896835365026
3.214,93.2016016974153
3.215,93.2134991888211
3.216,93.2253764289615
3.217,93.2372338335922
3.218,93.2490718159902
3.219,93.2608907869614
3.22,93.2726911548469
3.221,93.28447332553
3.222,93.2962377024448
3.223,93.3079846865816
3.224,93.3197146764954
3.225,93.3314280683123
3.226,93.3431252557373
3.227,93.3548066300611
3.228,93.3664725801678
3.229,93.3781234925422
3.23,93.3897597512769
3.231,93.4013817380794
3.232,93.4129898322804
3.233,93.4245844108403
3.234,93.4361658483567
3.235,93.4477345170727
3.236,93.459290786883
3.237,93.4708350253426
3.238,93.4823675976734
3.239,93.4938888667721
3.24,93.5053991932179
3.241,93.5168989352792
3.242,93.5283884489225
3.243,93.5398680878184
3.244,93.5513382033507
3.245,93.5627991446224
3.246,93.5742512584647
3.247,93.5856948894439
3.248,93.597130379869
3.249,93.6085580697995
3.25,93.6199782970531
3.251,93.6313913972131
3.252,93.6427977036362
3.253,93.6541975474604
3.254,93.6655912576126
3.255,93.6769791608156
3.256,93.6883615815966
3.257,93.699738842295
3.258,93.7111112630692
3.259,93.7224791619054
3.26,93.7338428546246
3.261,93.7452026548902
3.262,93.7565588742168
3.263,93.7679118219768
3.264,93.7792618054087
3.265,93.7906091296246
3.266,93.8019540976185
3.267,93.8132970102732
3.268,93.824638166369
3.269,93.8359778625908
3.27,93.8473163935359
3.271,93.8586540517226
3.272,93.8699911275967
3.273,93.8813279095406
3.274,93.8926646838798
3.275,93.904001734892
3.276,93.9153393448138
3.277,93.926677793849
3.278,93.9380173601766
3.279,93.949358319958
3.28,93.9607009473454
3.281,93.972045514489
3.282,93.9833922915457
3.283,93.9947415466857
3.284,94.0060935461013
3.285,94.0174485540141
3.286,94.0288068326833
3.287,94.0401686424129
3.288,94.0515342415599
3.289,94.0629038865422
3.29,94.0742778318457
3.291,94.0856563300331
3.292,94.0970396317508
3.293,94.1084279857371
3.294,94.1198216388298
3.295,94.1312208359744
3.296,94.1426258202312
3.297,94.1540368327834
3.298,94.1654541129449
3.299,94.1768778981684
3.3,94.1883084240521
3.301,94.1997459243486
3.302,94.2111906309719
3.303,94.2226427740054
3.304,94.2341025817098
3.305,94.2455702805305
3.306,94.2570460951054
3.307,94.2685302482727
3.308,94.2800229610786
3.309,94.2915244527847
3.31,94.3030349408765
3.311,94.3145546410701
3.312,94.3260837673203
3.313,94.3376225318285
3.314,94.3491711450499
3.315,94.3607298157016
3.316,94.3722987507697
3.317,94.3838781555177
3.318,94.3954682334934
3.319,94.4070691865368
3.32,94.4186812147878
3.321,94.4303045166936
3.322,94.4419392890165
3.323,94.4535857268415
3.324,94.4652440235834
3.325,94.476914370995
3.326,94.4885969591741
3.327,94.5002919765716
3.328,94.5119996099985
3.329,94.5237200446338
3.33,94.5354534640316
3.331,94.5472000501291
3.332,94.5589599832537
3.333,94.5707334421306
3.334,94.5825206038902
3.335,94.5943216440759
3.336,94.606136736651
3.337,94.6179660540063
3.338,94.6298097669679
3.339,94.641668044804
3.34,94.6535410552327
3.341,94.6654289644292
3.342,94.6773319370334
3.343,94.6892501361569
3.344,94.7011837233905
3.345,94.7131328588117
3.346,94.7250977009916
3.347,94.7370784070028
3.348,94.7490751324258
3.349,94.7610880313573
3.35,94.7731172564168
3.351,94.7851629587538
3.352,94.7972252880554
3.353,94.8093043925534
3.354,94.8214004190312
3.355,94.8335135128315
3.356,94.845643817863
3.357,94.8577914766076
3.358,94.8699566301282
3.359,94.8821394180746
3.36,94.8943399786919
3.361,94.9065584488267
3.362,94.9187949639345
3.363,94.931049658087
3.364,94.9433226639786
3.365,94.9556141129338
3.366,94.9679241349142
3.367,94.9802528585254
3.368,94.9926004110239
3.369,95.0049669183245
3.37,95.0173525050067
3.371,95.0297572943218
3.372,95.0421814082001
3.373,95.0546249672575
3.374,95.0670880908024
3.375,95.0795708968427
3.376,95.0920735020924
3.377,95.104596021979
3.378,95.1171385706497
3.379,95.1297012609784
3.38,95.1422842045725
3.381,95.1548875117796
3.382,95.1675112916948
3.383,95.180155652166
3.384,95.1928206998028
3.385,95.2055065399807
3.386,95.2182132768497
3.387,95.2309410133405
3.388,95.2436898511699
3.389,95.2564598908496
3.39,95.2692512316909
3.391,95.2820639718123
3.392,95.2948982081455
3.393,95.3077540364426
3.394,95.3206315512818
3.395,95.3335308460749
3.396,95.3464520130727
3.397,95.3593951433723
3.398,95.3723603269232
3.399,95.3853476525339
3.4,95.3983572078779
3.401,95.4113890795008
3.402,95.4244433528261
3.403,95.4375201121616
3.404,95.450619440706
3.405,95.4637414205553
3.406,95.4768861327083
3.407,95.490053657074
3.408,95.5032440724773
3.409,95.516457456665
3.41,95.5296938863123
3.411,95.5429534370292
3.412,95.5562361833662
3.413,95.5695421988209
3.414,95.582871555844
3.415,95.596224325845
3.416,95.6096005791993
3.417,95.6230003852531
3.418,95.6364238123304
3.419,95.6498709277384
3.42,95.6633417977739
3.421,95.6768364877292
3.422,95.6903550618979
3.423,95.7038975835812
3.424,95.7174641150936
3.425,95.7310547177688
3.426,95.7446694519659
3.427,95.7583083770748
3.428,95.7719715515222
3.429,95.7856590327779
3.43,95.7993708773601
3.431,95.8131071408414
3.432,95.8268678778543
3.433,95.8406531420973
3.434,95.8544629863407
3.435,95.868297462432
3.436,95.8821566213017
3.437,95.8960405129688
3.438,95.909949186547
3.439,95.9238826902498
3.44,95.9378410713962
3.441,95.9518243764164
3.442,95.9658326508575
3.443,95.9798659393887
3.444,95.9939242858071
3.445,96.0080077330428
3.446,96.0221163231652
3.447,96.0362500973875
3.448,96.0504090960731
3.449,96.0645933587397
3.45,96.0788029240664
3.451,96.0930378298975
3.452,96.1072981132491
3.453,96.1215838103134
3.454,96.1358949564648
3.455,96.1502315862647
3.456,96.1645937334672
3.457,96.178981431024
3.458,96.1933947110894
3.459,96.2078336050265
3.46,96.222298143411
3.461,96.2367883560379
3.462,96.2513042719253
3.463,96.2658459193199
3.464,96.2804133257032
3.465,96.2950065177947
3.466,96.3096255215584
3.467,96.3242703622073
3.468,96.3389410642082
3.469,96.3536376512876
3.47,96.3683601464354
3.471,96.3831085719109
3.472,96.3978829492471
3.473,96.4126832992562
3.474,96.4275096420341
3.475,96.4423619969649
3.476,96.4572403827264
3.477,96.472144817295
3.478,96.48707531795
3.479,96.5020319012784
3.48,96.5170145831801
3.481,96.5320233788726
3.482,96.547058302895
3.483,96.5621193691139
3.484,96.5772065907268
3.485,96.5923199802677
3.486,96.6074595496113
3.487,96.6226253099781
3.488,96.6378172719385
3.489,96.6530354454169
3.49,96.6682798396977
3.491,96.6835504634287
3.492,96.6988473246259
3.493,96.714170430678
3.494,96.729519788351
3.495,96.7448954037926
3.496,96.7602972825365
3.497,96.7757254295066
3.498,96.7911798490224
3.499,96.806660544802
3.5,96.8221675199675
3.501,96.8377007770488
3.502,96.853260317988
3.503,96.868846144144
3.504,96.8844582562959
3.505,96.9000966546485
3.506,96.9157613388357
3.507,96.9314523079247
3.508,96.9471695604205
3.509,96.9629130942701
3.51,96.9786829068662
3.511,96.9944789950517
3.512,97.0103013551239
3.513,97.0261499828379
3.514,97.0420248734121
3.515,97.0579260215303
3.516,97.0738534213472
3.517,97.0898070664922
3.518,97.1057869500726
3.519,97.1217930646783
3.52,97.1378254023859
3.521,97.1538839547614
3.522,97.169968712866
3.523,97.1860796672583
3.524,97.2022168079988
3.525,97.2183801246543
3.526,97.2345696063005
3.527,97.250785241527
3.528,97.2670270184403
3.529,97.2832949246681
3.53,97.2995889473626
3.531,97.3159090732044
3.532,97.3322552884065
3.533,97.3486275787176
3.534,97.3650259294257
3.535,97.381450325362
3.536,97.397900750905
3.537,97.414377189983
3.538,97.4308796260783
3.539,97.4474080422312
3.54,97.463962421043
3.541,97.480542744679
3.542,97.4971489948738
3.543,97.5137811529326
3.544,97.5304391997366
3.545,97.547123115745
3.546,97.5638328809995
3.547,97.5805684751268
3.548,97.597329877343
3.549,97.6141170664564
3.55,97.6309300208705
3.551,97.6477687185883
3.552,97.6646331372149
3.553,97.6815232539609
3.554,97.6984390456461
3.555,97.7153804887024
3.556,97.7323475591772
3.557,97.7493402327362
3.558,97.766358484668
3.559,97.7834022898853
3.56,97.8004716229298
3.561,97.8175664579742
3.562,97.8346867688264
3.563,97.8518325289313
3.564,97.8690037113757
3.565,97.8862002888892
3.566,97.9034222338496
3.567,97.9206695182842
3.568,97.9379421138732
3.569,97.9552399919539
3.57,97.9725631235219
3.571,97.9899114792355
3.572,98.0072850294181
3.573,98.0246837440611
3.574,98.0421075928271
3.575,98.0595565450525
3.576,98.0770305697507
3.577,98.0945296356154
3.578,98.1120537110219
3.579,98.129602764032
3.58,98.1471767623953
3.581,98.1647756735526
3.582,98.1823994646391
3.583,98.2000481024863
3.584,98.2177215536256
3.585,98.2354197842904
3.586,98.2531427604193
3.587,98.2708904476586
3.588,98.2886628113652
3.589,98.306459816609
3.59,98.3242814281757
3.591,98.3421276105698
3.592,98.3599983280167
3.593,98.3778935444654
3.594,98.3958132235916
3.595,98.4137573287994
3.596,98.4317258232253
3.597,98.4497186697395
3.598,98.4677358309484
3.599,98.4857772691981
3.6,98.5038429465763
3.601,98.5219328249148
3.602,98.5400468657923
3.603,98.5581850305362
3.604,98.5763472802261
3.605,98.594533575695
3.606,98.6127438775329
3.607,98.6309781460884
3.608,98.6492363414716
3.609,98.6675184235557
3.61,98.6858243519803
3.611,98.7041540861536
3.612,98.722507585254
3.613,98.740884808233
3.614,98.7592857138179
3.615,98.777710260513
3.616,98.7961584066027
3.617,98.8146301101534
3.618,98.8331253290162
3.619,98.8516440208285
3.62,98.8701861430167
3.621,98.8887516527982
3.622,98.9073405071835
3.623,98.9259526629787
3.624,98.9445880767874
3.625,98.9632467050126
3.626,98.9819285038596
3.627,99.0006334293372
3.628,99.0193614372608
3.629,99.0381124832535
3.63,99.0568865227486
3.631,99.0756835109921
3.632,99.0945034030442
3.633,99.113346153781
3.634,99.1322117178977
3.635,99.1511000499095
3.636,99.170011104154
3.637,99.1889448347933
3.638,99.2079011958161
3.639,99.2268801410389
3.64,99.245881624109
3.641,99.2649055985055
3.642,99.2839520175414
3.643,99.3030208343669
3.644,99.3221120019687
3.645,99.3412254731737
3.646,99.360361200651
3.647,99.379519136913
3.648,99.3986992343171
3.649,99.4179014450678
3.65,99.4371257212194
3.651,99.4563720146763
3.652,99.4756402771957
3.653,99.4949304603894
3.654,99.5142425157247
3.655,99.5335763945277
3.656,99.5529320479834
3.657,99.5723094271388
3.658,99.5917084829035
3.659,99.6111291660521
3.66,99.6305714272259
3.661,99.650035216934
3.662,99.6695204855557
3.663,99.6890271833416
3.664,99.7085552604157
3.665,99.7281046667766
3.666,99.7476753522996
3.667,99.767267266738
3.668,99.7868803597243
3.669,99.8065145807731
3.67,99.8261698792811
3.671,99.8458462045297
3.672,99.8655435056864
3.673,99.8852617318059
3.674,99.9050008318323
3.675,99.9247607546001
3.676,99.9445414488358
3.677,99.9643428631598
3.678,99.9841649460873
3.679,100.004007646031
3.68,100.023870911299
3.681,100.043754690103
3.682,100.063658930552
3.683,100.083583580659
3.684,100.103528588342
3.685,100.123493901421
3.686,100.143479467627
3.687,100.163485234595
3.688,100.183511149872
3.689,100.203557160915
3.69,100.223623215093
3.691,100.243709259689
3.692,100.263815241902
3.693,100.283941108844
3.694,100.304086807549
3.695,100.324252284966
3.696,100.344437487966
3.697,100.364642363342
3.698,100.384866857809
3.699,100.405110918007
3.7,100.4253744905
3.701,100.44565752178
3.702,100.465959958266
3.703,100.486281746306
3.704,100.506622832179
3.705,100.526983162097
3.706,100.547362682202
3.707,100.567761338572
3.708,100.588179077218
3.709,100.608615844092
3.71,100.629071585078
3.711,100.649546246003
3.712,100.670039772632
3.713,100.690552110671
3.714,100.71108320577
3.715,100.73163300352
3.716,100.752201449458
3.717,100.772788489067
3.718,100.793394067776
3.719,100.814018130962
3.72,100.83466062395
3.721,100.855321492017
3.722,100.876000680389
3.723,100.896698134247
3.724,100.917413798722
3.725,100.938147618902
3.726,100.958899539829
3.727,100.979669506501
3.728,101.000457463875
3.729,101.021263356864
3.73,101.042087130344
3.731,101.062928729148
3.732,101.083788098072
3.733,101.104665181876
3.734,101.125559925279
3.735,101.14647227297
3.736,101.167402169599
3.737,101.188349559784
3.738,101.209314388111
3.739,101.230296599133
3.74,101.251296137373
3.741,101.272312947324
3.742,101.29334697345
3.743,101.314398160185
3.744,101.33546645194
3.745,101.356551793096
3.746,101.377654128012
3.747,101.398773401018
3.748,101.419909556425
3.749,101.441062538518
3.75,101.462232291563
3.751,101.483418759803
3.752,101.504621887461
3.753,101.525841618741
3.754,101.54707789783
3.755,101.568330668896
3.756,101.589599876089
3.757,101.610885463546
3.758,101.632187375386
3.759,101.653505555716
3.76,101.674839948628
3.761,101.696190498201
3.762,101.717557148504
3.763,101.738939843593
3.764,101.760338527513
3.765,101.781753144303
3.766,101.803183637988
3.767,101.824629952589
3.768,101.846092032117
3.769,101.867569820579
3.77,101.889063261974
3.771,101.910572300296
3.772,101.932096879536
3.773,101.953636943679
3.774,101.975192436709
3.775,101.996763302607
3.776,102.018349485352
3.777,102.039950928923
3.778,102.061567577298
3.779,102.083199374457
3.78,102.104846264378
3.781,102.126508191043
3.782,102.148185098438
3.783,102.169876930548
3.784,102.191583631366
3.785,102.213305144887
3.786,102.235041415112
3.787,102.256792386046
3.788,102.278558001704
3.789,102.300338206105
3.79,102.322132943277
3.791,102.343942157254
3.792,102.365765792083
3.793,102.387603791815
3.794,102.409456100518
3.795,102.431322662264
3.796,102.453203421139
3.797,102.475098321242
3.798,102.497007306684
3.799,102.518930321586
3.8,102.540867310087
3.801,102.562818216337
3.802,102.584782984502
3.803,102.606761558762
3.804,102.628753883316
3.805,102.650759902375
3.806,102.67277956017
3.807,102.694812800949
3.808,102.716859568977
3.809,102.738919808538
3.81,102.760993463934
3.811,102.78308047949
3.812,102.805180799546
3.813,102.827294368467
3.814,102.849421130636
3.815,102.87156103046
3.816,102.893714012367
3.817,102.915880020806
3.818,102.938059000252
3.819,102.960250895201
3.82,102.982455650176
3.821,103.004673209721
3.822,103.026903518407
3.823,103.04914652083
3.824,103.071402161612
3.825,103.093670385401
3.826,103.115951136873
3.827,103.13824436073
3.828,103.160550001702
3.829,103.182868004548
3.83,103.205198314053
3.831,103.227540875034
3.832,103.249895632337
3.833,103.272262530836
3.834,103.294641515437
3.835,103.317032531076
3.836,103.339435522721
3.837,103.36185043537
3.838,103.384277214055
3.839,103.406715803838
3.84,103.429166149816
3.841,103.451628197118
3.842,103.474101890906
3.843,103.496587176378
3.844,103.519083998764
3.845,103.541592303329
3.846,103.564112035375
3.847,103.586643140237
3.848,103.609185563289
3.849,103.631739249937
3.85,103.654304145627
3.851,103.67688019584
3.852,103.699467346096
3.853,103.722065541951
3.854,103.744674728999
3.855,103.767294852874
3.856,103.789925859247
3.857,103.812567693829
3.858,103.835220302369
3.859,103.857883630657
3.86,103.880557624524
3.861,103.903242229838
3.862,103.92593739251
3.863,103.948643058493
3.864,103.971359173778
3.865,103.994085684401
3.866,104.016822536438
3.867,104.039569676007
3.868,104.06232704927
3.869,104.085094602431
3.87,104.107872281737
3.871,104.130660033479
3.872,104.153457803991
3.873,104.176265539652
3.874,104.199083186883
3.875,104.221910692154
3.876,104.244748001975
3.877,104.267595062905
3.878,104.290451821545
3.879,104.313318224544
3.88,104.336194218598
3.881,104.359079750446
3.882,104.381974766876
3.883,104.404879214722
3.884,104.427793040864
3.885,104.450716192232
3.886,104.4736486158
3.887,104.496590258594
3.888,104.519541067683
3.889,104.542500990189
3.89,104.56546997328
3.891,104.588447964172
3.892,104.611434910134
3.893,104.634430758479
3.894,104.657435456573
3.895,104.680448951831
3.896,104.703471191717
3.897,104.726502123747
3.898,104.749541695485
3.899,104.772589854547
3.9,104.795646548601
3.901,104.818711725364
3.902,104.841785332604
3.903,104.864867318142
3.904,104.887957629851
3.905,104.911056215655
3.906,104.934163023529
3.907,104.957278001502
3.908,104.980401097656
3.909,105.003532260122
3.91,105.026671437089
3.911,105.049818576796
3.912,105.072973627536
3.913,105.096136537654
3.914,105.119307255551
3.915,105.142485729681
3.916,105.165671908552
3.917,105.188865740725
3.918,105.212067174817
3.919,105.2352761595
3.92,105.258492643497
3.921,105.281716575592
3.922,105.304947904617
3.923,105.328186579466
3.924,105.351432549084
3.925,105.374685762472
3.926,105.397946168689
3.927,105.421213716848
3.928,105.444488356118
3.929,105.467770035725
3.93,105.491058704951
3.931,105.514354313134
3.932,105.53765680967
3.933,105.560966144011
3.934,105.584282265665
3.935,105.607605124199
3.936,105.630934669236
3.937,105.654270850456
3.938,105.677613617598
3.939,105.700962920457
3.94,105.724318708887
3.941,105.7476809328
3.942,105.771049542164
3.943,105.794424487007
3.944,105.817805717417
3.945,105.841193183536
3.946,105.864586835568
3.947,105.887986623775
3.948,105.911392498476
3.949,105.934804410052
3.95,105.95822230894
3.951,105.981646145639
3.952,106.005075870705
3.953,106.028511434754
3.954,106.051952788462
3.955,106.075399882564
3.956,106.098852667855
3.957,106.122311095189
3.958,106.145775115483
3.959,106.169244679709
3.96,106.192719738902
3.961,106.216200244159
3.962,106.239686146634
3.963,106.263177397542
3.964,106.286673948161
3.965,106.310175749826
3.966,106.333682753936
3.967,106.357194911947
3.968,106.380712175381
3.969,106.404234495816
3.97,106.427761824893
3.971,106.451294114316
3.972,106.474831315846
3.973,106.49837338131
3.974,106.521920262593
3.975,106.545471911642
3.976,106.569028280466
3.977,106.592589321136
3.978,106.616154985785
3.979,106.639725226605
3.98,106.663299995854
3.981,106.686879245847
3.982,106.710462928967
3.983,106.734050997652
3.984,106.757643404408
3.985,106.781240101801
3.986,106.804841042457
3.987,106.828446179068
3.988,106.852055464385
3.989,106.875668851225
3.99,106.899286292464
3.991,106.922907741042
3.992,106.946533149961
3.993,106.970162472287
3.994,106.993795661148
3.995,107.017432669733
3.996,107.041073451296
3.997,107.064717959152
3.998,107.088366146681
3.999,107.112017967324
4,107.135673374586
4.001,107.159332322034
4.002,107.182994763298
4.003,107.206660652074
4.004,107.230329942116
4.005,107.254002587245
4.006,107.277678541345
4.007,107.30135775836
4.008,107.325040192302
4.009,107.348725797242
4.01,107.372414527317
4.011,107.396106336725
4.012,107.419801179731
4.013,107.443499010659
4.014,107.4671997839
4.015,107.490903453907
4.016,107.514609975196
4.017,107.538319302347
4.018,107.562031390003
4.019,107.585746192873
4.02,107.609463665725
4.021,107.633183763396
4.022,107.656906440782
4.023,107.680631652844
4.024,107.704359354608
4.025,107.728089501163
4.026,107.751822047661
4.027,107.775556949317
4.028,107.799294161413
4.029,107.82303363929
4.03,107.846775338356
4.031,107.870519214083
4.032,107.894265222004
4.033,107.918013317717
4.034,107.941763456885
4.035,107.965515595234
4.036,107.989269688553
4.037,108.013025692694
4.038,108.036783563576
4.039,108.060543257178
4.04,108.084304729546
4.041,108.108067936786
4.042,108.131832835071
4.043,108.155599380638
4.044,108.179367529784
4.045,108.203137238872
4.046,108.226908464331
4.047,108.250681162649
4.048,108.274455290382
4.049,108.298230804146
4.05,108.322007660624
4.051,108.345785816561
4.052,108.369565228764
4.053,108.393345854107
4.054,108.417127649526
4.055,108.440910572019
4.056,108.464694578651
4.057,108.488479626548
4.058,108.512265672899
4.059,108.53605267496
4.06,108.559840590047
4.061,108.58362937554
4.062,108.607418988885
4.063,108.631209387588
4.064,108.655000529221
4.065,108.678792371417
4.066,108.702584871876
4.067,108.726377988357
4.068,108.750171678685
4.069,108.773965900748
4.07,108.797760612496
4.071,108.821555771943
4.072,108.845351337167
4.073,108.869147266309
4.074,108.89294351757
4.075,108.916740049219
4.076,108.940536819583
4.077,108.964333787057
4.078,108.988130910095
4.079,109.011928147216
4.08,109.035725457
4.081,109.059522798093
4.082,109.083320129201
4.083,109.107117409093
4.084,109.130914596601
4.085,109.154711650622
4.086,109.178508530112
4.087,109.202305194091
4.088,109.226101601643
4.089,109.249897711912
4.09,109.273693484106
4.091,109.297488877495
4.092,109.321283851411
4.093,109.345078365249
4.094,109.368872378466
4.095,109.39266585058
4.096,109.416458741173
4.097,109.440251009887
4.098,109.464042616429
4.099,109.487833520564
4.1,109.511623682122
4.101,109.535413060994
4.102,109.559201617133
4.103,109.582989310552
4.104,109.606776101328
4.105,109.630561949598
4.106,109.654346815561
4.107,109.678130659479
4.108,109.701913441672
4.109,109.725695122524
4.11,109.749475662479
4.111,109.773255022044
4.112,109.797033161786
4.113,109.820810042331
4.114,109.844585624371
4.115,109.868359868653
4.116,109.892132735989
4.117,109.915904187251
4.118,109.939674183371
4.119,109.963442685341
4.12,109.987209654215
4.121,110.010975051108
4.122,110.034738837193
4.123,110.058500973706
4.124,110.082261421941
4.125,110.106020143253
4.126,110.129777099059
4.127,110.153532250832
4.128,110.177285560109
4.129,110.201036988485
4.13,110.224786497614
4.131,110.248534049211
4.132,110.272279605051
4.133,110.296023126967
4.134,110.319764576852
4.135,110.343503916659
4.136,110.367241108401
4.137,110.390976114147
4.138,110.414708896028
4.139,110.438439416233
4.14,110.462167637011
4.141,110.485893520668
4.142,110.50961702957
4.143,110.533338126141
4.144,110.557056772864
4.145,110.58077293228
4.146,110.604486566989
4.147,110.628197639649
4.148,110.651906112976
4.149,110.675611949744
4.15,110.699315112785
4.151,110.723015564989
4.152,110.746713269304
4.153,110.770408188736
4.154,110.794100286347
4.155,110.817789525258
4.156,110.841475868647
4.157,110.865159279749
4.158,110.888839721856
4.159,110.912517158318
4.16,110.93619155254
4.161,110.959862867987
4.162,110.983531068178
4.163,111.007196116689
4.164,111.030857977153
4.165,111.054516613261
4.166,111.078171988757
4.167,111.101824067443
4.168,111.125472813178
4.169,111.149118189876
4.17,111.172760161506
4.171,111.196398692094
4.172,111.22003374572
4.173,111.243665286523
4.174,111.267293278693
4.175,111.290917686479
4.176,111.314538474181
4.177,111.338155606159
4.178,111.361769046825
4.179,111.385378760645
4.18,111.408984712141
4.181,111.432586865891
4.182,111.456185186524
4.183,111.479779638727
4.184,111.503370187237
4.185,111.52695679685
4.186,111.550539432411
4.187,111.574118058823
4.188,111.597692641039
4.189,111.621263144069
4.19,111.644829532974
4.191,111.668391772869
4.192,111.691949828923
4.193,111.715503666356
4.194,111.739053250442
4.195,111.762598546509
4.196,111.786139519937
4.197,111.809676136156
4.198,111.833208360651
4.199,111.85673615896
4.2,111.88025949667
4.201,111.903778339423
4.202,111.92729265291
4.203,111.950802402876
4.204,111.974307555116
4.205,111.997808075478
4.206,112.02130392986
4.207,112.044795084211
4.208,112.068281504532
4.209,112.091763156873
4.21,112.115240007337
4.211,112.138712022075
4.212,112.162179167292
4.213,112.18564140924
4.214,112.209098714221
4.215,112.23255104859
4.216,112.255998378749
4.217,112.27944067115
4.218,112.302877892297
4.219,112.326310008739
4.22,112.349736987078
4.221,112.373158793963
4.222,112.396575396093
4.223,112.419986760216
4.224,112.443392853126
4.225,112.466793641669
4.226,112.490189092738
4.227,112.513579173272
4.228,112.53696385026
4.229,112.56034309074
4.23,112.583716861795
4.231,112.607085130557
4.232,112.630447864205
4.233,112.653805029965
4.234,112.67715659511
4.235,112.70050252696
4.236,112.723842792882
4.237,112.74717736029
4.238,112.770506196642
4.239,112.793829269444
4.24,112.817146546248
4.241,112.840457994653
4.242,112.8637635823
4.243,112.88706327688
4.244,112.910357046125
4.245,112.933644857816
4.246,112.956926679777
4.247,112.980202479877
4.248,113.00347222603
4.249,113.026735886194
4.25,113.049993428373
4.251,113.073244820612
4.252,113.096490031003
4.253,113.119729027681
4.254,113.142961778823
4.255,113.166188252651
4.256,113.189408417431
4.257,113.21262224147
4.258,113.23582969312
4.259,113.259030740773
4.26,113.282225352867
4.261,113.30541349788
4.262,113.328595144332
4.263,113.351770260787
4.264,113.374938815849
4.265,113.398100778165
4.266,113.421256116422
4.267,113.444404799349
4.268,113.467546795716
4.269,113.490682074335
4.27,113.513810604056
4.271,113.536932353772
4.272,113.560047292417
4.273,113.583155388961
4.274,113.606256612419
4.275,113.629350931842
4.276,113.652438316322
4.277,113.675518734991
4.278,113.698592157019
4.279,113.721658551616
4.28,113.74471788803
4.281,113.767770135548
4.282,113.790815263495
4.283,113.813853241234
4.284,113.836884038168
4.285,113.859907623736
4.286,113.882923967414
4.287,113.905933038717
4.288,113.928934807196
4.289,113.951929242441
4.29,113.974916314076
4.291,113.997895991763
4.292,114.020868245201
4.293,114.043833044125
4.294,114.066790358305
4.295,114.089740157547
4.296,114.112682411694
4.297,114.135617090623
4.298,114.158544164246
4.299,114.181463602511
4.3,114.204375375401
4.301,114.227279452932
4.302,114.250175805154
4.303,114.273064402155
4.304,114.295945214052
4.305,114.318818211
4.306,114.341683363183
4.307,114.364540640822
4.308,114.38739001417
4.309,114.410231453513
4.31,114.433064929168
4.311,114.455890411486
4.312,114.478707870851
4.313,114.501517277676
4.314,114.52431860241
4.315,114.54711181553
4.316,114.569896887545
4.317,114.592673788997
4.318,114.615442490457
4.319,114.638202962527
4.32,114.66095517584
4.321,114.683699101059
4.322,114.706434708877
4.323,114.729161970017
4.324,114.751880855231
4.325,114.774591335299
4.326,114.797293381035
4.327,114.819986963277
4.328,114.842672052893
4.329,114.86534862078
4.33,114.888016637864
4.331,114.910676075096
4.332,114.933326903458
4.333,114.955969093958
4.334,114.978602617632
4.335,115.001227445541
4.336,115.023843548776
4.337,115.046450898453
4.338,115.069049465712
4.339,115.091639221724
4.34,115.114220137683
4.341,115.136792184807
4.342,115.159355334344
4.343,115.181909557563
4.344,115.20445482576
4.345,115.226991110256
4.346,115.249518382394
4.347,115.272036613545
4.348,115.2945457751
4.349,115.317045838478
4.35,115.339536775117
4.351,115.362018556482
4.352,115.384491154059
4.353,115.406954539358
4.354,115.42940868391
4.355,115.45185355927
4.356,115.474289137014
4.357,115.49671538874
4.358,115.519132286068
4.359,115.541539800638
4.36,115.563937904114
4.361,115.586326568178
4.362,115.608705764532
4.363,115.631075464903
4.364,115.653435641032
4.365,115.675786264685
4.366,115.698127307644
4.367,115.720458741712
4.368,115.742780538712
4.369,115.765092670484
4.37,115.787395108887
4.371,115.809687825798
4.372,115.831970793114
4.373,115.854243982749
4.374,115.876507366632
4.375,115.898760916714
4.376,115.921004604959
4.377,115.943238403349
4.378,115.965462283884
4.379,115.98767621858
4.38,116.009880179466
4.381,116.032074138591
4.382,116.054258068016
4.383,116.076431939821
4.384,116.098595726097
4.385,116.120749398952
4.386,116.142892930509
4.387,116.165026292904
4.388,116.187149458287
4.389,116.209262398823
4.39,116.231365086688
4.391,116.253457494074
4.392,116.275539593185
4.393,116.297611356235
4.394,116.319672755455
4.395,116.341723763086
4.396,116.363764351378
4.397,116.385794492598
4.398,116.407814159021
4.399,116.429823322933
4.4,116.451821956632
4.401,116.473810032426
4.402,116.495787522634
4.403,116.517754399583
4.404,116.539710635611
4.405,116.561656203067
4.406,116.583591074307
4.407,116.605515221696
4.408,116.627428617608
4.409,116.649331234428
4.41,116.671223044544
4.411,116.693104020356
4.412,116.71497413427
4.413,116.7368333587
4.414,116.758681666065
4.415,116.780519028793
4.416,116.802345419317
4.417,116.824160810079
4.418,116.845965173523
4.419,116.8677584821
4.42,116.889540708268
4.421,116.911311824489
4.422,116.933071803229
4.423,116.954820616959
4.424,116.976558238156
4.425,116.998284639298
4.426,117.019999792868
4.427,117.041703671354
4.428,117.063396247246
4.429,117.085077493035
4.43,117.106747381218
4.431,117.128405884291
4.432,117.150052974754
4.433,117.171688625109
4.434,117.193312807859
4.435,117.214925495507
4.436,117.236526660559
4.437,117.258116275519
4.438,117.279694312895
4.439,117.301260745191
4.44,117.322815544914
4.441,117.344358684569
4.442,117.36589013666
4.443,117.38740987369
4.444,117.408917868162
4.445,117.430414092576
4.446,117.45189851943
4.447,117.47337112122
4.448,117.494831870441
4.449,117.516280739583
4.45,117.537717701134
4.451,117.559142727578
4.452,117.580555791396
4.453,117.601956865066
4.454,117.62334592106
4.455,117.644722931845
4.456,117.666087869886
4.457,117.687440707641
4.458,117.708781417563
4.459,117.730109972098
4.46,117.751426343689
4.461,117.77273050477
4.462,117.79402242777
4.463,117.81530208511
4.464,117.836569449206
4.465,117.857824492465
4.466,117.879067187285
4.467,117.900297506059
4.468,117.92151542117
4.469,117.942720904993
4.47,117.963913929893
4.471,117.985094468227
4.472,118.006262492343
4.473,118.027417974578
4.474,118.04856088726
4.475,118.069691202706
4.476,118.090808893223
4.477,118.111913931106
4.478,118.133006288639
4.479,118.154085938097
4.48,118.17515285174
4.481,118.196207001818
4.482,118.217248360567
4.483,118.238276900212
4.484,118.259292592964
4.485,118.280295411021
4.486,118.301285326567
4.487,118.322262311774
4.488,118.343226338797
4.489,118.364177379779
4.49,118.385115406848
4.491,118.406040392115
4.492,118.426952307678
4.493,118.447851125618
4.494,118.468736818002
4.495,118.489609356877
4.496,118.510468714278
4.497,118.531314862221
4.498,118.552147772704
4.499,118.57296741771
4.5,118.593773769202
4.501,118.614566799127
4.502,118.635346479412
4.503,118.656112781968
4.504,118.676865678683
4.505,118.69760514143
4.506,118.718331142061
4.507,118.739043652408
4.508,118.759742644282
4.509,118.780428089477
4.51,118.801099959762
4.511,118.821758226889
4.512,118.842402862586
4.513,118.863033838561
4.514,118.8836511265
4.515,118.904254698067
4.516,118.924844524902
4.517,118.945420578625
4.518,118.965982830832
4.519,118.986531253094
4.52,119.00706581696
4.521,119.027586493955
4.522,119.048093255581
4.523,119.068586073314
4.524,119.089064918604
4.525,119.109529762879
4.526,119.12998057754
4.527,119.150417333962
4.528,119.170840003495
4.529,119.191248557462
4.53,119.211642967161
4.531,119.232023203861
4.532,119.252389238805
4.533,119.272741043209
4.534,119.293078588261
4.535,119.313401845121
4.536,119.333710784919
4.537,119.35400537876
4.538,119.374285597717
4.539,119.394551412835
4.54,119.41480279513
4.541,119.435039715587
4.542,119.455262145163
4.543,119.475470054782
4.544,119.495663415339
4.545,119.515842197699
4.546,119.536006372693
4.547,119.556155911123
4.548,119.576290783759
4.549,119.596410961336
4.55,119.616516414561
4.551,119.636607114106
4.552,119.656683030608
4.553,119.676744134676
4.554,119.69679039688
4.555,119.71682178776
4.556,119.736838277819
4.557,119.756839837529
4.558,119.776826437324
4.559,119.796798047605
4.56,119.816754638737
4.561,119.836696181049
4.562,119.856622644835
4.563,119.876534000352
4.564,119.896430217822
4.565,119.916311267429
4.566,119.936177119321
4.567,119.956027743607
4.568,119.975863110359
4.569,119.995683189613
4.57,120.015487951366
4.571,120.035277365574
4.572,120.055051402159
4.573,120.074810030998
4.574,120.094553221935
4.575,120.114280944771
4.576,120.133993169267
4.577,120.153689865144
4.578,120.173371002084
4.579,120.193036549728
4.58,120.212686477674
4.581,120.232320755482
4.582,120.251939352666
4.583,120.271542238704
4.584,120.291129383026
4.585,120.310700755024
4.586,120.330256324046
4.587,120.349796059395
4.588,120.369319930335
4.589,120.388827906081
4.59,120.408319955811
4.591,120.427796048652
4.592,120.447256153692
4.593,120.466700239972
4.594,120.486128276488
4.595,120.505540232193
4.596,120.52493607599
4.597,120.544315776742
4.598,120.563679303262
4.599,120.583026624319
4.6,120.602357708634
4.601,120.621672524882
4.602,120.640971041691
4.603,120.660253227641
4.604,120.679519051265
4.605,120.698768481049
4.606,120.718001485429
4.607,120.737218032795
4.608,120.756418091485
4.609,120.775601629791
4.61,120.794768615956
4.611,120.81391901817
4.612,120.833052804577
4.613,120.852169943271
4.614,120.871270402293
4.615,120.890354149635
4.616,120.909421153239
4.617,120.928471380995
4.618,120.947504800743
4.619,120.966521380269
4.62,120.985521087309
4.621,121.004503889547
4.622,121.023469754615
4.623,121.042418650091
4.624,121.061350543501
4.625,121.080265402319
4.626,121.099163193963
4.627,121.1180438858
4.628,121.136907445143
4.629,121.155753839249
4.63,121.174583035323
4.631,121.193395000513
4.632,121.212189701914
4.633,121.230967106565
4.634,121.249727181451
4.635,121.268469893501
4.636,121.287195209586
4.637,121.305903096524
4.638,121.324593521075
4.639,121.343266449943
4.64,121.361921849775
4.641,121.38055968716
4.642,121.399179928633
4.643,121.417782540669
4.644,121.436367489684
4.645,121.454934742039
4.646,121.473484264034
4.647,121.492016021914
4.648,121.510529981862
4.649,121.529026110005
4.65,121.547504372407
4.651,121.565964735077
4.652,121.584407163961
4.653,121.602831624946
4.654,121.621238083862
4.655,121.639626506474
4.656,121.65799685849
4.657,121.676349105554
4.658,121.694683213254
4.659,121.712999147111
4.66,121.731296872589
4.661,121.749576355089
4.662,121.767837559949
4.663,121.786080452446
4.664,121.804304997796
4.665,121.82251116115
4.666,121.840698907597
4.667,121.858868202165
4.668,121.877019009816
4.669,121.895151295452
4.67,121.913265023908
4.671,121.931360159957
4.672,121.949436668308
4.673,121.967494513605
4.674,121.98553366043
4.675,122.003554073297
4.676,122.021555716658
4.677,122.039538554899
4.678,122.05750255234
4.679,122.075447673236
4.68,122.093373881778
4.681,122.111281142089
4.682,122.129169418228
4.683,122.147038674186
4.684,122.164888873889
4.685,122.182719981196
4.686,122.200531959898
4.687,122.218324773722
4.688,122.236098386325
4.689,122.253852761299
4.69,122.271587862166
4.691,122.289303652383
4.692,122.307000095337
4.693,122.324677154347
4.694,122.342334792667
4.695,122.359972973478
4.696,122.377591659896
4.697,122.395190814966
4.698,122.412770401665
4.699,122.430330382902
4.7,122.447870721514
4.701,122.465391380272
4.702,122.482892321874
4.703,122.500373508951
4.704,122.517834904062
4.705,122.535276469698
4.706,122.552698168278
4.707,122.570099962151
4.708,122.587481813596
4.709,122.604843684821
4.71,122.622185537962
4.711,122.639507335087
4.712,122.656809038189
4.713,122.674090609192
4.714,122.691352009949
4.715,122.708593202239
4.716,122.725814147772
4.717,122.743014808183
4.718,122.760195145038
4.719,122.777355119829
4.72,122.794494693976
4.721,122.811613828827
4.722,122.828712485657
4.723,122.845790625668
4.724,122.862848209989
4.725,122.879885199678
4.726,122.896901555716
4.727,122.913897239015
4.728,122.93087221041
4.729,122.947826430665
4.73,122.96475986047
4.731,122.98167246044
4.732,122.998564191116
4.733,123.015435012968
4.734,123.032284886388
4.735,123.049113771696
4.736,123.065921629138
4.737,123.082708418883
4.738,123.09947410103
4.739,123.116218635598
4.74,123.132941982536
4.741,123.149644101715
4.742,123.166324952932
4.743,123.182984495909
4.744,123.199622690294
4.745,123.216239495657
4.746,123.232834871496
4.747,123.249408777231
4.748,123.265961172208
4.749,123.282492015697
4.75,123.299001266891
4.751,123.31548888491
4.752,123.331954828797
4.753,123.348399057517
4.754,123.364821529962
4.755,123.381222204946
4.756,123.397601041208
4.757,123.413957997411
4.758,123.430293032141
4.759,123.446606103907
4.76,123.462897171143
4.761,123.479166192206
4.762,123.495413125377
4.763,123.511637928859
4.764,123.527840560781
4.765,123.544020979192
4.766,123.560179142067
4.767,123.576315007302
4.768,123.592428532719
4.769,123.608519676061
4.77,123.624588394995
4.771,123.64063464711
4.772,123.656658389919
4.773,123.672659580858
4.774,123.688638177287
4.775,123.704594136486
4.776,123.72052741566
4.777,123.736437971937
4.778,123.752325762368
4.779,123.768190743925
4.78,123.784032873506
4.781,123.799852107928
4.782,123.815648403933
4.783,123.831421718187
4.784,123.847172007277
4.785,123.862899227712
4.786,123.878603335926
4.787,123.894284288274
4.788,123.909942041036
4.789,123.925576550412
4.79,123.941187772526
4.791,123.956775663425
4.792,123.97234017908
4.793,123.987881275383
4.794,124.003398908149
4.795,124.018893033117
4.796,124.034363605947
4.797,124.049810582225
4.798,124.065233917457
4.799,124.080633567073
4.8,124.096009486426
4.801,124.111361630794
4.802,124.126689955374
4.803,124.14199441529
4.804,124.157274965586
4.805,124.172531561233
4.806,124.187764157121
4.807,124.202972708067
4.808,124.218157168809
4.809,124.23331749401
4.81,124.248453638255
4.811,124.263565556053
4.812,124.278653201838
4.813,124.293716529966
4.814,124.308755494718
4.815,124.323770050298
4.816,124.338760150833
4.817,124.353725750377
4.818,124.368666802906
4.819,124.38358326232
4.82,124.398475082443
4.821,124.413342217026
4.822,124.428184619741
4.823,124.443002244186
4.824,124.457795043885
4.825,124.472562972285
4.826,124.487305982758
4.827,124.502024028601
4.828,124.516717063037
4.829,124.531385039214
4.83,124.546027910204
4.831,124.560645629005
4.832,124.575238148543
4.833,124.589805421666
4.834,124.604347401149
4.835,124.618864039695
4.836,124.633355289931
4.837,124.64782110441
4.838,124.662261435613
4.839,124.676676235946
4.84,124.691065457742
4.841,124.705429053263
4.842,124.719766974694
4.843,124.734079174151
4.844,124.748365603675
4.845,124.762626215235
4.846,124.776860960728
4.847,124.791069791978
4.848,124.805252660739
4.849,124.81940951869
4.85,124.833540317442
4.851,124.847645008531
4.852,124.861723543425
4.853,124.875775873518
4.854,124.889801950135
4.855,124.903801724531
4.856,124.917775147887
4.857,124.931722171319
4.858,124.945642745868
4.859,124.959536822508
4.86,124.973404352142
4.861,124.987245285606
4.862,125.001059573663
4.863,125.01484716701
4.864,125.028608016275
4.865,125.042342072017
4.866,125.056049284726
4.867,125.069729604825
4.868,125.083382982669
4.869,125.097009368546
4.87,125.110608712675
4.871,125.124180965212
4.872,125.13772607624
4.873,125.151243995782
4.874,125.164734673791
4.875,125.178198060155
4.876,125.191634104696
4.877,125.205042757171
4.878,125.218423967273
4.879,125.231777684629
4.88,125.245103858801
4.881,125.258402439287
4.882,125.271673375523
4.883,125.284916616879
4.884,125.298132112663
4.885,125.31131981212
4.886,125.324479664432
4.887,125.337611618717
4.888,125.350715624035
4.889,125.363791629381
4.89,125.376839583689
4.891,125.389859435834
4.892,125.402851134627
4.893,125.415814628822
4.894,125.428749867111
4.895,125.441656798126
4.896,125.454535370442
4.897,125.467385532572
4.898,125.480207232974
4.899,125.493000420043
4.9,125.505765042121
4.901,125.51850104749
4.902,125.531208384375
4.903,125.543887000944
4.904,125.556536845311
4.905,125.569157865531
4.906,125.581750009605
4.907,125.59431322548
4.908,125.606847461045
4.909,125.619352664138
4.91,125.631828782541
4.911,125.644275763984
4.912,125.656693556142
4.913,125.66908210664
4.914,125.681441363049
4.915,125.693771272887
4.916,125.706071783624
4.917,125.718342842677
4.918,125.730584397412
4.919,125.742796395147
4.92,125.754978783149
4.921,125.767131508635
4.922,125.779254518777
4.923,125.791347760694
4.924,125.803411181462
4.925,125.815444728106
4.926,125.827448347607
4.927,125.839421986898
4.928,125.851365592868
4.929,125.86327911236
4.93,125.87516249217
4.931,125.887015679055
4.932,125.898838619722
4.933,125.910631260841
4.934,125.922393549034
4.935,125.934125430884
4.936,125.945826852932
4.937,125.957497761678
4.938,125.96913810358
4.939,125.980747825057
4.94,125.99232687249
4.941,126.003875192218
4.942,126.015392730544
4.943,126.026879433734
4.944,126.038335248014
4.945,126.049760119575
4.946,126.061153994573
4.947,126.072516819126
4.948,126.08384853932
4.949,126.095149101203
4.95,126.106418450794
4.951,126.117656534076
4.952,126.128863297
4.953,126.140038685485
4.954,126.151182645419
4.955,126.16229512266
4.956,126.173376063034
4.957,126.184425412342
4.958,126.195443116352
4.959,126.206429120804
4.96,126.217383371415
4.961,126.22830581387
4.962,126.239196393831
4.963,126.250055056934
4.964,126.260881748791
4.965,126.271676414987
4.966,126.282439001087
4.967,126.293169452631
4.968,126.303867715139
4.969,126.314533734107
4.97,126.325167455014
4.971,126.335768823316
4.972,126.346337784451
4.973,126.356874283838
4.974,126.36737826688
4.975,126.37784967896
4.976,126.388288465447
4.977,126.398694571694
4.978,126.409067943039
4.979,126.419408524805
4.98,126.429716262304
4.981,126.439991100834
4.982,126.45023298568
4.983,126.460441862118
4.984,126.470617675414
4.985,126.480760370823
4.986,126.490869893592
4.987,126.50094618896
4.988,126.510989202159
4.989,126.520998878416
4.99,126.53097516295
4.991,126.540918000978
4.992,126.550827337712
4.993,126.56070311836
4.994,126.570545288129
4.995,126.580353792226
4.996,126.590128575856
4.997,126.599869584223
4.998,126.609576762535
4.999,126.619250056002
5,126.628889409834
