Freq(Hz),S11 Log Mag(dB),S21 Log Mag(dB),S11 Phase(Â°),S21 Phase
2000000000,-5.1107173,-7.1635528,-44.515419,-10.770312
2001000000,-5.0811853,-7.3153114,-44.701118,-12.653819
2002000000,-5.048789,-7.5093741,-44.84827,-14.201492
2003000000,-5.0231466,-7.7030573,-45.261509,-15.761551
2004000000,-5.0331869,-7.9542475,-45.497391,-16.85573
2005000000,-5.0313048,-8.1870241,-45.829643,-17.470327
2006000000,-5.0394988,-8.4178391,-46.123554,-17.719139
2007000000,-5.0734673,-8.6741982,-46.551613,-18.040617
2008000000,-5.1227145,-8.9180374,-46.720501,-17.676968
2009000000,-5.1822567,-9.1413832,-46.961323,-17.103104
2010000000,-5.2132187,-9.3256931,-46.998009,-16.219816
2011000000,-5.2673392,-9.4522543,-47.141869,-15.02424
2012000000,-5.3147283,-9.5700684,-47.086075,-13.863909
2013000000,-5.3305779,-9.6072702,-47.110115,-12.421598
2014000000,-5.3837042,-9.6069212,-46.921467,-10.749185
2015000000,-5.3903322,-9.5716743,-46.837833,-9.2826853
2016000000,-5.3933039,-9.4364014,-46.601971,-7.8671112
2017000000,-5.3917241,-9.3010578,-46.506756,-6.6250162
2018000000,-5.3811846,-9.0815315,-46.402931,-5.5615201
2019000000,-5.384584,-8.8391428,-46.497467,-4.5556498
2020000000,-5.3407788,-8.544631,-46.554939,-4.0679822
2021000000,-5.337255,-8.2516432,-46.547256,-3.7588389
2022000000,-5.2945919,-7.9048982,-46.716915,-3.9023066
2023000000,-5.2938042,-7.6157966,-46.96759,-4.4496336
2024000000,-5.294775,-7.2767892,-47.227097,-5.2932239
2025000000,-5.2977715,-6.9990644,-47.453938,-6.7978754
2026000000,-5.321691,-6.7486749,-47.786095,-8.2977972
2027000000,-5.3600912,-6.5270143,-48.066917,-10.334429
2028000000,-5.3963108,-6.3713279,-48.130917,-12.340156
2029000000,-5.434937,-6.2757173,-48.177742,-14.473777
2030000000,-5.4809957,-6.2342305,-48.296471,-16.795782
2031000000,-5.4850106,-6.1854525,-48.288963,-18.999472
2032000000,-5.5322762,-6.27279,-48.181156,-21.149803
2033000000,-5.5372691,-6.3682847,-47.967529,-23.109921
2034000000,-5.5295057,-6.5148835,-47.820477,-24.798122
2035000000,-5.5109115,-6.6945758,-47.675568,-26.338575
2036000000,-5.487257,-6.8988962,-47.646507,-27.545301
2037000000,-5.4612641,-7.1290913,-47.603275,-28.700632
2038000000,-5.4202895,-7.3499813,-47.712166,-29.219625
2039000000,-5.4038205,-7.616241,-47.898766,-29.604229
2040000000,-5.3671436,-7.8437276,-48.277264,-29.714905
2041000000,-5.3569565,-8.0627193,-48.712624,-29.496738
2042000000,-5.3744626,-8.2556477,-49.076645,-28.814653
2043000000,-5.3904066,-8.4380894,-49.431831,-27.970625
2044000000,-5.4297695,-8.5532055,-49.907764,-26.719501
2045000000,-5.4619336,-8.674325,-50.284515,-25.514427
2046000000,-5.5259829,-8.738512,-50.576946,-24.061728
2047000000,-5.5892267,-8.6774321,-50.550694,-22.630714
2048000000,-5.6710501,-8.6293068,-50.405724,-21.039932
2049000000,-5.7165823,-8.505743,-50.299072,-19.726419
2050000000,-5.7610092,-8.3324451,-50.096863,-18.387512
2051000000,-5.7739205,-8.1346579,-49.776821,-17.37015
2052000000,-5.803112,-7.8817825,-49.485168,-16.807928
2053000000,-5.7975311,-7.6090145,-49.27634,-16.326004
2054000000,-5.7707901,-7.3114552,-48.953789,-15.954241
2055000000,-5.7187133,-7.0245504,-48.831463,-16.198935
2056000000,-5.6817946,-6.725122,-48.773464,-16.813513
2057000000,-5.641808,-6.4199181,-48.912933,-17.478201
2058000000,-5.6174641,-6.142221,-49.027103,-18.774237
2059000000,-5.5559664,-5.9004388,-49.427002,-20.135092
2060000000,-5.5404577,-5.6713457,-49.740814,-21.876724
2061000000,-5.5431328,-5.5012045,-50.024052,-24.017736
2062000000,-5.5886049,-5.4143763,-50.535534,-26.110348
2063000000,-5.6014814,-5.3325891,-50.809074,-28.320141
2064000000,-5.6457753,-5.31005,-50.972237,-30.37821
2065000000,-5.7012901,-5.3461757,-51.015606,-32.508354
2066000000,-5.7587152,-5.4374628,-51.043789,-34.433231
2067000000,-5.7840395,-5.576088,-50.971771,-36.101868
2068000000,-5.8234248,-5.7564487,-50.749897,-37.663364
2069000000,-5.8332076,-5.9217782,-50.569405,-38.949799
2070000000,-5.8403211,-6.1431575,-50.366772,-40.106621
2071000000,-5.786705,-6.3284502,-50.281048,-40.579529
2072000000,-5.7815499,-6.5723572,-50.076313,-41.11488
2073000000,-5.740623,-6.7873292,-50.058445,-41.245472
2074000000,-5.6963983,-7.0029445,-50.169998,-41.238365
2075000000,-5.651845,-7.1934705,-50.227455,-40.762768
2076000000,-5.6134763,-7.3758855,-50.576176,-40.357903
2077000000,-5.5834646,-7.5582781,-50.807919,-39.300549
2078000000,-5.5637746,-7.6367478,-51.190796,-38.283718
2079000000,-5.5693808,-7.7003117,-51.787811,-36.901043
2080000000,-5.555284,-7.7121539,-52.139938,-35.391186
2081000000,-5.6018195,-7.6575108,-52.631119,-33.817566
2082000000,-5.6646786,-7.5874081,-53.099262,-32.449306
2083000000,-5.7158513,-7.4436846,-53.25021,-31.22555
2084000000,-5.7796922,-7.2371821,-53.431705,-30.111597
2085000000,-5.8648634,-7.0059958,-53.468956,-29.50267
2086000000,-5.9252234,-6.7433047,-53.218143,-28.971235
2087000000,-5.9671755,-6.462954,-53.013908,-28.773067
2088000000,-6.0008206,-6.1976995,-52.563175,-28.963469
2089000000,-5.9894562,-5.8969169,-52.222477,-29.344669
2090000000,-5.959537,-5.6507988,-51.783989,-30.06275
2091000000,-5.9138398,-5.3769541,-51.414543,-31.011406
2092000000,-5.8475924,-5.1383882,-51.442947,-32.386127
2093000000,-5.7736897,-4.930656,-51.519173,-33.972336
2094000000,-5.7018332,-4.7479053,-51.771515,-35.628338
2095000000,-5.6636162,-4.598712,-52.119785,-37.633202
2096000000,-5.6329465,-4.5318089,-52.717037,-39.760242
2097000000,-5.6373682,-4.4954624,-53.228546,-41.675781
2098000000,-5.6518636,-4.532867,-53.827805,-43.756187
2099000000,-5.6724634,-4.5736332,-54.195808,-45.667057
2100000000,-5.7590127,-4.6916747,-54.584549,-47.535995
2101000000,-5.80337,-4.8187404,-54.737202,-49.056969
2102000000,-5.8820014,-5.011488,-54.717609,-50.380936
2103000000,-5.9290419,-5.181788,-54.613369,-51.525242
2104000000,-5.9676409,-5.3980813,-54.397179,-52.331322
2105000000,-5.9671979,-5.6156359,-53.986126,-52.814205
2106000000,-5.9903774,-5.8142519,-53.92939,-53.265686
2107000000,-5.9613361,-6.0057511,-53.642761,-53.276138
2108000000,-5.9567008,-6.1993785,-53.410637,-53.05249
2109000000,-5.906774,-6.3761873,-53.374546,-52.672173
2110000000,-5.8577361,-6.5341759,-53.412045,-52.027515
2111000000,-5.7991381,-6.6314478,-53.489075,-50.881172
2112000000,-5.7586465,-6.7348614,-53.718681,-50.096657
2113000000,-5.7046943,-6.7704797,-53.950989,-48.887642
2114000000,-5.6387415,-6.742209,-54.255726,-47.578426
2115000000,-5.6506596,-6.7054477,-54.784309,-46.391209
2116000000,-5.6310067,-6.6545849,-55.15625,-45.063263
2117000000,-5.6622729,-6.4982772,-55.676033,-44.22509
2118000000,-5.6817923,-6.3243241,-56.122433,-43.145905
2119000000,-5.713367,-6.0897017,-56.557899,-42.553623
2120000000,-5.7643127,-5.8513165,-56.949059,-42.160107
2121000000,-5.8258867,-5.5922832,-57.059486,-42.109444
2122000000,-5.9171066,-5.369236,-57.022259,-42.502243
2123000000,-5.9510307,-5.0985518,-56.921371,-43.035057
2124000000,-5.9870901,-4.8181524,-56.663494,-43.920765
2125000000,-5.9908447,-4.5974822,-56.290112,-44.975258
2126000000,-5.9721637,-4.4137049,-56.144539,-46.288933
2127000000,-5.952457,-4.2589159,-55.857471,-47.795776
2128000000,-5.9141088,-4.1169534,-55.852734,-49.57428
2129000000,-5.8648357,-4.0488601,-55.871346,-51.211723
2130000000,-5.776938,-3.9799418,-56.025452,-53.077915
2131000000,-5.723053,-3.9749627,-56.573452,-55.126896
2132000000,-5.6762772,-4.010344,-57.071728,-56.919872
2133000000,-5.6881576,-4.0913887,-57.586548,-58.503418
2134000000,-5.7013979,-4.227283,-58.249172,-60.135376
2135000000,-5.7528176,-4.3714938,-58.763786,-61.511887
2136000000,-5.8138542,-4.5280452,-59.263859,-62.56797
2137000000,-5.8805718,-4.7142882,-59.433254,-63.520672
2138000000,-5.9630203,-4.9387918,-59.5215,-64.034851
2139000000,-6.023705,-5.1111455,-59.327168,-64.241074
2140000000,-6.081367,-5.3297424,-59.109413,-64.312035
2141000000,-6.1093016,-5.4895258,-58.906784,-64.25174
2142000000,-6.1007113,-5.6287761,-58.570206,-63.943161
2143000000,-6.1016216,-5.7563596,-58.342403,-63.439178
2144000000,-6.0939713,-5.9017992,-58.078335,-62.565914
2145000000,-6.0307546,-5.9560394,-58.032436,-61.61718
2146000000,-5.9920754,-6.0253415,-57.921951,-60.941921
2147000000,-5.9245052,-6.0278349,-58.051109,-59.787857
2148000000,-5.8592501,-5.9771266,-58.144703,-58.708801
2149000000,-5.826098,-5.9548907,-58.471352,-57.713337
2150000000,-5.7916393,-5.8206301,-58.834976,-56.71455
2151000000,-5.7525601,-5.7179685,-59.245014,-55.840393
2152000000,-5.7234955,-5.5218801,-59.853828,-55.228256
2153000000,-5.7251062,-5.3019161,-60.279835,-54.816811
2154000000,-5.7600703,-5.0749674,-60.816689,-54.792358
2155000000,-5.7780643,-4.8461437,-61.237946,-55.038944
2156000000,-5.8284688,-4.6316085,-61.630135,-55.601719
2157000000,-5.8840723,-4.3865886,-61.807236,-56.136425
2158000000,-5.9219418,-4.1789784,-61.929195,-56.966702
2159000000,-5.9773026,-4.0186658,-62.012394,-58.315331
2160000000,-6.0197206,-3.8763125,-61.93697,-59.619049
2161000000,-6.0279589,-3.7273448,-61.861248,-61.02121
2162000000,-6.0365438,-3.6784356,-61.732452,-62.749924
2163000000,-6.014348,-3.6361818,-61.657047,-64.367294
2164000000,-5.9890909,-3.6389949,-61.553051,-65.996765
2165000000,-5.9549818,-3.6567142,-61.667374,-67.327896
2166000000,-5.8873143,-3.7423663,-61.758907,-68.835754
2167000000,-5.8715672,-3.8276484,-62.288826,-70.342682
2168000000,-5.8401508,-3.9529536,-62.591839,-71.548141
2169000000,-5.8332734,-4.102417,-63.241589,-72.584435
2170000000,-5.8596497,-4.2903872,-63.669998,-73.297089
2171000000,-5.9040613,-4.4361324,-64.185745,-73.772316
2172000000,-5.9436116,-4.6064506,-64.518623,-73.926178
2173000000,-6.0277677,-4.8004036,-64.968292,-74.233131
2174000000,-6.091888,-4.9677486,-64.966637,-73.91024
2175000000,-6.1614428,-5.0775971,-65.045937,-73.709373
2176000000,-6.2081761,-5.1917486,-64.859909,-73.110947
2177000000,-6.2468424,-5.2972364,-64.679291,-72.437088
2178000000,-6.2469125,-5.3548613,-64.215294,-71.593315
2179000000,-6.227428,-5.3687215,-64.066612,-70.685883
2180000000,-6.2161527,-5.3647065,-63.842735,-69.885925
2181000000,-6.1846595,-5.3097882,-63.708939,-69.132912
2182000000,-6.1558337,-5.247982,-63.766293,-68.270805
2183000000,-6.0810828,-5.1509504,-63.781624,-67.452652
2184000000,-6.0093045,-5.0365467,-63.960896,-66.61483
2185000000,-5.9723382,-4.8414364,-64.344475,-66.292282
2186000000,-5.9323759,-4.6809368,-64.896355,-66.052322
2187000000,-5.8989697,-4.4847922,-65.316269,-65.929268
2188000000,-5.8976955,-4.2849069,-65.982079,-66.196297
2189000000,-5.91078,-4.0700455,-66.384354,-66.814346
2190000000,-5.9506202,-3.8815029,-67.052032,-67.314308
2191000000,-5.9902968,-3.7014897,-67.471619,-68.339973
2192000000,-6.0458455,-3.5407844,-67.799713,-69.44648
2193000000,-6.1104527,-3.4362483,-67.933189,-70.688583
2194000000,-6.1490402,-3.3288338,-68.059219,-72.066513
2195000000,-6.2092514,-3.2770216,-68.020332,-73.458496
2196000000,-6.2284613,-3.2380326,-68.001183,-75.034645
2197000000,-6.2405396,-3.253058,-67.913261,-76.530182
2198000000,-6.2532315,-3.3097079,-67.711884,-77.799301
2199000000,-6.2179928,-3.3761966,-67.911964,-79.116417
2200000000,-6.2007589,-3.4561548,-67.868561,-80.339119
2201000000,-6.1770453,-3.5638428,-68.056,-81.374443
2202000000,-6.1398559,-3.7294569,-68.327774,-82.177444
2203000000,-6.098115,-3.8676825,-68.612167,-82.686386
2204000000,-6.0952406,-4.0121469,-69.276062,-83.238426
2205000000,-6.1004777,-4.1694622,-69.608887,-83.431953
2206000000,-6.1217771,-4.3536806,-70.049019,-83.440018
2207000000,-6.1803999,-4.4825749,-70.600761,-83.112686
2208000000,-6.2069263,-4.5845242,-71.081146,-82.831337
2209000000,-6.2657709,-4.7231679,-71.238029,-82.200981
2210000000,-6.3175106,-4.7519155,-71.460663,-81.501022
2211000000,-6.4129362,-4.7804241,-71.589668,-80.545616
2212000000,-6.4707136,-4.7929487,-71.355263,-79.83049
2213000000,-6.5298567,-4.7389669,-71.394539,-79.060387
2214000000,-6.5548773,-4.686882,-71.055458,-78.24099
2215000000,-6.5359111,-4.6171355,-70.906601,-77.553986
2216000000,-6.5475497,-4.454524,-70.679733,-77.20047
2217000000,-6.4857512,-4.3355317,-70.568871,-76.70237
2218000000,-6.4433823,-4.1581807,-70.551476,-76.587944
2219000000,-6.380981,-3.9897873,-70.642555,-76.393295
2220000000,-6.3340378,-3.813683,-71.023125,-76.648605
2221000000,-6.2728486,-3.6216452,-71.489227,-76.933548
2222000000,-6.2448311,-3.4527938,-72.067276,-77.460068
2223000000,-6.2594056,-3.2772288,-72.567848,-78.418633
2224000000,-6.279295,-3.1173866,-73.262428,-79.414177
2225000000,-6.3182964,-3.000361,-73.948853,-80.592995
2226000000,-6.3781819,-2.8895056,-74.332695,-81.794655
2227000000,-6.4393034,-2.8398139,-74.732826,-83.379234
2228000000,-6.5239439,-2.8178661,-74.947609,-84.623169
2229000000,-6.5850625,-2.8147416,-74.927002,-86.159904
2230000000,-6.6537285,-2.8382549,-74.858131,-87.520966
2231000000,-6.6734757,-2.9143867,-74.741158,-88.864967
2232000000,-6.6803155,-2.9993775,-74.653885,-90.069443
2233000000,-6.701663,-3.1100349,-74.575218,-90.939972
2234000000,-6.6723642,-3.2183418,-74.336449,-91.775742
2235000000,-6.6415014,-3.3913312,-74.227562,-92.384857
2236000000,-6.6080017,-3.5314593,-74.454948,-92.959282
2237000000,-6.5827994,-3.6734254,-74.815407,-93.132805
2238000000,-6.5345163,-3.8212399,-75.093544,-93.343124
2239000000,-6.5133843,-4.0024405,-75.455505,-93.255112
2240000000,-6.4876628,-4.0913868,-75.962807,-92.76754
2241000000,-6.5114398,-4.2186899,-76.60881,-92.331894
2242000000,-6.553164,-4.2782469,-77.223999,-91.640755
2243000000,-6.5709352,-4.3257632,-77.761093,-90.776352
2244000000,-6.6618876,-4.3536601,-78.36853,-90.001587
2245000000,-6.7317271,-4.3395982,-78.568993,-89.191986
2246000000,-6.7775898,-4.2672791,-79.006386,-88.223282
2247000000,-6.8650994,-4.1826634,-79.140388,-87.599182
2248000000,-6.9402704,-4.0559511,-78.987099,-86.897392
2249000000,-6.9992032,-3.9006681,-78.76001,-86.515373
2250000000,-7.041379,-3.7806675,-78.690781,-86.295738
2251000000,-7.0740795,-3.586632,-78.275017,-86.302124
2252000000,-7.0647922,-3.4137516,-78.116211,-86.409012
2253000000,-7.0389476,-3.2655389,-78.02829,-86.899559
2254000000,-7.0061908,-3.0736284,-78.09819,-87.284363
2255000000,-6.92941,-2.9169838,-78.241798,-88.153519
2256000000,-6.8886056,-2.7833617,-78.484322,-88.912193
2257000000,-6.8597064,-2.6312804,-78.819527,-89.999756
2258000000,-6.8330331,-2.5289772,-79.595757,-91.257927
2259000000,-6.8494005,-2.4590144,-80.301552,-92.712921
2260000000,-6.8950696,-2.4155164,-80.973228,-94.100853
2261000000,-6.9464769,-2.3981359,-81.56311,-95.492165
2262000000,-7.0257297,-2.4204528,-82.193878,-96.807655
2263000000,-7.1200523,-2.4764421,-82.290665,-98.050323
2264000000,-7.2202458,-2.5750859,-82.51181,-99.392654
2265000000,-7.3063779,-2.6935117,-82.312828,-100.23936
2266000000,-7.3499646,-2.7962427,-82.073685,-101.20662
2267000000,-7.4309816,-2.9495814,-81.760582,-101.9329
2268000000,-7.4282155,-3.0624998,-81.438766,-102.46578
2269000000,-7.4087095,-3.2155459,-81.130386,-102.80479
2270000000,-7.3582983,-3.3702722,-80.96611,-103.08751
2271000000,-7.3250055,-3.5308936,-80.877419,-103.08051
2272000000,-7.2738714,-3.6618061,-81.03569,-102.86404
2273000000,-7.1997361,-3.78246,-81.345459,-102.48383
2274000000,-7.1377993,-3.8805084,-81.670029,-101.94582
2275000000,-7.1010952,-3.9704943,-82.447266,-101.26047
2276000000,-7.1001406,-4.0229125,-83.217239,-100.49361
2277000000,-7.0820603,-4.0235066,-83.588654,-99.426163
2278000000,-7.104156,-4.0213785,-84.646523,-98.720383
2279000000,-7.1585469,-3.9640598,-85.311615,-97.826241
2280000000,-7.2189007,-3.8669004,-86.017937,-97.092804
2281000000,-7.3446903,-3.7540805,-86.558769,-96.512314
2282000000,-7.4252553,-3.5860195,-86.8992,-96.102753
2283000000,-7.5584798,-3.4307981,-87.308792,-95.700325
2284000000,-7.6537828,-3.258353,-87.486359,-95.957253
2285000000,-7.7704587,-3.0923872,-87.319458,-95.876236
2286000000,-7.8150382,-2.8951023,-86.943504,-96.44651
2287000000,-7.891511,-2.7352743,-86.697037,-96.96624
2288000000,-7.9085965,-2.5704415,-86.291222,-97.887199
2289000000,-7.8962126,-2.4402823,-86.005379,-98.68261
2290000000,-7.8662043,-2.3303361,-85.831985,-99.663651
2291000000,-7.8260117,-2.2389245,-85.941719,-101.03264
2292000000,-7.7602162,-2.1906707,-85.860306,-102.13388
2293000000,-7.7164478,-2.1267815,-86.298195,-103.53446
2294000000,-7.6415639,-2.1463566,-86.889091,-104.75793
2295000000,-7.6600885,-2.1431446,-87.533127,-106.14663
2296000000,-7.7049093,-2.2279005,-88.461304,-107.60431
2297000000,-7.7639418,-2.2935352,-89.19062,-108.60921
2298000000,-7.8467774,-2.4200714,-89.757408,-109.51514
2299000000,-7.9533429,-2.5591731,-90.101448,-110.4082
2300000000,-8.0712662,-2.6865222,-90.283218,-110.93179
2301000000,-8.1903648,-2.8236487,-90.079079,-111.4813
2302000000,-8.2848139,-2.9797614,-89.690063,-111.77707
2303000000,-8.337491,-3.1320279,-89.328156,-111.71848
2304000000,-8.3722754,-3.2530587,-89.00782,-111.76837
2305000000,-8.3653049,-3.3539546,-88.610222,-111.50584
2306000000,-8.3456841,-3.4552698,-88.233406,-111.11798
2307000000,-8.2769279,-3.5678287,-88.017151,-110.63021
2308000000,-8.1859589,-3.6251512,-87.966896,-110.07003
2309000000,-8.1343794,-3.6532252,-88.161438,-109.38589
2310000000,-8.0488968,-3.6714077,-88.510841,-108.77583
2311000000,-7.9662299,-3.650352,-89.19635,-107.69289
2312000000,-7.9447746,-3.6481819,-90.136314,-106.84546
2313000000,-7.9410048,-3.5483308,-90.826134,-106.25082
2314000000,-7.9725246,-3.4282136,-91.781609,-105.48484
2315000000,-7.9857612,-3.2733829,-92.779892,-105.12246
2316000000,-8.0693359,-3.1043458,-93.914299,-104.87457
2317000000,-8.2007666,-2.9674671,-94.571404,-104.76646
2318000000,-8.336319,-2.7690175,-94.845413,-104.84096
2319000000,-8.4390907,-2.6076119,-95.299759,-105.42966
2320000000,-8.6178617,-2.4373271,-95.506332,-106.13411
2321000000,-8.7423019,-2.2957692,-95.29258,-106.97576
2322000000,-8.8644142,-2.1711991,-95.148376,-107.79408
2323000000,-8.9274521,-2.087558,-94.413887,-108.80385
2324000000,-9.0066996,-2.0061445,-94.080643,-109.94877
2325000000,-9.009819,-1.9203734,-93.724174,-111.16994
2326000000,-9.0061045,-1.9036733,-93.132149,-112.19549
2327000000,-8.9682674,-1.8963169,-93.05864,-113.59961
2328000000,-8.8952065,-1.897843,-93.011482,-114.70407
2329000000,-8.8793802,-1.9880455,-93.204277,-115.85382
2330000000,-8.8223524,-2.0136845,-93.66021,-116.9173
2331000000,-8.7684469,-2.11882,-94.343666,-117.72762
2332000000,-8.7663136,-2.2244544,-95.041397,-118.66827
2333000000,-8.8043175,-2.3360791,-95.910309,-119.54677
2334000000,-8.8970203,-2.4903955,-96.531593,-120.02623
2335000000,-8.9887667,-2.659302,-97.1203,-120.1758
2336000000,-9.0797215,-2.7598262,-97.854424,-120.35107
2337000000,-9.2468405,-2.8760042,-97.97496,-120.29279
2338000000,-9.3777056,-3.0120826,-97.842339,-120.15587
2339000000,-9.4984083,-3.0912783,-97.685379,-119.5491
2340000000,-9.5964088,-3.1716585,-97.407028,-119.22911
2341000000,-9.6937733,-3.2010109,-96.917259,-118.75202
2342000000,-9.7148619,-3.2165506,-96.171364,-118.13084
2343000000,-9.6982317,-3.2403471,-95.45163,-117.76608
2344000000,-9.6222363,-3.2212021,-95.173889,-116.98444
2345000000,-9.5824642,-3.1858768,-95.010567,-116.35716
2346000000,-9.4630117,-3.1232975,-95.175133,-115.95325
2347000000,-9.3927031,-3.0364709,-95.446083,-115.52718
2348000000,-9.3224125,-2.9332838,-96.059311,-114.91852
2349000000,-9.2625589,-2.799732,-96.962219,-114.79648
2350000000,-9.2773809,-2.6562302,-98.029228,-114.6682
2351000000,-9.2956257,-2.551549,-98.938309,-114.81761
2352000000,-9.3683214,-2.3614705,-99.986229,-115.01323
2353000000,-9.4646654,-2.2338586,-101.01685,-115.63451
2354000000,-9.6295452,-2.0796986,-101.66315,-116.22925
2355000000,-9.833848,-1.9842674,-102.02095,-116.92323
2356000000,-9.9857588,-1.8784544,-102.53521,-118.03326
2357000000,-10.144066,-1.7958016,-102.07417,-118.88992
2358000000,-10.288975,-1.7681231,-102.00018,-120.05634
2359000000,-10.384787,-1.7002009,-101.41618,-121.12092
2360000000,-10.502961,-1.7188084,-100.62876,-122.1143
2361000000,-10.522585,-1.7135651,-100.16673,-123.17308
2362000000,-10.4831,-1.7658443,-99.729317,-124.31771
2363000000,-10.479479,-1.813504,-99.449356,-125.06179
2364000000,-10.450541,-1.8791968,-99.040558,-126.12865
2365000000,-10.369414,-1.9424911,-99.329697,-126.67728
2366000000,-10.331938,-2.0646126,-99.690742,-127.32643
2367000000,-10.251502,-2.1475718,-99.93428,-128.00111
2368000000,-10.219536,-2.260849,-100.75494,-128.36362
2369000000,-10.236992,-2.3650348,-101.61883,-128.62248
2370000000,-10.301336,-2.4939845,-102.63254,-128.82602
2371000000,-10.38929,-2.5768509,-103.4837,-128.61189
2372000000,-10.49222,-2.6794405,-104.22875,-128.44449
2373000000,-10.653794,-2.7828002,-104.70116,-127.97839
2374000000,-10.791775,-2.8201425,-105.22614,-127.68025
2375000000,-10.989108,-2.8288395,-105.09712,-127.27773
2376000000,-11.1533,-2.8288016,-105.03864,-126.62313
2377000000,-11.308071,-2.8503315,-104.83916,-126.18679
2378000000,-11.38754,-2.804729,-104.11687,-125.94512
2379000000,-11.470152,-2.7395401,-103.46854,-125.53055
2380000000,-11.528639,-2.6770289,-102.85367,-125.36374
2381000000,-11.484046,-2.616719,-102.25019,-125.1571
2382000000,-11.518552,-2.5196266,-101.96646,-124.94314
2383000000,-11.431042,-2.4055715,-101.60987,-124.68536
2384000000,-11.399863,-2.3370798,-102.05013,-124.94584
2385000000,-11.321961,-2.20806,-101.9533,-125.17044
2386000000,-11.260679,-2.0991228,-102.70068,-125.43167
2387000000,-11.25655,-1.9998307,-103.24797,-125.89371
2388000000,-11.296498,-1.8793931,-104.43428,-126.69945
2389000000,-11.329355,-1.8244764,-105.38524,-127.19035
2390000000,-11.452047,-1.7597631,-106.06339,-127.98197
2391000000,-11.610463,-1.686206,-106.66035,-129.05754
2392000000,-11.79447,-1.6589928,-106.99061,-129.93413
2393000000,-11.941926,-1.6567116,-107.02195,-130.91042
2394000000,-12.108505,-1.6383187,-106.77381,-131.71452
2395000000,-12.212248,-1.669807,-106.33837,-132.58324
2396000000,-12.350539,-1.709782,-105.57214,-133.32695
2397000000,-12.423615,-1.7658701,-105.23063,-134.15903
2398000000,-12.443723,-1.8011477,-104.86162,-134.7213
2399000000,-12.410145,-1.8738518,-104.09351,-135.3952
2400000000,-12.336404,-1.9440175,-104.12743,-135.80322
2401000000,-12.297987,-2.0450599,-104.0463,-136.26305
2402000000,-12.269212,-2.148906,-104.10375,-136.73441
2403000000,-12.186806,-2.2530725,-104.68113,-136.77455
2404000000,-12.188308,-2.2902579,-105.27787,-136.96446
2405000000,-12.17885,-2.3906934,-106.15704,-136.76074
2406000000,-12.264056,-2.4600687,-107.04485,-136.7699
2407000000,-12.293921,-2.5060549,-108.13122,-136.45734
2408000000,-12.433954,-2.5354342,-108.81384,-136.22984
2409000000,-12.608976,-2.5603955,-109.72685,-135.93372
2410000000,-12.810692,-2.562485,-110.30318,-135.39926
2411000000,-12.993005,-2.5369401,-110.23865,-135.09894
2412000000,-13.213799,-2.5086679,-110.47357,-134.66837
2413000000,-13.383435,-2.4491127,-109.87818,-134.61136
2414000000,-13.545342,-2.3838587,-109.53057,-134.3364
2415000000,-13.650071,-2.3495901,-109.1269,-134.57466
2416000000,-13.74973,-2.2489967,-108.30767,-134.52225
2417000000,-13.848574,-2.1608109,-107.26798,-134.65033
2418000000,-13.885256,-2.0987241,-106.26003,-134.67749
2419000000,-13.841978,-2.025296,-106.12733,-135.04662
2420000000,-13.863099,-1.9734224,-105.71512,-135.27834
2421000000,-13.838898,-1.8737413,-105.42699,-135.71338
2422000000,-13.700682,-1.7846011,-105.55479,-136.23865
2423000000,-13.700477,-1.7183404,-106.10158,-136.77095
2424000000,-13.72423,-1.6763004,-106.50107,-137.48094
2425000000,-13.726104,-1.6379592,-106.99183,-138.0853
2426000000,-13.850493,-1.592103,-107.88363,-138.85362
2427000000,-13.870082,-1.5762942,-108.39044,-139.63835
2428000000,-14.011109,-1.5872238,-108.7696,-140.39273
2429000000,-14.205983,-1.5932474,-109.42646,-141.1646
2430000000,-14.361102,-1.6276215,-108.99042,-141.87459
2431000000,-14.489809,-1.6803985,-108.78016,-142.35324
2432000000,-14.641146,-1.7213074,-108.49477,-142.94849
2433000000,-14.738152,-1.7737491,-108.07792,-143.39645
2434000000,-14.826523,-1.8224292,-107.04649,-143.99226
2435000000,-14.892153,-1.909577,-106.67204,-144.31512
2436000000,-14.873425,-1.9653709,-106.43861,-144.61139
2437000000,-14.842216,-2.0471661,-106.07932,-144.78493
2438000000,-14.828451,-2.0533285,-105.68639,-145.0963
2439000000,-14.848665,-2.1484563,-105.94196,-145.12169
2440000000,-14.776372,-2.2050431,-106.54411,-145.09554
2441000000,-14.813642,-2.2396019,-106.65292,-144.95351
2442000000,-14.812762,-2.2694943,-107.88371,-144.72549
2443000000,-14.900145,-2.3103757,-108.60382,-144.72041
2444000000,-15.006831,-2.2920337,-109.25517,-144.20493
2445000000,-15.212598,-2.3006921,-109.53995,-143.98375
2446000000,-15.331386,-2.256295,-110.2822,-143.92101
2447000000,-15.550946,-2.2490928,-110.63522,-143.94995
2448000000,-15.726501,-2.1988838,-110.6664,-143.70572
2449000000,-15.982746,-2.1214566,-110.12447,-143.65144
2450000000,-16.175817,-2.0618718,-109.46842,-143.70465
2451000000,-16.339706,-2.028677,-108.99775,-143.8429
2452000000,-16.463558,-1.9484032,-108.07624,-144.0193
2453000000,-16.592539,-1.8860482,-107.03575,-144.13155
2454000000,-16.679821,-1.8337889,-106.39531,-144.58641
2455000000,-16.632971,-1.77544,-105.60059,-144.90657
2456000000,-16.706619,-1.7386618,-104.71033,-145.21303
2457000000,-16.677525,-1.6848533,-104.07406,-145.8125
2458000000,-16.656898,-1.6429865,-103.70496,-146.25293
2459000000,-16.676306,-1.6271256,-103.77332,-146.93791
2460000000,-16.656504,-1.5602069,-104.02428,-147.39018
2461000000,-16.647989,-1.5241405,-104.1975,-148.04591
2462000000,-16.706375,-1.5351502,-104.6651,-148.65584
2463000000,-16.773348,-1.5565599,-104.81887,-149.40244
2464000000,-16.941532,-1.5791304,-105.03396,-149.92805
2465000000,-17.082615,-1.5993198,-105.24187,-150.63867
2466000000,-17.221012,-1.6202177,-105.74593,-151.09467
2467000000,-17.418577,-1.6724334,-105.37145,-151.59718
2468000000,-17.5665,-1.7184935,-105.06441,-151.8817
2469000000,-17.72393,-1.7509731,-104.47787,-152.41635
2470000000,-17.827955,-1.7895627,-104.00556,-152.57738
2471000000,-17.914391,-1.8543701,-102.99095,-153.04591
2472000000,-17.982796,-1.9104296,-102.17411,-153.30612
2473000000,-18.05125,-1.9234849,-101.29173,-153.4041
2474000000,-18.040415,-2.0062702,-101.02502,-153.43034
2475000000,-18.133234,-2.0229368,-99.974869,-153.3882
2476000000,-18.09041,-2.0587358,-100.02697,-153.35364
2477000000,-18.107985,-2.1061704,-99.928345,-153.43802
2478000000,-18.125792,-2.1115873,-99.925514,-153.31006
2479000000,-18.236807,-2.1301403,-100.35373,-153.13635
2480000000,-18.332102,-2.1152661,-100.58297,-153.20709
2481000000,-18.388214,-2.1019299,-100.58434,-153.12628
2482000000,-18.50606,-2.0568891,-100.27013,-152.81569
2483000000,-18.737967,-2.0550396,-100.51641,-152.89232
2484000000,-18.940681,-1.9879929,-100.04549,-152.77292
2485000000,-19.010265,-1.93223,-99.748642,-152.84685
2486000000,-19.241669,-1.9008399,-98.840652,-152.91586
2487000000,-19.37816,-1.8463515,-98.140381,-153.23262
2488000000,-19.513355,-1.7993287,-97.11821,-153.47749
2489000000,-19.582651,-1.7500149,-96.282585,-153.81375
2490000000,-19.682831,-1.7309438,-94.518639,-154.03148
2491000000,-19.801802,-1.6683211,-93.556915,-154.53735
2492000000,-19.732111,-1.608565,-92.568398,-154.79036
2493000000,-19.793676,-1.5707222,-91.948845,-155.27689
2494000000,-19.839411,-1.5529493,-90.989769,-155.94965
2495000000,-19.711454,-1.5213823,-90.520561,-156.41406
2496000000,-19.747379,-1.5297588,-89.771385,-156.9321
2497000000,-19.752119,-1.5000778,-89.936897,-157.5985
2498000000,-19.86334,-1.4777097,-89.344307,-158.14906
2499000000,-19.919336,-1.5176073,-89.317917,-158.76067
2500000000,-19.939882,-1.5441502,-89.353912,-159.3942
2501000000,-20.197855,-1.5832163,-89.18029,-159.78273
2502000000,-20.280264,-1.6120969,-88.589096,-160.30292
2503000000,-20.437622,-1.6605554,-88.219917,-160.64368
2504000000,-20.504782,-1.7059315,-87.47747,-161.2104
2505000000,-20.688667,-1.759993,-86.174828,-161.42828
2506000000,-20.761494,-1.7929745,-85.404572,-161.7812
2507000000,-20.870007,-1.8540938,-83.831696,-161.83301
2508000000,-20.87101,-1.8979912,-82.798866,-161.94827
2509000000,-20.9774,-1.9379183,-81.368362,-162.08287
2510000000,-21.051781,-1.9788767,-79.416092,-161.92427
2511000000,-21.012396,-2.0167134,-78.609207,-162.06273
2512000000,-20.848494,-2.0387774,-77.969543,-162.03062
2513000000,-20.893709,-2.0601823,-76.728485,-161.85573
2514000000,-20.845739,-2.0638912,-76.179871,-162.00653
2515000000,-20.795555,-2.044378,-75.946983,-161.82106
2516000000,-20.813126,-2.0507479,-75.37162,-161.82428
2517000000,-20.796318,-2.0158994,-75.094765,-161.56822
2518000000,-20.763422,-1.9642242,-74.365173,-161.52495
2519000000,-20.87653,-1.956551,-74.155098,-161.44571
2520000000,-20.906137,-1.9234381,-73.606323,-161.75203
2521000000,-20.978176,-1.8760786,-72.649551,-161.74373
2522000000,-21.094082,-1.8172059,-72.364655,-161.94391
2523000000,-21.145145,-1.764621,-71.049133,-162.24426
2524000000,-21.1984,-1.7081265,-70.068039,-162.56355
2525000000,-21.175541,-1.6671973,-69.030518,-162.87845
2526000000,-21.191999,-1.6131035,-67.978203,-163.21304
2527000000,-21.208694,-1.5595185,-66.484695,-163.67358
2528000000,-21.104122,-1.5425997,-65.415176,-164.12872
2529000000,-21.15423,-1.5226541,-64.64315,-164.70235
2530000000,-21.002874,-1.5178261,-64.017593,-165.35675
2531000000,-20.967829,-1.4846944,-63.152702,-165.91277
2532000000,-20.874193,-1.4975662,-62.674942,-166.5535
2533000000,-20.801956,-1.5093644,-62.191525,-167.01381
2534000000,-20.655909,-1.5357012,-61.300766,-167.63441
2535000000,-20.751589,-1.5764737,-61.703896,-168.3221
2536000000,-20.760756,-1.6371211,-61.070156,-168.77029
2537000000,-20.775423,-1.6650575,-60.519703,-169.2206
2538000000,-20.820892,-1.7142161,-59.628227,-169.34377
2539000000,-20.747663,-1.7573798,-59.814384,-169.93338
2540000000,-20.869972,-1.8513983,-58.589741,-169.97694
2541000000,-20.87615,-1.8989147,-57.219608,-170.13629
2542000000,-20.877626,-1.9366525,-56.617435,-170.45711
2543000000,-20.829933,-1.9809271,-55.19453,-170.45004
2544000000,-20.891422,-2.0462236,-54.135555,-170.47473
2545000000,-20.770714,-2.0592487,-52.626137,-170.35707
2546000000,-20.654169,-2.1048827,-51.333588,-170.18141
2547000000,-20.574915,-2.1196296,-50.31802,-170.18925
2548000000,-20.426586,-2.1446943,-49.548328,-170.06496
2549000000,-20.269403,-2.121314,-48.971554,-169.95746
2550000000,-20.069674,-2.0914509,-48.408028,-169.58649
2551000000,-20.001696,-2.0952859,-47.89991,-169.68295
2552000000,-19.784121,-2.0805666,-47.291023,-169.4106
2553000000,-19.689341,-2.0146933,-47.796341,-169.32805
2554000000,-19.664095,-1.9777302,-47.254269,-169.55598
2555000000,-19.615442,-1.9091746,-47.755917,-169.54285
2556000000,-19.525942,-1.8588421,-47.51939,-169.68315
2557000000,-19.534081,-1.7898799,-47.334351,-169.84087
2558000000,-19.550209,-1.7253755,-46.730183,-170.24075
2559000000,-19.468788,-1.6770544,-46.558632,-170.54175
2560000000,-19.472223,-1.6136965,-46.032619,-171.10913
2561000000,-19.447033,-1.5789045,-45.385857,-171.51122
2562000000,-19.401606,-1.536341,-44.43845,-172.24495
2563000000,-19.303331,-1.4951127,-43.593719,-172.85953
2564000000,-19.236546,-1.4967052,-42.76313,-173.29384
2565000000,-19.154099,-1.520548,-42.21706,-173.95767
2566000000,-19.031179,-1.5131558,-42.133949,-174.69513
2567000000,-18.833139,-1.5303841,-42.135307,-175.35609
2568000000,-18.712776,-1.5868145,-41.64101,-176.16246
2569000000,-18.571651,-1.623578,-41.789661,-176.59885
2570000000,-18.50465,-1.6401427,-41.704498,-177.13983
2571000000,-18.443655,-1.7459762,-42.022854,-177.47253
2572000000,-18.458006,-1.8301737,-42.326744,-177.85448
2573000000,-18.377886,-1.8936238,-42.209881,-178.16289
2574000000,-18.38938,-1.9550775,-42.280067,-178.26183
2575000000,-18.502998,-2.0354533,-42.079651,-178.42509
2576000000,-18.469091,-2.0812314,-41.899986,-178.36768
2577000000,-18.526026,-2.1637776,-41.222507,-178.24701
2578000000,-18.454651,-2.1687703,-40.477024,-178.15265
2579000000,-18.526005,-2.231076,-39.478722,-178.02333
2580000000,-18.443336,-2.2589114,-38.498379,-177.75505
2581000000,-18.356936,-2.2742803,-37.748081,-177.5932
2582000000,-18.223446,-2.2819667,-36.822136,-177.44099
2583000000,-18.12771,-2.2449958,-36.12336,-177.11252
2584000000,-17.950409,-2.2291169,-35.53371,-176.98622
2585000000,-17.765829,-2.203727,-34.984035,-176.8705
2586000000,-17.589453,-2.1799865,-34.919056,-176.50069
2587000000,-17.368631,-2.1248391,-34.770214,-176.33849
2588000000,-17.26737,-2.0662055,-34.883163,-176.62585
2589000000,-17.147604,-1.9882606,-35.4506,-176.64049
2590000000,-17.056074,-1.8952137,-35.882992,-176.76427
2591000000,-16.993385,-1.833846,-36.348808,-176.86665
2592000000,-16.902479,-1.765572,-37.237232,-177.0175
2593000000,-16.954397,-1.6852034,-37.091805,-177.61357
2594000000,-16.919683,-1.6362497,-37.64465,-178.29446
2595000000,-16.979376,-1.5952386,-37.331211,-178.82693
2596000000,-16.925541,-1.5216836,-37.289341,-179.57475
2597000000,-16.958673,-1.4798785,-36.935143,179.63878
2598000000,-16.883829,-1.4941502,-36.565399,179.07686
2599000000,-16.87529,-1.4828182,-36.142567,178.35384
2600000000,-16.808332,-1.5078747,-35.583641,177.69746
2601000000,-16.730022,-1.5383407,-35.127117,176.83159
2602000000,-16.648182,-1.6271573,-34.797401,176.3011
2603000000,-16.470924,-1.6310364,-34.507832,175.61877
2604000000,-16.351696,-1.7091148,-34.886864,174.98866
2605000000,-16.190474,-1.8126445,-34.581963,174.60089
2606000000,-16.105892,-1.9098691,-35.147026,174.45686
2607000000,-16.029928,-1.9795063,-35.669495,174.06355
2608000000,-15.947269,-2.0950279,-36.002815,174.0403
2609000000,-15.932591,-2.1627963,-36.925404,174.14572
2610000000,-15.910993,-2.2531421,-37.123695,174.28638
2611000000,-15.982087,-2.3037009,-37.531353,174.5099
2612000000,-15.999301,-2.3588779,-37.576431,174.58774
2613000000,-16.099415,-2.3874714,-37.303722,174.77052
2614000000,-16.090286,-2.4032283,-37.178059,175.28085
2615000000,-16.110617,-2.3836529,-36.807793,175.75648
2616000000,-16.120001,-2.3803973,-35.833939,176.01123
2617000000,-16.06926,-2.362524,-35.377426,176.37408
2618000000,-16.0186,-2.3307917,-34.903683,176.70415
2619000000,-15.914412,-2.2610068,-34.071732,176.84326
2620000000,-15.778625,-2.1811388,-33.704632,177.06819
2621000000,-15.624772,-2.1247079,-33.083263,176.90355
2622000000,-15.454082,-2.02492,-33.096779,177.07724
2623000000,-15.322689,-1.9518613,-33.168694,176.68599
2624000000,-15.208988,-1.8612161,-33.449043,176.69958
2625000000,-15.032568,-1.7512038,-33.839146,176.2688
2626000000,-14.944633,-1.6831268,-34.662735,175.93134
2627000000,-14.877333,-1.5975319,-35.290447,175.27161
2628000000,-14.857791,-1.5013914,-35.774563,174.52945
2629000000,-14.882592,-1.4864178,-36.681789,173.66766
2630000000,-14.875182,-1.4838164,-37.283768,173.04709
2631000000,-14.935634,-1.4379627,-37.249069,172.25134
2632000000,-14.985994,-1.4307681,-37.229603,171.37447
2633000000,-15.02951,-1.4557408,-37.069782,170.49297
2634000000,-15.080974,-1.5277638,-36.80196,169.68953
2635000000,-15.032581,-1.542828,-36.118809,168.92969
2636000000,-15.005955,-1.6231875,-35.742973,168.32776
2637000000,-14.955585,-1.6922743,-35.132217,167.71954
2638000000,-14.859459,-1.7718022,-34.642849,167.27849
2639000000,-14.75494,-1.8999429,-34.455677,166.71323
2640000000,-14.604912,-1.9569937,-34.306034,166.46768
2641000000,-14.484734,-2.0745471,-34.532654,166.26201
2642000000,-14.340837,-2.1579559,-34.732544,166.2664
2643000000,-14.236422,-2.2659416,-34.927437,166.4491
2644000000,-14.162222,-2.3561282,-35.501297,166.54088
2645000000,-14.09793,-2.4336286,-36.154297,166.96809
2646000000,-14.085546,-2.4689043,-36.842121,167.18948
2647000000,-14.017286,-2.4968796,-37.372211,167.67482
2648000000,-14.067484,-2.4934976,-37.985214,168.23604
2649000000,-14.049488,-2.5217638,-38.163822,168.64862
2650000000,-14.136486,-2.4927056,-38.296429,169.09682
2651000000,-14.195793,-2.4214132,-38.312962,169.51772
2652000000,-14.168722,-2.3411746,-38.359711,169.65706
2653000000,-14.216598,-2.2766151,-37.808285,169.91687
2654000000,-14.211629,-2.1811426,-37.580036,170.11871
2655000000,-14.191209,-2.1130929,-36.983871,169.98213
2656000000,-14.119285,-1.9951401,-36.656036,169.88719
2657000000,-14.037778,-1.8952917,-36.321228,169.76419
2658000000,-13.901933,-1.8160566,-36.183052,169.43527
2659000000,-13.771479,-1.7538412,-36.201073,168.95248
2660000000,-13.674263,-1.650903,-36.425282,168.23558
2661000000,-13.554702,-1.5565116,-37.053371,167.7885
2662000000,-13.496705,-1.4894607,-37.306004,166.87245
2663000000,-13.427772,-1.4774027,-38.190998,165.97278
2664000000,-13.412062,-1.4511962,-38.938885,165.06351
2665000000,-13.453321,-1.4493011,-39.353466,164.18709
2666000000,-13.451612,-1.4690083,-40.055084,163.22672
2667000000,-13.499164,-1.5160842,-40.18174,162.40619
2668000000,-13.577561,-1.5710137,-40.20319,161.52499
2669000000,-13.705567,-1.6814542,-40.238491,160.62729
2670000000,-13.712866,-1.7507102,-39.766357,160.12405
2671000000,-13.714158,-1.8304518,-39.334,159.6828
2672000000,-13.704007,-1.9491167,-38.789063,159.23207
2673000000,-13.615152,-2.0588763,-38.163601,158.97821
2674000000,-13.581944,-2.156765,-37.502975,158.86252
2675000000,-13.461753,-2.247282,-37.182289,158.74875
2676000000,-13.360798,-2.3657026,-36.975594,158.79311
2677000000,-13.177982,-2.4599898,-37.03072,159.07188
2678000000,-13.065181,-2.556097,-36.843948,159.48535
2679000000,-12.943056,-2.5816915,-37.216408,159.87759
2680000000,-12.827615,-2.6558316,-37.866489,160.1647
2681000000,-12.71363,-2.6764584,-38.518661,160.87949
2682000000,-12.658623,-2.6555469,-39.256744,161.28981
2683000000,-12.629701,-2.6681812,-39.867744,161.91919
2684000000,-12.593886,-2.6063375,-40.379005,162.36902
2685000000,-12.610418,-2.5566096,-41.170471,162.77592
2686000000,-12.610367,-2.4854984,-41.847576,163.2478
2687000000,-12.689861,-2.3726661,-42.201717,163.515
2688000000,-12.761898,-2.2692263,-42.322773,163.39948
2689000000,-12.763548,-2.1612377,-42.378548,163.24872
2690000000,-12.82795,-2.064584,-42.071667,163.18059
2691000000,-12.81557,-1.9582191,-42.062851,162.52881
2692000000,-12.843763,-1.8443967,-41.750893,162.28369
2693000000,-12.7785,-1.7709479,-41.437515,161.50343
2694000000,-12.722877,-1.6894342,-41.208553,161.02933
2695000000,-12.656817,-1.6319325,-40.972435,160.03897
2696000000,-12.607199,-1.6015781,-41.150402,159.25029
2697000000,-12.473014,-1.5583557,-41.286667,158.32817
2698000000,-12.40291,-1.5622005,-41.94817,157.30147
2699000000,-12.403394,-1.6002649,-42.308144,156.28154
2700000000,-12.335195,-1.6209302,-42.925861,155.40627
2701000000,-12.317336,-1.6986884,-43.30444,154.73621
2702000000,-12.354161,-1.7922462,-43.721127,153.79561
2703000000,-12.451877,-1.8725874,-44.281113,153.16257
2704000000,-12.475343,-2.0263989,-44.171398,152.65459
2705000000,-12.506973,-2.0936031,-44.093895,152.2636
2706000000,-12.581235,-2.225194,-43.94788,151.96976
2707000000,-12.577232,-2.3463423,-43.385204,152.04364
2708000000,-12.602243,-2.4493291,-43.121132,151.98912
2709000000,-12.558927,-2.5561249,-42.476521,152.03653
2710000000,-12.483928,-2.6256971,-42.116516,152.34882
2711000000,-12.415949,-2.7115335,-41.523094,152.758
2712000000,-12.296715,-2.7562392,-41.561047,153.237
2713000000,-12.151686,-2.8032691,-41.25663,153.76967
2714000000,-12.062859,-2.8658061,-41.659042,154.27924
2715000000,-11.931738,-2.8530946,-42.108852,154.92648
2716000000,-11.808099,-2.804034,-42.182991,155.36533
2717000000,-11.709208,-2.7872832,-42.993755,156.02367
2718000000,-11.639791,-2.7024691,-43.533691,156.55574
2719000000,-11.550241,-2.6189995,-44.34388,156.85564
2720000000,-11.573259,-2.5720828,-45.263123,157.33131
2721000000,-11.575047,-2.4075227,-45.655495,157.3923
2722000000,-11.644672,-2.2947805,-46.386101,157.22983
2723000000,-11.64398,-2.1873751,-46.878429,157.04572
2724000000,-11.677874,-2.0697207,-47.479099,156.77376
2725000000,-11.748248,-1.9658238,-47.608971,156.23341
2726000000,-11.813521,-1.8654538,-47.736622,155.56508
2727000000,-11.859223,-1.8116829,-47.283913,154.85849
2728000000,-11.875338,-1.7318481,-47.36911,153.85136
2729000000,-11.89505,-1.7054007,-46.890125,153.03178
2730000000,-11.824266,-1.6473324,-46.361973,152.38921
2731000000,-11.797235,-1.6627429,-46.507965,151.11958
2732000000,-11.722425,-1.6620898,-46.499405,150.06068
2733000000,-11.659498,-1.6954924,-46.564026,149.20879
2734000000,-11.582904,-1.7522388,-46.514515,148.50183
2735000000,-11.518005,-1.8395121,-47.053383,147.54463
2736000000,-11.456022,-1.9413841,-47.51981,147.0061
2737000000,-11.458599,-2.0731256,-47.870426,146.47383
2738000000,-11.439243,-2.1770403,-48.49144,146.10709
2739000000,-11.458582,-2.2993689,-48.908989,145.87151
2740000000,-11.486065,-2.4195082,-49.364712,145.70909
2741000000,-11.541782,-2.5490026,-49.337376,145.68706
2742000000,-11.560193,-2.6244185,-49.387856,146.10948
2743000000,-11.652739,-2.6997297,-49.24514,146.44443
2744000000,-11.621679,-2.7987008,-48.989159,146.79948
2745000000,-11.651866,-2.8496337,-48.472904,147.34554
2746000000,-11.584482,-2.8995485,-48.210686,147.84579
2747000000,-11.56228,-2.9260137,-47.669147,148.2598
2748000000,-11.480172,-2.9075871,-47.558632,148.89119
2749000000,-11.417985,-2.8682146,-47.722454,149.69501
2750000000,-11.272688,-2.8023586,-47.332256,150.02577
2751000000,-11.160071,-2.765805,-47.859329,150.51701
2752000000,-11.057321,-2.6599517,-48.099934,150.83879
2753000000,-10.982386,-2.5224278,-48.6833,151.05333
2754000000,-10.918755,-2.4179258,-49.371765,151.10434
2755000000,-10.895223,-2.2989895,-50.228527,151.1707
2756000000,-10.866956,-2.1716006,-51.029308,150.75945
2757000000,-10.874967,-2.0507081,-51.59808,150.70741
2758000000,-10.90859,-1.9189618,-52.166954,150.03162
2759000000,-10.974559,-1.8334848,-52.583435,149.29546
2760000000,-11.042038,-1.7328813,-53.084618,148.54144
2761000000,-11.107049,-1.6618662,-53.11581,147.57805
2762000000,-11.149126,-1.6212161,-53.111294,146.59019
2763000000,-11.242794,-1.6081579,-52.97913,145.57462
2764000000,-11.267138,-1.5911999,-52.529751,144.39238
2765000000,-11.258875,-1.6175635,-52.244637,143.60663
2766000000,-11.248808,-1.6713705,-52.051632,142.49315
2767000000,-11.169898,-1.7456254,-51.666,141.70294
2768000000,-11.103744,-1.838544,-51.541954,140.79222
2769000000,-11.037603,-1.9075328,-51.651154,139.92671
2770000000,-10.943091,-2.0296855,-51.480175,139.48726
2771000000,-10.855152,-2.1995389,-52.091579,139.01373
2772000000,-10.764771,-2.3079236,-52.416409,138.9102
2773000000,-10.71597,-2.4140823,-53.145081,138.79944
2774000000,-10.707047,-2.5608284,-53.842545,138.4827
2775000000,-10.713214,-2.6768084,-54.483383,138.79147
2776000000,-10.719314,-2.7916763,-54.677311,139.29694
2777000000,-10.772689,-2.9030099,-55.629875,139.67157
2778000000,-10.813805,-2.9465127,-55.789318,140.19109
2779000000,-10.810504,-2.9735017,-56.2314,141.03799
2780000000,-10.904826,-2.9667852,-56.106243,141.7249
2781000000,-10.94909,-2.9686382,-55.930336,142.1712
2782000000,-11.026135,-2.9160521,-55.676147,142.83873
2783000000,-10.991105,-2.8588345,-55.38839,143.40208
2784000000,-10.982454,-2.788799,-55.140896,143.9921
2785000000,-10.945586,-2.6976404,-54.726337,144.13739
2786000000,-10.865077,-2.5960591,-54.809406,144.20152
2787000000,-10.762922,-2.4864974,-54.821541,144.30473
2788000000,-10.699977,-2.3659449,-55.104927,144.26308
2789000000,-10.642282,-2.202261,-55.287201,144.18913
2790000000,-10.530216,-2.0897763,-55.905621,143.63319
2791000000,-10.496481,-1.9742492,-56.556156,143.16096
2792000000,-10.491033,-1.8702929,-57.0942,142.41649
2793000000,-10.521021,-1.7823235,-58.032185,141.63287
2794000000,-10.524421,-1.6870484,-58.461563,140.64845
2795000000,-10.621103,-1.6734542,-58.960419,139.50145
2796000000,-10.658956,-1.6218539,-59.211681,138.371
2797000000,-10.753542,-1.6770377,-59.114025,137.51587
2798000000,-10.813228,-1.6757079,-59.102558,136.33073
2799000000,-10.847617,-1.7397292,-58.828186,135.28471
2800000000,-10.870909,-1.8172926,-58.181873,134.36717
2801000000,-10.829156,-1.8784411,-58.102062,133.49846
2802000000,-10.785898,-1.9969984,-57.924545,132.72655
2803000000,-10.737801,-2.1050591,-57.3843,132.18956
2804000000,-10.674851,-2.2705274,-57.340176,131.67682
2805000000,-10.563198,-2.3865294,-57.245052,131.26567
2806000000,-10.4769,-2.5375001,-57.435493,131.05432
2807000000,-10.377027,-2.6837108,-58.010704,131.11732
2808000000,-10.281367,-2.8066711,-58.281239,131.29053
2809000000,-10.205317,-2.9306638,-58.803837,131.7216
2810000000,-10.177435,-3.0688751,-59.596405,132.10857
2811000000,-10.165701,-3.1097796,-60.584721,132.89818
2812000000,-10.195072,-3.1798496,-61.339977,133.41058
2813000000,-10.181934,-3.1746478,-62.096161,134.38855
2814000000,-10.245558,-3.1973662,-62.819321,135.18489
2815000000,-10.289009,-3.1485224,-63.253994,135.90147
2816000000,-10.399095,-3.089385,-63.588448,136.47006
2817000000,-10.471252,-3.0360837,-63.796467,137.16031
2818000000,-10.549008,-2.9194739,-63.953022,137.39702
2819000000,-10.613433,-2.8014376,-63.699883,137.84943
2820000000,-10.629365,-2.6931379,-63.501179,137.65378
2821000000,-10.650187,-2.5529437,-63.168385,137.6955
2822000000,-10.641864,-2.4589698,-62.675564,137.61067
2823000000,-10.606462,-2.3133717,-62.472046,137.19101
2824000000,-10.566018,-2.1763124,-62.66853,136.57903
2825000000,-10.534187,-2.0689318,-62.30547,136.1965
2826000000,-10.433453,-1.9500927,-62.659752,135.27693
2827000000,-10.40369,-1.9212815,-62.929417,134.40895
2828000000,-10.312016,-1.8168721,-63.326981,133.48253
2829000000,-10.333024,-1.7879592,-63.9384,132.21716
2830000000,-10.337308,-1.7877926,-64.750969,131.29707
2831000000,-10.350096,-1.8277217,-65.106522,130.14787
2832000000,-10.381014,-1.8482438,-65.429077,129.07242
2833000000,-10.43865,-1.939492,-65.308899,128.00359
2834000000,-10.513516,-2.0238593,-65.444557,127.22245
2835000000,-10.575036,-2.1111906,-65.636269,126.40555
2836000000,-10.559516,-2.2409923,-65.324013,125.79576
2837000000,-10.594512,-2.3854299,-64.904259,125.49155
2838000000,-10.539731,-2.4981282,-64.798042,124.89997
2839000000,-10.526683,-2.6879795,-64.302231,124.63665
2840000000,-10.456384,-2.775444,-64.280586,124.68452
2841000000,-10.352798,-2.9540651,-64.253204,124.87663
2842000000,-10.284533,-3.0509229,-64.252304,125.18364
2843000000,-10.15741,-3.1654353,-64.691345,125.59406
2844000000,-10.035754,-3.2595947,-65.17527,126.09066
2845000000,-9.9858475,-3.353977,-66.085579,126.68633
2846000000,-9.9698582,-3.3667653,-66.635178,127.7003
2847000000,-9.9118185,-3.3929076,-67.388741,128.37137
2848000000,-9.9018068,-3.3801556,-68.476334,129.14655
2849000000,-9.9645081,-3.2987814,-69.128914,129.83997
2850000000,-9.9969692,-3.2239077,-69.750771,130.55206
2851000000,-10.054288,-3.1440132,-70.368683,131.16238
2852000000,-10.136571,-3.0286176,-71.063721,131.55621
2853000000,-10.246902,-2.8935535,-71.486984,131.7928
2854000000,-10.311989,-2.7654369,-71.71402,131.79965
2855000000,-10.432193,-2.6166728,-71.552238,131.82446
2856000000,-10.492359,-2.4987302,-71.419739,131.2628
2857000000,-10.566932,-2.3484726,-71.189072,130.70589
2858000000,-10.579501,-2.2492719,-71.070404,130.39674
2859000000,-10.610559,-2.1290751,-70.436157,129.50197
2860000000,-10.5804,-2.0584114,-70.085327,128.73271
2861000000,-10.532387,-1.9981537,-69.981644,127.71817
2862000000,-10.508338,-1.9157594,-69.735794,127.04332
2863000000,-10.448412,-1.9146875,-69.921852,125.89922
2864000000,-10.410711,-1.9133438,-69.908554,124.70264
2865000000,-10.332962,-1.9228892,-70.415039,123.61226
2866000000,-10.33853,-1.9830109,-70.86364,122.65407
2867000000,-10.287827,-2.0515885,-71.285675,121.86839
2868000000,-10.317223,-2.1164386,-71.916077,120.72388
2869000000,-10.357367,-2.2810683,-72.090981,120.27596
2870000000,-10.374884,-2.3739519,-72.476669,119.53793
2871000000,-10.435903,-2.4954667,-72.646164,119.1251
2872000000,-10.476996,-2.60919,-72.698494,118.97038
2873000000,-10.50557,-2.7657125,-72.546036,118.99818
2874000000,-10.535412,-2.8862801,-72.497276,119.01708
2875000000,-10.528631,-2.9828913,-72.32682,119.09715
2876000000,-10.455486,-3.1000626,-72.133957,119.51053
2877000000,-10.423894,-3.1623788,-72.083313,119.9854
2878000000,-10.364478,-3.242733,-72.027916,120.52246
2879000000,-10.342935,-3.289243,-72.369171,121.09624
2880000000,-10.236436,-3.324286,-72.167305,121.77659
2881000000,-10.177784,-3.2839746,-73.008362,122.4833
2882000000,-10.152661,-3.256691,-73.497459,123.13612
2883000000,-10.099256,-3.2070756,-74.34053,123.69719
2884000000,-10.138329,-3.1199949,-74.835846,124.0021
2885000000,-10.124663,-2.9918067,-75.731018,124.63376
2886000000,-10.16269,-2.927125,-76.615768,124.59645
2887000000,-10.239675,-2.7919369,-76.879059,124.65797
2888000000,-10.299353,-2.6787069,-77.586479,124.42759
2889000000,-10.39885,-2.5295572,-77.849396,124.27208
2890000000,-10.46975,-2.4229505,-78.355347,123.75674
2891000000,-10.571955,-2.3127859,-78.024712,123.27765
2892000000,-10.650763,-2.197192,-77.68631,122.59187
2893000000,-10.712263,-2.1325836,-77.779655,121.64242
2894000000,-10.736975,-2.0723529,-77.425537,121.0778
2895000000,-10.786925,-2.0251317,-76.89418,120.06937
2896000000,-10.735509,-1.9887275,-76.827385,118.99902
2897000000,-10.726399,-1.9869633,-76.712189,118.1058
2898000000,-10.694809,-2.0052166,-76.478928,116.98328
2899000000,-10.625022,-2.042171,-76.474602,116.2195
2900000000,-10.556061,-2.1101482,-76.754517,115.29449
2901000000,-10.497314,-2.1612291,-76.724449,114.36806
2902000000,-10.471165,-2.2899358,-77.465851,113.55637
2903000000,-10.449946,-2.4007752,-77.878845,112.90675
2904000000,-10.461382,-2.4961898,-78.597015,112.66453
2905000000,-10.472511,-2.635241,-79.090469,112.21894
2906000000,-10.482452,-2.7427509,-79.432838,112.24992
2907000000,-10.55138,-2.8614328,-79.957146,112.30171
2908000000,-10.626852,-3.0039241,-80.140747,112.4434
2909000000,-10.686818,-3.0558212,-80.143333,112.60403
2910000000,-10.734127,-3.1239939,-80.314461,113.13581
2911000000,-10.75919,-3.1918013,-80.26815,113.5284
2912000000,-10.766303,-3.2239203,-80.142677,114.02964
2913000000,-10.743469,-3.2770765,-79.810364,114.70572
2914000000,-10.701794,-3.2621744,-79.7836,114.82417
2915000000,-10.728955,-3.2449889,-79.816093,115.64709
2916000000,-10.63083,-3.1540468,-79.830048,116.10878
2917000000,-10.638398,-3.1328404,-80.299301,116.38002
2918000000,-10.569877,-3.031316,-80.622711,116.83961
2919000000,-10.522414,-2.9423769,-80.820862,116.6679
2920000000,-10.506829,-2.8503394,-81.790909,116.89418
2921000000,-10.536085,-2.7045212,-82.248169,116.88902
2922000000,-10.575907,-2.6194808,-82.724327,116.64223
2923000000,-10.622273,-2.5098493,-83.325897,116.25014
2924000000,-10.65975,-2.3894253,-83.822716,115.63135
2925000000,-10.731863,-2.323349,-84.305588,114.92214
2926000000,-10.805893,-2.225827,-84.654968,114.03266
2927000000,-10.869938,-2.1778855,-84.472778,113.27666
2928000000,-10.916498,-2.1262295,-84.284737,112.38654
2929000000,-11.011692,-2.12342,-84.095848,111.69887
2930000000,-11.047474,-2.1253545,-84.015343,110.36578
2931000000,-11.020983,-2.1257706,-83.760735,109.66232
2932000000,-11.034018,-2.1688778,-83.668274,108.79016
2933000000,-10.956898,-2.2279174,-83.42807,107.80929
2934000000,-10.902797,-2.3067744,-83.304985,107.00049
2935000000,-10.857177,-2.4134319,-83.50618,106.20842
2936000000,-10.829152,-2.5205173,-84.145187,105.67331
2937000000,-10.749536,-2.6201537,-84.624374,105.13354
2938000000,-10.723569,-2.773684,-84.97654,104.91273
2939000000,-10.719346,-2.8408628,-85.748634,104.71191
2940000000,-10.734962,-2.9918265,-86.442757,104.59253
2941000000,-10.783323,-3.0950274,-87.154701,104.74816
2942000000,-10.848971,-3.1699202,-87.99926,105.18936
2943000000,-10.93241,-3.2776356,-88.417473,105.32526
2944000000,-10.966244,-3.3153698,-88.711609,105.98158
2945000000,-11.067626,-3.3750095,-88.846046,106.29711
2946000000,-11.199745,-3.3532708,-89.202644,106.90216
2947000000,-11.28196,-3.3595483,-89.142845,107.38919
2948000000,-11.32059,-3.3513842,-88.879051,108.09073
2949000000,-11.377607,-3.3054447,-88.500275,108.29121
2950000000,-11.380458,-3.2515504,-88.271362,108.64385
2951000000,-11.37108,-3.1673212,-88.058327,108.94364
2952000000,-11.369941,-3.0675893,-87.758957,109.02704
2953000000,-11.330144,-2.9842055,-87.632729,109.12101
2954000000,-11.317073,-2.9094775,-87.841057,109.07343
2955000000,-11.269301,-2.7859221,-88.213387,108.87122
2956000000,-11.251884,-2.674336,-88.185547,108.44945
2957000000,-11.191373,-2.6089785,-88.974289,108.06137
2958000000,-11.172567,-2.5043075,-89.332352,107.4651
2959000000,-11.224223,-2.4455066,-89.744987,106.813
2960000000,-11.273815,-2.3756006,-90.410889,105.81494
2961000000,-11.3282,-2.3450255,-91.005478,104.83961
2962000000,-11.37729,-2.3260629,-91.165802,104.01268
2963000000,-11.432837,-2.3258076,-91.00164,102.98615
2964000000,-11.487904,-2.335959,-91.244713,102.32902
2965000000,-11.551301,-2.3713298,-91.029434,101.30498
2966000000,-11.594101,-2.4506466,-91.391937,100.38666
2967000000,-11.584204,-2.509064,-90.992012,99.577423
2968000000,-11.566287,-2.6011355,-90.854843,98.942436
2969000000,-11.552818,-2.7084923,-90.692322,98.394005
2970000000,-11.53443,-2.8255367,-90.913628,97.714821
2971000000,-11.442246,-2.9346645,-91.328072,97.391579
2972000000,-11.364651,-3.0855153,-91.871552,97.240112
2973000000,-11.407737,-3.1811719,-92.385422,97.316833
2974000000,-11.416171,-3.2889225,-92.927727,97.422356
2975000000,-11.417646,-3.3928704,-93.461639,97.628616
2976000000,-11.447527,-3.4861314,-94.307686,98.107674
2977000000,-11.517251,-3.5501747,-95.465179,98.580963
2978000000,-11.57434,-3.6035309,-96.002632,99.078911
2979000000,-11.665514,-3.6044877,-96.513641,99.44294
2980000000,-11.803586,-3.5913274,-96.692802,100.13531
2981000000,-11.93994,-3.5576859,-97.319534,100.77655
2982000000,-12.051933,-3.5500274,-97.5084,100.90604
2983000000,-12.150449,-3.4871137,-97.337761,101.40484
2984000000,-12.281368,-3.389878,-97.235909,101.67367
2985000000,-12.366796,-3.3133259,-96.881622,101.86543
2986000000,-12.427355,-3.235296,-96.429169,101.84846
2987000000,-12.443027,-3.1288097,-96.054802,101.90431
2988000000,-12.443934,-3.0110772,-95.467598,101.62193
2989000000,-12.470926,-2.9216297,-95.099991,101.42658
2990000000,-12.448497,-2.8237252,-95.130821,101.04959
2991000000,-12.358249,-2.7187221,-94.900284,100.32365
2992000000,-12.350569,-2.6324902,-95.094101,99.752861
2993000000,-12.304645,-2.5447216,-95.263641,99.014305
2994000000,-12.269316,-2.5263758,-95.754868,98.083664
2995000000,-12.284048,-2.4811714,-96.215034,97.126564
2996000000,-12.274372,-2.4190295,-96.691124,96.157875
2997000000,-12.316752,-2.4829581,-97.454247,95.118332
2998000000,-12.40241,-2.4949322,-97.916458,93.976105
2999000000,-12.451187,-2.5764077,-98.447441,93.212257
3000000000,-12.535906,-2.6257882,-98.483414,92.365326
