Freq(Hz),S11 Log Mag(dB)
1000000000,-5.2874308
1001000000,-5.3171759
1002000000,-5.3030806
1003000000,-5.3132071
1004000000,-5.3475323
1005000000,-5.3196044
1006000000,-5.3461051
1007000000,-5.3415923
1008000000,-5.3546457
1009000000,-5.3702078
1010000000,-5.3803959
1011000000,-5.3719831
1012000000,-5.4359045
1013000000,-5.3967099
1014000000,-5.4008646
1015000000,-5.4487448
1016000000,-5.4440131
1017000000,-5.4888592
1018000000,-5.4700451
1019000000,-5.5136719
1020000000,-5.484416
1021000000,-5.5205593
1022000000,-5.5256367
1023000000,-5.5262604
1024000000,-5.5547829
1025000000,-5.5472083
1026000000,-5.560616
1027000000,-5.5423069
1028000000,-5.5926299
1029000000,-5.5867929
1030000000,-5.6081891
1031000000,-5.6472716
1032000000,-5.6600418
1033000000,-5.6310492
1034000000,-5.6281214
1035000000,-5.6238132
1036000000,-5.6644597
1037000000,-5.6811638
1038000000,-5.7106938
1039000000,-5.6973701
1040000000,-5.7057781
1041000000,-5.71666
1042000000,-5.7109232
1043000000,-5.7255163
1044000000,-5.7572107
1045000000,-5.7586546
1046000000,-5.7643399
1047000000,-5.7704396
1048000000,-5.815907
1049000000,-5.8073826
1050000000,-5.829309
1051000000,-5.8337984
1052000000,-5.8366961
1053000000,-5.854506
1054000000,-5.8613682
1055000000,-5.8982682
1056000000,-5.9029732
1057000000,-5.898561
1058000000,-5.9243155
1059000000,-5.9293447
1060000000,-5.9256916
1061000000,-5.9637713
1062000000,-5.9376402
1063000000,-5.971272
1064000000,-5.9442453
1065000000,-5.9897575
1066000000,-5.995719
1067000000,-6.0256047
1068000000,-6.0264354
1069000000,-6.0240946
1070000000,-6.0443702
1071000000,-6.0754948
1072000000,-6.043119
1073000000,-6.0882931
1074000000,-6.0711803
1075000000,-6.1060591
1076000000,-6.0969234
1077000000,-6.1144567
1078000000,-6.1284366
1079000000,-6.1459241
1080000000,-6.1395736
1081000000,-6.1855574
1082000000,-6.207808
1083000000,-6.2012014
1084000000,-6.2113109
1085000000,-6.2153363
1086000000,-6.2204819
1087000000,-6.2367649
1088000000,-6.2484951
1089000000,-6.2492604
1090000000,-6.273344
1091000000,-6.3018479
1092000000,-6.2860913
1093000000,-6.3348627
1094000000,-6.3358908
1095000000,-6.3407884
1096000000,-6.3204556
1097000000,-6.3427172
1098000000,-6.3751259
1099000000,-6.3945947
1100000000,-6.4133987
1101000000,-6.4119191
1102000000,-6.4031754
1103000000,-6.4633131
1104000000,-6.4489956
1105000000,-6.4384294
1106000000,-6.463028
1107000000,-6.4713564
1108000000,-6.495739
1109000000,-6.4781828
1110000000,-6.4934907
1111000000,-6.5295444
1112000000,-6.5660982
1113000000,-6.5505738
1114000000,-6.5492258
1115000000,-6.6057601
1116000000,-6.6032686
1117000000,-6.6088438
1118000000,-6.6245761
1119000000,-6.6202803
1120000000,-6.6280661
1121000000,-6.6684618
1122000000,-6.6713252
1123000000,-6.6743932
1124000000,-6.6767936
1125000000,-6.6883879
1126000000,-6.7112098
1127000000,-6.7320194
1128000000,-6.7077885
1129000000,-6.7484145
1130000000,-6.7432308
1131000000,-6.7978177
1132000000,-6.7889585
1133000000,-6.7728157
1134000000,-6.7988682
1135000000,-6.8236318
1136000000,-6.8565068
1137000000,-6.8559499
1138000000,-6.8682098
1139000000,-6.8728771
1140000000,-6.9118614
1141000000,-6.8952885
1142000000,-6.8829684
1143000000,-6.8959465
1144000000,-6.9612365
1145000000,-6.9543672
1146000000,-6.974113
1147000000,-6.9783683
1148000000,-6.9812565
1149000000,-6.9738255
1150000000,-6.9939022
1151000000,-7.0295906
1152000000,-7.0480556
1153000000,-7.0210824
1154000000,-7.0390224
1155000000,-7.0702567
1156000000,-7.0743365
1157000000,-7.1108403
1158000000,-7.1023288
1159000000,-7.1287284
1160000000,-7.1324244
1161000000,-7.159019
1162000000,-7.186132
1163000000,-7.1864305
1164000000,-7.1995378
1165000000,-7.1972427
1166000000,-7.2094002
1167000000,-7.2137108
1168000000,-7.2174392
1169000000,-7.2250333
1170000000,-7.2616339
1171000000,-7.2754374
1172000000,-7.2661481
1173000000,-7.2882614
1174000000,-7.3077526
1175000000,-7.3399434
1176000000,-7.3486228
1177000000,-7.3566055
1178000000,-7.359879
1179000000,-7.3607612
1180000000,-7.3908534
1181000000,-7.4012451
1182000000,-7.408206
1183000000,-7.4116917
1184000000,-7.432817
1185000000,-7.4480147
1186000000,-7.4871268
1187000000,-7.4794888
1188000000,-7.5044174
1189000000,-7.4589949
1190000000,-7.5294719
1191000000,-7.4741802
1192000000,-7.5322266
1193000000,-7.5518179
1194000000,-7.5877886
1195000000,-7.5740643
1196000000,-7.6026015
1197000000,-7.6119986
1198000000,-7.6050887
1199000000,-7.6285138
1200000000,-7.6350212
1201000000,-7.6929212
1202000000,-7.6650481
1203000000,-7.656179
1204000000,-7.7012277
1205000000,-7.7245965
1206000000,-7.7244787
1207000000,-7.7317929
1208000000,-7.7671247
1209000000,-7.7700906
1210000000,-7.8017931
1211000000,-7.7718973
1212000000,-7.8178339
1213000000,-7.8179979
1214000000,-7.861999
1215000000,-7.8867979
1216000000,-7.8706899
1217000000,-7.8830924
1218000000,-7.867979
1219000000,-7.8992634
1220000000,-7.9287667
1221000000,-7.9441395
1222000000,-7.9347525
1223000000,-7.9536648
1224000000,-7.9643726
1225000000,-7.9772477
1226000000,-8.0135975
1227000000,-8.00776
1228000000,-8.0321054
1229000000,-8.0472755
1230000000,-8.0399723
1231000000,-8.0651703
1232000000,-8.0897713
1233000000,-8.1150808
1234000000,-8.1031237
1235000000,-8.125042
1236000000,-8.1608601
1237000000,-8.1272249
1238000000,-8.1542892
1239000000,-8.2045908
1240000000,-8.1789198
1241000000,-8.2409134
1242000000,-8.2133665
1243000000,-8.2622118
1244000000,-8.2683716
1245000000,-8.261034
1246000000,-8.2766409
1247000000,-8.2981539
1248000000,-8.3268452
1249000000,-8.3183632
1250000000,-8.3623505
1251000000,-8.3398724
1252000000,-8.3624496
1253000000,-8.392643
1254000000,-8.426137
1255000000,-8.418479
1256000000,-8.417284
1257000000,-8.456111
1258000000,-8.4425201
1259000000,-8.4741201
1260000000,-8.4781818
1261000000,-8.5110188
1262000000,-8.543602
1263000000,-8.5092487
1264000000,-8.579915
1265000000,-8.5347242
1266000000,-8.5934896
1267000000,-8.5992661
1268000000,-8.5844231
1269000000,-8.6229668
1270000000,-8.6088209
1271000000,-8.6403408
1272000000,-8.6466446
1273000000,-8.6693621
1274000000,-8.7086039
1275000000,-8.7493944
1276000000,-8.7066965
1277000000,-8.7652636
1278000000,-8.7258444
1279000000,-8.7415934
1280000000,-8.7533007
1281000000,-8.7803583
1282000000,-8.8035135
1283000000,-8.8476133
1284000000,-8.887742
1285000000,-8.8576126
1286000000,-8.8964577
1287000000,-8.8897839
1288000000,-8.9015932
1289000000,-8.9215202
1290000000,-8.9628687
1291000000,-8.9954967
1292000000,-8.9756994
1293000000,-9.0098677
1294000000,-9.0173006
1295000000,-9.0073404
1296000000,-9.0270739
1297000000,-9.0479794
1298000000,-9.0709267
1299000000,-9.085
1300000000,-9.1029158
1301000000,-9.1248779
1302000000,-9.1622267
1303000000,-9.1335812
1304000000,-9.1266193
1305000000,-9.1714649
1306000000,-9.1792068
1307000000,-9.2092724
1308000000,-9.2278585
1309000000,-9.2405481
1310000000,-9.2494488
1311000000,-9.2836323
1312000000,-9.262619
1313000000,-9.3392076
1314000000,-9.2971287
1315000000,-9.3383818
1316000000,-9.3362207
1317000000,-9.3573017
1318000000,-9.3515043
1319000000,-9.3837328
1320000000,-9.3882246
1321000000,-9.4149475
1322000000,-9.4299288
1323000000,-9.4398375
1324000000,-9.4773874
1325000000,-9.4804668
1326000000,-9.4746227
1327000000,-9.4947777
1328000000,-9.5185461
1329000000,-9.5302687
1330000000,-9.5625811
1331000000,-9.577775
1332000000,-9.5834379
1333000000,-9.570262
1334000000,-9.6055784
1335000000,-9.6323986
1336000000,-9.6480122
1337000000,-9.6600361
1338000000,-9.6560555
1339000000,-9.6761341
1340000000,-9.6718006
1341000000,-9.6968393
1342000000,-9.7363558
1343000000,-9.7241316
1344000000,-9.7401218
1345000000,-9.7760611
1346000000,-9.8106356
1347000000,-9.7997007
1348000000,-9.8408613
1349000000,-9.8435793
1350000000,-9.870882
1351000000,-9.8597536
1352000000,-9.8629065
1353000000,-9.8933086
1354000000,-9.9116783
1355000000,-9.9238501
1356000000,-9.9423485
1357000000,-9.9656839
1358000000,-9.9809284
1359000000,-9.9891539
1360000000,-9.991971
1361000000,-9.9940796
1362000000,-10.053829
1363000000,-10.041388
1364000000,-10.057892
1365000000,-10.083889
1366000000,-10.103924
1367000000,-10.128941
1368000000,-10.116611
1369000000,-10.115205
1370000000,-10.142807
1371000000,-10.175841
1372000000,-10.162573
1373000000,-10.206061
1374000000,-10.23028
1375000000,-10.252381
1376000000,-10.265764
1377000000,-10.253143
1378000000,-10.292708
1379000000,-10.270827
1380000000,-10.312138
1381000000,-10.346371
1382000000,-10.316648
1383000000,-10.377944
1384000000,-10.37107
1385000000,-10.372685
1386000000,-10.386672
1387000000,-10.457655
1388000000,-10.429455
1389000000,-10.462278
1390000000,-10.464823
1391000000,-10.492696
1392000000,-10.464005
1393000000,-10.505369
1394000000,-10.531608
1395000000,-10.546273
1396000000,-10.588327
1397000000,-10.575677
1398000000,-10.604696
1399000000,-10.593558
1400000000,-10.615252
1401000000,-10.627009
1402000000,-10.686927
1403000000,-10.669884
1404000000,-10.668671
1405000000,-10.70231
1406000000,-10.719563
1407000000,-10.750898
1408000000,-10.753922
1409000000,-10.761115
1410000000,-10.787505
1411000000,-10.791296
1412000000,-10.799735
1413000000,-10.840895
1414000000,-10.853763
1415000000,-10.879012
1416000000,-10.866029
1417000000,-10.915651
1418000000,-10.909389
1419000000,-10.935426
1420000000,-10.916092
1421000000,-10.951044
1422000000,-10.987203
1423000000,-10.971891
1424000000,-10.965103
1425000000,-11.036557
1426000000,-11.074357
1427000000,-11.0523
1428000000,-11.095087
1429000000,-11.086265
1430000000,-11.135589
1431000000,-11.13218
1432000000,-11.135208
1433000000,-11.111106
1434000000,-11.193884
1435000000,-11.172614
1436000000,-11.16841
1437000000,-11.237442
1438000000,-11.257666
1439000000,-11.248084
1440000000,-11.292493
1441000000,-11.313365
1442000000,-11.317316
1443000000,-11.321338
1444000000,-11.353063
1445000000,-11.358385
1446000000,-11.38422
1447000000,-11.419297
1448000000,-11.377673
1449000000,-11.429911
1450000000,-11.426889
1451000000,-11.468216
1452000000,-11.477563
1453000000,-11.512448
1454000000,-11.536283
1455000000,-11.491992
1456000000,-11.552068
1457000000,-11.536982
1458000000,-11.571929
1459000000,-11.567014
1460000000,-11.593824
1461000000,-11.619967
1462000000,-11.636499
1463000000,-11.659568
1464000000,-11.639172
1465000000,-11.644726
1466000000,-11.712327
1467000000,-11.728187
1468000000,-11.713799
1469000000,-11.736621
1470000000,-11.781645
1471000000,-11.764651
1472000000,-11.816697
1473000000,-11.819661
1474000000,-11.814718
1475000000,-11.905941
1476000000,-11.837441
1477000000,-11.871081
1478000000,-11.889287
1479000000,-11.923943
1480000000,-11.965048
1481000000,-11.945713
1482000000,-11.958528
1483000000,-12.010787
1484000000,-12.01086
1485000000,-12.029763
1486000000,-12.021386
1487000000,-12.050069
1488000000,-12.058768
1489000000,-12.089931
1490000000,-12.141837
1491000000,-12.121955
1492000000,-12.073237
1493000000,-12.108455
1494000000,-12.180276
1495000000,-12.179444
1496000000,-12.15729
1497000000,-12.204156
1498000000,-12.223942
1499000000,-12.237251
1500000000,-12.290736
1501000000,-12.271034
1502000000,-12.280043
1503000000,-12.287289
1504000000,-12.315542
1505000000,-12.329127
1506000000,-12.343792
1507000000,-12.377235
1508000000,-12.387214
1509000000,-12.391797
1510000000,-12.409807
1511000000,-12.410968
1512000000,-12.460752
1513000000,-12.458718
1514000000,-12.418533
1515000000,-12.462043
1516000000,-12.494518
1517000000,-12.527903
1518000000,-12.561474
1519000000,-12.539399
1520000000,-12.579995
1521000000,-12.58065
1522000000,-12.614362
1523000000,-12.671115
1524000000,-12.589496
1525000000,-12.641549
1526000000,-12.666637
1527000000,-12.685904
1528000000,-12.706737
1529000000,-12.738117
1530000000,-12.695513
1531000000,-12.768392
1532000000,-12.752847
1533000000,-12.781412
1534000000,-12.793292
1535000000,-12.831599
1536000000,-12.838235
1537000000,-12.827206
1538000000,-12.874715
1539000000,-12.848628
1540000000,-12.93069
1541000000,-12.91715
1542000000,-12.928786
1543000000,-12.91717
1544000000,-12.973206
1545000000,-12.970862
1546000000,-12.993439
1547000000,-12.969658
1548000000,-13.039575
1549000000,-13.02597
1550000000,-13.035583
1551000000,-13.04416
1552000000,-13.073255
1553000000,-13.139518
1554000000,-13.129869
1555000000,-13.16964
1556000000,-13.14563
1557000000,-13.172599
1558000000,-13.160018
1559000000,-13.18559
1560000000,-13.19287
1561000000,-13.244267
1562000000,-13.250212
1563000000,-13.253339
1564000000,-13.318594
1565000000,-13.304992
1566000000,-13.343348
1567000000,-13.345657
1568000000,-13.320832
1569000000,-13.355575
1570000000,-13.395209
1571000000,-13.405152
1572000000,-13.459109
1573000000,-13.434507
1574000000,-13.461874
1575000000,-13.507045
1576000000,-13.435267
1577000000,-13.493662
1578000000,-13.492221
1579000000,-13.561034
1580000000,-13.545473
1581000000,-13.579409
1582000000,-13.59425
1583000000,-13.607595
1584000000,-13.607705
1585000000,-13.606967
1586000000,-13.673327
1587000000,-13.699397
1588000000,-13.696319
1589000000,-13.710402
1590000000,-13.744163
1591000000,-13.713942
1592000000,-13.751415
1593000000,-13.807473
1594000000,-13.779407
1595000000,-13.829671
1596000000,-13.829893
1597000000,-13.855671
1598000000,-13.840204
1599000000,-13.865446
1600000000,-13.853086
1601000000,-13.931548
1602000000,-13.947707
1603000000,-13.971707
1604000000,-13.920643
1605000000,-13.975754
1606000000,-13.995649
1607000000,-14.012055
1608000000,-14.067936
1609000000,-14.045074
1610000000,-14.064479
1611000000,-14.117452
1612000000,-14.114865
1613000000,-14.140626
1614000000,-14.120604
1615000000,-14.151866
1616000000,-14.213326
1617000000,-14.245957
1618000000,-14.201437
1619000000,-14.209897
1620000000,-14.276167
1621000000,-14.279654
1622000000,-14.285314
1623000000,-14.303731
1624000000,-14.328069
1625000000,-14.363974
1626000000,-14.331123
1627000000,-14.381212
1628000000,-14.354504
1629000000,-14.408153
1630000000,-14.419715
1631000000,-14.467221
1632000000,-14.459266
1633000000,-14.471244
1634000000,-14.508896
1635000000,-14.545409
1636000000,-14.540765
1637000000,-14.565272
1638000000,-14.557487
1639000000,-14.594814
1640000000,-14.647287
1641000000,-14.596382
1642000000,-14.65004
1643000000,-14.692892
1644000000,-14.676045
1645000000,-14.688208
1646000000,-14.754426
1647000000,-14.754052
1648000000,-14.789777
1649000000,-14.753414
1650000000,-14.817161
1651000000,-14.807099
1652000000,-14.870358
1653000000,-14.819476
1654000000,-14.83604
1655000000,-14.783086
1656000000,-14.926551
1657000000,-14.893528
1658000000,-14.951669
1659000000,-14.910401
1660000000,-14.991603
1661000000,-14.99602
1662000000,-15.02382
1663000000,-15.027742
1664000000,-15.053377
1665000000,-15.027705
1666000000,-15.025383
1667000000,-15.077482
1668000000,-15.054398
1669000000,-15.085032
1670000000,-15.149901
1671000000,-15.152016
1672000000,-15.150714
1673000000,-15.196611
1674000000,-15.142273
1675000000,-15.207104
1676000000,-15.209911
1677000000,-15.243641
1678000000,-15.267732
1679000000,-15.294482
1680000000,-15.322604
1681000000,-15.39053
1682000000,-15.345804
1683000000,-15.381245
1684000000,-15.371798
1685000000,-15.438361
1686000000,-15.422805
1687000000,-15.413687
1688000000,-15.459741
1689000000,-15.443984
1690000000,-15.488144
1691000000,-15.511911
1692000000,-15.493345
1693000000,-15.524238
1694000000,-15.545617
1695000000,-15.573446
1696000000,-15.596765
1697000000,-15.556035
1698000000,-15.629098
1699000000,-15.614293
1700000000,-15.671301
1701000000,-15.672536
1702000000,-15.698412
1703000000,-15.674411
1704000000,-15.748487
1705000000,-15.756221
1706000000,-15.757792
1707000000,-15.769469
1708000000,-15.811101
1709000000,-15.825617
1710000000,-15.806326
1711000000,-15.850913
1712000000,-15.862246
1713000000,-15.875421
1714000000,-15.885572
1715000000,-15.935317
1716000000,-15.923592
1717000000,-15.974182
1718000000,-15.997664
1719000000,-15.990513
1720000000,-16.005722
1721000000,-16.023924
1722000000,-16.073193
1723000000,-16.069624
1724000000,-16.10076
1725000000,-16.074602
1726000000,-16.167236
1727000000,-16.131407
1728000000,-16.14724
1729000000,-16.220882
1730000000,-16.149014
1731000000,-16.158834
1732000000,-16.220249
1733000000,-16.18918
1734000000,-16.256475
1735000000,-16.331593
1736000000,-16.297573
1737000000,-16.34479
1738000000,-16.333578
1739000000,-16.34482
1740000000,-16.361477
1741000000,-16.334547
1742000000,-16.392439
1743000000,-16.459888
1744000000,-16.391651
1745000000,-16.407328
1746000000,-16.465828
1747000000,-16.501444
1748000000,-16.487837
1749000000,-16.485264
1750000000,-16.54586
1751000000,-16.613708
1752000000,-16.608383
1753000000,-16.60659
1754000000,-16.645639
1755000000,-16.619627
1756000000,-16.687387
1757000000,-16.67367
1758000000,-16.679008
1759000000,-16.674688
1760000000,-16.674814
1761000000,-16.744013
1762000000,-16.741085
1763000000,-16.73756
1764000000,-16.798931
1765000000,-16.831547
1766000000,-16.845097
1767000000,-16.820324
1768000000,-16.813
1769000000,-16.865541
1770000000,-16.964163
1771000000,-16.902821
1772000000,-16.960291
1773000000,-16.88903
1774000000,-16.928694
1775000000,-16.965626
1776000000,-17.00139
1777000000,-16.991474
1778000000,-17.098215
1779000000,-17.076357
1780000000,-17.081827
1781000000,-17.109932
1782000000,-17.117826
1783000000,-17.140108
1784000000,-17.202862
1785000000,-17.196161
1786000000,-17.197929
1787000000,-17.182796
1788000000,-17.219753
1789000000,-17.271685
1790000000,-17.269375
1791000000,-17.272791
1792000000,-17.379654
1793000000,-17.316133
1794000000,-17.362341
1795000000,-17.408285
1796000000,-17.390089
1797000000,-17.44631
1798000000,-17.424105
1799000000,-17.426779
1800000000,-17.458916
1801000000,-17.484325
1802000000,-17.485973
1803000000,-17.487459
1804000000,-17.569534
1805000000,-17.565428
1806000000,-17.554417
1807000000,-17.550726
1808000000,-17.606647
1809000000,-17.645372
1810000000,-17.640396
1811000000,-17.687567
1812000000,-17.668213
1813000000,-17.695221
1814000000,-17.691254
1815000000,-17.75226
1816000000,-17.771517
1817000000,-17.806944
1818000000,-17.821926
1819000000,-17.801487
1820000000,-17.819725
1821000000,-17.856606
1822000000,-17.865854
1823000000,-17.877735
1824000000,-17.918442
1825000000,-17.89366
1826000000,-18.016478
1827000000,-18.030884
1828000000,-18.019842
1829000000,-18.033836
1830000000,-18.063227
1831000000,-18.135853
1832000000,-18.086975
1833000000,-18.065704
1834000000,-18.169146
1835000000,-18.162161
1836000000,-18.173553
1837000000,-18.145443
1838000000,-18.228325
1839000000,-18.199827
1840000000,-18.21352
1841000000,-18.201025
1842000000,-18.277895
1843000000,-18.317265
1844000000,-18.325449
1845000000,-18.356056
1846000000,-18.257341
1847000000,-18.41152
1848000000,-18.3995
1849000000,-18.36994
1850000000,-18.359325
1851000000,-18.415243
1852000000,-18.444077
1853000000,-18.462902
1854000000,-18.435816
1855000000,-18.489304
1856000000,-18.537142
1857000000,-18.533211
1858000000,-18.57839
1859000000,-18.552399
1860000000,-18.571768
1861000000,-18.609789
1862000000,-18.617239
1863000000,-18.661415
1864000000,-18.628742
1865000000,-18.643763
1866000000,-18.669165
1867000000,-18.743484
1868000000,-18.753157
1869000000,-18.745026
1870000000,-18.753986
1871000000,-18.791576
1872000000,-18.834164
1873000000,-18.804455
1874000000,-18.766922
1875000000,-18.804888
1876000000,-18.860037
1877000000,-18.909843
1878000000,-18.905672
1879000000,-18.918402
1880000000,-18.935215
1881000000,-18.978477
1882000000,-18.96784
1883000000,-19.004307
1884000000,-19.015429
1885000000,-19.043257
1886000000,-19.022938
1887000000,-19.055136
1888000000,-19.043694
1889000000,-19.099154
1890000000,-19.049007
1891000000,-19.100523
1892000000,-19.177397
1893000000,-19.119652
1894000000,-19.150356
1895000000,-19.159729
1896000000,-19.193012
1897000000,-19.218718
1898000000,-19.202877
1899000000,-19.216766
1900000000,-19.204418
1901000000,-19.230022
1902000000,-19.211922
1903000000,-19.29455
1904000000,-19.329498
1905000000,-19.332638
1906000000,-19.345892
1907000000,-19.361677
1908000000,-19.357798
1909000000,-19.354942
1910000000,-19.416777
1911000000,-19.437117
1912000000,-19.453934
1913000000,-19.412971
1914000000,-19.484175
1915000000,-19.520571
1916000000,-19.50963
1917000000,-19.45632
1918000000,-19.54756
1919000000,-19.463507
1920000000,-19.571028
1921000000,-19.547523
1922000000,-19.625965
1923000000,-19.605194
1924000000,-19.631954
1925000000,-19.583679
1926000000,-19.636452
1927000000,-19.66783
1928000000,-19.694296
1929000000,-19.763172
1930000000,-19.678808
1931000000,-19.7812
1932000000,-19.708324
1933000000,-19.765583
1934000000,-19.751459
1935000000,-19.763697
1936000000,-19.794235
1937000000,-19.788866
1938000000,-19.824844
1939000000,-19.829081
1940000000,-19.799129
1941000000,-19.838388
1942000000,-19.854633
1943000000,-19.939289
1944000000,-19.969067
1945000000,-19.938538
1946000000,-19.898731
1947000000,-19.906359
1948000000,-19.924587
1949000000,-19.976109
1950000000,-19.971088
1951000000,-19.960732
1952000000,-19.986967
1953000000,-19.970402
1954000000,-20.086664
1955000000,-20.00955
1956000000,-20.062204
1957000000,-20.1077
1958000000,-20.076323
1959000000,-20.086056
1960000000,-20.097128
1961000000,-20.122438
1962000000,-20.074955
1963000000,-20.160103
1964000000,-20.09528
1965000000,-20.162031
1966000000,-20.166368
1967000000,-20.181887
1968000000,-20.139227
1969000000,-20.161087
1970000000,-20.16844
1971000000,-20.184923
1972000000,-20.233309
1973000000,-20.216255
1974000000,-20.265024
1975000000,-20.236288
1976000000,-20.270645
1977000000,-20.302151
1978000000,-20.275541
1979000000,-20.308315
1980000000,-20.273956
1981000000,-20.319963
1982000000,-20.387777
1983000000,-20.376793
1984000000,-20.351625
1985000000,-20.372538
1986000000,-20.417305
1987000000,-20.364292
1988000000,-20.441936
1989000000,-20.419956
1990000000,-20.412121
1991000000,-20.456871
1992000000,-20.427938
1993000000,-20.410976
1994000000,-20.52968
1995000000,-20.540359
1996000000,-20.49157
1997000000,-20.451567
1998000000,-20.529104
1999000000,-20.471664
2000000000,-20.543018
2001000000,-20.539707
2002000000,-20.543863
2003000000,-20.564259
2004000000,-20.598408
2005000000,-20.602203
2006000000,-20.560108
2007000000,-20.62196
2008000000,-20.659321
2009000000,-20.661329
2010000000,-20.654879
2011000000,-20.673504
2012000000,-20.625637
2013000000,-20.663698
2014000000,-20.661165
2015000000,-20.714178
2016000000,-20.689068
2017000000,-20.752825
2018000000,-20.694313
2019000000,-20.74201
2020000000,-20.710016
2021000000,-20.698402
2022000000,-20.785166
2023000000,-20.753233
2024000000,-20.756958
2025000000,-20.825203
2026000000,-20.75803
2027000000,-20.819115
2028000000,-20.740345
2029000000,-20.775757
2030000000,-20.819094
2031000000,-20.780931
2032000000,-20.804993
2033000000,-20.830549
2034000000,-20.837547
2035000000,-20.846638
2036000000,-20.842455
2037000000,-20.906166
2038000000,-20.907888
2039000000,-20.879028
2040000000,-20.948917
2041000000,-20.945267
2042000000,-20.894411
2043000000,-20.9282
2044000000,-20.964943
2045000000,-21.004772
2046000000,-20.997639
2047000000,-20.991783
2048000000,-21.023346
2049000000,-20.977259
2050000000,-21.041437
2051000000,-20.986715
2052000000,-21.025774
2053000000,-20.938984
2054000000,-21.003498
2055000000,-21.026463
2056000000,-21.097992
2057000000,-21.084995
2058000000,-21.060694
2059000000,-21.041954
2060000000,-21.060276
2061000000,-21.042606
2062000000,-21.086153
2063000000,-21.07724
2064000000,-21.063614
2065000000,-21.143295
2066000000,-21.140471
2067000000,-21.091431
2068000000,-21.107872
2069000000,-21.12219
2070000000,-21.121153
2071000000,-21.182552
2072000000,-21.20406
2073000000,-21.181837
2074000000,-21.189707
2075000000,-21.116957
2076000000,-21.162323
2077000000,-21.182318
2078000000,-21.183559
2079000000,-21.091679
2080000000,-21.150341
2081000000,-21.257521
2082000000,-21.191923
2083000000,-21.218651
2084000000,-21.189972
2085000000,-21.206865
2086000000,-21.292589
2087000000,-21.273134
2088000000,-21.382099
2089000000,-21.268927
2090000000,-21.319942
2091000000,-21.269762
2092000000,-21.300528
2093000000,-21.297302
2094000000,-21.33931
2095000000,-21.285021
2096000000,-21.334116
2097000000,-21.328108
2098000000,-21.369379
2099000000,-21.373604
2100000000,-21.354111
2101000000,-21.355213
2102000000,-21.346479
2103000000,-21.328274
2104000000,-21.34458
2105000000,-21.327414
2106000000,-21.408072
2107000000,-21.39908
2108000000,-21.38958
2109000000,-21.377298
2110000000,-21.426996
2111000000,-21.442163
2112000000,-21.388292
2113000000,-21.334742
2114000000,-21.381226
2115000000,-21.402109
2116000000,-21.40873
2117000000,-21.403072
2118000000,-21.426794
2119000000,-21.39813
2120000000,-21.446033
2121000000,-21.411261
2122000000,-21.443197
2123000000,-21.407429
2124000000,-21.437639
2125000000,-21.371893
2126000000,-21.423056
2127000000,-21.420977
2128000000,-21.458227
2129000000,-21.406712
2130000000,-21.458357
2131000000,-21.394932
2132000000,-21.417168
2133000000,-21.444607
2134000000,-21.44615
2135000000,-21.441162
2136000000,-21.444191
2137000000,-21.452314
2138000000,-21.436148
2139000000,-21.453678
2140000000,-21.423399
2141000000,-21.438604
2142000000,-21.483677
2143000000,-21.462549
2144000000,-21.409245
2145000000,-21.517178
2146000000,-21.451237
2147000000,-21.403582
2148000000,-21.461336
2149000000,-21.514177
2150000000,-21.47686
2151000000,-21.467442
2152000000,-21.480467
2153000000,-21.487776
2154000000,-21.495224
2155000000,-21.45223
2156000000,-21.49091
2157000000,-21.522951
2158000000,-21.478664
2159000000,-21.526327
2160000000,-21.517378
2161000000,-21.469133
2162000000,-21.506651
2163000000,-21.518692
2164000000,-21.520731
2165000000,-21.508352
2166000000,-21.508785
2167000000,-21.530777
2168000000,-21.524979
2169000000,-21.544836
2170000000,-21.568846
2171000000,-21.535002
2172000000,-21.568079
2173000000,-21.571163
2174000000,-21.557194
2175000000,-21.535906
2176000000,-21.554871
2177000000,-21.592909
2178000000,-21.53754
2179000000,-21.555983
2180000000,-21.503275
2181000000,-21.541748
2182000000,-21.503622
2183000000,-21.577627
2184000000,-21.56605
2185000000,-21.526079
2186000000,-21.590336
2187000000,-21.559799
2188000000,-21.582474
2189000000,-21.58289
2190000000,-21.586792
2191000000,-21.634571
2192000000,-21.606083
2193000000,-21.62159
2194000000,-21.548904
2195000000,-21.576031
2196000000,-21.577623
2197000000,-21.571186
2198000000,-21.540026
2199000000,-21.631088
2200000000,-21.593185
2201000000,-21.589005
2202000000,-21.57542
2203000000,-21.585987
2204000000,-21.648378
2205000000,-21.580755
2206000000,-21.563471
2207000000,-21.611254
2208000000,-21.61401
2209000000,-21.592854
2210000000,-21.604771
2211000000,-21.610897
2212000000,-21.598831
2213000000,-21.527294
2214000000,-21.554863
2215000000,-21.629379
2216000000,-21.613298
2217000000,-21.574535
2218000000,-21.58552
2219000000,-21.587143
2220000000,-21.579323
2221000000,-21.547201
2222000000,-21.549917
2223000000,-21.617836
2224000000,-21.590141
2225000000,-21.566076
2226000000,-21.618305
2227000000,-21.588747
2228000000,-21.582895
2229000000,-21.563202
2230000000,-21.635223
2231000000,-21.609198
2232000000,-21.586233
2233000000,-21.650536
2234000000,-21.615416
2235000000,-21.556982
2236000000,-21.588097
2237000000,-21.595427
2238000000,-21.585964
2239000000,-21.585001
2240000000,-21.592865
2241000000,-21.53776
2242000000,-21.564608
2243000000,-21.567266
2244000000,-21.601351
2245000000,-21.585871
2246000000,-21.587078
2247000000,-21.629269
2248000000,-21.617434
2249000000,-21.61743
2250000000,-21.607206
2251000000,-21.59346
2252000000,-21.587685
2253000000,-21.587908
2254000000,-21.572933
2255000000,-21.674282
2256000000,-21.614983
2257000000,-21.630472
2258000000,-21.647224
2259000000,-21.587816
2260000000,-21.615881
2261000000,-21.587122
2262000000,-21.54192
2263000000,-21.63975
2264000000,-21.653873
2265000000,-21.625364
2266000000,-21.594652
2267000000,-21.546114
2268000000,-21.639032
2269000000,-21.56329
2270000000,-21.614233
2271000000,-21.525644
2272000000,-21.591991
2273000000,-21.610777
2274000000,-21.573805
2275000000,-21.58625
2276000000,-21.60059
2277000000,-21.577044
2278000000,-21.555347
2279000000,-21.500227
2280000000,-21.576185
2281000000,-21.525848
2282000000,-21.521025
2283000000,-21.527124
2284000000,-21.541155
2285000000,-21.529749
2286000000,-21.566917
2287000000,-21.547537
2288000000,-21.524099
2289000000,-21.549911
2290000000,-21.48461
2291000000,-21.49511
2292000000,-21.565783
2293000000,-21.51988
2294000000,-21.490023
2295000000,-21.48443
2296000000,-21.504385
2297000000,-21.503002
2298000000,-21.513792
2299000000,-21.54785
2300000000,-21.515072
2301000000,-21.551245
2302000000,-21.449438
2303000000,-21.520658
2304000000,-21.449402
2305000000,-21.485094
2306000000,-21.446959
2307000000,-21.466425
2308000000,-21.456638
2309000000,-21.438091
2310000000,-21.439297
2311000000,-21.420967
2312000000,-21.443199
2313000000,-21.430302
2314000000,-21.376848
2315000000,-21.441412
2316000000,-21.433483
2317000000,-21.446262
2318000000,-21.38728
2319000000,-21.441553
2320000000,-21.385912
2321000000,-21.407141
2322000000,-21.350441
2323000000,-21.428417
2324000000,-21.376242
2325000000,-21.360765
2326000000,-21.372263
2327000000,-21.416182
2328000000,-21.3307
2329000000,-21.344374
2330000000,-21.336033
2331000000,-21.447834
2332000000,-21.341236
2333000000,-21.337269
2334000000,-21.272705
2335000000,-21.325247
2336000000,-21.303988
2337000000,-21.335798
2338000000,-21.299902
2339000000,-21.308258
2340000000,-21.329432
2341000000,-21.284121
2342000000,-21.246645
2343000000,-21.23638
2344000000,-21.286827
2345000000,-21.241476
2346000000,-21.227215
2347000000,-21.223335
2348000000,-21.187111
2349000000,-21.218166
2350000000,-21.248951
2351000000,-21.174725
2352000000,-21.231222
2353000000,-21.198368
2354000000,-21.192045
2355000000,-21.141586
2356000000,-21.138359
2357000000,-21.108948
2358000000,-21.1262
2359000000,-21.19171
2360000000,-21.174685
2361000000,-21.18342
2362000000,-21.151022
2363000000,-21.134649
2364000000,-21.146309
2365000000,-21.138605
2366000000,-21.110596
2367000000,-21.07305
2368000000,-21.074425
2369000000,-21.059608
2370000000,-21.117306
2371000000,-21.078983
2372000000,-21.064487
2373000000,-21.07324
2374000000,-21.093132
2375000000,-20.969564
2376000000,-21.067896
2377000000,-21.043676
2378000000,-21.031204
2379000000,-21.059811
2380000000,-21.03529
2381000000,-21.018841
2382000000,-20.962955
2383000000,-20.977249
2384000000,-21.001923
2385000000,-20.969513
2386000000,-20.935043
2387000000,-20.933735
2388000000,-20.86603
2389000000,-20.880634
2390000000,-20.935122
2391000000,-20.896544
2392000000,-20.887667
2393000000,-20.894279
2394000000,-20.838263
2395000000,-20.897026
2396000000,-20.854931
2397000000,-20.821795
2398000000,-20.815031
2399000000,-20.768322
2400000000,-20.786665
2401000000,-20.797598
2402000000,-20.790939
2403000000,-20.788826
2404000000,-20.80237
2405000000,-20.782763
2406000000,-20.77813
2407000000,-20.744072
2408000000,-20.725378
2409000000,-20.712496
2410000000,-20.702291
2411000000,-20.691086
2412000000,-20.742741
2413000000,-20.626574
2414000000,-20.723349
2415000000,-20.669836
2416000000,-20.662197
2417000000,-20.696596
2418000000,-20.602844
2419000000,-20.63303
2420000000,-20.622021
2421000000,-20.585716
2422000000,-20.578821
2423000000,-20.626879
2424000000,-20.568153
2425000000,-20.602562
2426000000,-20.545057
2427000000,-20.570864
2428000000,-20.563335
2429000000,-20.52948
2430000000,-20.519253
2431000000,-20.45747
2432000000,-20.45467
2433000000,-20.465168
2434000000,-20.494892
2435000000,-20.40053
2436000000,-20.450081
2437000000,-20.430704
2438000000,-20.383152
2439000000,-20.394482
2440000000,-20.407425
2441000000,-20.395248
2442000000,-20.34712
2443000000,-20.375349
2444000000,-20.375027
2445000000,-20.359385
2446000000,-20.35887
2447000000,-20.323139
2448000000,-20.303423
2449000000,-20.274155
2450000000,-20.366947
2451000000,-20.321978
2452000000,-20.348345
2453000000,-20.273222
2454000000,-20.289362
2455000000,-20.246387
2456000000,-20.272799
2457000000,-20.206686
2458000000,-20.190506
2459000000,-20.173759
2460000000,-20.18749
2461000000,-20.226585
2462000000,-20.146769
2463000000,-20.186125
2464000000,-20.156458
2465000000,-20.17963
2466000000,-20.136263
2467000000,-20.12089
2468000000,-20.136606
2469000000,-20.063951
2470000000,-20.088736
2471000000,-20.113956
2472000000,-20.062428
2473000000,-20.064066
2474000000,-20.054695
2475000000,-20.074234
2476000000,-20.046909
2477000000,-20.051039
2478000000,-20.059002
2479000000,-20.061857
2480000000,-20.007654
2481000000,-20.045935
2482000000,-19.959326
2483000000,-19.928949
2484000000,-19.983059
2485000000,-19.913998
2486000000,-19.947533
2487000000,-19.924129
2488000000,-19.962187
2489000000,-19.927275
2490000000,-19.902548
2491000000,-19.884495
2492000000,-19.889683
2493000000,-19.831186
2494000000,-19.863243
2495000000,-19.841228
2496000000,-19.824434
2497000000,-19.839033
2498000000,-19.791355
2499000000,-19.815836
2500000000,-19.799267
2501000000,-19.757675
2502000000,-19.734076
2503000000,-19.738855
2504000000,-19.747629
2505000000,-19.630255
2506000000,-19.705355
2507000000,-19.682594
2508000000,-19.682354
2509000000,-19.722542
2510000000,-19.645205
2511000000,-19.646257
2512000000,-19.657518
2513000000,-19.60891
2514000000,-19.589861
2515000000,-19.626198
2516000000,-19.620573
2517000000,-19.552145
2518000000,-19.574423
2519000000,-19.561199
2520000000,-19.584003
2521000000,-19.450134
2522000000,-19.490185
2523000000,-19.54814
2524000000,-19.508322
2525000000,-19.475201
2526000000,-19.455996
2527000000,-19.497972
2528000000,-19.455147
2529000000,-19.432318
2530000000,-19.433306
2531000000,-19.442327
2532000000,-19.403131
2533000000,-19.409937
2534000000,-19.377617
2535000000,-19.392067
2536000000,-19.337629
2537000000,-19.363634
2538000000,-19.351871
2539000000,-19.305923
2540000000,-19.276136
2541000000,-19.320171
2542000000,-19.33153
2543000000,-19.265678
2544000000,-19.267475
2545000000,-19.223709
2546000000,-19.229094
2547000000,-19.222673
2548000000,-19.199524
2549000000,-19.215992
2550000000,-19.182625
2551000000,-19.124607
2552000000,-19.143179
2553000000,-19.133825
2554000000,-19.114767
2555000000,-19.123547
2556000000,-19.148674
2557000000,-19.115196
2558000000,-19.039913
2559000000,-19.066696
2560000000,-19.047005
2561000000,-19.04213
2562000000,-19.048557
2563000000,-18.93738
2564000000,-19.007832
2565000000,-18.953812
2566000000,-18.962605
2567000000,-18.972214
2568000000,-18.931892
2569000000,-18.873657
2570000000,-18.917683
2571000000,-18.877319
2572000000,-18.938435
2573000000,-18.838486
2574000000,-18.821106
2575000000,-18.903244
2576000000,-18.822094
2577000000,-18.862265
2578000000,-18.789068
2579000000,-18.782484
2580000000,-18.795137
2581000000,-18.780382
2582000000,-18.739691
2583000000,-18.719883
2584000000,-18.76619
2585000000,-18.766485
2586000000,-18.702711
2587000000,-18.684637
2588000000,-18.705383
2589000000,-18.691597
2590000000,-18.627653
2591000000,-18.625118
2592000000,-18.661848
2593000000,-18.654093
2594000000,-18.634548
2595000000,-18.575758
2596000000,-18.594105
2597000000,-18.505436
2598000000,-18.553627
2599000000,-18.486643
2600000000,-18.534254
2601000000,-18.509998
2602000000,-18.504555
2603000000,-18.47279
2604000000,-18.451319
2605000000,-18.433023
2606000000,-18.439205
2607000000,-18.421078
2608000000,-18.393368
2609000000,-18.356396
2610000000,-18.365604
2611000000,-18.375662
2612000000,-18.366329
2613000000,-18.348564
2614000000,-18.366024
2615000000,-18.286209
2616000000,-18.273609
2617000000,-18.304602
2618000000,-18.24794
2619000000,-18.277134
2620000000,-18.231962
2621000000,-18.186335
2622000000,-18.203894
2623000000,-18.195726
2624000000,-18.155123
2625000000,-18.17403
2626000000,-18.154339
2627000000,-18.148094
2628000000,-18.107183
2629000000,-18.112442
2630000000,-18.086075
2631000000,-18.14624
2632000000,-18.072893
2633000000,-18.027693
2634000000,-18.036497
2635000000,-17.997974
2636000000,-18.082918
2637000000,-18.030949
2638000000,-17.993071
2639000000,-17.949608
2640000000,-17.942904
2641000000,-17.967022
2642000000,-17.927731
2643000000,-17.909241
2644000000,-17.891375
2645000000,-17.907129
2646000000,-17.826529
2647000000,-17.831436
2648000000,-17.836376
2649000000,-17.8736
2650000000,-17.820704
2651000000,-17.821918
2652000000,-17.767517
2653000000,-17.830202
2654000000,-17.800461
2655000000,-17.707005
2656000000,-17.737019
2657000000,-17.780729
2658000000,-17.76198
2659000000,-17.697977
2660000000,-17.675873
2661000000,-17.690594
2662000000,-17.697323
2663000000,-17.600929
2664000000,-17.595879
2665000000,-17.57741
2666000000,-17.607969
2667000000,-17.587999
2668000000,-17.597979
2669000000,-17.536545
2670000000,-17.533873
2671000000,-17.511745
2672000000,-17.499931
2673000000,-17.447655
2674000000,-17.428593
2675000000,-17.488661
2676000000,-17.443371
2677000000,-17.468935
2678000000,-17.339569
2679000000,-17.427334
2680000000,-17.36375
2681000000,-17.415564
2682000000,-17.399368
2683000000,-17.404367
2684000000,-17.335629
2685000000,-17.317524
2686000000,-17.302366
2687000000,-17.290989
2688000000,-17.275461
2689000000,-17.255484
2690000000,-17.251623
2691000000,-17.249208
2692000000,-17.2374
2693000000,-17.222841
2694000000,-17.175974
2695000000,-17.182915
2696000000,-17.170002
2697000000,-17.11043
2698000000,-17.134769
2699000000,-17.104515
2700000000,-17.106373
2701000000,-17.111879
2702000000,-17.116116
2703000000,-17.044315
2704000000,-17.062057
2705000000,-17.042131
2706000000,-17.038189
2707000000,-17.032803
2708000000,-17.005358
2709000000,-16.953411
2710000000,-16.989841
2711000000,-16.973553
2712000000,-16.936266
2713000000,-16.90416
2714000000,-16.962643
2715000000,-16.87674
2716000000,-16.8508
2717000000,-16.860556
2718000000,-16.822794
2719000000,-16.857292
2720000000,-16.838861
2721000000,-16.770588
2722000000,-16.783653
2723000000,-16.745401
2724000000,-16.730625
2725000000,-16.722542
2726000000,-16.703083
2727000000,-16.731009
2728000000,-16.688847
2729000000,-16.656233
2730000000,-16.625429
2731000000,-16.622423
2732000000,-16.661995
2733000000,-16.590849
2734000000,-16.562418
2735000000,-16.571615
2736000000,-16.55443
2737000000,-16.565601
2738000000,-16.573252
2739000000,-16.508671
2740000000,-16.530022
2741000000,-16.430094
2742000000,-16.484238
2743000000,-16.488447
2744000000,-16.459446
2745000000,-16.430874
2746000000,-16.483274
2747000000,-16.4811
2748000000,-16.371368
2749000000,-16.391954
2750000000,-16.369328
2751000000,-16.37108
2752000000,-16.329121
2753000000,-16.366451
2754000000,-16.375372
2755000000,-16.256855
2756000000,-16.277288
2757000000,-16.260584
2758000000,-16.257854
2759000000,-16.2356
2760000000,-16.199297
2761000000,-16.194626
2762000000,-16.220192
2763000000,-16.149221
2764000000,-16.160868
2765000000,-16.186594
2766000000,-16.097065
2767000000,-16.1283
2768000000,-16.116373
2769000000,-16.042679
2770000000,-16.065266
2771000000,-16.026932
2772000000,-15.986733
2773000000,-16.016504
2774000000,-15.958571
2775000000,-15.936052
2776000000,-15.951555
2777000000,-15.926873
2778000000,-15.902264
2779000000,-15.946203
2780000000,-15.890117
2781000000,-15.870511
2782000000,-15.876268
2783000000,-15.86982
2784000000,-15.883301
2785000000,-15.794375
2786000000,-15.857375
2787000000,-15.808712
2788000000,-15.797235
2789000000,-15.735952
2790000000,-15.744027
2791000000,-15.711043
2792000000,-15.711176
2793000000,-15.713279
2794000000,-15.639704
2795000000,-15.745182
2796000000,-15.656927
2797000000,-15.692344
2798000000,-15.584438
2799000000,-15.610911
2800000000,-15.557353
2801000000,-15.576359
2802000000,-15.580561
2803000000,-15.601411
2804000000,-15.480441
2805000000,-15.569289
2806000000,-15.50535
2807000000,-15.501623
2808000000,-15.479191
2809000000,-15.551151
2810000000,-15.474453
2811000000,-15.389248
2812000000,-15.44875
2813000000,-15.376431
2814000000,-15.345294
2815000000,-15.330769
2816000000,-15.370045
2817000000,-15.294683
2818000000,-15.329734
2819000000,-15.309997
2820000000,-15.312972
2821000000,-15.281365
2822000000,-15.234782
2823000000,-15.255641
2824000000,-15.236501
2825000000,-15.226055
2826000000,-15.211863
2827000000,-15.188214
2828000000,-15.194993
2829000000,-15.173303
2830000000,-15.165749
2831000000,-15.138103
2832000000,-15.12146
2833000000,-15.077215
2834000000,-15.069992
2835000000,-15.081468
2836000000,-15.057895
2837000000,-15.062978
2838000000,-15.006265
2839000000,-14.97747
2840000000,-15.014504
2841000000,-14.950287
2842000000,-15.073872
2843000000,-14.994904
2844000000,-14.971924
2845000000,-14.903698
2846000000,-14.914093
2847000000,-14.907579
2848000000,-14.872739
2849000000,-14.847828
2850000000,-14.903461
2851000000,-14.828334
2852000000,-14.79136
2853000000,-14.79549
2854000000,-14.834732
2855000000,-14.766628
2856000000,-14.762584
2857000000,-14.794322
2858000000,-14.734703
2859000000,-14.771917
2860000000,-14.692888
2861000000,-14.765754
2862000000,-14.674789
2863000000,-14.670798
2864000000,-14.680146
2865000000,-14.679829
2866000000,-14.641406
2867000000,-14.606311
2868000000,-14.589677
2869000000,-14.554003
2870000000,-14.608839
2871000000,-14.589142
2872000000,-14.525954
2873000000,-14.487819
2874000000,-14.485117
2875000000,-14.486865
2876000000,-14.49891
2877000000,-14.502444
2878000000,-14.433805
2879000000,-14.377897
2880000000,-14.460454
2881000000,-14.385195
2882000000,-14.340762
2883000000,-14.330323
2884000000,-14.370872
2885000000,-14.330276
2886000000,-14.326038
2887000000,-14.287324
2888000000,-14.318312
2889000000,-14.278149
2890000000,-14.289726
2891000000,-14.229871
2892000000,-14.248447
2893000000,-14.22376
2894000000,-14.184049
2895000000,-14.233877
2896000000,-14.134293
2897000000,-14.196967
2898000000,-14.135084
2899000000,-14.146693
2900000000,-14.127219
2901000000,-14.104053
2902000000,-14.082557
2903000000,-14.071734
2904000000,-14.021083
2905000000,-14.056475
2906000000,-14.049333
2907000000,-13.998692
2908000000,-14.044908
2909000000,-13.961163
2910000000,-13.973124
2911000000,-13.940225
2912000000,-13.919003
2913000000,-13.970294
2914000000,-13.909868
2915000000,-13.920229
2916000000,-13.854412
2917000000,-13.921309
2918000000,-13.786646
2919000000,-13.856727
2920000000,-13.854424
2921000000,-13.770577
2922000000,-13.795517
2923000000,-13.78728
2924000000,-13.787719
2925000000,-13.750132
2926000000,-13.709845
2927000000,-13.748886
2928000000,-13.691208
2929000000,-13.616589
2930000000,-13.638995
2931000000,-13.692318
2932000000,-13.644144
2933000000,-13.649519
2934000000,-13.638758
2935000000,-13.565759
2936000000,-13.578657
2937000000,-13.555454
2938000000,-13.54808
2939000000,-13.567948
2940000000,-13.447839
2941000000,-13.525598
2942000000,-13.425636
2943000000,-13.436893
2944000000,-13.436116
2945000000,-13.387411
2946000000,-13.436546
2947000000,-13.346108
2948000000,-13.392553
2949000000,-13.425293
2950000000,-13.34124
2951000000,-13.373267
2952000000,-13.337585
2953000000,-13.2846
2954000000,-13.276261
2955000000,-13.273926
2956000000,-13.256572
2957000000,-13.24715
2958000000,-13.237517
2959000000,-13.213736
2960000000,-13.222117
2961000000,-13.194803
2962000000,-13.130844
2963000000,-13.206525
2964000000,-13.194454
2965000000,-13.147229
2966000000,-13.077215
2967000000,-13.061357
2968000000,-13.105929
2969000000,-13.026204
2970000000,-13.02579
2971000000,-13.015499
2972000000,-13.022035
2973000000,-13.00209
2974000000,-12.950463
2975000000,-12.91769
2976000000,-12.945207
2977000000,-12.941436
2978000000,-12.938498
2979000000,-12.92417
2980000000,-12.878092
2981000000,-12.878771
2982000000,-12.887467
2983000000,-12.827493
2984000000,-12.763256
2985000000,-12.838072
2986000000,-12.806742
2987000000,-12.820745
2988000000,-12.811482
2989000000,-12.701199
2990000000,-12.753291
2991000000,-12.67769
2992000000,-12.656004
2993000000,-12.690276
2994000000,-12.629762
2995000000,-12.628852
2996000000,-12.583364
2997000000,-12.633516
2998000000,-12.619642
2999000000,-12.552725
3000000000,-12.589941
3001000000,-12.532591
3002000000,-12.505959
3003000000,-12.567747
3004000000,-12.436415
3005000000,-12.485455
3006000000,-12.495014
3007000000,-12.489166
3008000000,-12.431639
3009000000,-12.489391
3010000000,-12.411619
3011000000,-12.408306
3012000000,-12.42531
3013000000,-12.382069
3014000000,-12.36707
3015000000,-12.357644
3016000000,-12.360934
3017000000,-12.281719
3018000000,-12.30642
3019000000,-12.27227
3020000000,-12.216998
3021000000,-12.275736
3022000000,-12.187251
3023000000,-12.290101
3024000000,-12.245456
3025000000,-12.237872
3026000000,-12.238837
3027000000,-12.144322
3028000000,-12.136376
3029000000,-12.107673
3030000000,-12.128003
3031000000,-12.152027
3032000000,-12.104122
3033000000,-12.068502
3034000000,-12.091524
3035000000,-12.030602
3036000000,-12.032975
3037000000,-12.024484
3038000000,-11.997801
3039000000,-11.955556
3040000000,-11.955754
3041000000,-11.939821
3042000000,-11.986512
3043000000,-11.950528
3044000000,-11.929495
3045000000,-11.88207
3046000000,-11.886559
3047000000,-11.92468
3048000000,-11.897366
3049000000,-11.839025
3050000000,-11.80534
3051000000,-11.822441
3052000000,-11.795074
3053000000,-11.777284
3054000000,-11.753944
3055000000,-11.718624
3056000000,-11.751499
3057000000,-11.700458
3058000000,-11.696705
3059000000,-11.715584
3060000000,-11.656523
3061000000,-11.688476
3062000000,-11.677825
3063000000,-11.65348
3064000000,-11.616636
3065000000,-11.592289
3066000000,-11.599367
3067000000,-11.634651
3068000000,-11.521045
3069000000,-11.580648
3070000000,-11.581357
3071000000,-11.521173
3072000000,-11.518033
3073000000,-11.465037
3074000000,-11.482159
3075000000,-11.49172
3076000000,-11.47674
3077000000,-11.390818
3078000000,-11.42889
3079000000,-11.423282
3080000000,-11.390553
3081000000,-11.422333
3082000000,-11.356342
3083000000,-11.339157
3084000000,-11.35061
3085000000,-11.329701
3086000000,-11.323177
3087000000,-11.305491
3088000000,-11.24894
3089000000,-11.23544
3090000000,-11.247121
3091000000,-11.279355
3092000000,-11.202992
3093000000,-11.20318
3094000000,-11.173638
3095000000,-11.186871
3096000000,-11.2114
3097000000,-11.17035
3098000000,-11.132895
3099000000,-11.161329
3100000000,-11.113941
3101000000,-11.084526
3102000000,-11.111265
3103000000,-11.082367
3104000000,-11.053435
3105000000,-11.047624
3106000000,-11.022884
3107000000,-10.993869
3108000000,-11.024784
3109000000,-11.004663
3110000000,-11.008859
3111000000,-10.967034
3112000000,-10.894067
3113000000,-10.939311
3114000000,-10.936386
3115000000,-10.904463
3116000000,-10.890159
3117000000,-10.882026
3118000000,-10.851087
3119000000,-10.812904
3120000000,-10.876411
3121000000,-10.879221
3122000000,-10.805642
3123000000,-10.812119
3124000000,-10.773075
3125000000,-10.766867
3126000000,-10.754512
3127000000,-10.727751
3128000000,-10.740524
3129000000,-10.722674
3130000000,-10.712669
3131000000,-10.66113
3132000000,-10.657664
3133000000,-10.663467
3134000000,-10.685143
3135000000,-10.681733
3136000000,-10.634127
3137000000,-10.608541
3138000000,-10.563153
3139000000,-10.602265
3140000000,-10.561452
3141000000,-10.578804
3142000000,-10.536021
3143000000,-10.509687
3144000000,-10.491049
3145000000,-10.521184
3146000000,-10.477445
3147000000,-10.479763
3148000000,-10.462967
3149000000,-10.425452
3150000000,-10.43982
3151000000,-10.444445
3152000000,-10.40696
3153000000,-10.427001
3154000000,-10.3647
3155000000,-10.375264
3156000000,-10.39384
3157000000,-10.352055
3158000000,-10.315358
3159000000,-10.28482
3160000000,-10.346601
3161000000,-10.293633
3162000000,-10.27709
3163000000,-10.319139
3164000000,-10.222788
3165000000,-10.22489
3166000000,-10.224713
3167000000,-10.24407
3168000000,-10.210155
3169000000,-10.202615
3170000000,-10.165023
3171000000,-10.191166
3172000000,-10.156856
3173000000,-10.162971
3174000000,-10.174555
3175000000,-10.11494
3176000000,-10.117644
3177000000,-10.103228
3178000000,-10.112951
3179000000,-10.106131
3180000000,-10.045689
3181000000,-10.087509
3182000000,-10.017791
3183000000,-10.037893
3184000000,-10.020391
3185000000,-10.028546
3186000000,-10.003465
3187000000,-10.008644
3188000000,-9.97756
3189000000,-10.008966
3190000000,-9.9468946
3191000000,-9.9449511
3192000000,-9.9746799
3193000000,-9.8937664
3194000000,-9.887495
3195000000,-9.8659267
3196000000,-9.863986
3197000000,-9.8702593
3198000000,-9.8486214
3199000000,-9.8364563
3200000000,-9.8310976
3201000000,-9.8229141
3202000000,-9.8247051
3203000000,-9.7958775
3204000000,-9.796175
3205000000,-9.7770395
3206000000,-9.7638378
3207000000,-9.7108765
3208000000,-9.7361736
3209000000,-9.7661753
3210000000,-9.7084618
3211000000,-9.6774883
3212000000,-9.6984882
3213000000,-9.673749
3214000000,-9.6855078
3215000000,-9.6576033
3216000000,-9.6304245
3217000000,-9.617178
3218000000,-9.6128378
3219000000,-9.6313572
3220000000,-9.5637779
3221000000,-9.5714483
3222000000,-9.6217966
3223000000,-9.5585918
3224000000,-9.5885754
3225000000,-9.5503006
3226000000,-9.5256653
3227000000,-9.5298948
3228000000,-9.5222425
3229000000,-9.5141802
3230000000,-9.4935617
3231000000,-9.4528093
3232000000,-9.405406
3233000000,-9.4641914
3234000000,-9.4572191
3235000000,-9.4097137
3236000000,-9.3987083
3237000000,-9.4152889
3238000000,-9.3877611
3239000000,-9.4098854
3240000000,-9.3833437
3241000000,-9.3219805
3242000000,-9.3437901
3243000000,-9.3603706
3244000000,-9.3563547
3245000000,-9.3193874
3246000000,-9.3696718
3247000000,-9.3008966
3248000000,-9.320159
3249000000,-9.2842054
3250000000,-9.2278891
3251000000,-9.2398911
3252000000,-9.1961308
3253000000,-9.2359476
3254000000,-9.2244186
3255000000,-9.1984921
3256000000,-9.205368
3257000000,-9.2019739
3258000000,-9.1894779
3259000000,-9.1508131
3260000000,-9.1225958
3261000000,-9.1831884
3262000000,-9.1366987
3263000000,-9.1069279
3264000000,-9.1165371
3265000000,-9.095789
3266000000,-9.0978956
3267000000,-9.0554104
3268000000,-9.0624676
3269000000,-9.0194597
3270000000,-9.0385981
3271000000,-9.0205536
3272000000,-9.0324507
3273000000,-8.986269
3274000000,-8.9716997
3275000000,-8.9822569
3276000000,-8.9789524
3277000000,-8.9381485
3278000000,-8.9331779
3279000000,-8.9825583
3280000000,-8.9401474
3281000000,-8.9435902
3282000000,-8.9135799
3283000000,-8.9043055
3284000000,-8.868104
3285000000,-8.9172735
3286000000,-8.8818092
3287000000,-8.8478432
3288000000,-8.8345394
3289000000,-8.8311405
3290000000,-8.849143
3291000000,-8.8402977
3292000000,-8.7740974
3293000000,-8.8037376
3294000000,-8.7910223
3295000000,-8.8038788
3296000000,-8.7381516
3297000000,-8.7351112
3298000000,-8.7547979
3299000000,-8.7272072
3300000000,-8.7580547
3301000000,-8.6836452
3302000000,-8.7184973
3303000000,-8.7117844
3304000000,-8.7048378
3305000000,-8.6979103
3306000000,-8.6669636
3307000000,-8.651866
3308000000,-8.6471519
3309000000,-8.6444635
3310000000,-8.6224174
3311000000,-8.6280203
3312000000,-8.6048317
3313000000,-8.5968752
3314000000,-8.5824461
3315000000,-8.5640078
3316000000,-8.5383873
3317000000,-8.5336618
3318000000,-8.5325546
3319000000,-8.5360327
3320000000,-8.5536356
3321000000,-8.4721785
3322000000,-8.5252781
3323000000,-8.4952459
3324000000,-8.4607935
3325000000,-8.4480438
3326000000,-8.4388456
3327000000,-8.454402
3328000000,-8.4429026
3329000000,-8.4151697
3330000000,-8.3777237
3331000000,-8.4054575
3332000000,-8.4268684
3333000000,-8.3352671
3334000000,-8.3972187
3335000000,-8.3762598
3336000000,-8.3690367
3337000000,-8.3312969
3338000000,-8.345953
3339000000,-8.2991838
3340000000,-8.2963409
3341000000,-8.3317413
3342000000,-8.3302975
3343000000,-8.3279381
3344000000,-8.25737
3345000000,-8.3014822
3346000000,-8.2461538
3347000000,-8.2618313
3348000000,-8.2730331
3349000000,-8.2145395
3350000000,-8.2422037
3351000000,-8.2112284
3352000000,-8.1828251
3353000000,-8.1881638
3354000000,-8.1755285
3355000000,-8.1743784
3356000000,-8.1834059
3357000000,-8.1335831
3358000000,-8.1373215
3359000000,-8.1373739
3360000000,-8.1050825
3361000000,-8.1263895
3362000000,-8.0862589
3363000000,-8.0786142
3364000000,-8.0572853
3365000000,-8.0869417
3366000000,-8.0642529
3367000000,-8.0589485
3368000000,-8.0513067
3369000000,-8.0190659
3370000000,-8.0588474
3371000000,-8.0188646
3372000000,-8.0017109
3373000000,-8.0124369
3374000000,-7.9968843
3375000000,-7.9991779
3376000000,-7.9511733
3377000000,-7.9886928
3378000000,-7.9734015
3379000000,-7.9759431
3380000000,-7.9460974
3381000000,-7.9226041
3382000000,-7.9009209
3383000000,-7.924777
3384000000,-7.920342
3385000000,-7.8813915
3386000000,-7.8876271
3387000000,-7.8625422
3388000000,-7.8659472
3389000000,-7.8353672
3390000000,-7.8518353
3391000000,-7.8539114
3392000000,-7.8336372
3393000000,-7.8156867
3394000000,-7.8383551
3395000000,-7.7974648
3396000000,-7.7971287
3397000000,-7.7780747
3398000000,-7.8033304
3399000000,-7.7605495
3400000000,-7.757865
3401000000,-7.731349
3402000000,-7.742589
3403000000,-7.7341957
3404000000,-7.7225437
3405000000,-7.710464
3406000000,-7.7039084
3407000000,-7.7005067
3408000000,-7.682261
3409000000,-7.664072
3410000000,-7.6563077
3411000000,-7.6482682
3412000000,-7.6116672
3413000000,-7.662715
3414000000,-7.6184187
3415000000,-7.6207123
3416000000,-7.6058192
3417000000,-7.6228876
3418000000,-7.5857749
3419000000,-7.5773835
3420000000,-7.6102495
3421000000,-7.556118
3422000000,-7.6015687
3423000000,-7.5377836
3424000000,-7.5547657
3425000000,-7.5463638
3426000000,-7.5230756
3427000000,-7.4971333
3428000000,-7.5014009
3429000000,-7.4721098
3430000000,-7.4818931
3431000000,-7.4591932
3432000000,-7.4624882
3433000000,-7.4759474
3434000000,-7.4758859
3435000000,-7.4540858
3436000000,-7.4274745
3437000000,-7.4272676
3438000000,-7.4338479
3439000000,-7.4027672
3440000000,-7.4114714
3441000000,-7.3921676
3442000000,-7.3896651
3443000000,-7.3738942
3444000000,-7.3760967
3445000000,-7.3427224
3446000000,-7.3499966
3447000000,-7.3496237
3448000000,-7.3378477
3449000000,-7.2970047
3450000000,-7.3086858
3451000000,-7.3023982
3452000000,-7.3052316
3453000000,-7.2683849
3454000000,-7.2509079
3455000000,-7.2515745
3456000000,-7.2273197
3457000000,-7.2342849
3458000000,-7.2750258
3459000000,-7.2053304
3460000000,-7.2186012
3461000000,-7.2360873
3462000000,-7.2168074
3463000000,-7.1760511
3464000000,-7.1824584
3465000000,-7.1771975
3466000000,-7.1946273
3467000000,-7.1994214
3468000000,-7.1445451
3469000000,-7.1379471
3470000000,-7.1515417
3471000000,-7.1426687
3472000000,-7.152946
3473000000,-7.110652
3474000000,-7.1308317
3475000000,-7.1064782
3476000000,-7.1195312
3477000000,-7.0762038
3478000000,-7.0798368
3479000000,-7.0890908
3480000000,-7.054667
3481000000,-7.0574589
3482000000,-7.0323915
3483000000,-6.9973555
3484000000,-7.0151114
3485000000,-7.045774
3486000000,-6.9576082
3487000000,-7.0043573
3488000000,-6.9892626
3489000000,-6.9701123
3490000000,-6.9644365
3491000000,-6.9689636
3492000000,-6.9487915
3493000000,-6.9519997
3494000000,-6.9424543
3495000000,-6.9376717
3496000000,-6.9420662
3497000000,-6.9021997
3498000000,-6.9127464
3499000000,-6.9259968
3500000000,-6.9079137
3501000000,-6.8839836
3502000000,-6.8694663
3503000000,-6.8704882
3504000000,-6.8329945
3505000000,-6.8496418
3506000000,-6.814857
3507000000,-6.8128681
3508000000,-6.8259726
3509000000,-6.8163157
3510000000,-6.7950344
3511000000,-6.7951064
3512000000,-6.7967515
3513000000,-6.8045535
3514000000,-6.796464
3515000000,-6.7613111
3516000000,-6.7831297
3517000000,-6.7394562
3518000000,-6.7261729
3519000000,-6.7554674
3520000000,-6.7144709
3521000000,-6.720624
3522000000,-6.7457743
3523000000,-6.6768141
3524000000,-6.679316
3525000000,-6.6567082
3526000000,-6.6838984
3527000000,-6.6940026
3528000000,-6.6537323
3529000000,-6.6491246
3530000000,-6.6532183
3531000000,-6.619885
3532000000,-6.6264396
3533000000,-6.6263065
3534000000,-6.5898628
3535000000,-6.5825467
3536000000,-6.5949192
3537000000,-6.5688896
3538000000,-6.5967078
3539000000,-6.5605111
3540000000,-6.5572133
3541000000,-6.5748415
3542000000,-6.5494223
3543000000,-6.5229278
3544000000,-6.5158763
3545000000,-6.4975696
3546000000,-6.5203753
3547000000,-6.4699469
3548000000,-6.5213814
3549000000,-6.4601221
3550000000,-6.4879951
3551000000,-6.4523797
3552000000,-6.4765778
3553000000,-6.4393277
3554000000,-6.4521565
3555000000,-6.4239039
3556000000,-6.419817
3557000000,-6.370616
3558000000,-6.4021544
3559000000,-6.4228997
3560000000,-6.3954473
3561000000,-6.363575
3562000000,-6.4043121
3563000000,-6.3535576
3564000000,-6.3561249
3565000000,-6.3487768
3566000000,-6.3591814
3567000000,-6.3301988
3568000000,-6.3060479
3569000000,-6.3411927
3570000000,-6.308527
3571000000,-6.3293257
3572000000,-6.3076186
3573000000,-6.2649431
3574000000,-6.2682805
3575000000,-6.2613182
3576000000,-6.2593246
3577000000,-6.236907
3578000000,-6.2652159
3579000000,-6.2233868
3580000000,-6.2466321
3581000000,-6.2508087
3582000000,-6.215023
3583000000,-6.231235
3584000000,-6.2350531
3585000000,-6.2130957
3586000000,-6.1738381
3587000000,-6.1879082
3588000000,-6.171885
3589000000,-6.1280828
3590000000,-6.1591573
3591000000,-6.1341534
3592000000,-6.1428008
3593000000,-6.1051831
3594000000,-6.1136851
3595000000,-6.1673927
3596000000,-6.1107492
3597000000,-6.1438265
3598000000,-6.0922189
3599000000,-6.078516
3600000000,-6.067976
3601000000,-6.066874
3602000000,-6.0827379
3603000000,-6.0302143
3604000000,-6.0567021
3605000000,-6.023665
3606000000,-6.0082788
3607000000,-6.0311427
3608000000,-6.0340734
3609000000,-6.0275407
3610000000,-6.0375385
3611000000,-5.9628859
3612000000,-6.0107355
3613000000,-5.9762387
3614000000,-5.9715281
3615000000,-5.983767
3616000000,-5.9632139
3617000000,-5.9437175
3618000000,-5.9569645
3619000000,-5.963695
3620000000,-5.9487276
3621000000,-5.8862681
3622000000,-5.9220934
3623000000,-5.8870091
3624000000,-5.8879504
3625000000,-5.9153934
3626000000,-5.8974152
3627000000,-5.8746958
3628000000,-5.8672605
3629000000,-5.8405662
3630000000,-5.8407435
3631000000,-5.8407555
3632000000,-5.8391829
3633000000,-5.8504496
3634000000,-5.8278475
3635000000,-5.7875667
3636000000,-5.8152804
3637000000,-5.8289671
3638000000,-5.7972822
3639000000,-5.7855783
3640000000,-5.8070855
3641000000,-5.8045287
3642000000,-5.7709966
3643000000,-5.7593446
3644000000,-5.7129421
3645000000,-5.7226028
3646000000,-5.6912193
3647000000,-5.729403
3648000000,-5.7319794
3649000000,-5.729043
3650000000,-5.6784186
3651000000,-5.7018557
3652000000,-5.6848264
3653000000,-5.6924572
3654000000,-5.6873541
3655000000,-5.6779318
3656000000,-5.658412
3657000000,-5.6681905
3658000000,-5.6169262
3659000000,-5.6534925
3660000000,-5.6303878
3661000000,-5.6327786
3662000000,-5.6280336
3663000000,-5.628263
3664000000,-5.6025796
3665000000,-5.6144552
3666000000,-5.6091094
3667000000,-5.5828366
3668000000,-5.6033616
3669000000,-5.5471959
3670000000,-5.5676136
3671000000,-5.5659308
3672000000,-5.5539618
3673000000,-5.5473967
3674000000,-5.5418205
3675000000,-5.5691929
3676000000,-5.522079
3677000000,-5.5184822
3678000000,-5.5163736
3679000000,-5.5138969
3680000000,-5.4918351
3681000000,-5.5283666
3682000000,-5.483676
3683000000,-5.4848146
3684000000,-5.4652572
3685000000,-5.4702182
3686000000,-5.4608884
3687000000,-5.4731922
3688000000,-5.4612489
3689000000,-5.4605899
3690000000,-5.4366379
3691000000,-5.4098029
3692000000,-5.4202847
3693000000,-5.4478598
3694000000,-5.4076085
3695000000,-5.3885393
3696000000,-5.3885217
3697000000,-5.4005857
3698000000,-5.3642144
3699000000,-5.3831487
3700000000,-5.3437872
3701000000,-5.3786893
3702000000,-5.3626442
3703000000,-5.3558917
3704000000,-5.3651361
3705000000,-5.3561273
3706000000,-5.378644
3707000000,-5.3181701
3708000000,-5.3490653
3709000000,-5.2735677
3710000000,-5.337173
3711000000,-5.3425059
3712000000,-5.328732
3713000000,-5.2690501
3714000000,-5.2954869
3715000000,-5.2889462
3716000000,-5.279923
3717000000,-5.2562165
3718000000,-5.2727847
3719000000,-5.2473726
3720000000,-5.2573776
3721000000,-5.2419729
3722000000,-5.2621689
3723000000,-5.2390151
3724000000,-5.236053
3725000000,-5.2156849
3726000000,-5.2235823
3727000000,-5.2191467
3728000000,-5.2219467
3729000000,-5.2243514
3730000000,-5.2103004
3731000000,-5.1815767
3732000000,-5.1811304
3733000000,-5.1973701
3734000000,-5.1529927
3735000000,-5.1576614
3736000000,-5.1363497
3737000000,-5.112617
3738000000,-5.1689892
3739000000,-5.1160989
3740000000,-5.150558
3741000000,-5.1347942
3742000000,-5.1117063
3743000000,-5.1395211
3744000000,-5.087307
3745000000,-5.0889955
3746000000,-5.0723538
3747000000,-5.0717654
3748000000,-5.061285
3749000000,-5.0581169
3750000000,-5.07833
3751000000,-5.0622134
3752000000,-5.0357103
3753000000,-5.0200028
3754000000,-5.0266604
3755000000,-5.0774817
3756000000,-5.0109186
3757000000,-5.0151753
3758000000,-5.0126829
3759000000,-5.0184565
3760000000,-5.0322366
3761000000,-4.9820242
3762000000,-5.015214
3763000000,-4.987124
3764000000,-5.0145602
3765000000,-4.9852738
3766000000,-4.9762664
3767000000,-4.9556699
3768000000,-4.9651651
3769000000,-5.031631
3770000000,-4.9437437
3771000000,-4.9520946
3772000000,-4.9358258
3773000000,-4.9206033
3774000000,-4.8963375
3775000000,-4.9337163
3776000000,-4.9361916
3777000000,-4.8930793
3778000000,-4.8989983
3779000000,-4.8872461
3780000000,-4.8871608
3781000000,-4.8985386
3782000000,-4.8841996
3783000000,-4.9212284
3784000000,-4.8767352
3785000000,-4.8674035
3786000000,-4.8610454
3787000000,-4.830163
3788000000,-4.8470654
3789000000,-4.8530793
3790000000,-4.8417678
3791000000,-4.8327332
3792000000,-4.8321214
3793000000,-4.8146567
3794000000,-4.8132272
3795000000,-4.8051777
3796000000,-4.8222466
3797000000,-4.8305669
3798000000,-4.7917948
3799000000,-4.8015599
3800000000,-4.8119521
3801000000,-4.7879848
3802000000,-4.7872291
3803000000,-4.7753487
3804000000,-4.802711
3805000000,-4.7900286
3806000000,-4.781003
3807000000,-4.7610874
3808000000,-4.7865334
3809000000,-4.7189674
3810000000,-4.7136855
3811000000,-4.7415314
3812000000,-4.7354074
3813000000,-4.7605338
3814000000,-4.7182789
3815000000,-4.7059264
3816000000,-4.7162647
3817000000,-4.6954861
3818000000,-4.7270923
3819000000,-4.6868272
3820000000,-4.6661339
3821000000,-4.7034044
3822000000,-4.6916771
3823000000,-4.6900072
3824000000,-4.6664171
3825000000,-4.6559491
3826000000,-4.7015209
3827000000,-4.6793585
3828000000,-4.6953654
3829000000,-4.6343913
3830000000,-4.6714783
3831000000,-4.6447639
3832000000,-4.6533818
3833000000,-4.6559377
3834000000,-4.6440759
3835000000,-4.6286564
3836000000,-4.6107764
3837000000,-4.6369195
3838000000,-4.6099415
3839000000,-4.6137671
3840000000,-4.5964079
3841000000,-4.5878277
3842000000,-4.6165705
3843000000,-4.5786991
3844000000,-4.5832529
3845000000,-4.633359
3846000000,-4.5922713
3847000000,-4.5502925
3848000000,-4.5682669
3849000000,-4.5610485
3850000000,-4.5760889
3851000000,-4.5475054
3852000000,-4.5683022
3853000000,-4.5631962
3854000000,-4.5473933
3855000000,-4.580924
3856000000,-4.5516901
3857000000,-4.541357
3858000000,-4.4971251
3859000000,-4.5189042
3860000000,-4.5283165
3861000000,-4.5160904
3862000000,-4.5023522
3863000000,-4.4780049
3864000000,-4.5277953
3865000000,-4.521493
3866000000,-4.5189362
3867000000,-4.4487329
3868000000,-4.454411
3869000000,-4.5023384
3870000000,-4.4626064
3871000000,-4.4952316
3872000000,-4.4718528
3873000000,-4.4817157
3874000000,-4.4734149
3875000000,-4.4806938
3876000000,-4.4714527
3877000000,-4.4760571
3878000000,-4.4454927
3879000000,-4.4509854
3880000000,-4.4661884
3881000000,-4.4323831
3882000000,-4.4582233
3883000000,-4.4749413
3884000000,-4.4676843
3885000000,-4.4343185
3886000000,-4.447834
3887000000,-4.4336214
3888000000,-4.4493446
3889000000,-4.4332719
3890000000,-4.4196305
3891000000,-4.3786063
3892000000,-4.4065943
3893000000,-4.3784914
3894000000,-4.390491
3895000000,-4.3980842
3896000000,-4.386857
3897000000,-4.3784947
3898000000,-4.3709745
3899000000,-4.3763933
3900000000,-4.3849115
3901000000,-4.3145494
3902000000,-4.3611555
3903000000,-4.3802762
3904000000,-4.3367481
3905000000,-4.369173
3906000000,-4.3513474
3907000000,-4.3526778
3908000000,-4.3339019
3909000000,-4.346869
3910000000,-4.3082113
3911000000,-4.3022966
3912000000,-4.3232021
3913000000,-4.3173366
3914000000,-4.2900906
3915000000,-4.3163543
3916000000,-4.3410006
3917000000,-4.3186698
3918000000,-4.3112154
3919000000,-4.3006334
3920000000,-4.2782331
3921000000,-4.3143644
3922000000,-4.3295703
3923000000,-4.3155069
3924000000,-4.3177605
3925000000,-4.2725787
3926000000,-4.2433863
3927000000,-4.2631054
3928000000,-4.2843485
3929000000,-4.2988939
3930000000,-4.2736797
3931000000,-4.2779098
3932000000,-4.268702
3933000000,-4.2718263
3934000000,-4.2566962
3935000000,-4.2420907
3936000000,-4.2630954
3937000000,-4.2350297
3938000000,-4.244832
3939000000,-4.2412434
3940000000,-4.2060137
3941000000,-4.2517676
3942000000,-4.2516346
3943000000,-4.1828709
3944000000,-4.2646213
3945000000,-4.228538
3946000000,-4.2322521
3947000000,-4.2139487
3948000000,-4.1738758
3949000000,-4.1749792
3950000000,-4.1933165
3951000000,-4.2262526
3952000000,-4.1775918
3953000000,-4.195147
3954000000,-4.1914272
3955000000,-4.2148242
3956000000,-4.2321253
3957000000,-4.1758447
3958000000,-4.166142
3959000000,-4.1878166
3960000000,-4.1737843
3961000000,-4.1561041
3962000000,-4.1586833
3963000000,-4.1481709
3964000000,-4.1624117
3965000000,-4.1594629
3966000000,-4.1522422
3967000000,-4.1298852
3968000000,-4.1303196
3969000000,-4.162344
3970000000,-4.1329412
3971000000,-4.1342125
3972000000,-4.1628151
3973000000,-4.1198215
3974000000,-4.1324143
3975000000,-4.0657873
3976000000,-4.1556945
3977000000,-4.154079
3978000000,-4.1178432
3979000000,-4.1254616
3980000000,-4.1292109
3981000000,-4.0988669
3982000000,-4.0839977
3983000000,-4.0532346
3984000000,-4.1102257
3985000000,-4.1174273
3986000000,-4.0909843
3987000000,-4.0948577
3988000000,-4.0616779
3989000000,-4.093473
3990000000,-4.0538154
3991000000,-4.0987983
3992000000,-4.0682755
3993000000,-4.0594239
3994000000,-4.0139232
3995000000,-4.0346036
3996000000,-4.0423346
3997000000,-4.049839
3998000000,-4.0322552
3999000000,-4.0549197
4000000000,-4.06075
4001000000,-4.0477667
4002000000,-4.0482554
4003000000,-4.0154715
4004000000,-4.0182519
4005000000,-4.0089812
4006000000,-4.0426478
4007000000,-4.0141625
4008000000,-4.0203257
4009000000,-4.0082784
4010000000,-4.0085516
4011000000,-3.9934614
4012000000,-4.0329862
4013000000,-3.9908888
4014000000,-3.994122
4015000000,-4.0279212
4016000000,-3.9990973
4017000000,-3.9781945
4018000000,-3.9387283
4019000000,-3.9904673
4020000000,-3.9799144
4021000000,-3.9909375
4022000000,-4.0125823
4023000000,-3.9697106
4024000000,-3.9634221
4025000000,-3.984442
4026000000,-3.9583673
4027000000,-3.9864645
4028000000,-3.9873312
4029000000,-3.9470227
4030000000,-3.9674547
4031000000,-3.9226916
4032000000,-3.9672949
4033000000,-3.9213161
4034000000,-3.9294233
4035000000,-3.9574769
4036000000,-3.9335387
4037000000,-3.9518225
4038000000,-3.9566486
4039000000,-3.9209981
4040000000,-3.9155288
4041000000,-3.946538
4042000000,-3.9212868
4043000000,-3.9200859
4044000000,-3.8896363
4045000000,-3.9049435
4046000000,-3.8828936
4047000000,-3.9057901
4048000000,-3.9055128
4049000000,-3.8975778
4050000000,-3.8796294
4051000000,-3.8963144
4052000000,-3.8995192
4053000000,-3.8949976
4054000000,-3.855741
4055000000,-3.8726606
4056000000,-3.8780506
4057000000,-3.8708777
4058000000,-3.8853409
4059000000,-3.8597558
4060000000,-3.8473611
4061000000,-3.8424294
4062000000,-3.8490663
4063000000,-3.8549311
4064000000,-3.8530431
4065000000,-3.8322914
4066000000,-3.8500109
4067000000,-3.8632827
4068000000,-3.8363535
4069000000,-3.8790865
4070000000,-3.8387501
4071000000,-3.8168797
4072000000,-3.8324411
4073000000,-3.8179119
4074000000,-3.8113132
4075000000,-3.8545403
4076000000,-3.822335
4077000000,-3.840472
4078000000,-3.8258739
4079000000,-3.8282232
4080000000,-3.8151269
4081000000,-3.8295922
4082000000,-3.8217978
4083000000,-3.8265531
4084000000,-3.7904081
4085000000,-3.8116589
4086000000,-3.8289006
4087000000,-3.7947063
4088000000,-3.7942615
4089000000,-3.8131926
4090000000,-3.8350358
4091000000,-3.7794514
4092000000,-3.7821314
4093000000,-3.8089514
4094000000,-3.7552166
4095000000,-3.7785175
4096000000,-3.7937827
4097000000,-3.7957315
4098000000,-3.8043973
4099000000,-3.7591608
4100000000,-3.7514577
4101000000,-3.7520287
4102000000,-3.7143455
4103000000,-3.7867424
4104000000,-3.7394745
4105000000,-3.7374506
4106000000,-3.7611907
4107000000,-3.7606554
4108000000,-3.7529955
4109000000,-3.7840605
4110000000,-3.7796004
4111000000,-3.7516596
4112000000,-3.7819443
4113000000,-3.7177267
4114000000,-3.7331617
4115000000,-3.7359679
4116000000,-3.7281349
4117000000,-3.7262523
4118000000,-3.7240422
4119000000,-3.7491786
4120000000,-3.7543097
4121000000,-3.7505605
4122000000,-3.7347293
4123000000,-3.7250259
4124000000,-3.6998162
4125000000,-3.7139292
4126000000,-3.7457247
4127000000,-3.698982
4128000000,-3.7266433
4129000000,-3.7008247
4130000000,-3.7271163
4131000000,-3.7292137
4132000000,-3.7109191
4133000000,-3.7123892
4134000000,-3.7082617
4135000000,-3.7389481
4136000000,-3.7191243
4137000000,-3.7115541
4138000000,-3.7058346
4139000000,-3.6996884
4140000000,-3.66875
4141000000,-3.7056966
4142000000,-3.662365
4143000000,-3.6660783
4144000000,-3.6842837
4145000000,-3.6772163
4146000000,-3.6423633
4147000000,-3.6343679
4148000000,-3.6732748
4149000000,-3.6870673
4150000000,-3.6441002
4151000000,-3.6764288
4152000000,-3.6289077
4153000000,-3.6443467
4154000000,-3.6235857
4155000000,-3.6628852
4156000000,-3.6745255
4157000000,-3.6537287
4158000000,-3.6363626
4159000000,-3.6365008
4160000000,-3.6327355
4161000000,-3.6155505
4162000000,-3.6172054
4163000000,-3.6169791
4164000000,-3.6444583
4165000000,-3.6133628
4166000000,-3.6210284
4167000000,-3.6250153
4168000000,-3.621079
4169000000,-3.6212223
4170000000,-3.6149685
4171000000,-3.6190882
4172000000,-3.5946591
4173000000,-3.5972605
4174000000,-3.6137552
4175000000,-3.6060772
4176000000,-3.601939
4177000000,-3.5834942
4178000000,-3.5867674
4179000000,-3.589973
4180000000,-3.5908427
4181000000,-3.5732608
4182000000,-3.5715463
4183000000,-3.585747
4184000000,-3.5747786
4185000000,-3.5700145
4186000000,-3.5902922
4187000000,-3.5845771
4188000000,-3.5761666
4189000000,-3.543721
4190000000,-3.5645771
4191000000,-3.548965
4192000000,-3.5555778
4193000000,-3.5332453
4194000000,-3.5834553
4195000000,-3.5521879
4196000000,-3.5406194
4197000000,-3.5648417
4198000000,-3.5936062
4199000000,-3.5723975
4200000000,-3.5268829
4201000000,-3.5590501
4202000000,-3.5071623
4203000000,-3.5418978
4204000000,-3.5564771
4205000000,-3.5397391
4206000000,-3.5250304
4207000000,-3.5331757
4208000000,-3.4998784
4209000000,-3.531801
4210000000,-3.5412259
4211000000,-3.5118847
4212000000,-3.4889994
4213000000,-3.5141397
4214000000,-3.4743454
4215000000,-3.5052218
4216000000,-3.5102367
4217000000,-3.4770486
4218000000,-3.498589
4219000000,-3.4822576
4220000000,-3.4892013
4221000000,-3.4861696
4222000000,-3.504555
4223000000,-3.4666786
4224000000,-3.471468
4225000000,-3.4806659
4226000000,-3.476182
4227000000,-3.494549
4228000000,-3.5129423
4229000000,-3.4935472
4230000000,-3.4707983
4231000000,-3.4962733
4232000000,-3.4822965
4233000000,-3.4868529
4234000000,-3.4173505
4235000000,-3.4564409
4236000000,-3.4540746
4237000000,-3.4630837
4238000000,-3.4492357
4239000000,-3.4301734
4240000000,-3.459722
4241000000,-3.4258006
4242000000,-3.4452698
4243000000,-3.4378755
4244000000,-3.4539669
4245000000,-3.4448164
4246000000,-3.4475689
4247000000,-3.4455931
4248000000,-3.4329727
4249000000,-3.4224291
4250000000,-3.3937519
4251000000,-3.4498172
4252000000,-3.4077101
4253000000,-3.4620252
4254000000,-3.440732
4255000000,-3.4064739
4256000000,-3.4442582
4257000000,-3.4149537
4258000000,-3.4046228
4259000000,-3.3913262
4260000000,-3.3878384
4261000000,-3.4026189
4262000000,-3.3978338
4263000000,-3.4051611
4264000000,-3.3732817
4265000000,-3.4012485
4266000000,-3.3556409
4267000000,-3.352536
4268000000,-3.3866501
4269000000,-3.3661065
4270000000,-3.3557551
4271000000,-3.361146
4272000000,-3.3758459
4273000000,-3.367393
4274000000,-3.353596
4275000000,-3.3776879
4276000000,-3.3834107
4277000000,-3.3670187
4278000000,-3.3552783
4279000000,-3.3911569
4280000000,-3.3750107
4281000000,-3.3692524
4282000000,-3.3568156
4283000000,-3.3512564
4284000000,-3.3635197
4285000000,-3.3287416
4286000000,-3.3600996
4287000000,-3.335876
4288000000,-3.3428416
4289000000,-3.3680317
4290000000,-3.3465734
4291000000,-3.3432801
4292000000,-3.305377
4293000000,-3.3318222
4294000000,-3.3253903
4295000000,-3.3695254
4296000000,-3.3417232
4297000000,-3.3366947
4298000000,-3.3163199
4299000000,-3.3286889
4300000000,-3.3343482
4301000000,-3.3314292
4302000000,-3.3068991
4303000000,-3.3183892
4304000000,-3.2982452
4305000000,-3.2985373
4306000000,-3.3245189
4307000000,-3.3198586
4308000000,-3.2732859
4309000000,-3.3060358
4310000000,-3.2979381
4311000000,-3.2686856
4312000000,-3.3280091
4313000000,-3.2928572
4314000000,-3.2653258
4315000000,-3.2949278
4316000000,-3.2621861
4317000000,-3.276629
4318000000,-3.2767403
4319000000,-3.3072898
4320000000,-3.2680852
4321000000,-3.2692909
4322000000,-3.2961779
4323000000,-3.2733924
4324000000,-3.2469742
4325000000,-3.2626493
4326000000,-3.2635672
4327000000,-3.2531683
4328000000,-3.267853
4329000000,-3.2587645
4330000000,-3.2739067
4331000000,-3.2242675
4332000000,-3.2540731
4333000000,-3.2413609
4334000000,-3.2407687
4335000000,-3.2515173
4336000000,-3.2401166
4337000000,-3.2410939
4338000000,-3.2604749
4339000000,-3.2232742
4340000000,-3.2360296
4341000000,-3.2298374
4342000000,-3.2533364
4343000000,-3.2307637
4344000000,-3.2141807
4345000000,-3.2166677
4346000000,-3.2218685
4347000000,-3.2099338
4348000000,-3.2207532
4349000000,-3.2131667
4350000000,-3.2247598
4351000000,-3.227829
4352000000,-3.2063782
4353000000,-3.1804333
4354000000,-3.2053528
4355000000,-3.2308674
4356000000,-3.1808567
4357000000,-3.1948824
4358000000,-3.2250726
4359000000,-3.1780903
4360000000,-3.1835454
4361000000,-3.1949899
4362000000,-3.1811202
4363000000,-3.1884522
4364000000,-3.1593809
4365000000,-3.1565919
4366000000,-3.1911833
4367000000,-3.1809769
4368000000,-3.1601191
4369000000,-3.1671679
4370000000,-3.1711609
4371000000,-3.1469564
4372000000,-3.1561396
4373000000,-3.1648986
4374000000,-3.1325316
4375000000,-3.178709
4376000000,-3.1536446
4377000000,-3.1363935
4378000000,-3.1464231
4379000000,-3.1271112
4380000000,-3.1051793
4381000000,-3.1262879
4382000000,-3.1272624
4383000000,-3.1099052
4384000000,-3.1019857
4385000000,-3.1063902
4386000000,-3.0901425
4387000000,-3.0925329
4388000000,-3.0975528
4389000000,-3.1185782
4390000000,-3.0883229
4391000000,-3.0912135
4392000000,-3.0934508
4393000000,-3.0617077
4394000000,-3.0611296
4395000000,-3.0949125
4396000000,-3.0892162
4397000000,-3.091893
4398000000,-3.065304
4399000000,-3.0475743
4400000000,-3.0963576
4401000000,-3.0563462
4402000000,-3.051964
4403000000,-3.0558846
4404000000,-3.0383902
4405000000,-3.0462794
4406000000,-3.043582
4407000000,-3.063359
4408000000,-3.031775
4409000000,-3.0336649
4410000000,-3.0367258
4411000000,-3.0247481
4412000000,-3.0549574
4413000000,-3.0176301
4414000000,-3.020232
4415000000,-3.037858
4416000000,-3.0115097
4417000000,-3.0236883
4418000000,-2.9915004
4419000000,-3.0126059
4420000000,-3.016129
4421000000,-2.9929571
4422000000,-3.001663
4423000000,-2.9982078
4424000000,-2.9771249
4425000000,-2.9921358
4426000000,-2.986141
4427000000,-3.0002725
4428000000,-2.9599404
4429000000,-2.9758844
4430000000,-3.0031445
4431000000,-2.9576597
4432000000,-2.9492784
4433000000,-2.9728329
4434000000,-2.9418118
4435000000,-2.9419434
4436000000,-2.9400103
4437000000,-2.9515488
4438000000,-2.9574876
4439000000,-2.9122653
4440000000,-2.9348185
4441000000,-2.9257951
4442000000,-2.9617498
4443000000,-2.9199905
4444000000,-2.9159601
4445000000,-2.9171536
4446000000,-2.9124355
4447000000,-2.8973057
4448000000,-2.900914
4449000000,-2.8882864
4450000000,-2.8921394
4451000000,-2.8773854
4452000000,-2.8771436
4453000000,-2.8991067
4454000000,-2.8545365
4455000000,-2.8559823
4456000000,-2.8951976
4457000000,-2.8483977
4458000000,-2.8726916
4459000000,-2.8891864
4460000000,-2.8814797
4461000000,-2.8748217
4462000000,-2.8644805
4463000000,-2.845511
4464000000,-2.8515089
4465000000,-2.8520453
4466000000,-2.8618333
4467000000,-2.843775
4468000000,-2.841084
4469000000,-2.821933
4470000000,-2.8630683
4471000000,-2.8175395
4472000000,-2.8604298
4473000000,-2.7944407
4474000000,-2.8332508
4475000000,-2.835834
4476000000,-2.8033602
4477000000,-2.8152053
4478000000,-2.8072863
4479000000,-2.7955739
4480000000,-2.7972841
4481000000,-2.7757342
4482000000,-2.8064976
4483000000,-2.7986267
4484000000,-2.7649765
4485000000,-2.7943671
4486000000,-2.7922487
4487000000,-2.7723091
4488000000,-2.7660134
4489000000,-2.7683294
4490000000,-2.747113
4491000000,-2.760505
4492000000,-2.7555838
4493000000,-2.7295737
4494000000,-2.7492926
4495000000,-2.718991
4496000000,-2.7234526
4497000000,-2.71984
4498000000,-2.7299161
4499000000,-2.7043712
4500000000,-2.7496376
4501000000,-2.7190623
4502000000,-2.7345157
4503000000,-2.7189054
4504000000,-2.7150571
4505000000,-2.6884601
4506000000,-2.7111988
4507000000,-2.6974466
4508000000,-2.7098501
4509000000,-2.7016189
4510000000,-2.7065794
4511000000,-2.6671171
4512000000,-2.700978
4513000000,-2.6691861
4514000000,-2.6881113
4515000000,-2.6879325
4516000000,-2.6865296
4517000000,-2.6880951
4518000000,-2.629977
4519000000,-2.6569233
4520000000,-2.6479838
4521000000,-2.6296458
4522000000,-2.6389549
4523000000,-2.6648881
4524000000,-2.6449213
4525000000,-2.6399662
4526000000,-2.6493993
4527000000,-2.6457207
4528000000,-2.6173995
4529000000,-2.6315463
4530000000,-2.6299312
4531000000,-2.6432343
4532000000,-2.6315415
4533000000,-2.6139195
4534000000,-2.596807
4535000000,-2.599349
4536000000,-2.6063652
4537000000,-2.6069717
4538000000,-2.5905235
4539000000,-2.5920393
4540000000,-2.5909204
4541000000,-2.5988786
4542000000,-2.582907
4543000000,-2.5950627
4544000000,-2.5726233
4545000000,-2.5889442
4546000000,-2.5528238
4547000000,-2.5846899
4548000000,-2.557585
4549000000,-2.5692611
4550000000,-2.5492561
4551000000,-2.5572677
4552000000,-2.5496633
4553000000,-2.575562
4554000000,-2.547657
4555000000,-2.5319138
4556000000,-2.5567343
4557000000,-2.5367651
4558000000,-2.5530813
4559000000,-2.5624301
4560000000,-2.5138962
4561000000,-2.4944546
4562000000,-2.534215
4563000000,-2.5429296
4564000000,-2.5362444
4565000000,-2.5357461
4566000000,-2.5096362
4567000000,-2.512444
4568000000,-2.5171623
4569000000,-2.5426478
4570000000,-2.5179341
4571000000,-2.5187821
4572000000,-2.5061097
4573000000,-2.5268345
4574000000,-2.4975595
4575000000,-2.4804239
4576000000,-2.5131674
4577000000,-2.5035667
4578000000,-2.5095704
4579000000,-2.5032396
4580000000,-2.4957061
4581000000,-2.4723325
4582000000,-2.4747281
4583000000,-2.4875114
4584000000,-2.4924119
4585000000,-2.4759934
4586000000,-2.4759774
4587000000,-2.4720528
4588000000,-2.4709311
4589000000,-2.4705532
4590000000,-2.4968684
4591000000,-2.4645522
4592000000,-2.4896131
4593000000,-2.4995654
4594000000,-2.463906
4595000000,-2.4848328
4596000000,-2.483814
4597000000,-2.4985073
4598000000,-2.4868104
4599000000,-2.4872012
4600000000,-2.4719214
4601000000,-2.4731424
4602000000,-2.4798162
4603000000,-2.4952474
4604000000,-2.4750264
4605000000,-2.4888146
4606000000,-2.5073261
4607000000,-2.4974041
4608000000,-2.4537766
4609000000,-2.4882975
4610000000,-2.4737167
4611000000,-2.4754207
4612000000,-2.4778624
4613000000,-2.5032089
4614000000,-2.466357
4615000000,-2.4870775
4616000000,-2.4810214
4617000000,-2.4796052
4618000000,-2.4906914
4619000000,-2.4760289
4620000000,-2.4765279
4621000000,-2.4895618
4622000000,-2.4802811
4623000000,-2.4806449
4624000000,-2.4761803
4625000000,-2.4683697
4626000000,-2.4942715
4627000000,-2.4815621
4628000000,-2.4849148
4629000000,-2.5030391
4630000000,-2.4898722
4631000000,-2.4980361
4632000000,-2.4834435
4633000000,-2.4868243
4634000000,-2.5046916
4635000000,-2.509526
4636000000,-2.4945204
4637000000,-2.5096862
4638000000,-2.5238128
4639000000,-2.5072956
4640000000,-2.4935937
4641000000,-2.5292356
4642000000,-2.5094395
4643000000,-2.5373151
4644000000,-2.5160146
4645000000,-2.535445
4646000000,-2.5109041
4647000000,-2.5343044
4648000000,-2.4834564
4649000000,-2.5456426
4650000000,-2.5295701
4651000000,-2.526875
4652000000,-2.546098
4653000000,-2.5330458
4654000000,-2.5309837
4655000000,-2.5397289
4656000000,-2.5430987
4657000000,-2.5587499
4658000000,-2.5547814
4659000000,-2.5812752
4660000000,-2.5553839
4661000000,-2.5452328
4662000000,-2.5749085
4663000000,-2.5660601
4664000000,-2.5670114
4665000000,-2.5825157
4666000000,-2.597091
4667000000,-2.5782509
4668000000,-2.6039593
4669000000,-2.5992141
4670000000,-2.555553
4671000000,-2.5893924
4672000000,-2.611594
4673000000,-2.5892758
4674000000,-2.5984092
4675000000,-2.6001282
4676000000,-2.5918317
4677000000,-2.6175454
4678000000,-2.6313436
4679000000,-2.6217039
4680000000,-2.6081784
4681000000,-2.6266909
4682000000,-2.6246769
4683000000,-2.6333041
4684000000,-2.6194794
4685000000,-2.6297317
4686000000,-2.6052241
4687000000,-2.645978
4688000000,-2.6523166
4689000000,-2.6388569
4690000000,-2.6368997
4691000000,-2.6390879
4692000000,-2.6414108
4693000000,-2.6637814
4694000000,-2.6428807
4695000000,-2.6449788
4696000000,-2.6580157
4697000000,-2.6298838
4698000000,-2.6759353
4699000000,-2.6424191
4700000000,-2.6764061
4701000000,-2.6584258
4702000000,-2.6720886
4703000000,-2.6591053
4704000000,-2.6787333
4705000000,-2.6681185
4706000000,-2.6665022
4707000000,-2.6978962
4708000000,-2.661329
4709000000,-2.684546
4710000000,-2.6995625
4711000000,-2.7047272
4712000000,-2.6858351
4713000000,-2.7274089
4714000000,-2.7251773
4715000000,-2.7158802
4716000000,-2.7455683
4717000000,-2.7155237
4718000000,-2.7446351
4719000000,-2.7495611
4720000000,-2.7098413
4721000000,-2.7372406
4722000000,-2.7299957
4723000000,-2.7382979
4724000000,-2.7349586
4725000000,-2.7185426
4726000000,-2.7490454
4727000000,-2.7659469
4728000000,-2.781744
4729000000,-2.7795362
4730000000,-2.7761462
4731000000,-2.7640457
4732000000,-2.7699862
4733000000,-2.7579138
4734000000,-2.7889948
4735000000,-2.7796118
4736000000,-2.7874072
4737000000,-2.7976243
4738000000,-2.7933519
4739000000,-2.7969303
4740000000,-2.7930887
4741000000,-2.7968068
4742000000,-2.8189843
4743000000,-2.8061421
4744000000,-2.8072987
4745000000,-2.8336039
4746000000,-2.8093867
4747000000,-2.8309822
4748000000,-2.8177829
4749000000,-2.8505878
4750000000,-2.8165083
4751000000,-2.8167439
4752000000,-2.8616629
4753000000,-2.8394763
4754000000,-2.8202071
4755000000,-2.8479295
4756000000,-2.8610227
4757000000,-2.8824389
4758000000,-2.8521087
4759000000,-2.8935127
4760000000,-2.8704233
4761000000,-2.8746915
4762000000,-2.8901973
4763000000,-2.8832264
4764000000,-2.9013169
4765000000,-2.9117827
4766000000,-2.9080307
4767000000,-2.8989322
4768000000,-2.9299362
4769000000,-2.9175241
4770000000,-2.9286013
4771000000,-2.9216883
4772000000,-2.94504
4773000000,-2.928381
4774000000,-2.9378431
4775000000,-2.9492197
4776000000,-2.9397852
4777000000,-2.9275122
4778000000,-2.9460771
4779000000,-2.9368846
4780000000,-2.9580178
4781000000,-2.980731
4782000000,-2.9326892
4783000000,-2.9266615
4784000000,-2.9814043
4785000000,-2.9553466
4786000000,-2.9904094
4787000000,-2.9907959
4788000000,-2.9995151
4789000000,-2.9722776
4790000000,-3.0154653
4791000000,-2.9785843
4792000000,-2.9990568
4793000000,-3.0005877
4794000000,-3.0151994
4795000000,-3.0035591
4796000000,-3.0195498
4797000000,-3.0246661
4798000000,-3.0093207
4799000000,-3.0341318
4800000000,-3.0439522
4801000000,-3.0425928
4802000000,-3.0783558
4803000000,-3.0378423
4804000000,-3.0389938
4805000000,-3.059118
4806000000,-3.0762696
4807000000,-3.057889
4808000000,-3.0803168
4809000000,-3.0739019
4810000000,-3.0935464
4811000000,-3.0935047
4812000000,-3.0801659
4813000000,-3.1296134
4814000000,-3.1163113
4815000000,-3.1317849
4816000000,-3.0923588
4817000000,-3.1416523
4818000000,-3.1359622
4819000000,-3.1245215
4820000000,-3.1809313
4821000000,-3.1617336
4822000000,-3.1446867
4823000000,-3.1718483
4824000000,-3.170527
4825000000,-3.1684964
4826000000,-3.1758878
4827000000,-3.1803486
4828000000,-3.1766872
4829000000,-3.1809425
4830000000,-3.1936815
4831000000,-3.1925926
4832000000,-3.2048995
4833000000,-3.2234116
4834000000,-3.2253499
4835000000,-3.2291985
4836000000,-3.2155342
4837000000,-3.2467136
4838000000,-3.2376754
4839000000,-3.2614391
4840000000,-3.2481732
4841000000,-3.2788379
4842000000,-3.2581995
4843000000,-3.2749355
4844000000,-3.2775595
4845000000,-3.2879734
4846000000,-3.2824376
4847000000,-3.2934511
4848000000,-3.300329
4849000000,-3.3523674
4850000000,-3.3135111
4851000000,-3.3358591
4852000000,-3.3116243
4853000000,-3.3328071
4854000000,-3.3300595
4855000000,-3.3604734
4856000000,-3.3418677
4857000000,-3.3574173
4858000000,-3.35671
4859000000,-3.374933
4860000000,-3.3579557
4861000000,-3.369118
4862000000,-3.4020388
4863000000,-3.3908603
4864000000,-3.4043627
4865000000,-3.4017994
4866000000,-3.393265
4867000000,-3.4061985
4868000000,-3.4128375
4869000000,-3.4135919
4870000000,-3.4417803
4871000000,-3.4433174
4872000000,-3.4494627
4873000000,-3.4545119
4874000000,-3.4264796
4875000000,-3.4643981
4876000000,-3.5044413
4877000000,-3.4657054
4878000000,-3.4764059
4879000000,-3.4973941
4880000000,-3.5187311
4881000000,-3.5834394
4882000000,-3.551605
4883000000,-3.5317879
4884000000,-3.5426326
4885000000,-3.5810807
4886000000,-3.5706413
4887000000,-3.5807948
4888000000,-3.5766165
4889000000,-3.5396557
4890000000,-3.6016965
4891000000,-3.5840609
4892000000,-3.613956
4893000000,-3.6096725
4894000000,-3.609678
4895000000,-3.6274557
4896000000,-3.6367855
4897000000,-3.6366675
4898000000,-3.6332226
4899000000,-3.6544416
4900000000,-3.6308434
4901000000,-3.6760352
4902000000,-3.6817484
4903000000,-3.6644931
4904000000,-3.6948831
4905000000,-3.6952522
4906000000,-3.7249875
4907000000,-3.7115982
4908000000,-3.7143939
4909000000,-3.7223041
4910000000,-3.7146704
4911000000,-3.7362211
4912000000,-3.7615979
4913000000,-3.7758045
4914000000,-3.7773836
4915000000,-3.8134925
4916000000,-3.7902012
4917000000,-3.8059857
4918000000,-3.8050847
4919000000,-3.8265183
4920000000,-3.8094499
4921000000,-3.8440294
4922000000,-3.8535619
4923000000,-3.8743303
4924000000,-3.8412225
4925000000,-3.8848808
4926000000,-3.8976798
4927000000,-3.8850198
4928000000,-3.9141574
4929000000,-3.9392018
4930000000,-3.9406254
4931000000,-3.9245892
4932000000,-3.9666526
4933000000,-3.9393985
4934000000,-3.9645915
4935000000,-3.9579849
4936000000,-3.972295
4937000000,-3.9846063
4938000000,-3.9992909
4939000000,-3.9855926
4940000000,-3.9978852
4941000000,-4.0620122
4942000000,-4.001842
4943000000,-4.0392666
4944000000,-4.0673466
4945000000,-4.0562286
4946000000,-4.0406566
4947000000,-4.0803518
4948000000,-4.0728927
4949000000,-4.0779057
4950000000,-4.1104736
4951000000,-4.1164207
4952000000,-4.130476
4953000000,-4.1369138
4954000000,-4.1630335
4955000000,-4.1394644
4956000000,-4.186873
4957000000,-4.1860833
4958000000,-4.2103567
4959000000,-4.2067862
4960000000,-4.2194014
4961000000,-4.2182961
4962000000,-4.2168598
4963000000,-4.2722955
4964000000,-4.25245
4965000000,-4.2520595
4966000000,-4.2510157
4967000000,-4.2606483
4968000000,-4.3071065
4969000000,-4.2881169
4970000000,-4.2960224
4971000000,-4.3308721
4972000000,-4.3301053
4973000000,-4.352634
4974000000,-4.3706369
4975000000,-4.3685188
4976000000,-4.380517
4977000000,-4.3973446
4978000000,-4.3973579
4979000000,-4.42559
4980000000,-4.4471402
4981000000,-4.4318657
4982000000,-4.4276237
4983000000,-4.4631963
4984000000,-4.4544668
4985000000,-4.453054
4986000000,-4.4953003
4987000000,-4.4885321
4988000000,-4.5180478
4989000000,-4.5107708
4990000000,-4.5205274
4991000000,-4.5444746
4992000000,-4.5381341
4993000000,-4.5785751
4994000000,-4.6021767
4995000000,-4.5834532
4996000000,-4.5778718
4997000000,-4.6297135
4998000000,-4.6571398
4999000000,-4.6483383
5000000000,-4.6958342
END,
