Freq(Hz),S11 Log Mag(dB),S21 Log Mag(dB),S11 Phase(ï¿½),S21 Phase
2000000000,-6.9516163,-5.475842,-20.808187,-161.42094
2001000000,-6.9381099,-5.4714007,-20.664577,-162.23424
2002000000,-6.8691702,-5.4490094,-20.547829,-163.17825
2003000000,-6.8163805,-5.4617729,-20.628719,-164.16319
2004000000,-6.7663789,-5.4968982,-20.672203,-165.04366
2005000000,-6.6951132,-5.5244703,-20.88475,-165.77879
2006000000,-6.65558,-5.6007748,-21.255064,-166.43665
2007000000,-6.6149559,-5.6728945,-21.814026,-167.35506
2008000000,-6.6270113,-5.8111496,-22.295839,-167.76726
2009000000,-6.6465564,-5.8890157,-22.873611,-168.20213
2010000000,-6.6679211,-6.0209565,-23.295765,-168.3625
2011000000,-6.7409124,-6.1128607,-23.563356,-168.36427
2012000000,-6.7922964,-6.2387295,-23.834808,-168.4169
2013000000,-6.8473058,-6.3066688,-23.977816,-168.25067
2014000000,-6.9329152,-6.4136772,-23.807907,-167.85602
2015000000,-6.9736681,-6.4932814,-23.822006,-167.63693
2016000000,-6.9934621,-6.5167303,-23.529451,-167.18472
2017000000,-7.0004764,-6.5671453,-23.356987,-166.77318
2018000000,-7.0183568,-6.5684361,-22.92185,-166.22531
2019000000,-7.0318942,-6.5899673,-22.829308,-165.69789
2020000000,-6.9849038,-6.5586181,-22.683729,-165.1682
2021000000,-6.9558539,-6.5168772,-22.346201,-164.47427
2022000000,-6.8947773,-6.4493504,-22.433714,-164.19263
2023000000,-6.8758149,-6.4010391,-22.436026,-163.81973
2024000000,-6.843924,-6.2843881,-22.609344,-163.46989
2025000000,-6.7974563,-6.1880898,-22.74942,-163.54674
2026000000,-6.7859697,-6.0836539,-23.045502,-163.34303
2027000000,-6.7710247,-5.9520998,-23.440979,-163.52545
2028000000,-6.7614956,-5.825304,-23.65189,-163.70537
2029000000,-6.7803931,-5.736599,-23.943123,-164.12721
2030000000,-6.8060536,-5.6339974,-24.242332,-164.68143
2031000000,-6.8284659,-5.4948835,-24.413195,-165.3752
2032000000,-6.8711529,-5.4285264,-24.635141,-166.24716
2033000000,-6.9226189,-5.3757162,-24.542095,-167.14186
2034000000,-6.9485517,-5.3390136,-24.405619,-168.0912
2035000000,-6.9659004,-5.3330784,-24.221075,-169.10448
2036000000,-6.9716382,-5.3386807,-23.933968,-170.02959
2037000000,-6.9639592,-5.3606682,-23.605915,-171.12335
2038000000,-6.9325743,-5.4215517,-23.342293,-171.91533
2039000000,-6.8939247,-5.5161347,-23.115267,-172.6855
2040000000,-6.8036575,-5.5791755,-23.241276,-173.56139
2041000000,-6.7575164,-5.6749158,-23.294231,-174.07191
2042000000,-6.7181425,-5.7794929,-23.66695,-174.7218
2043000000,-6.6451912,-5.9046655,-23.91271,-174.90465
2044000000,-6.6102467,-6.0090938,-24.400818,-175.17862
2045000000,-6.5840907,-6.1593256,-25.008289,-175.33258
2046000000,-6.5885911,-6.2903571,-25.670605,-175.2122
2047000000,-6.6200976,-6.3744535,-25.965906,-175.00822
2048000000,-6.6873121,-6.4946036,-26.385607,-174.56303
2049000000,-6.7453256,-6.5674906,-26.649017,-174.12819
2050000000,-6.7991133,-6.598423,-26.886644,-173.448
2051000000,-6.8610606,-6.6626167,-26.830572,-172.877
2052000000,-6.9382277,-6.6537623,-26.705976,-172.42584
2053000000,-6.9842591,-6.6331415,-26.475506,-171.67273
2054000000,-7.0106678,-6.6174769,-26.042461,-170.98062
2055000000,-7.0190725,-6.5821886,-25.748163,-170.50909
2056000000,-7.0036669,-6.5024366,-25.399508,-170.09836
2057000000,-6.9739308,-6.387269,-25.30402,-169.61519
2058000000,-6.9448557,-6.3044348,-25.018736,-169.4174
2059000000,-6.8578515,-6.1876831,-25.001471,-169.06294
2060000000,-6.820662,-6.0424166,-24.965906,-169.08315
2061000000,-6.7719283,-5.913393,-25.136841,-169.32864
2062000000,-6.7401333,-5.8076167,-25.535486,-169.6736
2063000000,-6.6899538,-5.6766481,-25.799751,-170.03682
2064000000,-6.6889133,-5.5467997,-26.186852,-170.69157
2065000000,-6.6898632,-5.4194446,-26.495604,-171.63788
2066000000,-6.7226529,-5.3516283,-26.83576,-172.41669
2067000000,-6.746757,-5.2978559,-27.221159,-173.45036
2068000000,-6.7972517,-5.2787256,-27.306818,-174.62154
2069000000,-6.8571053,-5.2579107,-27.415041,-175.55885
2070000000,-6.8930583,-5.2874279,-27.36594,-176.8226
2071000000,-6.9061637,-5.3155317,-27.252466,-177.67381
2072000000,-6.9523683,-5.4011445,-26.969131,-178.6889
2073000000,-6.9457388,-5.492527,-26.739666,-179.59535
2074000000,-6.9355025,-5.5810761,-26.575478,179.63005
2075000000,-6.9156752,-5.7029123,-26.21047,179.04506
2076000000,-6.8663845,-5.8300848,-26.176462,178.4474
2077000000,-6.8157153,-5.9807935,-25.86138,178.2984
2078000000,-6.7564764,-6.0855694,-26.099991,177.94969
2079000000,-6.7163644,-6.2063117,-26.310205,178.06473
2080000000,-6.6510358,-6.3557706,-26.420092,178.21681
2081000000,-6.6144972,-6.4496808,-26.851227,178.62024
2082000000,-6.5875278,-6.5654783,-27.323816,179.01283
2083000000,-6.5834212,-6.6732755,-27.664986,179.43477
2084000000,-6.5805464,-6.7188926,-28.238619,-179.72868
2085000000,-6.61129,-6.7531834,-28.623915,-179.13011
2086000000,-6.6378059,-6.7561212,-28.965979,-178.38864
2087000000,-6.6965418,-6.736598,-29.128838,-177.55309
2088000000,-6.751133,-6.7074699,-29.242083,-177.02496
2089000000,-6.818728,-6.6199937,-29.438276,-176.239
2090000000,-6.8562984,-6.5543284,-29.157717,-175.76476
2091000000,-6.9112301,-6.4387684,-28.916922,-175.26935
2092000000,-6.9097619,-6.2933006,-28.583109,-175.10838
2093000000,-6.8982925,-6.180747,-28.263594,-174.96536
2094000000,-6.8844862,-6.0308809,-28.098536,-174.95782
2095000000,-6.852355,-5.8849039,-27.816719,-175.37747
2096000000,-6.7755466,-5.7487464,-27.728138,-175.70462
2097000000,-6.7233772,-5.6047235,-27.787882,-176.05507
2098000000,-6.6652384,-5.5018444,-28.071712,-176.85033
2099000000,-6.5901012,-5.3780475,-28.342213,-177.74792
2100000000,-6.5785522,-5.2920899,-28.876905,-178.76265
2101000000,-6.5524325,-5.2320781,-29.301706,-179.94547
2102000000,-6.5616527,-5.2259035,-29.814688,178.88312
2103000000,-6.5824409,-5.1908951,-30.147038,177.67715
2104000000,-6.6466842,-5.2437868,-30.471424,176.46593
2105000000,-6.6855555,-5.3126616,-30.674084,175.32451
2106000000,-6.7438169,-5.3850679,-30.917282,174.189
2107000000,-6.7888455,-5.4682107,-30.692705,173.39728
2108000000,-6.851614,-5.6164136,-30.540071,172.63364
2109000000,-6.8743248,-5.7403836,-30.427298,171.97919
2110000000,-6.8814754,-5.8936296,-30.191738,171.57368
2111000000,-6.8640614,-6.0208416,-29.906527,171.65556
2112000000,-6.8437862,-6.1663036,-29.743172,171.33289
2113000000,-6.8287907,-6.3000655,-29.4855,171.41678
2114000000,-6.7510839,-6.391222,-29.420593,171.64351
2115000000,-6.7029266,-6.5075874,-29.464897,171.95363
2116000000,-6.6700377,-6.6406469,-29.432699,172.5582
2117000000,-6.6502204,-6.7230234,-29.690081,172.91072
2118000000,-6.6044078,-6.7838864,-29.833075,173.77042
2119000000,-6.5655341,-6.8185706,-30.240522,174.38802
2120000000,-6.5396938,-6.8213892,-30.59693,175.30241
2121000000,-6.5311294,-6.7997251,-30.883558,175.94432
2122000000,-6.5464377,-6.7713261,-31.287792,176.54756
2123000000,-6.5455341,-6.6686258,-31.626513,177.2881
2124000000,-6.5973663,-6.53234,-31.72098,177.83655
2125000000,-6.6278205,-6.4436722,-31.928202,178.21211
2126000000,-6.6511168,-6.3065457,-32.087383,178.44504
2127000000,-6.7019415,-6.1723113,-32.033787,178.43076
2128000000,-6.716682,-6.0229783,-31.992361,178.28851
2129000000,-6.7403007,-5.8743019,-31.746063,178.1124
2130000000,-6.723875,-5.7349706,-31.638512,177.60109
2131000000,-6.7065477,-5.6021109,-31.510201,176.69453
2132000000,-6.6633291,-5.4999008,-31.271694,175.9599
2133000000,-6.6330118,-5.3952951,-31.302723,174.96219
2134000000,-6.5789065,-5.3359022,-31.319584,173.89261
2135000000,-6.5294485,-5.296186,-31.611696,172.68802
2136000000,-6.4826846,-5.2587523,-32.019123,171.50218
2137000000,-6.4360895,-5.2725458,-32.420006,170.25624
2138000000,-6.4336381,-5.3494129,-32.908092,169.14378
2139000000,-6.458899,-5.4089103,-33.375587,168.04922
2140000000,-6.5042348,-5.5377903,-33.707718,167.14078
2141000000,-6.5434833,-5.6550241,-34.152058,166.13985
2142000000,-6.5669246,-5.762825,-34.220337,165.55006
2143000000,-6.6441779,-5.9000707,-34.384041,164.93227
2144000000,-6.6964059,-6.0611959,-34.18948,164.75223
2145000000,-6.7324786,-6.2119808,-34.148926,164.74924
2146000000,-6.7556486,-6.3532915,-33.932583,164.54343
2147000000,-6.7541871,-6.4853497,-33.769287,164.9144
2148000000,-6.7575397,-6.5829911,-33.520351,165.15427
2149000000,-6.7406468,-6.7163372,-33.38998,165.51526
2150000000,-6.7194295,-6.7752695,-33.28878,166.11826
2151000000,-6.6836367,-6.8832679,-33.123634,166.89351
2152000000,-6.6384969,-6.912261,-33.208958,167.53563
2153000000,-6.5943155,-6.9105453,-33.223003,168.27609
2154000000,-6.5608325,-6.8749361,-33.497856,168.88541
2155000000,-6.5188432,-6.8527031,-33.62952,169.58157
2156000000,-6.4973016,-6.769093,-34.032871,170.05075
2157000000,-6.5000615,-6.7045851,-34.160206,170.79268
2158000000,-6.4754634,-6.5788298,-34.456474,171.31529
2159000000,-6.4908834,-6.4600792,-34.813942,171.42168
2160000000,-6.4957204,-6.3349261,-35.031521,171.58345
2161000000,-6.5226679,-6.1658769,-35.3671,171.50252
2162000000,-6.5393124,-6.0460486,-35.413479,171.14459
2163000000,-6.557498,-5.9149957,-35.532455,170.6234
2164000000,-6.585371,-5.7887893,-35.453339,169.98805
2165000000,-6.6138439,-5.6716666,-35.425045,169.42743
2166000000,-6.5932899,-5.6037288,-35.339729,168.41603
2167000000,-6.5970039,-5.5248117,-35.397682,167.29303
2168000000,-6.5642672,-5.4873734,-35.181873,166.26828
2169000000,-6.551805,-5.471221,-35.287502,165.0164
2170000000,-6.5075212,-5.5098729,-35.315086,163.94133
2171000000,-6.4879103,-5.5240941,-35.526218,162.77637
2172000000,-6.4358864,-5.597403,-35.711376,161.77968
2173000000,-6.4198318,-5.7000332,-36.076893,160.64423
2174000000,-6.4069176,-5.8208075,-36.315895,160.04565
2175000000,-6.4197016,-5.9389086,-36.817375,159.09319
2176000000,-6.4336095,-6.0939813,-37.193485,158.54105
2177000000,-6.4506402,-6.2624335,-37.523586,158.28949
2178000000,-6.487009,-6.4048729,-37.557674,158.28401
2179000000,-6.5163155,-6.5399513,-37.843838,158.43721
2180000000,-6.56744,-6.6799335,-37.968472,158.5652
2181000000,-6.6108518,-6.7777734,-37.904263,158.79391
2182000000,-6.6364107,-6.8769536,-37.964714,159.28346
2183000000,-6.6608891,-6.9666038,-37.686928,159.93692
2184000000,-6.6486154,-7.0446634,-37.603683,160.77632
2185000000,-6.6564636,-7.0423388,-37.367722,161.32399
2186000000,-6.6329298,-7.0528216,-37.315979,162.15245
2187000000,-6.5970931,-7.0377874,-37.224487,162.88513
2188000000,-6.560708,-7.0119925,-37.216545,163.49054
2189000000,-6.5329256,-6.934279,-37.209541,163.89757
2190000000,-6.5033369,-6.8454332,-37.517193,164.64748
2191000000,-6.4813442,-6.7367663,-37.684464,164.93159
2192000000,-6.4573431,-6.606998,-37.866974,165.26575
2193000000,-6.4371343,-6.4824052,-38.200119,165.1525
2194000000,-6.4237447,-6.3396096,-38.531986,165.12604
2195000000,-6.4542685,-6.19347,-38.794262,164.78104
2196000000,-6.4561448,-6.0589166,-39.066914,164.15863
2197000000,-6.4725428,-5.9349895,-39.21656,163.51567
2198000000,-6.4867287,-5.8472357,-39.202423,162.75708
2199000000,-6.5188308,-5.7725935,-39.542145,161.64513
2200000000,-6.5462995,-5.7100301,-39.428215,160.67101
2201000000,-6.5661769,-5.6738863,-39.406544,159.4628
2202000000,-6.5696816,-5.6854038,-39.344456,158.41171
2203000000,-6.5449409,-5.726769,-39.259418,157.49217
2204000000,-6.551228,-5.7527614,-39.399944,156.18425
2205000000,-6.5220737,-5.8339176,-39.312153,155.23698
2206000000,-6.491776,-5.9569345,-39.406765,154.29482
2207000000,-6.4668422,-6.0665154,-39.538746,153.61351
2208000000,-6.4380798,-6.1893315,-39.766712,153.02182
2209000000,-6.4042301,-6.3811693,-40.013317,152.44508
2210000000,-6.3974924,-6.5022402,-40.233982,152.17757
2211000000,-6.3829007,-6.6348553,-40.700817,152.29195
2212000000,-6.3938255,-6.7863317,-40.942745,152.30786
2213000000,-6.4198618,-6.9076686,-41.221493,152.58527
2214000000,-6.4433403,-7.0445132,-41.479584,153.16898
2215000000,-6.4618397,-7.1458325,-41.710564,153.70692
2216000000,-6.5059595,-7.1874051,-41.820816,154.22226
2217000000,-6.5240788,-7.2451062,-41.925266,155.10153
2218000000,-6.5500345,-7.2420578,-41.894394,155.73045
2219000000,-6.5945783,-7.2390409,-41.695854,156.67767
2220000000,-6.5811887,-7.191329,-41.755825,157.30377
2221000000,-6.5883455,-7.1229248,-41.65963,158.13133
2222000000,-6.5667467,-7.0550265,-41.488205,158.68761
2223000000,-6.5604286,-6.9386053,-41.430454,158.99252
2224000000,-6.5270243,-6.7964683,-41.50407,159.29427
2225000000,-6.502192,-6.6868176,-41.616417,159.51695
2226000000,-6.4653745,-6.5099945,-41.793324,159.43636
2227000000,-6.430047,-6.3812175,-42.046669,159.04131
2228000000,-6.4284272,-6.2422032,-42.376545,158.66048
2229000000,-6.4176669,-6.1065006,-42.482922,157.95502
2230000000,-6.4316568,-5.9818559,-43.033623,157.08136
2231000000,-6.4250088,-5.892529,-43.206188,155.93503
2232000000,-6.4379678,-5.8225455,-43.487408,154.92802
2233000000,-6.4884324,-5.7748837,-43.775688,153.84811
2234000000,-6.5114822,-5.7637343,-43.813828,152.69797
2235000000,-6.5417323,-5.8061395,-43.762032,151.49878
2236000000,-6.5467596,-5.832387,-43.807461,150.27655
2237000000,-6.5757031,-5.8944712,-43.809177,149.26808
2238000000,-6.5962553,-6.0086169,-43.674141,148.17184
2239000000,-6.5681801,-6.151123,-43.583927,147.26889
2240000000,-6.5423617,-6.2586184,-43.608746,146.65903
2241000000,-6.5447836,-6.4127545,-43.470089,146.07471
2242000000,-6.5226121,-6.5573616,-43.520092,145.85674
2243000000,-6.4749455,-6.726532,-43.587856,145.67384
2244000000,-6.4593616,-6.8980274,-43.876827,145.66409
2245000000,-6.4319854,-7.0529513,-43.944118,145.88643
2246000000,-6.3907561,-7.1606064,-44.371906,146.43526
2247000000,-6.3971376,-7.2877927,-44.659576,146.91997
2248000000,-6.3799839,-7.3671288,-44.897186,147.70271
2249000000,-6.3897691,-7.4235668,-45.309746,148.46098
2250000000,-6.3964205,-7.4825177,-45.546787,149.24857
2251000000,-6.4387608,-7.4654303,-45.781364,150.01021
2252000000,-6.4544945,-7.4377766,-45.934021,150.89214
2253000000,-6.4714847,-7.4024205,-46.002701,151.54594
2254000000,-6.5278392,-7.2818656,-46.153713,152.4012
2255000000,-6.5251861,-7.1772733,-46.251209,152.80234
2256000000,-6.5585036,-7.064672,-46.098614,153.3553
2257000000,-6.5755873,-6.9024143,-45.975235,153.53307
2258000000,-6.5587711,-6.746922,-46.040798,153.63492
2259000000,-6.5310478,-6.5869246,-45.952751,153.26949
2260000000,-6.5068154,-6.4178667,-45.922314,153.09996
2261000000,-6.477354,-6.2594714,-45.970261,152.48972
2262000000,-6.4462223,-6.1086364,-46.387611,151.6412
2263000000,-6.4152045,-5.9941788,-46.440765,150.75398
2264000000,-6.3979282,-5.917448,-46.85276,149.45959
2265000000,-6.3911986,-5.8375134,-47.255615,148.36322
2266000000,-6.4020901,-5.8024392,-47.641167,146.99504
2267000000,-6.438838,-5.8090563,-47.9729,145.69643
2268000000,-6.4664316,-5.8170586,-48.237659,144.25449
2269000000,-6.5073919,-5.8894215,-48.344929,143.0144
2270000000,-6.5354214,-5.9867382,-48.48156,141.75267
2271000000,-6.6048675,-6.1334872,-48.412537,140.65529
2272000000,-6.6347041,-6.2622213,-48.462349,139.81406
2273000000,-6.6472244,-6.4283075,-48.235691,139.1248
2274000000,-6.6335564,-6.578753,-48.045036,138.57085
2275000000,-6.6306677,-6.7728682,-48.108799,138.37569
2276000000,-6.6045952,-6.9563355,-47.877213,138.23965
2277000000,-6.608079,-7.1194992,-47.633762,138.48793
2278000000,-6.553699,-7.2864609,-47.829998,138.53047
2279000000,-6.5226007,-7.4318938,-47.932884,139.03436
2280000000,-6.4879274,-7.5629992,-48.004784,139.75632
2281000000,-6.4599133,-7.6565895,-48.222919,140.47845
2282000000,-6.4104514,-7.7112346,-48.400669,141.29117
2283000000,-6.3869009,-7.757432,-48.831223,142.28419
2284000000,-6.3913016,-7.792388,-49.257599,143.14043
2285000000,-6.4017959,-7.7582111,-49.564949,144.34285
2286000000,-6.3879986,-7.6889257,-49.851364,145.03412
2287000000,-6.4186215,-7.5860052,-50.219398,146.01147
2288000000,-6.4339724,-7.4292135,-50.374638,146.60336
2289000000,-6.4648557,-7.3147426,-50.636509,147.06589
2290000000,-6.5001602,-7.1493101,-50.848804,147.31567
2291000000,-6.5255895,-6.9500389,-50.895893,147.44408
2292000000,-6.5359955,-6.7995839,-50.827209,147.32294
2293000000,-6.578702,-6.6097617,-50.93042,146.85045
2294000000,-6.548522,-6.4494715,-50.982254,146.22008
2295000000,-6.5533957,-6.2894282,-50.752129,145.27229
2296000000,-6.5383353,-6.1617274,-50.765274,144.136
2297000000,-6.5268736,-6.0519285,-50.851696,143.03932
2298000000,-6.4897609,-5.9865608,-50.890884,141.75095
2299000000,-6.4574742,-5.9610562,-51.135403,140.26472
2300000000,-6.4483528,-5.9621081,-51.363197,138.84042
2301000000,-6.4227223,-5.9866972,-51.733929,137.28934
2302000000,-6.4224973,-6.065722,-52.169117,135.78825
2303000000,-6.4546657,-6.2078824,-52.461189,134.58183
2304000000,-6.4623051,-6.3229585,-52.891399,133.48343
2305000000,-6.5025396,-6.4598794,-53.186493,132.4536
2306000000,-6.5673738,-6.6597633,-53.350098,131.72409
2307000000,-6.6111655,-6.8580456,-53.554958,131.26604
2308000000,-6.6407638,-7.0491047,-53.433346,130.79863
2309000000,-6.6666822,-7.2352328,-53.292728,130.70963
2310000000,-6.6947222,-7.4117455,-53.066803,130.88115
2311000000,-6.6920838,-7.5782895,-53.000801,131.3526
2312000000,-6.6995931,-7.7793131,-52.803429,131.9332
2313000000,-6.6755996,-7.9084363,-52.730476,132.46124
2314000000,-6.6643906,-8.0015106,-52.6544,133.4001
2315000000,-6.6055117,-8.0943861,-52.673561,134.31088
2316000000,-6.5616636,-8.1247711,-52.817913,135.37904
2317000000,-6.5092912,-8.164135,-52.996029,136.52333
2318000000,-6.4784641,-8.1230202,-53.076347,137.70964
2319000000,-6.4508333,-8.0729752,-53.375366,138.64578
2320000000,-6.4390926,-7.9643798,-53.780308,139.45172
2321000000,-6.434145,-7.8462729,-54.239445,140.15707
2322000000,-6.419971,-7.6758318,-54.657597,140.8833
2323000000,-6.4260755,-7.5224757,-54.982403,141.24773
2324000000,-6.4605503,-7.3441415,-55.198986,141.34666
2325000000,-6.4960427,-7.1121612,-55.59753,141.09184
2326000000,-6.5385046,-6.9333448,-55.726135,140.88708
2327000000,-6.5783753,-6.7417374,-56.0308,140.02547
2328000000,-6.5953588,-6.5608506,-55.985992,139.46483
2329000000,-6.6487803,-6.4529638,-56.053215,138.28307
2330000000,-6.6708164,-6.3098941,-55.822117,137.12907
2331000000,-6.6655188,-6.2212596,-55.866524,135.87077
2332000000,-6.6557345,-6.1643214,-55.78735,134.21657
2333000000,-6.6506748,-6.1422834,-55.73122,132.57089
2334000000,-6.6172595,-6.1950908,-55.84079,130.96835
2335000000,-6.6124935,-6.2776685,-55.949707,129.64822
2336000000,-6.5546989,-6.3459167,-56.105892,128.2007
2337000000,-6.5362897,-6.4608154,-56.305344,126.93845
2338000000,-6.515008,-6.6581144,-56.603054,125.70465
2339000000,-6.5144219,-6.8483982,-57.056408,125.0019
2340000000,-6.5115008,-7.040988,-57.440742,124.37846
2341000000,-6.5356026,-7.2396054,-57.939476,123.916
2342000000,-6.5764704,-7.434083,-58.162312,123.85641
2343000000,-6.615253,-7.6673393,-58.240505,123.86343
2344000000,-6.6515098,-7.8442106,-58.505077,124.17862
2345000000,-6.6993308,-8.034482,-58.614876,124.70771
2346000000,-6.7501931,-8.1613264,-58.609955,125.40273
2347000000,-6.7846365,-8.2878599,-58.452362,126.38547
2348000000,-6.7994781,-8.3997164,-58.411575,127.5097
2349000000,-6.8105235,-8.4232111,-58.266617,128.48006
2350000000,-6.7976942,-8.4520531,-58.184284,129.67111
2351000000,-6.7598047,-8.4691277,-57.961853,130.78767
2352000000,-6.7356248,-8.3532791,-58.014282,131.9037
2353000000,-6.7100182,-8.280633,-57.892921,132.8101
2354000000,-6.6926618,-8.1734924,-58.139484,133.7688
2355000000,-6.6467972,-7.9954834,-58.388065,134.47687
2356000000,-6.5965161,-7.8242068,-58.794674,134.8111
2357000000,-6.5925441,-7.626143,-59.068947,135.0948
2358000000,-6.5762401,-7.4269013,-59.539913,134.88995
2359000000,-6.5494313,-7.1911368,-59.947773,134.59447
2360000000,-6.5949059,-7.0122037,-60.222218,134.03621
2361000000,-6.6108103,-6.8031287,-60.643658,133.25287
2362000000,-6.6541829,-6.6800303,-60.955196,132.02715
2363000000,-6.7049127,-6.52982,-61.206425,130.91664
2364000000,-6.7324328,-6.4314504,-60.976105,129.41193
2365000000,-6.7893538,-6.3515215,-61.207253,127.99893
2366000000,-6.8430758,-6.3595691,-61.306438,126.43444
2367000000,-6.8319712,-6.3784003,-61.047344,124.64812
2368000000,-6.8537393,-6.4354806,-60.922741,123.33632
2369000000,-6.8201184,-6.5028048,-60.872284,121.75897
2370000000,-6.8265491,-6.6393433,-60.963799,120.36163
2371000000,-6.7932739,-6.7626457,-61.027924,119.28598
2372000000,-6.7629485,-6.9688416,-61.116562,118.25956
2373000000,-6.7347002,-7.1985464,-61.206406,117.53037
2374000000,-6.6977954,-7.3741784,-61.452591,117.02058
2375000000,-6.6858096,-7.565825,-61.672737,116.63667
2376000000,-6.6780567,-7.8034506,-62.064995,116.81987
2377000000,-6.6792326,-8.009408,-62.500923,116.99055
2378000000,-6.6576195,-8.1931057,-62.791523,117.41444
2379000000,-6.6986575,-8.3524294,-63.128735,118.15948
2380000000,-6.7225633,-8.483655,-63.549728,118.85692
2381000000,-6.764523,-8.6079817,-63.73175,119.94753
2382000000,-6.8136168,-8.6408157,-63.994392,121.05153
2383000000,-6.8495569,-8.6720018,-64.112228,122.52369
2384000000,-6.8743224,-8.6602402,-64.344589,123.45424
2385000000,-6.9063482,-8.6046839,-64.130386,124.67874
2386000000,-6.9285383,-8.4990387,-64.12355,125.54967
2387000000,-6.9294052,-8.3781805,-63.999756,126.37873
2388000000,-6.9324965,-8.2089577,-64.069466,126.81911
2389000000,-6.9245405,-8.0678778,-63.935333,127.36952
2390000000,-6.8906536,-7.8801098,-64.010841,127.60243
2391000000,-6.8684855,-7.6414194,-64.117485,127.40461
2392000000,-6.8553033,-7.4673228,-64.240723,127.35064
2393000000,-6.8200779,-7.2774248,-64.492538,126.52425
2394000000,-6.8144841,-7.0700612,-64.891167,125.75131
2395000000,-6.8097854,-6.9256587,-65.200607,124.67953
2396000000,-6.8298531,-6.7975788,-65.621666,123.49157
2397000000,-6.8684068,-6.6828465,-65.995041,122.08862
2398000000,-6.8852496,-6.615973,-66.31633,120.42925
2399000000,-6.9294343,-6.5892596,-66.499191,118.75594
2400000000,-6.9580216,-6.6153388,-66.566933,117.27724
2401000000,-6.9858503,-6.6771526,-66.650352,115.61405
2402000000,-7.0615215,-6.8104658,-66.598358,114.04443
2403000000,-7.0512977,-6.9304109,-66.310616,112.94193
2404000000,-7.0730915,-7.0433717,-66.400818,111.58958
2405000000,-7.0617962,-7.2371244,-66.169907,110.69586
2406000000,-7.0515442,-7.4120574,-66.288055,109.7906
2407000000,-7.0065436,-7.6311121,-66.275375,109.4527
2408000000,-6.9917607,-7.8420134,-66.26667,108.92673
2409000000,-6.982276,-8.0722275,-66.646484,108.67159
2410000000,-6.942975,-8.2811909,-66.775955,109.10807
2411000000,-6.9451714,-8.4632645,-66.987976,109.52879
2412000000,-6.9087954,-8.6456537,-67.332405,110.31605
2413000000,-6.9111986,-8.7616024,-67.614716,110.91995
2414000000,-6.8924828,-8.9147129,-68.077301,112.03488
2415000000,-6.9005342,-8.99646,-68.508995,112.88188
2416000000,-6.8976808,-9.0106716,-68.793198,114.16151
2417000000,-6.9390645,-9.0131025,-69.098343,115.19665
2418000000,-6.9862456,-8.9838877,-69.268982,116.56532
2419000000,-7.0023956,-8.8819647,-69.69072,117.39494
2420000000,-7.0411787,-8.7971592,-69.798958,118.44559
2421000000,-7.089643,-8.6096106,-70.040886,119.06014
2422000000,-7.1199851,-8.4417009,-70.046425,119.5997
2423000000,-7.1440592,-8.2317553,-70.026512,119.91374
2424000000,-7.1923218,-8.0567265,-70.011536,119.60492
2425000000,-7.1859355,-7.8887343,-70.009155,119.72562
2426000000,-7.1830053,-7.6790199,-70.031044,119.01936
2427000000,-7.1911287,-7.4984479,-69.988464,118.21018
2428000000,-7.1639247,-7.3313971,-70.021805,117.24171
2429000000,-7.1439896,-7.1930056,-70.384911,116.02072
2430000000,-7.1265936,-7.0887842,-70.465767,114.63634
2431000000,-7.1035848,-7.0355315,-70.530006,113.34394
2432000000,-7.1154981,-6.9982405,-70.950714,111.71902
2433000000,-7.1287904,-7.0223837,-71.222687,110.18116
2434000000,-7.1601233,-7.0340858,-71.60125,108.35971
2435000000,-7.2146692,-7.1659217,-71.880112,106.88564
2436000000,-7.2176867,-7.278296,-72.065811,105.5802
2437000000,-7.2731905,-7.4312878,-72.25386,104.30423
2438000000,-7.3063989,-7.5715556,-72.221039,103.24221
2439000000,-7.3435721,-7.7819066,-72.335472,102.48889
2440000000,-7.3541861,-8.0070763,-72.152046,101.92262
2441000000,-7.3593073,-8.2074308,-72.273727,101.54987
2442000000,-7.3649101,-8.4062901,-72.179657,101.52018
2443000000,-7.3265171,-8.6377802,-72.167305,101.66004
2444000000,-7.3438578,-8.8145981,-72.201859,102.24679
2445000000,-7.2935681,-8.979907,-72.308113,102.79897
2446000000,-7.2873359,-9.1083012,-72.461472,103.45908
2447000000,-7.2460351,-9.2756128,-72.696823,104.33218
2448000000,-7.2442389,-9.340764,-72.91127,105.53989
2449000000,-7.239181,-9.387249,-73.341995,106.60978
2450000000,-7.2412415,-9.3636951,-73.659164,107.73272
2451000000,-7.2470922,-9.3823929,-73.823822,108.91956
2452000000,-7.2528806,-9.2734432,-74.199875,110.00499
2453000000,-7.2731972,-9.1826925,-74.544914,111.05252
2454000000,-7.3199263,-9.0259151,-74.98053,111.58772
2455000000,-7.3287721,-8.8438759,-75.153015,112.05835
2456000000,-7.3746305,-8.6791697,-75.325424,112.62023
2457000000,-7.4123049,-8.4904232,-75.422913,112.4164
2458000000,-7.4561753,-8.3123388,-75.679428,112.30637
2459000000,-7.4739799,-8.1117382,-75.825012,111.59736
2460000000,-7.5284748,-7.9111638,-75.654922,111.07624
2461000000,-7.5320377,-7.7426896,-75.772377,110.03506
2462000000,-7.5284953,-7.6201425,-75.711578,108.99055
2463000000,-7.5547509,-7.5147223,-75.762871,107.49769
2464000000,-7.5553708,-7.4430122,-75.980141,106.04124
2465000000,-7.5343761,-7.4042974,-75.829254,104.537
2466000000,-7.5141873,-7.3856668,-75.994781,102.93871
2467000000,-7.5234637,-7.4478517,-76.337524,101.45732
2468000000,-7.511096,-7.5102868,-76.633286,100.12119
2469000000,-7.5265069,-7.6134443,-76.900543,98.615868
2470000000,-7.5232248,-7.7404308,-77.065468,97.508713
2471000000,-7.5508127,-7.9292707,-77.515213,96.157928
2472000000,-7.5674109,-8.0996332,-77.694931,95.413246
2473000000,-7.5895824,-8.2960749,-77.886223,94.694901
2474000000,-7.6422691,-8.521781,-78.098579,94.526749
2475000000,-7.6868806,-8.7213621,-78.135597,94.370148
2476000000,-7.7097478,-8.9233723,-78.161339,94.583832
2477000000,-7.7434034,-9.1229515,-78.20742,94.880356
2478000000,-7.7433171,-9.2608566,-78.259636,95.420486
2479000000,-7.7437477,-9.4221535,-78.300209,96.228577
2480000000,-7.7597637,-9.5237732,-78.469215,96.910728
2481000000,-7.7534218,-9.5965433,-78.410294,97.876762
2482000000,-7.7176957,-9.6166687,-78.414894,99.14933
2483000000,-7.7214813,-9.6334677,-78.564964,100.02605
2484000000,-7.7411132,-9.598731,-78.924957,101.27135
2485000000,-7.7058258,-9.5067539,-79.117645,102.19094
2486000000,-7.7232966,-9.4485302,-79.309807,103.10603
2487000000,-7.6854382,-9.2840757,-79.676926,103.5946
2488000000,-7.7200499,-9.1363802,-79.914108,104.02016
2489000000,-7.7649069,-8.9765596,-80.281067,104.22176
2490000000,-7.7772679,-8.8086634,-80.563553,104.2926
2491000000,-7.7936282,-8.5857992,-80.939178,103.94463
2492000000,-7.8578868,-8.399991,-80.95694,103.49879
2493000000,-7.8844628,-8.21807,-81.09993,102.87752
2494000000,-7.9282341,-8.0621357,-81.178268,101.66876
2495000000,-7.9511929,-7.9428182,-81.305725,100.74578
2496000000,-7.9817562,-7.846272,-81.552994,99.252396
2497000000,-7.9982419,-7.7626328,-81.36248,97.91877
2498000000,-8.0122824,-7.6939783,-81.447273,96.346992
2499000000,-8.0121737,-7.7207499,-81.394852,94.792519
2500000000,-8.0137682,-7.7666073,-81.384033,93.246552
2501000000,-8.0234995,-7.8365879,-81.583549,91.861778
2502000000,-8.0013447,-7.9443264,-81.754738,90.463593
2503000000,-8.010745,-8.0946016,-81.957909,89.294998
2504000000,-7.9962106,-8.2400837,-82.180519,88.090172
2505000000,-8.0068502,-8.3961582,-82.530815,87.187096
2506000000,-8.0069561,-8.5802507,-82.861351,86.498169
2507000000,-8.0441942,-8.8193579,-83.018501,86.01825
2508000000,-8.0450916,-9.0179119,-83.348511,86.088615
2509000000,-8.0894308,-9.2162514,-83.553795,86.158798
2510000000,-8.1200476,-9.4023123,-83.771629,86.441422
2511000000,-8.14991,-9.5591707,-84.044617,87.07222
2512000000,-8.1552801,-9.6592951,-84.106293,87.51651
2513000000,-8.1943846,-9.7922468,-84.223465,88.365547
2514000000,-8.2368107,-9.8683901,-84.480339,89.059151
2515000000,-8.2533579,-9.8987465,-84.57917,90.23069
2516000000,-8.2624893,-9.8758307,-84.445587,90.961754
2517000000,-8.2833261,-9.8485041,-84.623459,92.084938
2518000000,-8.3079348,-9.753273,-84.672234,92.853241
2519000000,-8.3114576,-9.6983366,-84.828789,93.674072
2520000000,-8.3166103,-9.5787058,-84.805511,94.003052
2521000000,-8.3134098,-9.4442682,-85.079865,94.426865
2522000000,-8.3092384,-9.2500582,-85.235466,94.59816
2523000000,-8.3431482,-9.1113997,-85.429497,94.433731
2524000000,-8.3450518,-8.9227743,-85.831375,94.040115
2525000000,-8.3680725,-8.7646837,-85.971825,93.555031
2526000000,-8.3819733,-8.6034422,-86.226799,92.887375
2527000000,-8.4062271,-8.4626265,-86.575562,91.783119
2528000000,-8.4431458,-8.3497763,-86.502548,90.707184
2529000000,-8.4760084,-8.276577,-86.683266,89.386017
2530000000,-8.5008154,-8.2529554,-86.934471,87.768578
2531000000,-8.5276508,-8.1950893,-86.938644,86.375298
2532000000,-8.5547113,-8.2511072,-86.904121,84.99395
2533000000,-8.5584288,-8.2881508,-87.018661,83.558739
2534000000,-8.5711098,-8.3845339,-87.215523,82.036278
2535000000,-8.5911694,-8.508256,-87.163101,80.766174
2536000000,-8.5808964,-8.6567421,-87.292664,79.736343
2537000000,-8.5797644,-8.8106871,-87.429825,78.664688
2538000000,-8.5961838,-8.9875965,-87.674896,78.06414
2539000000,-8.5926666,-9.1742582,-87.78302,77.283028
2540000000,-8.6093864,-9.4199705,-88.30188,77.069412
2541000000,-8.5983448,-9.625144,-88.44838,77.252899
2542000000,-8.6127214,-9.7832384,-88.589287,77.132149
2543000000,-8.647645,-9.9701672,-88.926376,77.439331
2544000000,-8.6847773,-10.126747,-89.278076,78.028183
2545000000,-8.7296209,-10.246625,-89.556213,78.74453
2546000000,-8.7712841,-10.356002,-89.630249,79.766281
2547000000,-8.7748222,-10.386684,-89.832489,80.541054
2548000000,-8.8335428,-10.434924,-89.926323,81.644775
2549000000,-8.8736973,-10.406761,-89.985474,82.491707
2550000000,-8.9022512,-10.332497,-90.058556,83.658623
2551000000,-8.9240742,-10.263259,-90.131577,84.147598
2552000000,-8.942687,-10.17335,-90.336479,84.900444
2553000000,-8.9992828,-10.013315,-90.348984,85.343971
2554000000,-8.9886875,-9.8834276,-90.445862,85.535042
2555000000,-9.0037899,-9.7112541,-90.428856,85.485809
2556000000,-9.028019,-9.5714149,-90.581543,85.262222
2557000000,-9.0220928,-9.3716135,-90.681419,84.886192
2558000000,-9.0452118,-9.2333422,-90.950905,84.311951
2559000000,-9.0514965,-9.0865488,-90.924446,83.389053
2560000000,-9.0669012,-8.9342194,-91.277527,82.229492
2561000000,-9.1038389,-8.8598404,-91.532135,81.097733
2562000000,-9.1383686,-8.7750616,-91.68692,79.529488
2563000000,-9.1200085,-8.7288361,-91.748131,78.082245
2564000000,-9.1762486,-8.716651,-92.035103,76.714226
2565000000,-9.2069702,-8.7891169,-92.124413,75.313187
2566000000,-9.2359381,-8.8602877,-92.238342,73.748695
2567000000,-9.2658272,-8.9491568,-92.412109,72.323624
2568000000,-9.2652378,-9.1199465,-92.254936,70.899544
2569000000,-9.3146172,-9.3073902,-92.435005,69.814445
2570000000,-9.3018456,-9.4169941,-92.474045,69.067505
2571000000,-9.3621254,-9.6562109,-92.703186,68.371628
2572000000,-9.3336992,-9.852684,-92.863693,68.16494
2573000000,-9.3461075,-10.062385,-92.893494,67.771149
2574000000,-9.3701525,-10.257681,-93.095848,67.900406
2575000000,-9.3910284,-10.462737,-93.468559,68.06559
2576000000,-9.3826618,-10.61594,-93.755821,68.472878
2577000000,-9.4280767,-10.779628,-93.885986,69.374611
2578000000,-9.4477205,-10.896438,-94.199173,70.051857
2579000000,-9.4514313,-10.984513,-94.388237,71.038452
2580000000,-9.5027027,-11.021098,-94.511299,72.132805
2581000000,-9.554553,-11.02562,-94.876495,73.139801
2582000000,-9.5585585,-11.009152,-95.035637,74.059837
2583000000,-9.6194458,-10.927522,-95.258369,75.039902
2584000000,-9.6573944,-10.82005,-95.328941,75.888214
2585000000,-9.6874418,-10.695183,-95.471161,76.303757
2586000000,-9.7614784,-10.590793,-95.422112,76.920319
2587000000,-9.7805414,-10.399529,-95.611427,77.083839
2588000000,-9.7939949,-10.241506,-95.478859,76.888588
2589000000,-9.8147449,-10.037911,-95.623398,76.605858
2590000000,-9.8364344,-9.8445988,-95.552261,76.171234
2591000000,-9.8525057,-9.7121763,-95.642525,75.596649
2592000000,-9.8869581,-9.5373173,-95.689331,74.853531
2593000000,-9.9005766,-9.4017649,-95.704788,73.591064
2594000000,-9.8653831,-9.2999134,-95.907005,72.095879
2595000000,-9.9291782,-9.2639856,-96.155731,70.741112
2596000000,-9.9011469,-9.1827879,-96.44828,69.132278
2597000000,-9.940609,-9.1621971,-96.611725,67.480148
2598000000,-9.9372511,-9.2212715,-96.822815,65.986626
2599000000,-9.9923859,-9.2802944,-96.898643,64.568558
2600000000,-10.039903,-9.3993034,-97.132339,63.132107
2601000000,-10.07309,-9.5248394,-97.366386,61.777443
2602000000,-10.10861,-9.7416592,-97.47081,60.796196
2603000000,-10.135821,-9.8809147,-97.47065,59.698681
2604000000,-10.164508,-10.07356,-97.658562,59.095036
2605000000,-10.183043,-10.310014,-97.639854,58.730415
2606000000,-10.233988,-10.52011,-97.632103,58.544468
2607000000,-10.227257,-10.702726,-97.724182,58.46487
2608000000,-10.244143,-10.901656,-97.76825,58.876041
2609000000,-10.25867,-11.07525,-97.804657,59.433445
2610000000,-10.266826,-11.234051,-98.017776,60.088554
2611000000,-10.292899,-11.324336,-98.277824,60.925232
2612000000,-10.294291,-11.426903,-98.342239,61.73951
2613000000,-10.343969,-11.465316,-98.613388,62.465084
2614000000,-10.35076,-11.447715,-98.83168,63.842522
2615000000,-10.366876,-11.422374,-98.939713,64.889305
2616000000,-10.415441,-11.321244,-99.040474,65.578278
2617000000,-10.449375,-11.22345,-99.363503,66.519691
2618000000,-10.512039,-11.10722,-99.400787,67.11615
2619000000,-10.538084,-10.912536,-99.730965,67.340935
2620000000,-10.580072,-10.741132,-99.655754,67.729454
2621000000,-10.619799,-10.566517,-99.838593,67.2808
2622000000,-10.655981,-10.343722,-99.886932,67.103409
2623000000,-10.679244,-10.19991,-99.729996,66.317505
2624000000,-10.724567,-10.017831,-99.932014,65.625275
2625000000,-10.720304,-9.840992,-99.854324,64.421387
2626000000,-10.767262,-9.7264013,-100.10741,63.19796
2627000000,-10.784023,-9.5921888,-100.18489,61.769199
2628000000,-10.810597,-9.4960709,-100.19528,60.241257
2629000000,-10.831022,-9.5024614,-100.23646,58.620708
2630000000,-10.817661,-9.5216198,-100.25273,56.978516
2631000000,-10.861638,-9.5172396,-100.46429,55.450909
2632000000,-10.864065,-9.6015606,-100.89003,53.616932
2633000000,-10.889462,-9.6867733,-100.82581,52.013603
2634000000,-10.926376,-9.8886852,-101.04269,50.793129
2635000000,-10.976973,-10.033119,-101.35657,49.353817
2636000000,-10.992374,-10.221555,-101.56792,48.546837
2637000000,-11.021946,-10.425568,-101.62593,47.674438
2638000000,-11.085816,-10.616385,-101.66201,47.176357
2639000000,-11.120267,-10.895575,-101.87466,46.749508
2640000000,-11.153927,-11.039984,-101.92702,46.790794
2641000000,-11.200329,-11.256651,-102.03554,46.914055
2642000000,-11.240435,-11.433561,-101.98732,47.421921
2643000000,-11.258599,-11.578377,-102.06631,48.093597
2644000000,-11.281073,-11.724618,-102.30612,48.869495
2645000000,-11.31706,-11.81789,-102.31535,49.750172
2646000000,-11.368953,-11.871155,-102.27509,50.578266
2647000000,-11.36869,-11.863658,-102.28184,51.75893
2648000000,-11.373672,-11.832018,-102.33279,52.732525
2649000000,-11.395383,-11.793439,-102.38957,53.658157
2650000000,-11.400557,-11.646455,-102.84962,54.176876
2651000000,-11.480118,-11.554873,-102.88103,54.893948
2652000000,-11.457244,-11.381856,-103.1261,55.240368
2653000000,-11.49625,-11.213343,-103.36954,55.169811
2654000000,-11.552473,-10.990968,-103.68141,55.020306
2655000000,-11.587523,-10.808494,-103.30745,54.745392
2656000000,-11.66459,-10.619355,-103.56621,54.184685
2657000000,-11.655655,-10.439523,-103.83605,53.26696
2658000000,-11.696867,-10.291591,-103.62891,52.296577
2659000000,-11.746296,-10.189449,-103.87903,50.80912
2660000000,-11.796503,-10.069278,-103.84972,49.450279
2661000000,-11.798868,-9.9760733,-103.91332,47.897221
2662000000,-11.829886,-9.93256,-103.76421,46.219051
2663000000,-11.829498,-9.9582567,-103.92581,44.428955
2664000000,-11.862986,-9.9920883,-104.108,42.61953
2665000000,-11.884098,-10.081017,-104.19639,40.97855
2666000000,-11.895226,-10.202145,-104.22889,39.405182
2667000000,-11.95211,-10.328151,-104.60291,38.083927
2668000000,-11.979107,-10.522193,-104.49074,36.610226
2669000000,-12.019118,-10.724541,-104.81641,35.509777
2670000000,-12.051647,-10.93908,-104.95203,34.754498
2671000000,-12.112609,-11.146013,-105.28398,34.217194
2672000000,-12.098624,-11.391622,-105.40612,33.758274
2673000000,-12.169622,-11.615635,-105.41521,33.832977
2674000000,-12.21949,-11.831529,-105.40343,34.043137
2675000000,-12.254057,-11.998107,-105.51886,34.532234
2676000000,-12.325265,-12.161855,-105.6428,35.057007
2677000000,-12.338152,-12.308044,-105.51994,36.094955
2678000000,-12.396727,-12.39627,-105.44798,36.946823
2679000000,-12.435382,-12.415278,-105.40519,37.874401
2680000000,-12.421767,-12.440549,-105.59984,38.651917
2681000000,-12.485766,-12.411895,-105.45766,39.725372
2682000000,-12.523589,-12.344751,-105.57384,40.47142
2683000000,-12.537079,-12.26219,-105.4083,41.430618
2684000000,-12.586985,-12.105573,-105.6058,41.866154
2685000000,-12.60805,-11.977613,-105.65276,42.248703
2686000000,-12.598529,-11.818387,-105.73315,42.338997
2687000000,-12.602141,-11.624944,-105.89011,42.39806
2688000000,-12.666599,-11.428183,-105.92127,41.833183
2689000000,-12.653553,-11.225421,-106.15771,41.350903
2690000000,-12.739767,-11.094314,-106.07146,40.468513
2691000000,-12.754101,-10.90948,-106.49553,39.166714
2692000000,-12.813386,-10.759884,-106.52891,37.997925
2693000000,-12.874866,-10.678202,-106.56779,36.452202
2694000000,-12.899386,-10.600557,-106.52795,34.988689
2695000000,-12.927732,-10.578129,-106.61976,33.174961
2696000000,-12.980556,-10.568584,-106.49632,31.53236
2697000000,-12.996065,-10.615886,-106.69763,29.631826
2698000000,-13.086167,-10.692482,-106.53275,27.978119
2699000000,-13.124923,-10.82244,-106.88621,26.387043
2700000000,-13.1576,-10.976142,-107.04091,24.839655
2701000000,-13.156136,-11.13555,-107.00489,23.815283
2702000000,-13.188621,-11.346916,-106.99569,22.639776
2703000000,-13.227576,-11.533073,-107.31228,21.818398
2704000000,-13.299075,-11.798126,-107.33044,21.442345
2705000000,-13.266453,-11.994405,-107.3688,20.970509
2706000000,-13.380067,-12.226183,-107.64278,20.930605
2707000000,-13.373827,-12.394626,-107.54017,21.207052
2708000000,-13.444418,-12.604775,-107.60225,21.621456
2709000000,-13.507196,-12.735289,-107.72467,22.17218
2710000000,-13.558494,-12.854663,-107.68879,23.075377
2711000000,-13.56206,-12.920606,-107.67219,24.053196
2712000000,-13.606139,-12.942748,-107.65122,25.135221
2713000000,-13.649213,-12.94964,-107.59589,26.069719
2714000000,-13.724652,-12.949837,-107.93037,26.763132
2715000000,-13.760558,-12.848754,-107.67265,27.985657
2716000000,-13.727789,-12.705153,-107.9311,28.190039
2717000000,-13.783717,-12.602876,-107.69175,28.887466
2718000000,-13.808685,-12.414903,-107.59304,29.23546
2719000000,-13.806796,-12.25402,-107.4234,29.252853
2720000000,-13.86017,-12.091475,-107.59641,29.302713
2721000000,-13.888258,-11.876867,-107.55583,28.582111
2722000000,-13.934675,-11.68069,-107.57484,28.036634
2723000000,-13.925334,-11.519592,-107.79311,27.301403
2724000000,-13.952616,-11.347488,-108.13177,26.016569
2725000000,-14.042154,-11.227803,-107.91601,24.706333
2726000000,-14.047013,-11.109161,-108.33993,23.06522
2727000000,-14.085183,-11.024626,-107.96799,21.57645
2728000000,-14.127961,-11.013151,-108.57723,19.429583
2729000000,-14.163649,-11.011349,-108.25091,17.8717
2730000000,-14.227835,-11.044048,-108.13609,16.501492
2731000000,-14.288269,-11.110804,-108.1711,14.483005
2732000000,-14.298651,-11.202397,-108.29174,12.800187
2733000000,-14.347924,-11.327164,-108.34208,11.371796
2734000000,-14.400728,-11.519099,-108.03909,10.348247
2735000000,-14.390511,-11.69883,-108.31406,9.1474991
2736000000,-14.453328,-11.891853,-108.12613,8.3033991
2737000000,-14.460797,-12.125072,-108.35992,7.7964768
2738000000,-14.53253,-12.310366,-108.1758,7.5538707
2739000000,-14.547482,-12.5137,-108.5133,7.5505018
2740000000,-14.573129,-12.687664,-108.34288,7.5845399
2741000000,-14.647389,-12.887071,-108.12482,8.1989441
2742000000,-14.694179,-13.018229,-108.29192,8.7818174
2743000000,-14.75843,-13.088525,-108.22894,9.6184864
2744000000,-14.76564,-13.176596,-108.17011,10.347581
2745000000,-14.799791,-13.214022,-108.20797,11.338776
2746000000,-14.843673,-13.166759,-108.27275,12.168346
2747000000,-14.91971,-13.146012,-108.17284,12.639648
2748000000,-14.925852,-13.04328,-108.06937,13.553865
2749000000,-15.007989,-12.9176,-108.04681,14.209592
2750000000,-15.004423,-12.72681,-108.32514,14.431116
2751000000,-15.074334,-12.573271,-107.99235,14.692815
2752000000,-15.03913,-12.395457,-107.71696,14.614697
2753000000,-15.125442,-12.175696,-108.00356,14.153372
2754000000,-15.147236,-12.00678,-107.9165,13.569653
2755000000,-15.170404,-11.78777,-108.02932,12.917244
2756000000,-15.237911,-11.636003,-107.83483,11.736702
2757000000,-15.200821,-11.451254,-107.74966,10.647065
2758000000,-15.239244,-11.296245,-107.80239,9.0648355
2759000000,-15.326273,-11.22463,-107.67262,7.4921045
2760000000,-15.318144,-11.14254,-107.9502,5.7107291
2761000000,-15.394231,-11.082174,-107.96846,4.0062237
2762000000,-15.38736,-11.09602,-108.0054,2.0634906
2763000000,-15.487832,-11.152537,-107.99245,0.25714406
2764000000,-15.507641,-11.205727,-108.05535,-1.7344098
2765000000,-15.582481,-11.322292,-108.02286,-3.0573196
2766000000,-15.654179,-11.484471,-108.00465,-4.7684817
2767000000,-15.631646,-11.663871,-107.75079,-5.8911772
2768000000,-15.700223,-11.857734,-107.62252,-7.0344014
2769000000,-15.741416,-12.028244,-107.79684,-8.1907158
2770000000,-15.810947,-12.261332,-107.45856,-8.3862858
2771000000,-15.802567,-12.506637,-107.67399,-8.7409058
2772000000,-15.824834,-12.667318,-107.43515,-8.6532888
2773000000,-15.840541,-12.818622,-107.50162,-8.5469141
2774000000,-15.910535,-13.016243,-107.47092,-8.4931116
2775000000,-15.929627,-13.148828,-107.46371,-7.7630701
2776000000,-15.958465,-13.237942,-107.27831,-7.1634846
2777000000,-15.981627,-13.306259,-107.65561,-6.2348046
2778000000,-16.051222,-13.345479,-107.7318,-5.6255264
2779000000,-15.99828,-13.299079,-107.37437,-4.4208074
2780000000,-16.091488,-13.201698,-107.39381,-3.6546173
2781000000,-16.137053,-13.135951,-107.63319,-3.0134542
2782000000,-16.196085,-12.992201,-107.28331,-2.5574903
2783000000,-16.199354,-12.822989,-107.53049,-2.3398793
2784000000,-16.27746,-12.641392,-107.43751,-1.9672253
2785000000,-16.299498,-12.461814,-107.48106,-2.2347896
2786000000,-16.363659,-12.261344,-107.39357,-2.8023744
2787000000,-16.377392,-12.059945,-107.02722,-3.4839916
2788000000,-16.444191,-11.858867,-107.07493,-4.3971357
2789000000,-16.454094,-11.673642,-106.88153,-5.254499
2790000000,-16.462568,-11.523285,-106.85818,-6.6938787
2791000000,-16.521685,-11.38586,-106.86864,-8.3068037
2792000000,-16.564999,-11.269886,-106.77135,-9.8631153
2793000000,-16.630089,-11.208116,-107.03624,-11.727129
2794000000,-16.605618,-11.153388,-106.87865,-13.702654
2795000000,-16.659081,-11.183201,-107.06958,-15.58507
2796000000,-16.709087,-11.202087,-106.79748,-17.524504
2797000000,-16.817511,-11.322042,-106.83736,-19.201765
2798000000,-16.790831,-11.411226,-106.74668,-20.929962
2799000000,-16.850061,-11.533587,-106.83658,-22.495306
2800000000,-16.89736,-11.741111,-105.99342,-23.690294
2801000000,-16.941353,-11.919026,-106.49899,-24.863602
2802000000,-16.933331,-12.133704,-106.53651,-25.847612
2803000000,-16.978178,-12.345576,-106.08352,-26.326658
2804000000,-17.03985,-12.56054,-105.88911,-26.753834
2805000000,-17.074192,-12.757155,-105.84727,-26.844688
2806000000,-17.128954,-12.962227,-105.66415,-26.502882
2807000000,-17.120897,-13.116408,-105.81524,-26.109915
2808000000,-17.125467,-13.224264,-105.73866,-25.623058
2809000000,-17.170258,-13.345385,-105.46825,-24.831465
2810000000,-17.185669,-13.443212,-105.88577,-24.071089
2811000000,-17.205187,-13.389763,-105.38368,-22.845064
2812000000,-17.321123,-13.396075,-105.79385,-22.251034
2813000000,-17.298756,-13.30548,-105.82072,-21.409409
2814000000,-17.33502,-13.227139,-105.77787,-20.489548
2815000000,-17.393301,-13.07493,-105.57856,-19.827501
2816000000,-17.383549,-12.909083,-105.70619,-19.504795
2817000000,-17.450874,-12.724339,-105.87304,-19.354156
2818000000,-17.532568,-12.515572,-105.95552,-19.644798
2819000000,-17.629303,-12.286692,-105.44728,-19.787048
2820000000,-17.624931,-12.108389,-105.50047,-20.495857
2821000000,-17.688032,-11.901053,-105.64048,-21.713112
2822000000,-17.750143,-11.733161,-105.46789,-22.426004
2823000000,-17.756252,-11.511171,-105.08712,-23.855257
2824000000,-17.776402,-11.361716,-105.53877,-25.537998
2825000000,-17.874063,-11.244481,-105.04466,-27.054558
2826000000,-17.925173,-11.137695,-104.97405,-28.98662
2827000000,-17.973099,-11.136881,-104.67702,-30.579239
2828000000,-17.923092,-11.079933,-104.86814,-32.467026
2829000000,-17.989653,-11.136168,-104.69797,-34.795635
2830000000,-18.036425,-11.196611,-105.04984,-36.309841
2831000000,-18.065041,-11.329185,-104.69581,-37.933933
2832000000,-18.097828,-11.428087,-104.69601,-39.472195
2833000000,-18.165073,-11.613183,-104.4317,-40.995174
2834000000,-18.189054,-11.803693,-104.66084,-42.003193
2835000000,-18.171976,-11.964419,-104.58803,-42.735668
2836000000,-18.240124,-12.169429,-104.27104,-43.245968
2837000000,-18.261419,-12.361511,-104.28492,-43.57233
2838000000,-18.295252,-12.554313,-104.31763,-43.806133
2839000000,-18.400988,-12.755841,-104.14819,-43.780647
2840000000,-18.388647,-12.883886,-104.18446,-43.375652
2841000000,-18.442471,-13.011966,-104.12344,-42.689331
2842000000,-18.484125,-13.105515,-104.14861,-42.083626
2843000000,-18.513462,-13.165242,-104.27264,-41.143749
2844000000,-18.519632,-13.184716,-104.01527,-40.425743
2845000000,-18.576899,-13.176577,-104.28249,-39.624748
2846000000,-18.585638,-13.072673,-103.94618,-38.551914
2847000000,-18.669664,-12.969624,-104.20339,-38.083435
2848000000,-18.691996,-12.845745,-104.27233,-37.540695
2849000000,-18.77042,-12.649542,-104.32742,-37.146748
2850000000,-18.760754,-12.459464,-104.24341,-36.951191
2851000000,-18.860294,-12.253371,-104.16058,-37.025837
2852000000,-18.944153,-12.050071,-104.16864,-37.357559
2853000000,-18.936008,-11.827929,-104.19936,-37.717346
2854000000,-19.024448,-11.623837,-104.21523,-38.586075
2855000000,-19.102728,-11.415297,-103.99149,-39.689518
2856000000,-19.168556,-11.248807,-103.76273,-40.971912
2857000000,-19.229099,-11.088364,-103.98185,-42.353523
2858000000,-19.246016,-10.956244,-103.82885,-43.868412
2859000000,-19.368341,-10.843087,-103.89635,-45.668488
2860000000,-19.429377,-10.801098,-103.37138,-47.346508
2861000000,-19.464701,-10.757792,-103.20121,-49.304955
2862000000,-19.52438,-10.739779,-103.3104,-50.818451
2863000000,-19.52405,-10.812384,-103.5426,-52.733887
2864000000,-19.670523,-10.898025,-103.1563,-54.469521
2865000000,-19.69453,-11.016277,-103.04902,-56.021072
2866000000,-19.738981,-11.124039,-103.1153,-57.464951
2867000000,-19.807863,-11.290054,-102.87753,-58.279026
2868000000,-19.883829,-11.450871,-102.9398,-59.498852
2869000000,-19.942654,-11.676912,-102.78106,-59.789566
2870000000,-19.98522,-11.81076,-102.6663,-60.433281
2871000000,-20.050795,-12.000892,-102.72798,-60.745209
2872000000,-20.096855,-12.137346,-103.09245,-60.576565
2873000000,-20.212687,-12.291708,-102.89867,-60.100063
2874000000,-20.25633,-12.419782,-102.39954,-59.750244
2875000000,-20.360279,-12.461345,-102.47212,-59.165695
2876000000,-20.456221,-12.528861,-101.82941,-58.525124
2877000000,-20.50182,-12.548613,-101.96183,-57.892746
2878000000,-20.554918,-12.495602,-101.6269,-56.880363
2879000000,-20.793459,-12.452839,-101.42344,-56.204964
2880000000,-20.788088,-12.3593,-100.82042,-55.725414
2881000000,-20.764921,-12.205888,-101.55762,-55.140518
2882000000,-20.956673,-12.071897,-100.98493,-54.777889
2883000000,-21.038378,-11.883101,-100.81618,-54.63377
2884000000,-21.158514,-11.675179,-100.14923,-54.992207
2885000000,-21.219379,-11.502607,-100.29008,-54.999859
2886000000,-21.286993,-11.320327,-100.10216,-55.843929
2887000000,-21.388268,-11.139187,-99.762451,-56.452213
2888000000,-21.483297,-10.974757,-99.495934,-57.348969
2889000000,-21.595171,-10.778981,-98.967224,-58.513889
2890000000,-21.661173,-10.643783,-98.831238,-59.761883
2891000000,-21.832214,-10.551045,-97.924622,-61.20042
2892000000,-21.904823,-10.431627,-97.143349,-62.801964
2893000000,-21.87492,-10.362993,-96.801216,-64.377281
2894000000,-21.943846,-10.346195,-96.219261,-65.866425
2895000000,-22.071783,-10.339802,-95.273636,-67.343819
2896000000,-22.055618,-10.381758,-95.421356,-69.15078
2897000000,-22.17831,-10.457923,-95.171707,-70.397011
2898000000,-22.221678,-10.513098,-94.392593,-71.768906
2899000000,-22.293348,-10.647745,-93.490303,-72.68837
2900000000,-22.208796,-10.779891,-93.788063,-73.789482
2901000000,-22.341106,-10.902991,-92.52346,-74.633514
2902000000,-22.300804,-11.051639,-92.995071,-75.095093
2903000000,-22.365513,-11.199224,-91.709351,-75.494461
2904000000,-22.549549,-11.342641,-91.670731,-75.456985
2905000000,-22.546829,-11.434836,-91.531319,-75.36985
2906000000,-22.5905,-11.538774,-90.526978,-75.023285
2907000000,-22.630831,-11.59323,-90.362236,-74.499908
2908000000,-22.740295,-11.654301,-89.924011,-74.128334
2909000000,-22.769726,-11.660688,-89.366501,-73.772522
2910000000,-22.884205,-11.61594,-89.018036,-72.888817
2911000000,-22.819735,-11.564545,-88.659088,-72.409309
2912000000,-22.948915,-11.488138,-88.061157,-71.878593
2913000000,-22.922985,-11.415316,-87.617233,-71.577377
2914000000,-22.929901,-11.309415,-87.286667,-71.496956
2915000000,-23.048313,-11.128797,-86.087456,-71.076599
2916000000,-23.03886,-10.928805,-85.594322,-71.214333
2917000000,-23.240952,-10.779963,-85.775528,-71.488617
2918000000,-23.242867,-10.581959,-85.148438,-71.838745
2919000000,-23.281509,-10.42983,-84.066704,-72.660934
2920000000,-23.234524,-10.262461,-84.445839,-73.47924
2921000000,-23.30862,-10.066777,-83.37751,-74.263527
2922000000,-23.382816,-9.9565907,-83.24678,-75.352066
2923000000,-23.538353,-9.8503962,-82.507019,-76.53685
2924000000,-23.542295,-9.7482729,-82.178238,-78.080635
2925000000,-23.596174,-9.6806889,-81.401031,-79.417145
2926000000,-23.587906,-9.6322069,-81.609001,-81.226189
2927000000,-23.721754,-9.6399517,-81.055779,-82.504913
2928000000,-23.71398,-9.623311,-79.883949,-83.77166
2929000000,-23.762722,-9.6943245,-79.844971,-84.941765
2930000000,-23.814056,-9.7431278,-79.020088,-86.511917
2931000000,-23.824579,-9.8063841,-79.074448,-87.335045
2932000000,-23.938478,-9.9007082,-78.290649,-88.22171
2933000000,-23.927549,-10.007322,-78.388596,-89.246735
2934000000,-24.014597,-10.135939,-76.867378,-89.785484
2935000000,-24.04866,-10.271824,-76.48658,-90.138039
2936000000,-24.136642,-10.3657,-76.513466,-90.419258
2937000000,-24.23531,-10.473122,-76.193138,-90.632538
2938000000,-24.270018,-10.578943,-75.282387,-90.504166
2939000000,-24.21384,-10.586754,-74.835175,-90.261948
2940000000,-24.301874,-10.666308,-74.034966,-90.117493
2941000000,-24.484858,-10.676797,-72.481049,-89.643295
2942000000,-24.459843,-10.647382,-72.289818,-89.090363
2943000000,-24.574547,-10.658599,-71.519073,-88.827408
2944000000,-24.558271,-10.577058,-70.611198,-88.310562
2945000000,-24.653692,-10.502986,-70.131676,-88.181763
2946000000,-24.75716,-10.361983,-69.334526,-87.726768
2947000000,-24.741623,-10.246243,-69.143005,-87.599869
2948000000,-24.760677,-10.139522,-68.631645,-87.508873
2949000000,-24.805344,-9.9815378,-67.041908,-87.906372
2950000000,-24.844936,-9.8412304,-66.145248,-88.175591
2951000000,-24.741081,-9.6765327,-65.956635,-88.617531
2952000000,-24.891491,-9.5106115,-64.698936,-89.201836
2953000000,-24.92322,-9.3899632,-64.059212,-90.185577
2954000000,-24.932846,-9.270381,-62.709518,-90.877945
2955000000,-24.984102,-9.1464653,-62.234486,-91.789375
2956000000,-24.949076,-9.0410795,-61.502762,-93.115601
2957000000,-24.994541,-8.9816666,-61.000305,-94.191986
2958000000,-25.093943,-8.9135733,-59.868645,-95.518417
2959000000,-25.049753,-8.899375,-58.438602,-96.641762
2960000000,-25.147224,-8.8965054,-58.253017,-98.108849
2961000000,-25.180193,-8.9005775,-57.288639,-99.275658
2962000000,-25.149588,-8.9395628,-56.245564,-100.43529
2963000000,-25.108568,-8.9942188,-55.485683,-101.48399
2964000000,-25.19281,-9.052063,-54.285793,-101.95744
2965000000,-25.141321,-9.1156569,-53.622387,-103.02626
2966000000,-25.295519,-9.2435293,-52.600395,-103.72395
2967000000,-25.164034,-9.3052292,-51.987545,-104.21626
2968000000,-25.202629,-9.3861017,-50.041595,-104.56123
2969000000,-25.255739,-9.482007,-49.274498,-104.60529
2970000000,-25.217278,-9.55865,-48.795231,-104.94698
2971000000,-25.240814,-9.6231318,-47.238216,-104.92408
2972000000,-25.189762,-9.7014627,-46.567608,-104.54736
2973000000,-25.248575,-9.6726427,-44.503277,-104.22535
2974000000,-25.14893,-9.6550436,-43.497391,-104.11104
2975000000,-25.064083,-9.649497,-42.564327,-103.83801
2976000000,-25.015985,-9.6007023,-41.884956,-103.64904
2977000000,-25.009724,-9.5683546,-41.067036,-103.24046
2978000000,-25.023438,-9.4904346,-40.296543,-103.20505
2979000000,-24.961985,-9.3828878,-39.198723,-103.35723
2980000000,-24.888371,-9.2621603,-37.593819,-103.0302
2981000000,-24.878157,-9.1349497,-36.827839,-102.97682
2982000000,-24.834631,-9.0525312,-36.10825,-103.7261
2983000000,-24.747227,-8.914546,-35.040264,-103.84665
2984000000,-24.694847,-8.7567749,-33.939121,-104.26793
2985000000,-24.694818,-8.6561537,-32.978729,-105.01278
2986000000,-24.618553,-8.5735378,-31.993542,-105.69798
2987000000,-24.519268,-8.43507,-31.472584,-106.35648
2988000000,-24.42972,-8.3161268,-29.746527,-107.32948
2989000000,-24.421288,-8.2663059,-28.526508,-108.12857
2990000000,-24.318716,-8.1735325,-27.837143,-109.24505
2991000000,-24.156143,-8.1213932,-27.995295,-110.43114
2992000000,-24.138298,-8.0773849,-26.593632,-111.42836
2993000000,-23.972986,-8.0503416,-25.384953,-112.39851
2994000000,-23.872454,-8.072197,-24.89933,-113.54978
2995000000,-23.798359,-8.0808773,-23.741138,-114.53728
2996000000,-23.72261,-8.1161232,-23.366722,-115.48417
2997000000,-23.665541,-8.1922159,-22.264126,-116.42737
2998000000,-23.604538,-8.2343369,-22.139811,-117.27782
2999000000,-23.519316,-8.3383865,-21.18611,-117.85743
3000000000,-23.421366,-8.3712654,-20.058109,-118.13911
END,,,,
