Freq(Hz),S11 Log Mag(dB),S21 Log Mag(dB),S11 Phase(°),S21 Phase(°)
2000000000,-4.4381113,-5.9924526,-39.662834,-42.590492
2001000000,-4.4143529,-6.1118655,-40.239113,-44.385921
2002000000,-4.4021254,-6.2791672,-40.719955,-45.958961
2003000000,-4.4114499,-6.4375162,-41.376011,-47.354019
2004000000,-4.4573803,-6.6567373,-41.71347,-48.318882
2005000000,-4.5093222,-6.8642192,-41.979843,-49.013695
2006000000,-4.5511603,-7.066503,-42.208836,-49.35149
2007000000,-4.6016054,-7.274271,-42.40794,-49.575031
2008000000,-4.6758714,-7.5196848,-42.325764,-49.37685
2009000000,-4.7128077,-7.7004113,-42.242233,-48.996685
2010000000,-4.722477,-7.8658419,-42.151157,-48.401756
2011000000,-4.7565994,-7.9782276,-42.00235,-47.426147
2012000000,-4.7481151,-8.1024847,-41.917271,-46.581093
2013000000,-4.7056603,-8.1389246,-41.712799,-45.370132
2014000000,-4.7195258,-8.1663637,-41.599964,-44.075863
2015000000,-4.6674299,-8.1554813,-41.547844,-42.977676
2016000000,-4.6260052,-8.092824,-41.624325,-41.672684
2017000000,-4.5711632,-7.9700007,-41.764503,-40.541546
2018000000,-4.5371404,-7.8021522,-41.956661,-39.579876
2019000000,-4.5301046,-7.606184,-42.395752,-38.640701
2020000000,-4.4801745,-7.3642845,-42.752403,-37.984379
2021000000,-4.4862003,-7.0976734,-43.018429,-37.578789
2022000000,-4.463903,-6.8236856,-43.425411,-37.619179
2023000000,-4.4860387,-6.5333438,-43.904072,-38.017097
2024000000,-4.52632,-6.2496595,-44.301449,-38.732143
2025000000,-4.5571408,-6.0032005,-44.505589,-39.865116
2026000000,-4.6058664,-5.7740207,-44.718555,-41.219093
2027000000,-4.6421375,-5.5556393,-44.91011,-42.89439
2028000000,-4.6725864,-5.3923306,-44.759453,-44.555328
2029000000,-4.7081704,-5.3171163,-44.737213,-46.536392
2030000000,-4.7074914,-5.2519517,-44.699722,-48.645065
2031000000,-4.6858053,-5.1873455,-44.629234,-50.5317
2032000000,-4.6640005,-5.2315607,-44.658817,-52.575348
2033000000,-4.6481524,-5.3284144,-44.532246,-54.408268
2034000000,-4.5871353,-5.4327121,-44.604057,-56.103859
2035000000,-4.5520544,-5.6107416,-44.912369,-57.545033
2036000000,-4.5014048,-5.7596531,-45.300224,-58.941502
2037000000,-4.4868755,-5.9826727,-45.685863,-60.147854
2038000000,-4.4637361,-6.2143559,-46.162369,-60.755939
2039000000,-4.4759564,-6.4666286,-46.598774,-61.135311
2040000000,-4.4894624,-6.6609292,-47.311275,-61.40575
2041000000,-4.5524945,-6.8790741,-47.849174,-61.152481
2042000000,-4.6208634,-7.0859318,-48.10577,-60.564892
2043000000,-4.6844254,-7.2548351,-48.361496,-59.794701
2044000000,-4.7659855,-7.3792715,-48.468094,-58.870083
2045000000,-4.82304,-7.4898539,-48.613678,-57.865322
2046000000,-4.8651357,-7.5632362,-48.414104,-56.570583
2047000000,-4.8850861,-7.5350213,-48.086624,-55.44558
2048000000,-4.9261651,-7.5265737,-47.5406,-53.931499
2049000000,-4.907537,-7.4551144,-47.318798,-52.796371
2050000000,-4.8675308,-7.3267136,-47.145863,-51.520977
2051000000,-4.8207021,-7.191885,-46.980618,-50.443256
2052000000,-4.7762213,-6.9996886,-46.89782,-49.795834
2053000000,-4.7145677,-6.7408915,-47.088028,-49.080536
2054000000,-4.6594944,-6.4877033,-47.248409,-48.620163
2055000000,-4.6022363,-6.2284517,-47.602348,-48.53289
2056000000,-4.5608869,-5.9568348,-48.12672,-48.953701
2057000000,-4.5385628,-5.6660857,-48.703281,-49.410133
2058000000,-4.5550065,-5.3827209,-49.299088,-50.488651
2059000000,-4.5623336,-5.1511207,-49.937458,-51.690941
2060000000,-4.6019554,-4.9030323,-50.207298,-53.085354
2061000000,-4.6724877,-4.7471333,-50.698788,-55.120396
2062000000,-4.7376633,-4.6505218,-50.847233,-56.977077
2063000000,-4.777092,-4.5781345,-51.070652,-59.027691
2064000000,-4.8295922,-4.533896,-50.916126,-60.956234
2065000000,-4.8694506,-4.5461569,-50.85677,-63.080746
2066000000,-4.8940601,-4.6238441,-50.598866,-64.730408
2067000000,-4.8715529,-4.7352099,-50.560093,-66.590858
2068000000,-4.8622298,-4.8968902,-50.436611,-68.184914
2069000000,-4.8310404,-5.0432186,-50.351543,-69.297325
2070000000,-4.7842588,-5.2520556,-50.411552,-70.627968
2071000000,-4.7247639,-5.4351315,-50.640671,-71.246384
2072000000,-4.6844306,-5.6753273,-50.913017,-71.97139
2073000000,-4.6559162,-5.9082322,-51.314732,-72.18148
2074000000,-4.6278119,-6.1450863,-51.811981,-72.168732
2075000000,-4.6180387,-6.3497615,-52.271633,-71.789284
2076000000,-4.629015,-6.5468421,-52.927727,-71.367165
2077000000,-4.6396499,-6.7430515,-53.398872,-70.267059
2078000000,-4.6915998,-6.8359594,-53.799026,-69.321541
2079000000,-4.7711153,-6.9107885,-54.41452,-67.899498
2080000000,-4.8265219,-6.9584627,-54.695435,-66.472443
2081000000,-4.9046149,-6.9048853,-54.946922,-64.990547
2082000000,-4.9968572,-6.857583,-55.006458,-63.673748
2083000000,-5.0530276,-6.7588782,-54.860725,-62.542179
2084000000,-5.0941186,-6.5661545,-54.585415,-61.277916
2085000000,-5.134336,-6.3605399,-54.316113,-60.565151
2086000000,-5.1214714,-6.130641,-53.960575,-59.971119
2087000000,-5.0998588,-5.8882284,-53.613735,-59.501659
2088000000,-5.0634685,-5.6487813,-53.326561,-59.494083
2089000000,-4.9746509,-5.3507981,-53.366367,-59.63562
2090000000,-4.8976932,-5.1183143,-53.458271,-60.106697
2091000000,-4.8176246,-4.8256388,-53.698109,-60.857655
2092000000,-4.7719364,-4.5872355,-54.293839,-62.104767
2093000000,-4.7415633,-4.3539553,-54.985279,-63.526737
2094000000,-4.73348,-4.1741405,-55.733219,-65.144508
2095000000,-4.7595611,-4.017714,-56.441891,-67.084045
2096000000,-4.8102093,-3.9420724,-57.149265,-69.214081
2097000000,-4.8875942,-3.9017723,-57.498875,-71.015739
2098000000,-4.9772444,-3.9461055,-57.85878,-73.07341
2099000000,-5.0315537,-3.9910626,-57.854065,-74.982552
2100000000,-5.1361713,-4.0891061,-57.910702,-76.766167
2101000000,-5.163229,-4.2169352,-57.695683,-78.214577
2102000000,-5.2038889,-4.4017148,-57.407406,-79.545563
2103000000,-5.2123551,-4.5650578,-57.179466,-80.735893
2104000000,-5.1894026,-4.7771897,-57.006767,-81.649567
2105000000,-5.1468101,-5.0002007,-56.764557,-82.163963
2106000000,-5.1233706,-5.2054296,-56.905621,-82.741722
2107000000,-5.0666046,-5.4189563,-56.876675,-82.759705
2108000000,-5.0301251,-5.6376119,-57.024227,-82.515945
2109000000,-4.9791203,-5.8233008,-57.489552,-82.186081
2110000000,-4.9433427,-6.0074911,-57.870232,-81.485725
2111000000,-4.9097509,-6.1328406,-58.405849,-80.36174
2112000000,-4.9138541,-6.2463379,-58.884968,-79.328644
2113000000,-4.9155569,-6.3057775,-59.520031,-78.02504
2114000000,-4.9174275,-6.2865891,-60.007324,-76.628273
2115000000,-4.9764104,-6.2644124,-60.555759,-75.309769
2116000000,-5.0265665,-6.1950045,-61.125427,-73.951416
2117000000,-5.1088777,-6.0521278,-61.45219,-72.919807
2118000000,-5.1875415,-5.8645968,-61.617718,-71.857399
2119000000,-5.2424216,-5.6548743,-61.792236,-71.180115
2120000000,-5.3128715,-5.4289789,-61.866467,-70.755318
2121000000,-5.3736887,-5.1738176,-61.671787,-70.62101
2122000000,-5.4165268,-4.9405637,-61.419788,-70.919266
2123000000,-5.4096813,-4.6699619,-61.147884,-71.388496
2124000000,-5.3963904,-4.401895,-60.8517,-72.129471
2125000000,-5.3528523,-4.1921463,-60.698261,-73.229248
2126000000,-5.3015695,-3.9998577,-60.801342,-74.392731
2127000000,-5.2616124,-3.8484044,-60.979259,-75.839592
2128000000,-5.2074223,-3.7078075,-61.386353,-77.510773
2129000000,-5.1696687,-3.6116633,-61.862663,-79.224335
2130000000,-5.1505256,-3.5511844,-62.533913,-81.096397
2131000000,-5.1690269,-3.5614641,-63.224979,-83.086433
2132000000,-5.2073016,-3.6211038,-63.793839,-84.790825
2133000000,-5.2937593,-3.7111075,-64.345871,-86.517754
2134000000,-5.3755841,-3.8433354,-64.762436,-88.059357
2135000000,-5.4712644,-3.9981546,-64.798264,-89.250496
2136000000,-5.5451379,-4.1588058,-64.965996,-90.248177
2137000000,-5.6072478,-4.3579021,-64.69342,-91.134895
2138000000,-5.6561437,-4.559567,-64.427193,-91.543442
2139000000,-5.6668887,-4.7430773,-64.265984,-91.878059
2140000000,-5.6858449,-4.9768109,-63.826492,-91.827484
2141000000,-5.6501288,-5.1377072,-63.741928,-91.790527
2142000000,-5.5858569,-5.2885838,-63.550907,-91.419594
2143000000,-5.5582452,-5.4381485,-63.621853,-90.891907
2144000000,-5.5105357,-5.5804687,-63.780575,-90.099228
2145000000,-5.4658313,-5.6729946,-64.154572,-89.024658
2146000000,-5.434824,-5.734479,-64.511551,-88.178413
2147000000,-5.3877506,-5.7553382,-65.025108,-86.877037
2148000000,-5.3542614,-5.6953478,-65.459251,-85.604889
2149000000,-5.3666711,-5.6811519,-66.01577,-84.576416
2150000000,-5.3904562,-5.5247416,-66.677467,-83.511414
2151000000,-5.4337468,-5.4111195,-67.203667,-82.493118
2152000000,-5.4693556,-5.2162299,-67.790321,-81.797829
2153000000,-5.5230436,-4.9825172,-68.190033,-81.527039
2154000000,-5.6009388,-4.7424083,-68.550034,-81.439079
2155000000,-5.6591997,-4.5093455,-68.756432,-81.7295
2156000000,-5.7380915,-4.2913446,-68.894157,-82.297951
2157000000,-5.7982607,-4.0812988,-68.752792,-82.819298
2158000000,-5.8310232,-3.879288,-68.766571,-83.834656
2159000000,-5.8746424,-3.7196651,-68.633568,-85.011993
2160000000,-5.8800249,-3.584775,-68.50695,-86.320984
2161000000,-5.8572984,-3.4448988,-68.407661,-87.679237
2162000000,-5.8401036,-3.4103999,-68.405968,-89.398033
2163000000,-5.7956753,-3.3711812,-68.639137,-90.97171
2164000000,-5.7922721,-3.3904397,-68.750641,-92.586174
2165000000,-5.770925,-3.4197125,-69.189964,-93.833466
2166000000,-5.7483454,-3.5189867,-69.626839,-95.378929
2167000000,-5.7719889,-3.6233819,-70.327393,-96.7537
2168000000,-5.8104677,-3.764724,-70.691422,-97.878647
2169000000,-5.8667345,-3.9250021,-71.286453,-98.801353
2170000000,-5.9307642,-4.111186,-71.461159,-99.305641
2171000000,-6.0158558,-4.2575459,-71.733986,-99.675293
2172000000,-6.0874877,-4.4490814,-71.884506,-99.775307
2173000000,-6.1528177,-4.620955,-71.786247,-99.880013
2174000000,-6.1964397,-4.7684841,-71.553802,-99.4617
2175000000,-6.2493372,-4.8936372,-71.380112,-99.302956
2176000000,-6.2541132,-5.0192256,-71.197227,-98.798538
2177000000,-6.2507658,-5.1187267,-70.924797,-97.956207
2178000000,-6.2034712,-5.1650834,-70.680489,-97.032555
2179000000,-6.1629367,-5.1816435,-70.805977,-96.089081
2180000000,-6.1205287,-5.1779566,-71.020752,-95.18718
2181000000,-6.0891142,-5.1355934,-71.133263,-94.343292
2182000000,-6.0597606,-5.0596147,-71.480957,-93.446609
2183000000,-6.0167847,-4.9440155,-72.041748,-92.447487
2184000000,-5.9964252,-4.8164024,-72.514832,-91.689095
2185000000,-6.0119348,-4.6119075,-73.146317,-91.373116
2186000000,-6.0360703,-4.4498034,-73.877525,-91.182449
2187000000,-6.0586729,-4.2299476,-74.323029,-91.151024
2188000000,-6.1287704,-4.0402303,-74.765839,-91.471161
2189000000,-6.1926837,-3.8244636,-75.205536,-92.18055
2190000000,-6.2713041,-3.6506765,-75.572456,-92.779198
2191000000,-6.351932,-3.501338,-75.733284,-93.853508
2192000000,-6.428834,-3.3425534,-75.745911,-94.92923
2193000000,-6.4765291,-3.252008,-75.657784,-96.174866
2194000000,-6.5237918,-3.1726742,-75.621849,-97.541756
2195000000,-6.5543747,-3.1309457,-75.531754,-98.971153
2196000000,-6.5470557,-3.1212945,-75.5065,-100.40283
2197000000,-6.5372362,-3.1444674,-75.360176,-101.78636
2198000000,-6.5300803,-3.2114556,-75.34771,-102.99036
2199000000,-6.5047727,-3.2803495,-75.745567,-104.26145
2200000000,-6.496913,-3.3929062,-75.898209,-105.27541
2201000000,-6.499186,-3.5032239,-76.273621,-106.28116
2202000000,-6.4986897,-3.6695919,-76.764488,-106.89615
2203000000,-6.5037241,-3.8258774,-77.171425,-107.2174
2204000000,-6.5549412,-3.9789891,-77.832245,-107.75313
2205000000,-6.6176872,-4.1034369,-78.086227,-107.68948
2206000000,-6.6799941,-4.2829208,-78.375671,-107.58006
2207000000,-6.7704015,-4.4170227,-78.770317,-107.22083
2208000000,-6.8349094,-4.5013609,-78.886871,-106.73558
2209000000,-6.8997469,-4.6184034,-78.8368,-106.12124
2210000000,-6.9525881,-4.6314678,-78.743317,-105.4436
2211000000,-7.0014219,-4.6519804,-78.739838,-104.4546
2212000000,-7.0317712,-4.6421142,-78.175003,-103.72036
2213000000,-7.0371695,-4.5764251,-78.219109,-103.07513
2214000000,-7.0255089,-4.5108695,-77.930862,-102.22448
2215000000,-6.9947567,-4.4498134,-78.105705,-101.58333
2216000000,-6.979001,-4.2907424,-77.968239,-101.27314
2217000000,-6.9081845,-4.1731377,-78.301918,-100.8147
2218000000,-6.8917942,-3.9850786,-78.623108,-100.69276
2219000000,-6.8713336,-3.8241763,-79.067177,-100.64155
2220000000,-6.8569865,-3.6447878,-79.826416,-100.97098
2221000000,-6.8727074,-3.4532294,-80.315178,-101.32597
2222000000,-6.8924623,-3.2952049,-80.963287,-101.95235
2223000000,-6.9767766,-3.1421115,-81.457886,-102.98071
2224000000,-7.0504336,-3.0117874,-81.92955,-104.01335
2225000000,-7.1514449,-2.9233816,-82.344315,-105.23889
2226000000,-7.2431231,-2.8401291,-82.309662,-106.3202
2227000000,-7.3088651,-2.8029993,-82.418892,-107.86501
2228000000,-7.4102836,-2.8175066,-82.26458,-109.01029
2229000000,-7.444469,-2.8280635,-82.073875,-110.40462
2230000000,-7.490664,-2.8667572,-81.95916,-111.58327
2231000000,-7.4697504,-2.9483905,-81.78997,-112.88455
2232000000,-7.4580917,-3.0420551,-81.773811,-113.94415
2233000000,-7.4533067,-3.1579409,-81.837509,-114.57991
2234000000,-7.4245758,-3.2798123,-81.769142,-115.28966
2235000000,-7.3882203,-3.4288182,-81.969643,-115.79721
2236000000,-7.3724399,-3.577116,-82.476334,-116.26001
2237000000,-7.3744512,-3.710006,-82.995163,-116.23338
2238000000,-7.3792548,-3.859355,-83.403458,-116.29375
2239000000,-7.4101262,-4.0158887,-83.923508,-116.13681
2240000000,-7.448339,-4.0800357,-84.43161,-115.52208
2241000000,-7.5290246,-4.180263,-84.890694,-114.94773
2242000000,-7.6339593,-4.2259588,-85.283119,-114.25251
2243000000,-7.703074,-4.2493596,-85.609749,-113.42056
2244000000,-7.8123455,-4.2658825,-85.935005,-112.67947
2245000000,-7.8768821,-4.2162428,-85.732613,-111.9476
2246000000,-7.9632964,-4.1416407,-85.767479,-111.14408
2247000000,-8.0428782,-4.0521016,-85.591972,-110.65399
2248000000,-8.0682154,-3.9306045,-85.252708,-110.14828
2249000000,-8.0895996,-3.7842088,-84.90889,-109.869
2250000000,-8.0941181,-3.6746416,-84.735626,-109.72943
2251000000,-8.0929384,-3.4951968,-84.475441,-109.79593
2252000000,-8.0452452,-3.3319404,-84.507591,-110.04306
2253000000,-8.0228605,-3.209336,-84.768219,-110.65436
2254000000,-7.997807,-3.0153556,-85.114784,-110.97687
2255000000,-7.9637332,-2.88572,-85.651428,-111.89993
2256000000,-7.9605737,-2.7797613,-86.078705,-112.76371
2257000000,-8.0060463,-2.6558983,-86.636635,-113.80583
2258000000,-8.0522413,-2.5759919,-87.380402,-114.9886
2259000000,-8.1311598,-2.5390956,-87.953514,-116.34405
2260000000,-8.2304344,-2.5020893,-88.278244,-117.60631
2261000000,-8.3364506,-2.5174162,-88.371361,-118.84371
2262000000,-8.4099836,-2.5442765,-88.793175,-119.97509
2263000000,-8.4914284,-2.6279578,-88.273972,-120.93819
2264000000,-8.5875692,-2.7286475,-88.205421,-122.11423
2265000000,-8.6332006,-2.8320966,-87.812622,-122.85836
2266000000,-8.6458282,-2.9289017,-87.507904,-123.57516
2267000000,-8.6718349,-3.0715985,-87.283043,-124.20807
2268000000,-8.6493387,-3.1830659,-87.212128,-124.70613
2269000000,-8.608984,-3.3332129,-87.017441,-124.84594
2270000000,-8.5546732,-3.4763556,-87.182846,-125.07273
2271000000,-8.520524,-3.6054976,-87.348267,-124.96362
2272000000,-8.5098009,-3.7322114,-87.951744,-124.56152
2273000000,-8.4584627,-3.8253784,-88.532539,-124.11838
2274000000,-8.4629812,-3.9146252,-88.932983,-123.6422
2275000000,-8.4984818,-3.9727685,-89.856903,-122.83344
2276000000,-8.5705481,-3.9871218,-90.742264,-122.06894
2277000000,-8.642498,-3.9686236,-91.113228,-121.1862
2278000000,-8.7520218,-3.939441,-91.852715,-120.6423
2279000000,-8.8704548,-3.8707285,-92.187836,-119.86949
2280000000,-8.9820728,-3.7671793,-92.431923,-119.32139
2281000000,-9.142602,-3.6554608,-92.520729,-118.98492
2282000000,-9.2234459,-3.4849203,-92.203453,-118.72075
2283000000,-9.3393984,-3.3496513,-92.157326,-118.58827
2284000000,-9.4279413,-3.217798,-91.960197,-118.98049
2285000000,-9.4953985,-3.0691526,-91.570152,-119.05573
2286000000,-9.4872675,-2.9172487,-90.869591,-119.55299
2287000000,-9.5053873,-2.7819178,-90.693916,-120.15813
2288000000,-9.4871387,-2.6518714,-90.40168,-120.99283
2289000000,-9.4409714,-2.5453355,-90.376038,-121.82615
2290000000,-9.4224596,-2.4754536,-90.483887,-122.78084
2291000000,-9.3732634,-2.3946948,-90.963921,-123.85381
2292000000,-9.36724,-2.3751247,-91.139214,-124.98655
2293000000,-9.3554049,-2.3268089,-91.829765,-126.13816
2294000000,-9.3576403,-2.3591375,-92.562035,-127.24602
2295000000,-9.4558096,-2.3813779,-93.104446,-128.42537
2296000000,-9.5549526,-2.4568124,-93.620071,-129.59659
2297000000,-9.6778145,-2.5368125,-94.14666,-130.42613
2298000000,-9.807251,-2.6459594,-94.19075,-131.09151
2299000000,-9.9109354,-2.7751362,-94.030693,-131.77969
2300000000,-10.014964,-2.8859522,-93.907532,-132.18071
2301000000,-10.059932,-2.9952602,-93.301659,-132.53683
2302000000,-10.135609,-3.1339748,-92.826614,-132.8324
2303000000,-10.130406,-3.2504179,-92.395935,-132.76579
2304000000,-10.10558,-3.3414335,-92.138412,-132.72108
2305000000,-10.077053,-3.4349279,-91.949669,-132.51248
2306000000,-10.034166,-3.5134032,-91.968231,-132.11621
2307000000,-9.9825106,-3.6133296,-92.20652,-131.65712
2308000000,-9.896759,-3.6493859,-92.481972,-131.19014
2309000000,-9.8876905,-3.6594977,-92.95108,-130.57008
2310000000,-9.8678598,-3.6505568,-93.674316,-130.05728
2311000000,-9.8910942,-3.6065168,-94.467606,-129.16951
2312000000,-9.9564638,-3.5856304,-95.506523,-128.51961
2313000000,-10.047431,-3.4890087,-96.237755,-128.14482
2314000000,-10.165527,-3.370214,-96.85743,-127.56172
2315000000,-10.264571,-3.2448819,-97.341621,-127.36239
2316000000,-10.429394,-3.1000543,-97.973244,-127.40229
2317000000,-10.605453,-2.9752884,-97.905983,-127.43193
2318000000,-10.734316,-2.8348551,-97.651161,-127.71754
2319000000,-10.861057,-2.7181392,-97.465607,-128.31361
2320000000,-11.011657,-2.5886436,-97.206146,-128.98647
2321000000,-11.059508,-2.4735048,-96.564995,-129.65594
2322000000,-11.145873,-2.3933542,-96.023399,-130.44724
2323000000,-11.111438,-2.328069,-95.180672,-131.32439
2324000000,-11.165669,-2.2776816,-94.788734,-132.26721
2325000000,-11.128962,-2.2111621,-94.675407,-133.29823
2326000000,-11.075903,-2.2058091,-94.368019,-134.19576
2327000000,-11.05801,-2.2045443,-94.68293,-135.38161
2328000000,-10.989469,-2.2365708,-95.012505,-136.24918
2329000000,-11.019512,-2.3037047,-95.388046,-137.24644
2330000000,-11.047129,-2.3274829,-96.031021,-138.05673
2331000000,-11.073185,-2.4224367,-96.774788,-138.64351
2332000000,-11.149587,-2.5129914,-97.389359,-139.38882
2333000000,-11.253294,-2.6049716,-97.80027,-140.09822
2334000000,-11.393091,-2.7315199,-98.074135,-140.47983
2335000000,-11.529581,-2.8565593,-98.204903,-140.56677
2336000000,-11.666416,-2.9419529,-98.276093,-140.72679
2337000000,-11.791137,-3.004365,-97.608589,-140.59183
2338000000,-11.891136,-3.1263728,-97.181343,-140.52939
2339000000,-12.00454,-3.1839616,-96.794235,-140.12816
2340000000,-12.008757,-3.2412701,-96.249786,-139.90709
2341000000,-12.045549,-3.2743399,-95.467613,-139.51862
2342000000,-12.035648,-3.2828245,-95.012177,-139.08189
2343000000,-11.918377,-3.2872677,-94.660881,-138.7343
2344000000,-11.835102,-3.2835708,-94.704308,-138.30504
2345000000,-11.83775,-3.247776,-94.824738,-137.8604
2346000000,-11.786467,-3.1903019,-95.440948,-137.57529
2347000000,-11.775094,-3.1125448,-95.886749,-137.1577
2348000000,-11.780483,-3.0326073,-96.75798,-136.90109
2349000000,-11.824306,-2.9055479,-97.694313,-136.8457
2350000000,-11.960002,-2.8108621,-98.497559,-136.89647
2351000000,-12.065038,-2.7307208,-99.059074,-137.12045
2352000000,-12.18882,-2.565829,-99.687782,-137.36575
2353000000,-12.39074,-2.485431,-99.945671,-137.99715
2354000000,-12.585722,-2.3967519,-99.884018,-138.5336
2355000000,-12.739988,-2.3151391,-99.409576,-139.04631
2356000000,-12.929665,-2.2436702,-99.115852,-140.01732
2357000000,-13.007442,-2.19295,-98.270721,-140.64432
2358000000,-13.114317,-2.17418,-97.636429,-141.57918
2359000000,-13.133892,-2.133327,-96.737503,-142.40331
2360000000,-13.178987,-2.150358,-96.084084,-143.19968
2361000000,-13.1694,-2.1233125,-95.590675,-143.94899
2362000000,-13.122231,-2.1786587,-95.429298,-144.95416
2363000000,-13.070065,-2.2114451,-95.342072,-145.58867
2364000000,-13.019937,-2.2523985,-95.044937,-146.47433
2365000000,-13.005655,-2.2926261,-95.72364,-146.76961
2366000000,-13.018646,-2.4011781,-96.154465,-147.37331
2367000000,-13.005718,-2.4835532,-96.518501,-148.06105
2368000000,-13.071671,-2.5615077,-97.32843,-148.20831
2369000000,-13.147707,-2.6532862,-97.969368,-148.5032
2370000000,-13.292785,-2.7251911,-98.38279,-148.74675
2371000000,-13.465845,-2.7768111,-98.679008,-148.58171
2372000000,-13.615977,-2.858638,-98.587944,-148.49864
2373000000,-13.764039,-2.9399502,-98.554031,-148.27859
2374000000,-13.943689,-2.9609821,-98.016106,-148.07465
2375000000,-14.074127,-2.9608765,-97.304459,-147.95432
2376000000,-14.180777,-2.9759023,-96.737335,-147.50528
2377000000,-14.26657,-2.992327,-95.971428,-147.21791
2378000000,-14.291822,-2.9660344,-94.938835,-147.17781
2379000000,-14.276847,-2.9353492,-94.313248,-146.95247
2380000000,-14.279586,-2.8825967,-93.778404,-146.77246
2381000000,-14.22225,-2.8506427,-93.475937,-146.66167
2382000000,-14.223611,-2.7806506,-93.27063,-146.58038
2383000000,-14.161681,-2.7077711,-93.189583,-146.38788
2384000000,-14.160436,-2.6477828,-93.801331,-146.5854
2385000000,-14.161483,-2.5672936,-93.941887,-146.83351
2386000000,-14.162035,-2.46965,-94.562271,-147.08147
2387000000,-14.221195,-2.4025576,-95.027443,-147.38327
2388000000,-14.335505,-2.3169956,-95.600807,-148.02156
2389000000,-14.484194,-2.2808542,-96.096626,-148.46822
2390000000,-14.659758,-2.22808,-95.889107,-149.05843
2391000000,-14.811146,-2.1654761,-95.764336,-149.8351
2392000000,-14.98744,-2.1524746,-95.421165,-150.50308
2393000000,-15.07439,-2.1575375,-94.698029,-151.22842
2394000000,-15.183683,-2.1212916,-94.062416,-151.88969
2395000000,-15.257227,-2.1361728,-92.935638,-152.60658
2396000000,-15.27107,-2.1629386,-92.146828,-153.13136
2397000000,-15.300089,-2.2087798,-91.548599,-153.76923
2398000000,-15.289273,-2.2269032,-91.035286,-154.29886
2399000000,-15.238953,-2.274828,-90.495651,-154.97601
2400000000,-15.196718,-2.3243196,-90.620506,-155.36765
2401000000,-15.133234,-2.394943,-90.58242,-155.91069
2402000000,-15.12993,-2.4884291,-90.75074,-156.24933
2403000000,-15.129867,-2.5512595,-91.415161,-156.30203
2404000000,-15.202491,-2.5787704,-91.901009,-156.578
2405000000,-15.280146,-2.6549964,-92.498528,-156.58183
2406000000,-15.40277,-2.7012839,-92.811386,-156.77045
2407000000,-15.501931,-2.7452374,-93.151352,-156.47284
2408000000,-15.680894,-2.7846763,-93.142662,-156.5173
2409000000,-15.87429,-2.8073335,-92.939857,-156.38652
2410000000,-16.085968,-2.8158536,-92.288719,-155.98932
2411000000,-16.197166,-2.7957847,-91.896675,-155.85094
2412000000,-16.325819,-2.7923732,-90.962044,-155.64253
2413000000,-16.424324,-2.7711337,-89.811783,-155.72707
2414000000,-16.484158,-2.724113,-88.845985,-155.55585
2415000000,-16.56472,-2.7332475,-88.148468,-155.67587
2416000000,-16.535946,-2.6557877,-87.127312,-155.67505
2417000000,-16.547602,-2.6068058,-86.057686,-155.77646
2418000000,-16.450161,-2.5537508,-85.264473,-155.71471
2419000000,-16.42318,-2.5075064,-85.111717,-156.05003
2420000000,-16.380941,-2.4756598,-84.525169,-156.10347
2421000000,-16.365868,-2.408787,-84.177681,-156.48018
2422000000,-16.302603,-2.3367946,-84.70298,-156.82239
2423000000,-16.329161,-2.2731223,-85.061684,-157.17038
2424000000,-16.412914,-2.2327015,-85.352104,-157.75499
2425000000,-16.42914,-2.215287,-85.286827,-158.17133
2426000000,-16.535498,-2.1588697,-85.544128,-158.7818
2427000000,-16.616438,-2.1391385,-85.244431,-159.37144
2428000000,-16.775179,-2.139663,-84.888931,-160.00031
2429000000,-16.921175,-2.1294947,-84.639694,-160.63205
2430000000,-16.971043,-2.1328535,-83.756401,-161.13808
2431000000,-17.051645,-2.1722357,-83.279366,-161.60336
2432000000,-17.072004,-2.1973708,-82.046471,-162.17839
2433000000,-17.118277,-2.2304864,-81.193382,-162.56151
2434000000,-17.121826,-2.2488463,-80.426033,-163.2403
2435000000,-17.092581,-2.3238626,-79.400879,-163.60991
2436000000,-17.033268,-2.3456514,-79.182014,-163.99689
2437000000,-16.953281,-2.430835,-79.359344,-164.28307
2438000000,-16.899179,-2.4253864,-78.595749,-164.63712
2439000000,-16.87837,-2.4985392,-78.580589,-164.78247
2440000000,-16.890875,-2.5606775,-78.968094,-164.944
2441000000,-16.921444,-2.5975077,-79.350212,-164.93651
2442000000,-16.971272,-2.6432502,-79.778099,-164.83057
2443000000,-17.038946,-2.6698792,-79.718224,-164.85352
2444000000,-17.133722,-2.6871397,-79.823608,-164.60252
2445000000,-17.241955,-2.7041695,-79.247505,-164.49132
2446000000,-17.440884,-2.6994438,-79.309769,-164.48232
2447000000,-17.555826,-2.7073994,-78.785461,-164.5584
2448000000,-17.679661,-2.6939464,-78.057243,-164.36319
2449000000,-17.761444,-2.6508641,-76.605522,-164.31735
2450000000,-17.868149,-2.6047056,-75.706154,-164.39993
2451000000,-17.863834,-2.5937591,-74.583984,-164.34665
2452000000,-17.876152,-2.5568821,-73.362495,-164.33241
2453000000,-17.812893,-2.5126421,-72.194054,-164.40355
2454000000,-17.834328,-2.4655144,-71.361206,-164.7142
2455000000,-17.709467,-2.4081769,-70.587074,-164.85312
2456000000,-17.641474,-2.3890471,-69.877823,-165.02669
2457000000,-17.562662,-2.3350606,-69.39711,-165.48961
2458000000,-17.430826,-2.2898998,-69.044815,-165.76067
2459000000,-17.402105,-2.273092,-69.061081,-166.31242
2460000000,-17.389702,-2.2101259,-68.949211,-166.57898
2461000000,-17.38798,-2.1595919,-69.309479,-167.14845
2462000000,-17.39686,-2.1556852,-69.409103,-167.71359
2463000000,-17.390131,-2.1493332,-69.319923,-168.29103
2464000000,-17.470734,-2.1495736,-69.215736,-168.8324
2465000000,-17.508251,-2.1500461,-68.548485,-169.36026
2466000000,-17.585079,-2.1646321,-68.278496,-169.97803
2467000000,-17.631512,-2.1865008,-67.719765,-170.51573
2468000000,-17.689157,-2.2248862,-66.83271,-170.78853
2469000000,-17.733858,-2.2295454,-65.979401,-171.38383
2470000000,-17.709227,-2.2648759,-65.005135,-171.60814
2471000000,-17.647926,-2.3343122,-64.201645,-172.25922
2472000000,-17.592829,-2.3888881,-63.773518,-172.60522
2473000000,-17.508743,-2.4094598,-63.023026,-172.87926
2474000000,-17.408539,-2.4830432,-62.619873,-172.90218
2475000000,-17.338552,-2.5169964,-62.273403,-173.02397
2476000000,-17.257723,-2.5717006,-62.147442,-173.02248
2477000000,-17.209061,-2.6159666,-62.077644,-173.20509
2478000000,-17.165104,-2.6464801,-62.359314,-173.19872
2479000000,-17.162399,-2.6783473,-62.257442,-173.03874
2480000000,-17.237923,-2.6823018,-62.611469,-173.0721
2481000000,-17.199671,-2.6822679,-62.586109,-172.98293
2482000000,-17.277025,-2.6839905,-62.334515,-172.68344
2483000000,-17.366356,-2.6896901,-61.984241,-172.8201
2484000000,-17.41836,-2.6419728,-61.494934,-172.52287
2485000000,-17.441341,-2.6057758,-60.962307,-172.5462
2486000000,-17.467543,-2.595614,-59.694923,-172.47499
2487000000,-17.488754,-2.5447614,-58.800663,-172.75354
2488000000,-17.451462,-2.4957571,-57.79525,-172.80811
2489000000,-17.449831,-2.4607792,-57.11639,-172.97858
2490000000,-17.364197,-2.4352801,-56.197899,-173.08531
2491000000,-17.234806,-2.3709621,-55.634083,-173.40515
2492000000,-17.140549,-2.3249581,-54.955399,-173.63245
2493000000,-17.013819,-2.2679174,-54.553036,-174.01265
2494000000,-16.888956,-2.2220728,-54.426662,-174.58589
2495000000,-16.810135,-2.1963215,-54.449875,-174.92461
2496000000,-16.713297,-2.174628,-55.002678,-175.43881
2497000000,-16.697985,-2.1360245,-54.851601,-176.02843
2498000000,-16.667233,-2.0931225,-55.307945,-176.60529
2499000000,-16.644766,-2.1255369,-55.40139,-177.23671
2500000000,-16.706724,-2.1440625,-55.630634,-177.88544
2501000000,-16.774042,-2.1555576,-55.13269,-178.35689
2502000000,-16.760323,-2.1909461,-55.016354,-178.93294
2503000000,-16.829731,-2.2349854,-54.45945,-179.34894
2504000000,-16.820295,-2.2755804,-53.854027,-179.90663
2505000000,-16.862961,-2.3192406,-53.278339,179.73373
2506000000,-16.799158,-2.3603981,-52.40308,179.32341
2507000000,-16.748856,-2.4165795,-51.841988,179.0491
2508000000,-16.706812,-2.4831178,-51.258923,178.85982
2509000000,-16.595449,-2.5350358,-50.582413,178.69731
2510000000,-16.486423,-2.5844991,-49.862926,178.71278
2511000000,-16.352005,-2.6322758,-49.76894,178.62543
2512000000,-16.244047,-2.6662812,-49.564888,178.6463
2513000000,-16.142982,-2.6992705,-49.801189,178.75145
2514000000,-16.076595,-2.7320266,-49.943634,178.62604
2515000000,-16.00526,-2.7210941,-50.296875,178.94547
2516000000,-15.949714,-2.751514,-50.434635,179.00171
2517000000,-15.978457,-2.7419968,-50.443821,179.23515
2518000000,-15.994385,-2.6773095,-50.896271,179.36317
2519000000,-16.003424,-2.6752858,-51.032204,179.43527
2520000000,-16.051907,-2.6467745,-50.578022,179.29605
2521000000,-16.036037,-2.6129718,-50.483082,179.41154
2522000000,-16.053959,-2.5601954,-49.900497,179.4187
2523000000,-16.044132,-2.5106192,-49.563915,179.12772
2524000000,-16.072096,-2.4375849,-48.814888,178.839
2525000000,-15.974122,-2.4109137,-48.515972,178.68477
2526000000,-15.924163,-2.3480337,-48.09536,178.41049
2527000000,-15.833087,-2.2890968,-47.51178,177.99802
2528000000,-15.742847,-2.2475069,-47.55851,177.55048
2529000000,-15.650197,-2.2222779,-47.270523,177.06781
2530000000,-15.531506,-2.2046955,-47.747082,176.38918
2531000000,-15.45717,-2.1524072,-47.549568,175.79524
2532000000,-15.39711,-2.1703916,-48.202412,175.19019
2533000000,-15.360351,-2.1775665,-48.49506,174.60817
2534000000,-15.31898,-2.1896367,-48.884224,174.02675
2535000000,-15.4039,-2.2196012,-49.003105,173.21637
2536000000,-15.430409,-2.2830729,-48.929115,172.79372
2537000000,-15.444414,-2.3161993,-49.043301,172.27443
2538000000,-15.511559,-2.3610678,-48.776123,172.05415
2539000000,-15.51381,-2.3999116,-48.543797,171.4185
2540000000,-15.528994,-2.4975369,-48.084877,171.25897
2541000000,-15.494599,-2.5613492,-47.281727,171.0786
2542000000,-15.495572,-2.6108234,-46.65807,170.73743
2543000000,-15.398773,-2.6636417,-46.035107,170.64749
2544000000,-15.372829,-2.7334905,-45.526905,170.52367
2545000000,-15.247123,-2.7659488,-45.068356,170.72787
2546000000,-15.13043,-2.8238797,-44.79541,170.87746
2547000000,-14.977428,-2.8515797,-44.379375,170.88565
2548000000,-14.892554,-2.8922639,-44.502678,171.07411
2549000000,-14.80491,-2.8747921,-44.851311,171.22464
2550000000,-14.660771,-2.855921,-45.328186,171.61761
2551000000,-14.622223,-2.8746684,-45.387142,171.68861
2552000000,-14.498996,-2.8517852,-45.965885,171.95744
2553000000,-14.508661,-2.7706935,-46.536022,172.09402
2554000000,-14.51716,-2.7660222,-46.81234,172.01399
2555000000,-14.493035,-2.69117,-47.074154,172.09818
2556000000,-14.569137,-2.6452961,-47.149525,171.94218
2557000000,-14.536321,-2.5736678,-47.224426,171.84601
2558000000,-14.612605,-2.5082726,-47.032814,171.47176
2559000000,-14.614272,-2.4504685,-46.756718,171.19858
2560000000,-14.577486,-2.390132,-46.735428,170.8101
2561000000,-14.524324,-2.342416,-46.403152,170.34981
2562000000,-14.514092,-2.2791631,-46.051575,169.66585
2563000000,-14.410369,-2.2394402,-45.818806,169.07124
2564000000,-14.356658,-2.2318215,-45.641319,168.56337
2565000000,-14.255413,-2.2436645,-45.803211,167.93045
2566000000,-14.220137,-2.2486033,-46.039001,167.16049
2567000000,-14.130645,-2.2512252,-46.5438,166.46255
2568000000,-14.087813,-2.3147042,-46.768433,165.57381
2569000000,-14.049999,-2.3534195,-47.468769,165.01082
2570000000,-14.05319,-2.3674834,-47.684078,164.52003
2571000000,-14.108524,-2.4664547,-48.012821,164.19101
2572000000,-14.123305,-2.5512316,-48.15287,163.81174
2573000000,-14.181086,-2.6324341,-48.085964,163.43451
2574000000,-14.230656,-2.6942427,-48.061611,163.2946
2575000000,-14.286802,-2.7747416,-47.579422,162.99669
2576000000,-14.271669,-2.8301091,-47.390263,163.0553
2577000000,-14.305443,-2.916599,-46.566792,163.16461
2578000000,-14.226901,-2.9479873,-45.968323,163.21581
2579000000,-14.215303,-3.0180271,-45.42667,163.26666
2580000000,-14.105644,-3.0588145,-44.704781,163.51222
2581000000,-14.014689,-3.0790722,-44.777084,163.7977
2582000000,-13.881065,-3.1096756,-44.365864,163.96625
2583000000,-13.765313,-3.0708559,-44.575932,164.40982
2584000000,-13.666913,-3.0585837,-44.575069,164.62029
2585000000,-13.521388,-3.0368898,-44.805424,164.79547
2586000000,-13.446522,-3.014873,-45.380447,165.30458
2587000000,-13.344997,-2.9533873,-45.898899,165.40781
2588000000,-13.292397,-2.9016831,-46.374382,165.2377
2589000000,-13.243102,-2.8020804,-46.871689,165.25031
2590000000,-13.272092,-2.7161088,-47.525513,165.08009
2591000000,-13.269156,-2.6583006,-48.164467,165.06371
2592000000,-13.295253,-2.5724709,-48.710297,164.78349
2593000000,-13.37497,-2.5063441,-48.501019,164.42018
2594000000,-13.362696,-2.4493055,-48.586765,163.71512
2595000000,-13.419434,-2.4076455,-48.637192,163.20813
2596000000,-13.438556,-2.3416553,-48.490471,162.41345
2597000000,-13.442054,-2.2878847,-48.259651,161.67862
2598000000,-13.379373,-2.2939315,-47.861828,161.17737
2599000000,-13.387312,-2.2816424,-47.745567,160.4462
2600000000,-13.309755,-2.3043704,-47.455902,159.76556
2601000000,-13.242546,-2.3338079,-47.406818,158.8877
2602000000,-13.172997,-2.4072642,-47.498592,158.26096
2603000000,-13.077831,-2.4183509,-47.681492,157.49243
2604000000,-13.009027,-2.5007339,-48.212048,156.92508
2605000000,-12.938473,-2.6163323,-48.448574,156.54704
2606000000,-12.936399,-2.7110655,-48.940647,156.28772
2607000000,-12.963171,-2.7827981,-49.565449,155.89589
2608000000,-12.945359,-2.8992577,-49.975727,155.92719
2609000000,-12.996177,-2.9635625,-50.305042,155.90112
2610000000,-13.028268,-3.061933,-50.437729,156.10762
2611000000,-13.13507,-3.1330202,-50.322773,156.24342
2612000000,-13.150947,-3.177053,-50.092903,156.20648
2613000000,-13.236405,-3.2105601,-49.88586,156.48483
2614000000,-13.195701,-3.2333794,-49.359558,156.92952
2615000000,-13.174725,-3.2449358,-49.237122,157.4304
2616000000,-13.111035,-3.2368236,-48.339836,157.69138
2617000000,-13.051774,-3.2279258,-48.121075,158.1102
2618000000,-12.996177,-3.210732,-47.778492,158.39183
2619000000,-12.859947,-3.1346164,-47.730442,158.6884
2620000000,-12.735768,-3.0663726,-47.837177,159.0188
2621000000,-12.654137,-3.0046442,-47.81147,158.87909
2622000000,-12.53501,-2.9010983,-48.444698,159.05403
2623000000,-12.467832,-2.8391275,-48.726082,158.77991
2624000000,-12.403659,-2.7422347,-49.32069,158.76004
2625000000,-12.390144,-2.6234741,-50.254375,158.27592
2626000000,-12.396951,-2.5690753,-50.829086,157.94925
2627000000,-12.420993,-2.4626215,-51.659084,157.39833
2628000000,-12.450986,-2.3794577,-51.7034,156.61908
2629000000,-12.523259,-2.3601744,-52.257492,155.85197
2630000000,-12.608017,-2.343292,-52.452564,155.24022
2631000000,-12.651779,-2.3122611,-52.32769,154.40594
2632000000,-12.708178,-2.2863832,-52.169983,153.54268
2633000000,-12.711223,-2.2993846,-51.702477,152.69635
2634000000,-12.724698,-2.3715496,-51.398884,151.83525
2635000000,-12.672728,-2.3938282,-50.914986,151.07286
2636000000,-12.642348,-2.4645481,-50.720631,150.41774
2637000000,-12.542904,-2.5263031,-50.511864,149.82602
2638000000,-12.455943,-2.607831,-50.157307,149.38654
2639000000,-12.40728,-2.7363486,-50.280071,148.76291
2640000000,-12.308704,-2.8105323,-50.606407,148.53159
2641000000,-12.219058,-2.9115596,-51.139896,148.21933
2642000000,-12.19067,-3.010694,-51.41658,148.24825
2643000000,-12.1376,-3.1053047,-52.061356,148.36705
2644000000,-12.130047,-3.1983376,-52.704353,148.48361
2645000000,-12.093173,-3.2683792,-53.156582,148.77373
2646000000,-12.17825,-3.3203161,-53.51907,149.08057
2647000000,-12.173512,-3.363492,-53.857655,149.46074
2648000000,-12.255457,-3.3462019,-54.152508,150.03061
2649000000,-12.311043,-3.3903046,-54.0844,150.42403
2650000000,-12.320799,-3.3516946,-54.206131,150.88081
2651000000,-12.411093,-3.3081408,-53.992573,151.23141
2652000000,-12.359237,-3.2422922,-53.957035,151.4463
2653000000,-12.365026,-3.1919346,-53.516529,151.68158
2654000000,-12.337981,-3.1001396,-53.259533,151.81721
2655000000,-12.296124,-3.0264726,-52.889927,151.83853
2656000000,-12.220105,-2.9272385,-52.912365,151.80521
2657000000,-12.153747,-2.8346863,-53.029819,151.70674
2658000000,-12.03486,-2.7392166,-53.050297,151.48184
2659000000,-11.978678,-2.6796415,-53.729076,150.94205
2660000000,-11.942034,-2.5692778,-53.936852,150.33623
2661000000,-11.926355,-2.4889424,-54.64399,149.81018
2662000000,-11.911593,-2.411685,-55.190952,148.96101
2663000000,-11.924541,-2.400877,-55.722973,148.07062
2664000000,-11.968214,-2.3710544,-56.259357,147.20662
2665000000,-12.042434,-2.3603899,-56.322514,146.47951
2666000000,-12.105497,-2.3867867,-56.470776,145.50804
2667000000,-12.14203,-2.4014256,-56.610996,144.68867
2668000000,-12.202736,-2.469651,-56.261913,143.67792
2669000000,-12.286953,-2.5576022,-55.842968,142.93521
2670000000,-12.248897,-2.6151025,-55.376217,142.33389
2671000000,-12.212943,-2.6862648,-54.987591,141.76474
2672000000,-12.165227,-2.8115749,-54.829662,141.30791
2673000000,-12.084622,-2.9275672,-54.450066,140.98451
2674000000,-12.030161,-3.0115304,-54.299774,140.76431
2675000000,-11.918211,-3.1106267,-54.208,140.67062
2676000000,-11.835613,-3.237268,-54.388439,140.58902
2677000000,-11.69848,-3.3290429,-54.924423,140.84448
2678000000,-11.635802,-3.4318986,-55.170162,141.23628
2679000000,-11.589084,-3.4585178,-55.55241,141.60327
2680000000,-11.541857,-3.5370443,-56.508282,141.75546
2681000000,-11.522357,-3.5598049,-57.113319,142.4537
2682000000,-11.53636,-3.5532975,-57.908237,142.85283
2683000000,-11.546309,-3.5757482,-58.298519,143.54668
2684000000,-11.597464,-3.5134375,-58.884285,143.90694
2685000000,-11.645905,-3.4743578,-59.199764,144.26237
2686000000,-11.70365,-3.4071481,-59.499439,144.68109
2687000000,-11.767524,-3.3164091,-59.527451,145.02101
2688000000,-11.845083,-3.2154427,-59.4151,144.92386
2689000000,-11.833905,-3.1219187,-59.267532,144.76501
2690000000,-11.880155,-3.0435212,-58.879768,144.70375
2691000000,-11.876883,-2.9421887,-58.874477,144.22241
2692000000,-11.850799,-2.8378751,-58.795975,144.00909
2693000000,-11.809537,-2.7589731,-58.781075,143.29236
2694000000,-11.751958,-2.674854,-58.56065,142.88522
2695000000,-11.700208,-2.6277139,-58.466038,141.99947
2696000000,-11.663298,-2.5737684,-58.831345,141.24002
2697000000,-11.621661,-2.5370982,-59.283569,140.26741
2698000000,-11.624295,-2.5359058,-59.877953,139.29367
2699000000,-11.643061,-2.5606239,-60.270397,138.43124
2700000000,-11.658705,-2.5653613,-60.773945,137.48677
2701000000,-11.67246,-2.6450803,-60.841858,136.81656
2702000000,-11.750043,-2.7190585,-60.991425,135.83548
2703000000,-11.799397,-2.773211,-60.999451,135.25154
2704000000,-11.840678,-2.9204953,-60.818779,134.69009
2705000000,-11.83866,-2.9925082,-60.446678,134.19528
2706000000,-11.90336,-3.1072817,-60.309296,133.81857
2707000000,-11.827684,-3.2351856,-59.951904,133.71088
2708000000,-11.803932,-3.3225579,-59.680992,133.61734
2709000000,-11.74311,-3.4416234,-59.468498,133.51266
2710000000,-11.677459,-3.5251951,-59.391113,133.72565
2711000000,-11.561071,-3.6015284,-59.305809,134.08376
2712000000,-11.498694,-3.6663063,-59.457363,134.50385
2713000000,-11.396358,-3.721036,-59.973534,134.87212
2714000000,-11.367773,-3.7947643,-60.434998,135.44759
2715000000,-11.290431,-3.7934895,-61.185852,135.94609
2716000000,-11.231058,-3.7638023,-61.562771,136.48709
2717000000,-11.226244,-3.754313,-62.359909,137.11769
2718000000,-11.198768,-3.6918724,-62.931751,137.5455
2719000000,-11.213826,-3.6102929,-63.592587,137.88672
2720000000,-11.272589,-3.5741966,-64.13382,138.32768
2721000000,-11.349195,-3.4353406,-64.398796,138.2883
2722000000,-11.426507,-3.3298504,-64.77256,138.30374
2723000000,-11.478686,-3.2350531,-64.987183,138.12338
2724000000,-11.524804,-3.1248341,-65.307869,137.94026
2725000000,-11.599689,-3.0525241,-65.078705,137.42809
2726000000,-11.627785,-2.9403024,-64.736626,137.00124
2727000000,-11.622999,-2.8761964,-64.355179,136.43579
2728000000,-11.625355,-2.7869925,-64.51236,135.39757
2729000000,-11.601933,-2.7465503,-64.106789,134.71255
2730000000,-11.5513,-2.6931913,-63.769215,134.05435
2731000000,-11.52343,-2.7026265,-64.162132,132.86449
2732000000,-11.486117,-2.6927924,-64.133896,131.8808
2733000000,-11.436787,-2.7048435,-64.287186,131.04822
2734000000,-11.412187,-2.7544432,-64.687134,130.2618
2735000000,-11.37877,-2.8192708,-65.246521,129.30063
2736000000,-11.393903,-2.9089842,-65.668861,128.65544
2737000000,-11.412584,-3.0213916,-65.83139,128.14964
2738000000,-11.442339,-3.1136277,-66.321198,127.6412
2739000000,-11.491978,-3.2098281,-66.461792,127.27798
2740000000,-11.528677,-3.349602,-66.612144,126.97096
2741000000,-11.565298,-3.467109,-66.412682,126.85971
2742000000,-11.59239,-3.5600109,-66.2033,127.0981
2743000000,-11.609343,-3.6446323,-66.004364,127.27543
2744000000,-11.583746,-3.7465246,-65.859192,127.51479
2745000000,-11.590504,-3.7988546,-65.521675,127.86464
2746000000,-11.489537,-3.8788719,-65.498604,128.36751
2747000000,-11.473731,-3.9238691,-65.320755,128.5959
2748000000,-11.375581,-3.9311507,-65.536415,129.28313
2749000000,-11.333411,-3.912874,-65.840439,130.01335
2750000000,-11.24614,-3.872117,-66.01725,130.41789
2751000000,-11.195762,-3.8380671,-66.807907,130.83965
2752000000,-11.152243,-3.7671173,-67.274895,131.15706
2753000000,-11.135677,-3.635618,-67.839615,131.47426
2754000000,-11.182414,-3.5440981,-68.428123,131.55699
2755000000,-11.228074,-3.4613855,-69.259727,131.67668
2756000000,-11.253275,-3.3496709,-69.762047,131.33582
2757000000,-11.292235,-3.2009971,-69.920837,131.30592
2758000000,-11.395318,-3.0832353,-70.283752,130.76826
2759000000,-11.456415,-3.011276,-70.304993,130.17645
2760000000,-11.511958,-2.9185257,-70.404129,129.52341
2761000000,-11.59335,-2.8354623,-69.99411,128.75256
2762000000,-11.610972,-2.7837782,-69.816071,127.92369
2763000000,-11.637058,-2.7675209,-69.646202,126.9849
2764000000,-11.635209,-2.7258048,-69.357239,125.87054
2765000000,-11.611357,-2.7231979,-69.101807,125.06818
2766000000,-11.584973,-2.7558806,-69.132324,123.93258
2767000000,-11.513114,-2.8204365,-68.874588,123.11498
2768000000,-11.450997,-2.8833463,-69.111374,122.20811
2769000000,-11.418395,-2.942944,-69.495644,121.22687
2770000000,-11.331219,-3.046416,-69.686676,120.68081
2771000000,-11.357931,-3.2015789,-70.301384,120.16637
2772000000,-11.29298,-3.2874322,-70.756973,119.78003
2773000000,-11.312569,-3.4009459,-71.46714,119.50401
2774000000,-11.345014,-3.5477428,-71.856773,119.064
2775000000,-11.39723,-3.6592367,-72.380096,119.15237
2776000000,-11.451818,-3.7665558,-72.426743,119.53699
2777000000,-11.517984,-3.9019539,-72.906914,119.71161
2778000000,-11.552422,-3.9532149,-72.924011,120.0241
2779000000,-11.569986,-4.0225148,-72.960136,120.64883
2780000000,-11.658538,-4.0273004,-72.607674,121.24029
2781000000,-11.638626,-4.0658994,-72.363098,121.71523
2782000000,-11.660572,-4.0355062,-72.09185,122.30458
2783000000,-11.636723,-4.0178819,-72.223312,122.77137
2784000000,-11.582971,-3.9643214,-72.212204,123.5018
2785000000,-11.544152,-3.9043624,-72.128899,123.74397
2786000000,-11.503824,-3.832459,-72.466454,123.98026
2787000000,-11.445045,-3.7291026,-72.667267,124.06745
2788000000,-11.431064,-3.6294744,-73.160843,124.08289
2789000000,-11.41714,-3.482923,-73.231773,124.26665
2790000000,-11.419672,-3.3917618,-74.147919,123.81886
2791000000,-11.423368,-3.2666464,-74.659172,123.30889
2792000000,-11.464296,-3.1553524,-75.097977,122.83419
2793000000,-11.540058,-3.0686839,-75.439339,122.22893
2794000000,-11.607604,-2.9769864,-75.654823,121.32237
2795000000,-11.683263,-2.9196093,-75.85511,120.47243
2796000000,-11.714964,-2.8600945,-75.666504,119.35912
2797000000,-11.795731,-2.8797278,-75.304817,118.51941
2798000000,-11.825906,-2.8614132,-75.226395,117.3379
2799000000,-11.830239,-2.8942327,-75.107269,116.28902
2800000000,-11.8096,-2.9421871,-74.467979,115.28552
2801000000,-11.766179,-3.0033889,-74.406319,114.36995
2802000000,-11.702787,-3.0712039,-74.69313,113.34362
2803000000,-11.623178,-3.1626551,-74.512161,112.61465
2804000000,-11.589182,-3.3236823,-74.65889,111.92996
2805000000,-11.508514,-3.4148917,-75.076187,111.35696
2806000000,-11.489838,-3.5905018,-75.295746,110.94827
2807000000,-11.416531,-3.725843,-76.230972,110.8175
2808000000,-11.4302,-3.8639264,-76.572952,110.64266
2809000000,-11.434708,-3.9945164,-77.261002,110.95217
2810000000,-11.456605,-4.1588221,-77.771576,111.16178
2811000000,-11.552003,-4.213449,-78.554794,111.70033
2812000000,-11.615499,-4.3023229,-79.002747,112.05754
2813000000,-11.656039,-4.3336053,-79.358231,112.86784
2814000000,-11.74304,-4.3884106,-79.752914,113.60501
2815000000,-11.812999,-4.3934011,-79.753906,114.16399
2816000000,-11.897036,-4.3529496,-79.722809,114.7524
2817000000,-11.970815,-4.3406444,-79.792931,115.43121
2818000000,-12.04784,-4.2665911,-79.679016,115.77463
2819000000,-12.037104,-4.1979098,-79.233803,116.2935
2820000000,-12.038248,-4.1027236,-79.044609,116.44344
2821000000,-12.057982,-3.9918845,-79.002823,116.56567
2822000000,-11.996358,-3.8824565,-78.756699,116.65392
2823000000,-11.946494,-3.7563629,-78.832329,116.44657
2824000000,-11.961216,-3.6340542,-79.068382,116.12347
2825000000,-11.939746,-3.520808,-79.08387,115.7801
2826000000,-11.905433,-3.3919644,-79.487076,115.11244
2827000000,-11.934435,-3.3359706,-79.799782,114.36375
2828000000,-11.906971,-3.2250295,-80.116699,113.61279
2829000000,-11.977153,-3.1497836,-80.832985,112.35938
2830000000,-12.019099,-3.125802,-81.187881,111.49422
2831000000,-12.045924,-3.1427634,-81.312874,110.4071
2832000000,-12.104626,-3.1250858,-81.179565,109.24409
2833000000,-12.14952,-3.1739914,-80.912491,108.09965
2834000000,-12.186958,-3.2234151,-80.900826,107.15199
2835000000,-12.189098,-3.3020513,-80.974503,106.3129
2836000000,-12.178481,-3.396426,-80.855423,105.28122
2837000000,-12.170012,-3.519902,-80.629845,104.82619
2838000000,-12.132626,-3.6491883,-80.663315,103.93137
2839000000,-12.095392,-3.8146064,-80.625938,103.45219
2840000000,-12.031157,-3.9345312,-81.046402,103.14625
2841000000,-12.007698,-4.12573,-81.269295,102.9918
2842000000,-11.967343,-4.2591457,-81.606171,103.12814
2843000000,-11.932793,-4.3943553,-82.475632,103.21098
2844000000,-11.888423,-4.5169525,-82.953987,103.62514
2845000000,-11.94597,-4.6648211,-83.930099,104.05636
2846000000,-11.993382,-4.7037301,-84.28894,104.92123
2847000000,-12.034802,-4.7641187,-85.067863,105.43461
2848000000,-12.112106,-4.7937088,-85.44944,106.2909
2849000000,-12.190247,-4.7578983,-85.927795,106.95139
2850000000,-12.298675,-4.7287831,-86.095871,107.62621
2851000000,-12.390952,-4.6802077,-86.189781,108.34382
2852000000,-12.470423,-4.6051507,-86.467865,108.88223
2853000000,-12.559159,-4.5028381,-86.358658,109.2336
2854000000,-12.645373,-4.4197311,-86.13372,109.47021
2855000000,-12.720885,-4.280045,-85.752853,109.74844
2856000000,-12.735691,-4.1668763,-85.481453,109.50137
2857000000,-12.771865,-4.0291219,-85.558418,109.10366
2858000000,-12.763616,-3.9086955,-85.244644,109.02312
2859000000,-12.770597,-3.7834773,-84.937584,108.38621
2860000000,-12.718969,-3.6878269,-84.575493,107.84099
2861000000,-12.693725,-3.6108775,-84.63784,107.09641
2862000000,-12.665777,-3.4903345,-84.797913,106.34406
2863000000,-12.651366,-3.4452856,-85.175018,105.35674
2864000000,-12.70703,-3.4213905,-85.182709,104.10091
2865000000,-12.659894,-3.4032142,-85.814194,103.02906
2866000000,-12.711009,-3.4054444,-86.227867,101.92195
2867000000,-12.702922,-3.4584694,-86.441467,100.98265
2868000000,-12.777842,-3.4917614,-86.787674,99.758194
2869000000,-12.840432,-3.63657,-86.720665,98.920425
2870000000,-12.832253,-3.706677,-86.931053,97.945015
2871000000,-12.902462,-3.809931,-87.09861,97.14978
2872000000,-12.934894,-3.9417496,-86.871346,96.764282
2873000000,-12.968383,-4.1034775,-86.873161,96.378136
2874000000,-12.964461,-4.2501469,-87.009377,96.100548
2875000000,-12.980304,-4.3699074,-87.018959,95.896469
2876000000,-12.956873,-4.5353665,-86.874878,96.079613
2877000000,-12.931695,-4.635983,-87.376907,96.255196
2878000000,-12.930669,-4.7650585,-87.437424,96.785286
2879000000,-12.966861,-4.8664813,-88.104904,97.115463
2880000000,-12.960244,-4.9452748,-88.046707,97.828979
2881000000,-12.953159,-4.9394207,-88.92939,98.445564
2882000000,-13.020949,-4.9682322,-89.305595,99.092117
2883000000,-13.082289,-4.9652424,-89.898308,99.861626
2884000000,-13.145839,-4.9039793,-89.878677,100.32893
2885000000,-13.264654,-4.8341918,-90.486351,101.17538
2886000000,-13.325909,-4.7939663,-90.700684,101.45558
2887000000,-13.442681,-4.6757259,-90.735878,101.80247
2888000000,-13.494562,-4.5773416,-91.178856,101.79599
2889000000,-13.594739,-4.4424872,-90.845192,101.85201
2890000000,-13.691513,-4.3170614,-90.739174,101.58542
2891000000,-13.748108,-4.2074428,-90.266228,101.37617
2892000000,-13.829798,-4.0644889,-89.604561,100.952
2893000000,-13.820046,-3.960031,-89.707085,100.22546
2894000000,-13.84762,-3.864486,-89.339905,99.820847
2895000000,-13.831102,-3.7803464,-88.904427,98.844597
2896000000,-13.792915,-3.7151537,-89.13459,97.772125
2897000000,-13.816668,-3.6624377,-89.197609,96.76252
2898000000,-13.825116,-3.6312714,-89.230141,95.611351
2899000000,-13.778362,-3.6409273,-89.223587,94.611687
2900000000,-13.77396,-3.6787534,-89.96125,93.398956
2901000000,-13.775668,-3.7042737,-89.86219,92.233315
2902000000,-13.820479,-3.81619,-90.228554,91.127228
2903000000,-13.872486,-3.9060667,-90.721024,90.211159
2904000000,-13.958198,-4.0069408,-91.005875,89.458008
2905000000,-13.997418,-4.1402545,-91.458519,88.699089
2906000000,-14.083497,-4.2922573,-91.130356,88.355774
2907000000,-14.143381,-4.4296827,-91.284271,88.157379
2908000000,-14.220649,-4.5907354,-91.401749,87.882652
2909000000,-14.290265,-4.7156482,-91.120483,87.832771
2910000000,-14.352366,-4.8427196,-90.99897,88.288368
2911000000,-14.341676,-4.9506922,-91.052124,88.556129
2912000000,-14.374569,-5.0560865,-90.934669,88.918266
2913000000,-14.363367,-5.1563859,-91.129173,89.548988
2914000000,-14.353208,-5.2088423,-91.10112,89.842102
2915000000,-14.402017,-5.2379994,-91.114761,90.736359
2916000000,-14.41632,-5.1802921,-91.338814,91.475769
2917000000,-14.480171,-5.199275,-91.544365,91.970184
2918000000,-14.495216,-5.1378098,-91.689545,92.635323
2919000000,-14.579385,-5.0814943,-91.980354,92.742325
2920000000,-14.591846,-4.976573,-92.415291,93.220421
2921000000,-14.658717,-4.8331513,-92.48468,93.55954
2922000000,-14.793213,-4.7524219,-92.391388,93.483597
2923000000,-14.910193,-4.6277804,-92.447418,93.376595
2924000000,-14.961938,-4.4731302,-92.677345,93.012527
2925000000,-15.009238,-4.3658853,-92.75515,92.429604
2926000000,-15.067605,-4.2449064,-92.667824,91.67009
2927000000,-15.101586,-4.1640005,-91.986641,91.057198
2928000000,-15.165513,-4.0779991,-91.788017,90.099487
2929000000,-15.208866,-4.0149646,-91.557693,89.335869
2930000000,-15.227883,-3.969614,-91.276321,87.924973
2931000000,-15.210418,-3.9264207,-91.161568,86.839233
2932000000,-15.249357,-3.9419932,-91.115425,85.821121
2933000000,-15.213436,-3.9788346,-91.549828,84.510406
2934000000,-15.226404,-4.0415525,-91.351234,83.302719
2935000000,-15.206837,-4.1443496,-91.63868,82.229347
2936000000,-15.262645,-4.2452359,-92.163216,81.243065
2937000000,-15.270481,-4.3748288,-92.605965,80.278458
2938000000,-15.406309,-4.5520234,-92.546173,79.700134
2939000000,-15.464235,-4.6713734,-93.095459,79.146706
2940000000,-15.555461,-4.8633561,-93.051231,78.678497
2941000000,-15.670475,-5.0091553,-93.213707,78.504959
2942000000,-15.768856,-5.1407771,-93.225479,78.748383
2943000000,-15.855083,-5.2940631,-92.817299,78.869324
2944000000,-15.911725,-5.4246812,-93.087372,79.420731
2945000000,-16.026905,-5.5331979,-92.770134,79.794167
2946000000,-16.122778,-5.5891466,-92.557518,80.440086
2947000000,-16.169264,-5.6645689,-92.207527,81.171051
2948000000,-16.193176,-5.6815014,-91.698631,81.955353
2949000000,-16.228308,-5.6998205,-91.375244,82.548599
2950000000,-16.22345,-5.6715136,-91.17952,82.990784
2951000000,-16.232115,-5.6301489,-91.084503,83.742088
2952000000,-16.292156,-5.5412121,-90.768776,84.243759
2953000000,-16.312082,-5.4510365,-90.928902,84.624001
2954000000,-16.350048,-5.3386931,-90.733459,84.907753
2955000000,-16.384464,-5.2097735,-90.965019,85.030159
2956000000,-16.462719,-5.075078,-90.583527,84.768257
2957000000,-16.493271,-4.9719429,-91.152847,84.466278
2958000000,-16.531324,-4.8214865,-91.067757,84.040787
2959000000,-16.637148,-4.7111201,-91.154793,83.3265
2960000000,-16.682678,-4.598525,-90.975952,82.399429
2961000000,-16.816628,-4.5304952,-91.095436,81.307472
2962000000,-16.84528,-4.4810791,-90.611137,80.222359
2963000000,-16.917931,-4.4270535,-90.138489,79.090454
2964000000,-16.929392,-4.4177532,-89.793236,78.081337
2965000000,-16.993496,-4.4149141,-89.778152,76.705498
2966000000,-17.044638,-4.4986463,-89.665276,75.430603
2967000000,-17.057764,-4.5523677,-89.6745,74.249023
2968000000,-17.137598,-4.6657691,-89.258408,73.039192
2969000000,-17.16205,-4.7990847,-89.229271,72.100456
2970000000,-17.171957,-4.9394679,-89.28553,71.097542
2971000000,-17.195032,-5.1022234,-89.528725,70.416557
2972000000,-17.245335,-5.3202558,-89.415787,69.857918
2973000000,-17.400799,-5.4738994,-89.503212,69.797089
2974000000,-17.470453,-5.657783,-89.519257,69.596237
2975000000,-17.55817,-5.8435154,-89.298828,69.843544
2976000000,-17.64011,-5.9911323,-89.010307,70.279587
2977000000,-17.808123,-6.1403961,-89.451431,70.834251
2978000000,-17.86821,-6.2490778,-89.105019,71.515327
2979000000,-17.998817,-6.331769,-88.473694,72.019173
2980000000,-18.102674,-6.3746696,-87.701202,73.097939
2981000000,-18.174774,-6.3799849,-87.601929,73.927315
2982000000,-18.279306,-6.3972898,-86.767029,74.430168
2983000000,-18.326092,-6.3581357,-85.836945,75.466652
2984000000,-18.398987,-6.2847595,-85.476204,76.094238
2985000000,-18.435371,-6.2012968,-85.110367,76.671303
2986000000,-18.468817,-6.1079621,-84.124245,77.121773
2987000000,-18.435486,-5.9709287,-83.482239,77.451843
2988000000,-18.509748,-5.8299317,-83.25843,77.391373
2989000000,-18.491493,-5.6828909,-82.687531,77.621376
2990000000,-18.500406,-5.5272112,-82.489944,77.249672
2991000000,-18.506437,-5.3749471,-82.051071,76.50798
2992000000,-18.524281,-5.2328563,-82.077644,76.020058
2993000000,-18.558405,-5.0834093,-81.853691,75.175507
2994000000,-18.586145,-5.0128622,-81.489159,73.816406
2995000000,-18.675802,-4.9315777,-81.360596,72.672165
2996000000,-18.7432,-4.8469539,-81.193962,71.344902
2997000000,-18.811468,-4.8735771,-80.779007,70.012566
2998000000,-18.884657,-4.8606529,-80.805405,68.385017
2999000000,-18.864901,-4.9398823,-80.39727,67.127319
3000000000,-18.980265,-5.0181222,-79.77639,65.818764
